date,fund,ret
2021-01-04,Equity Min-Variance,0.0036584759571121213
2021-01-05,Equity Min-Variance,0.0011482900306107452
2021-01-06,Equity Min-Variance,0.00601126050070395
2021-01-07,Equity Min-Variance,0.006365754400002708
2021-01-08,Equity Min-Variance,-0.002333244777234434
2021-01-11,Equity Min-Variance,0.0003440324591015777
2021-01-12,Equity Min-Variance,0.0014031709750808722
2021-01-13,Equity Min-Variance,-0.001674174481584622
2021-01-14,Equity Min-Variance,0.0038538982406430694
2021-01-15,Equity Min-Variance,-0.005257175850077396
2021-01-19,Equity Min-Variance,0.009679547618089366
2021-01-20,Equity Min-Variance,0.015183176988826472
2021-01-21,Equity Min-Variance,-0.009337812946825707
2021-01-22,Equity Min-Variance,-0.00046397097745813935
2021-01-25,Equity Min-Variance,0.00332858087404327
2021-01-26,Equity Min-Variance,-0.0018420065871798436
2021-01-27,Equity Min-Variance,-0.021704727759496664
2021-01-28,Equity Min-Variance,0.0010658641734275637
2021-01-29,Equity Min-Variance,-0.01043122329113555
2021-02-01,Equity Min-Variance,0.0007129677529596036
2021-02-02,Equity Min-Variance,0.006385611716195363
2021-02-03,Equity Min-Variance,-0.0022100098912509096
2021-02-04,Equity Min-Variance,0.0023533892468382642
2021-02-05,Equity Min-Variance,0.01465819062128258
2021-02-08,Equity Min-Variance,0.003083232255771948
2021-02-09,Equity Min-Variance,-0.000933495450850649
2021-02-10,Equity Min-Variance,-0.007107847706549989
2021-02-11,Equity Min-Variance,-0.0048795999946900795
2021-02-12,Equity Min-Variance,0.004262505336340154
2021-02-16,Equity Min-Variance,-0.009073549064393716
2021-02-17,Equity Min-Variance,0.006815706218829743
2021-02-18,Equity Min-Variance,-0.011238733371450333
2021-02-19,Equity Min-Variance,-0.007243670525772947
2021-02-22,Equity Min-Variance,0.0016352512344259419
2021-02-23,Equity Min-Variance,-0.0071330375376050265
2021-02-24,Equity Min-Variance,-0.0008520868224935708
2021-02-25,Equity Min-Variance,-0.009021150866864797
2021-02-26,Equity Min-Variance,-0.017437998446651694
2021-03-01,Equity Min-Variance,0.008962527223037116
2021-03-02,Equity Min-Variance,0.0049609733928977435
2021-03-03,Equity Min-Variance,-0.013225704270453841
2021-03-04,Equity Min-Variance,-0.0027945351911173462
2021-03-05,Equity Min-Variance,0.015327907028453679
2021-03-08,Equity Min-Variance,-0.005212182755002012
2021-03-09,Equity Min-Variance,0.007215630376089535
2021-03-10,Equity Min-Variance,0.009550933967649746
2021-03-11,Equity Min-Variance,-0.00035039134647625174
2021-03-12,Equity Min-Variance,0.005158374552797317
2021-03-15,Equity Min-Variance,0.013652125585324852
2021-03-16,Equity Min-Variance,0.005140406033872976
2021-03-17,Equity Min-Variance,-0.010328857756805863
2021-03-18,Equity Min-Variance,-0.007897958912674382
2021-03-19,Equity Min-Variance,-0.0023443708313280096
2021-03-22,Equity Min-Variance,0.009850372831703275
2021-03-23,Equity Min-Variance,0.00035708016539627574
2021-03-24,Equity Min-Variance,-0.006581549003634082
2021-03-25,Equity Min-Variance,0.002618518029041169
2021-03-26,Equity Min-Variance,0.017270063136823936
2021-03-29,Equity Min-Variance,0.010913140970319065
2021-03-30,Equity Min-Variance,-0.00905822607012977
2021-03-31,Equity Min-Variance,0.001580887819602001
2021-04-01,Equity Min-Variance,0.007924902689636158
2021-04-05,Equity Min-Variance,0.011864816175581811
2021-04-06,Equity Min-Variance,0.0004257113424409292
2021-04-07,Equity Min-Variance,-0.0007751240442849357
2021-04-08,Equity Min-Variance,-0.00027869074706260373
2021-04-09,Equity Min-Variance,0.0036371624332014155
2021-04-12,Equity Min-Variance,0.0014131302223892909
2021-04-13,Equity Min-Variance,0.001987428980878288
2021-04-14,Equity Min-Variance,-0.0026309754848458803
2021-04-15,Equity Min-Variance,0.007162373490227299
2021-04-16,Equity Min-Variance,0.0018197401476198983
2021-04-19,Equity Min-Variance,-0.0010160822289679342
2021-04-20,Equity Min-Variance,0.005663927890388994
2021-04-21,Equity Min-Variance,0.004895936869153829
2021-04-22,Equity Min-Variance,0.000798054979258648
2021-04-23,Equity Min-Variance,0.0026470439021652435
2021-04-26,Equity Min-Variance,-0.006802466010698507
2021-04-27,Equity Min-Variance,-0.004788370582417411
2021-04-28,Equity Min-Variance,-0.0002950646643244615
2021-04-29,Equity Min-Variance,0.00852012352890132
2021-04-30,Equity Min-Variance,-0.0011809298294133453
2021-05-03,Equity Min-Variance,0.007990743786187703
2021-05-04,Equity Min-Variance,-0.0045241324948455015
2021-05-05,Equity Min-Variance,0.0021110527526338628
2021-05-06,Equity Min-Variance,0.007100362277217933
2021-05-07,Equity Min-Variance,0.0009926595933142986
2021-05-10,Equity Min-Variance,0.004950252104940653
2021-05-11,Equity Min-Variance,-0.008748476342292675
2021-05-12,Equity Min-Variance,-0.013856516906925808
2021-05-13,Equity Min-Variance,0.012090552183319248
2021-05-14,Equity Min-Variance,0.0030682472499478507
2021-05-17,Equity Min-Variance,-0.00137365609488945
2021-05-18,Equity Min-Variance,-0.0041711027675650466
2021-05-19,Equity Min-Variance,0.0005107783610967415
2021-05-20,Equity Min-Variance,0.010167016727259262
2021-05-21,Equity Min-Variance,-0.001519984105170391
2021-05-24,Equity Min-Variance,-0.0014803838476324693
2021-05-25,Equity Min-Variance,-0.005468682080167922
2021-05-26,Equity Min-Variance,0.0008059017944987882
2021-05-27,Equity Min-Variance,-0.004354494850648908
2021-05-28,Equity Min-Variance,0.0015147744029145444
2021-06-01,Equity Min-Variance,-0.004300483342172378
2021-06-02,Equity Min-Variance,0.0012045881578741366
2021-06-03,Equity Min-Variance,0.004016787130119256
2021-06-04,Equity Min-Variance,0.006110329946583686
2021-06-07,Equity Min-Variance,-0.004135364329423452
2021-06-08,Equity Min-Variance,-0.005496243799087797
2021-06-09,Equity Min-Variance,0.004984569015707337
2021-06-10,Equity Min-Variance,0.008377253782959813
2021-06-11,Equity Min-Variance,0.0019913854600346857
2021-06-14,Equity Min-Variance,0.00034354541857586733
2021-06-15,Equity Min-Variance,-0.004470574809072239
2021-06-16,Equity Min-Variance,-0.010999443298227591
2021-06-17,Equity Min-Variance,-0.00041300185100370964
2021-06-18,Equity Min-Variance,-0.010720539258958404
2021-06-21,Equity Min-Variance,0.010393545935443248
2021-06-22,Equity Min-Variance,-0.0008140680967481518
2021-06-23,Equity Min-Variance,-0.007386625916885667
2021-06-24,Equity Min-Variance,0.005178970980508069
2021-06-25,Equity Min-Variance,0.011306602718090595
2021-06-28,Equity Min-Variance,0.002245477607041038
2021-06-29,Equity Min-Variance,-0.003047069588820438
2021-06-30,Equity Min-Variance,0.0075796277314795265
2021-07-01,Equity Min-Variance,0.0035913106330728896
2021-07-02,Equity Min-Variance,0.005067535675041009
2021-07-06,Equity Min-Variance,-0.0021292202805023278
2021-07-07,Equity Min-Variance,0.0023249177786415806
2021-07-08,Equity Min-Variance,-0.00490591794840735
2021-07-09,Equity Min-Variance,0.006831943636917707
2021-07-12,Equity Min-Variance,0.0021149111366640656
2021-07-13,Equity Min-Variance,-0.0025999488961029535
2021-07-14,Equity Min-Variance,0.004103002296001249
2021-07-15,Equity Min-Variance,0.0014967592116848793
2021-07-16,Equity Min-Variance,-0.0013287364735902415
2021-07-19,Equity Min-Variance,-0.01360911439980009
2021-07-20,Equity Min-Variance,0.0053919934959009135
2021-07-21,Equity Min-Variance,-0.0017402624837538664
2021-07-22,Equity Min-Variance,-8.67907456171206e-05
2021-07-23,Equity Min-Variance,0.010214148162070492
2021-07-26,Equity Min-Variance,0.0010575931094553032
2021-07-27,Equity Min-Variance,0.0011653742080956035
2021-07-28,Equity Min-Variance,-0.0009841725084540251
2021-07-29,Equity Min-Variance,-0.000643294179294321
2021-07-30,Equity Min-Variance,-0.0026766649337225472
2021-08-02,Equity Min-Variance,-0.0015536223857167287
2021-08-03,Equity Min-Variance,0.0006650793795736295
2021-08-04,Equity Min-Variance,-0.008180632259560807
2021-08-05,Equity Min-Variance,0.0044377445676926
2021-08-06,Equity Min-Variance,-0.0011925239624041714
2021-08-09,Equity Min-Variance,0.001126965372685494
2021-08-10,Equity Min-Variance,0.004474989191979529
2021-08-11,Equity Min-Variance,0.004139558150434518
2021-08-12,Equity Min-Variance,0.00279465170245778
2021-08-13,Equity Min-Variance,0.003946110682122857
2021-08-16,Equity Min-Variance,0.006751201476684188
2021-08-17,Equity Min-Variance,0.00286975327292468
2021-08-18,Equity Min-Variance,-0.0108768207918626
2021-08-19,Equity Min-Variance,0.001530999946086413
2021-08-20,Equity Min-Variance,0.003869293859515326
2021-08-23,Equity Min-Variance,-0.0014212953321276305
2021-08-24,Equity Min-Variance,-0.005214337343128576
2021-08-25,Equity Min-Variance,-0.0035912564149089047
2021-08-26,Equity Min-Variance,-0.006164126546800178
2021-08-27,Equity Min-Variance,0.0017593448847611315
2021-08-30,Equity Min-Variance,0.003844198001585892
2021-08-31,Equity Min-Variance,0.003754789925975021
2021-09-01,Equity Min-Variance,0.0009827909235036914
2021-09-02,Equity Min-Variance,0.006287714339833255
2021-09-03,Equity Min-Variance,-0.0011223343174168177
2021-09-07,Equity Min-Variance,-0.013690948532229994
2021-09-08,Equity Min-Variance,0.004300602816729591
2021-09-09,Equity Min-Variance,-0.011077775799465237
2021-09-10,Equity Min-Variance,-0.007398855322509172
2021-09-13,Equity Min-Variance,-0.00031828922901235376
2021-09-14,Equity Min-Variance,-0.005681829582738895
2021-09-15,Equity Min-Variance,0.002973824833961133
2021-09-16,Equity Min-Variance,-0.00466774587711019
2021-09-17,Equity Min-Variance,-0.007888217010473531
2021-09-20,Equity Min-Variance,-0.009124065009425994
2021-09-21,Equity Min-Variance,-0.004189502698404731
2021-09-22,Equity Min-Variance,0.0004289714402910063
2021-09-23,Equity Min-Variance,0.0032447845427270414
2021-09-24,Equity Min-Variance,-0.0025751619279921877
2021-09-27,Equity Min-Variance,-0.0034032400458280055
2021-09-28,Equity Min-Variance,-0.005383891941993488
2021-09-29,Equity Min-Variance,0.008601666682416291
2021-09-30,Equity Min-Variance,-0.009493904904488593
2021-10-01,Equity Min-Variance,0.014194891817260271
2021-10-04,Equity Min-Variance,0.0022484907056224265
2021-10-05,Equity Min-Variance,0.0011152383926345735
2021-10-06,Equity Min-Variance,0.002561815183893335
2021-10-07,Equity Min-Variance,0.008648249726960117
2021-10-08,Equity Min-Variance,-0.005140993991974911
2021-10-11,Equity Min-Variance,-0.008677565353251104
2021-10-12,Equity Min-Variance,-0.0008217781848532632
2021-10-13,Equity Min-Variance,0.0006363522024609722
2021-10-14,Equity Min-Variance,0.008856397472727822
2021-10-15,Equity Min-Variance,-0.0006606515501211958
2021-10-18,Equity Min-Variance,-0.001739353218163506
2021-10-19,Equity Min-Variance,0.013753520746257644
2021-10-20,Equity Min-Variance,0.010443849897378895
2021-10-21,Equity Min-Variance,0.005546251711419238
2021-10-22,Equity Min-Variance,0.002471966552305493
2021-10-25,Equity Min-Variance,0.004432254417585359
2021-10-26,Equity Min-Variance,-7.6161953818829845e-06
2021-10-27,Equity Min-Variance,-0.010918250924925798
2021-10-28,Equity Min-Variance,0.018198229273562235
2021-10-29,Equity Min-Variance,-0.0011526117668592918
2021-11-01,Equity Min-Variance,0.005334443747519202
2021-11-02,Equity Min-Variance,0.004659887914011615
2021-11-03,Equity Min-Variance,6.574640288376567e-05
2021-11-04,Equity Min-Variance,0.0005877375924800333
2021-11-05,Equity Min-Variance,-0.012150085662724174
2021-11-08,Equity Min-Variance,0.0015704730372883124
2021-11-09,Equity Min-Variance,0.0006130525856938808
2021-11-10,Equity Min-Variance,0.0008712434260915413
2021-11-11,Equity Min-Variance,0.002397394515501825
2021-11-12,Equity Min-Variance,0.0022973181386538198
2021-11-15,Equity Min-Variance,-0.002469655427450908
2021-11-16,Equity Min-Variance,-0.00505967166739389
2021-11-17,Equity Min-Variance,-0.0029214286158677242
2021-11-18,Equity Min-Variance,-0.0020134415678729443
2021-11-19,Equity Min-Variance,-0.00804674850469681
2021-11-22,Equity Min-Variance,0.0038082762666556413
2021-11-23,Equity Min-Variance,0.006673075525384362
2021-11-24,Equity Min-Variance,-0.0009064720219266617
2021-11-26,Equity Min-Variance,-0.014688591030984377
2021-11-29,Equity Min-Variance,-0.0006853997542474045
2021-11-30,Equity Min-Variance,-0.02163121579650685
2021-12-01,Equity Min-Variance,-0.011568102585588607
2021-12-02,Equity Min-Variance,0.014152653382663881
2021-12-03,Equity Min-Variance,0.008929499053131383
2021-12-06,Equity Min-Variance,0.01029152901758994
2021-12-07,Equity Min-Variance,0.0030724932496681684
2021-12-08,Equity Min-Variance,0.0009202974091467454
2021-12-09,Equity Min-Variance,-0.0029196514751046827
2021-12-10,Equity Min-Variance,0.0076355385471391715
2021-12-13,Equity Min-Variance,0.00492992687984499
2021-12-14,Equity Min-Variance,-0.00026063779649332353
2021-12-15,Equity Min-Variance,0.013111164669229949
2021-12-16,Equity Min-Variance,0.010391148563192558
2021-12-17,Equity Min-Variance,-0.012393236827903675
2021-12-20,Equity Min-Variance,0.0019799739084837304
2021-12-21,Equity Min-Variance,0.003734932805889373
2021-12-22,Equity Min-Variance,0.006386874750949843
2021-12-23,Equity Min-Variance,0.0017174795962180264
2021-12-27,Equity Min-Variance,0.010638436380243107
2021-12-28,Equity Min-Variance,0.004462187953435415
2021-12-29,Equity Min-Variance,0.0010153185874901397
2021-12-30,Equity Min-Variance,0.0006227128071123673
2021-12-31,Equity Min-Variance,-0.0011399068492119481
2022-01-03,Equity Min-Variance,0.0020975835007325198
2022-01-04,Equity Min-Variance,-0.0005495275124407391
2022-01-05,Equity Min-Variance,-0.0017457602221825235
2022-01-06,Equity Min-Variance,-0.00397735361573037
2022-01-07,Equity Min-Variance,0.004320811408871901
2022-01-10,Equity Min-Variance,-0.0011048443359159173
2022-01-11,Equity Min-Variance,0.003825084639444265
2022-01-12,Equity Min-Variance,0.0011934487999754428
2022-01-13,Equity Min-Variance,-0.002185350957084599
2022-01-14,Equity Min-Variance,-0.00250662451038472
2022-01-18,Equity Min-Variance,-0.009153985722822116
2022-01-19,Equity Min-Variance,-0.0004615879649630984
2022-01-20,Equity Min-Variance,-0.01103417392930464
2022-01-21,Equity Min-Variance,-0.004511838212815502
2022-01-24,Equity Min-Variance,-0.0050136797591987465
2022-01-25,Equity Min-Variance,-0.004984250799289383
2022-01-26,Equity Min-Variance,-0.01599928649897182
2022-01-27,Equity Min-Variance,0.00018888829979559767
2022-01-28,Equity Min-Variance,0.016034814303631566
2022-01-31,Equity Min-Variance,0.010867954293955456
2022-02-01,Equity Min-Variance,-0.0026297847103004804
2022-02-02,Equity Min-Variance,0.011437916625311212
2022-02-03,Equity Min-Variance,-0.005871445553160642
2022-02-04,Equity Min-Variance,-0.003722453929936165
2022-02-07,Equity Min-Variance,-0.0010679316967550246
2022-02-08,Equity Min-Variance,-0.0012227066039205438
2022-02-09,Equity Min-Variance,0.006435311266194904
2022-02-10,Equity Min-Variance,-0.01731288429807848
2022-02-11,Equity Min-Variance,-0.002696776718259626
2022-02-14,Equity Min-Variance,-0.007921729763182526
2022-02-15,Equity Min-Variance,0.0021554465022081827
2022-02-16,Equity Min-Variance,-0.001797807969813832
2022-02-17,Equity Min-Variance,-0.006712093647632637
2022-02-18,Equity Min-Variance,-0.0055247968122402605
2022-02-22,Equity Min-Variance,-0.003958239782203786
2022-02-23,Equity Min-Variance,-0.0027113557431496698
2022-02-24,Equity Min-Variance,-0.001091641729082313
2022-02-25,Equity Min-Variance,0.02619172599134318
2022-02-28,Equity Min-Variance,-0.005069526083351255
2022-03-01,Equity Min-Variance,-0.0018014407986308581
2022-03-02,Equity Min-Variance,0.012024980834328017
2022-03-03,Equity Min-Variance,0.008520350836642774
2022-03-04,Equity Min-Variance,0.00683551744171868
2022-03-07,Equity Min-Variance,-0.008791817789444907
2022-03-08,Equity Min-Variance,-0.013686905634967036
2022-03-09,Equity Min-Variance,0.004324018258499965
2022-03-10,Equity Min-Variance,0.001759247226056675
2022-03-11,Equity Min-Variance,-0.005365677917372508
2022-03-14,Equity Min-Variance,-0.004675910932394427
2022-03-15,Equity Min-Variance,0.0073777171609217896
2022-03-16,Equity Min-Variance,0.005854425830936034
2022-03-17,Equity Min-Variance,0.011354016752237253
2022-03-18,Equity Min-Variance,0.0032159956286487296
2022-03-21,Equity Min-Variance,0.0025825162183238473
2022-03-22,Equity Min-Variance,0.0044571636050143885
2022-03-23,Equity Min-Variance,-0.009417841122001199
2022-03-24,Equity Min-Variance,0.006451809963532121
2022-03-25,Equity Min-Variance,0.008604002164583895
2022-03-28,Equity Min-Variance,0.005532409892198424
2022-03-29,Equity Min-Variance,0.012777500148104798
2022-03-30,Equity Min-Variance,0.0005400930131928623
2022-03-31,Equity Min-Variance,-0.008931576116838926
2022-04-01,Equity Min-Variance,0.009152913449465151
2022-04-04,Equity Min-Variance,0.002913601967389658
2022-04-05,Equity Min-Variance,-0.004397201253666512
2022-04-06,Equity Min-Variance,0.01115904696125181
2022-04-07,Equity Min-Variance,0.0034625254343069248
2022-04-08,Equity Min-Variance,0.007182987449771907
2022-04-11,Equity Min-Variance,-0.014318322188192982
2022-04-12,Equity Min-Variance,0.002738056312525519
2022-04-13,Equity Min-Variance,0.00620935604877142
2022-04-14,Equity Min-Variance,0.0017534012497785294
2022-04-18,Equity Min-Variance,-0.004534769462607461
2022-04-19,Equity Min-Variance,0.008660215413402186
2022-04-20,Equity Min-Variance,0.0025640803954613753
2022-04-21,Equity Min-Variance,-0.010494383154671022
2022-04-22,Equity Min-Variance,-0.015621020060904942
2022-04-25,Equity Min-Variance,-0.0014984597324295141
2022-04-26,Equity Min-Variance,-0.015963487924314047
2022-04-27,Equity Min-Variance,-0.00295301586092763
2022-04-28,Equity Min-Variance,0.0155577410308397
2022-04-29,Equity Min-Variance,-0.03135427124668886
2022-05-02,Equity Min-Variance,0.0005895930867399715
2022-05-03,Equity Min-Variance,0.0026863321624361215
2022-05-04,Equity Min-Variance,0.02456955426682355
2022-05-05,Equity Min-Variance,-0.014931961557380368
2022-05-06,Equity Min-Variance,-0.005786689397034002
2022-05-09,Equity Min-Variance,-0.014206504868952231
2022-05-10,Equity Min-Variance,-0.00797597274287439
2022-05-11,Equity Min-Variance,0.006990752681383933
2022-05-12,Equity Min-Variance,0.007125231280859085
2022-05-13,Equity Min-Variance,0.009921906599436765
2022-05-16,Equity Min-Variance,0.006155184350769973
2022-05-17,Equity Min-Variance,-0.0028341611023095757
2022-05-18,Equity Min-Variance,-0.024525993027806024
2022-05-19,Equity Min-Variance,-0.005287896594337744
2022-05-20,Equity Min-Variance,0.0029774522817487825
2022-05-23,Equity Min-Variance,0.01714005460071708
2022-05-24,Equity Min-Variance,0.009874894616254803
2022-05-25,Equity Min-Variance,0.005386051345117159
2022-05-26,Equity Min-Variance,0.005735623042617065
2022-05-27,Equity Min-Variance,0.010932596883957502
2022-05-31,Equity Min-Variance,-0.00930876244093362
2022-06-01,Equity Min-Variance,-0.005580383231851912
2022-06-02,Equity Min-Variance,0.0029370651089972214
2022-06-03,Equity Min-Variance,-0.005277638478479056
2022-06-06,Equity Min-Variance,-0.004635835814846306
2022-06-07,Equity Min-Variance,0.007720225102342896
2022-06-08,Equity Min-Variance,-0.009601418232002857
2022-06-09,Equity Min-Variance,-0.022741986063974238
2022-06-10,Equity Min-Variance,-0.009446000125943096
2022-06-13,Equity Min-Variance,-0.03230873412055567
2022-06-14,Equity Min-Variance,-0.013659406315811452
2022-06-15,Equity Min-Variance,0.0028833006179379878
2022-06-16,Equity Min-Variance,-0.00792115739736783
2022-06-17,Equity Min-Variance,-0.004146519584367278
2022-06-21,Equity Min-Variance,0.02223141216221784
2022-06-22,Equity Min-Variance,0.0033286140337559847
2022-06-23,Equity Min-Variance,0.013105117276496187
2022-06-24,Equity Min-Variance,0.014236513973555005
2022-06-27,Equity Min-Variance,-0.0029581624341840336
2022-06-28,Equity Min-Variance,-0.00882949944309497
2022-06-29,Equity Min-Variance,0.0005428236705264436
2022-06-30,Equity Min-Variance,-0.007531925399341603
2022-07-01,Equity Min-Variance,0.014855575945294054
2022-07-05,Equity Min-Variance,-0.0035842551580318547
2022-07-06,Equity Min-Variance,0.0015119490621402292
2022-07-07,Equity Min-Variance,0.0023814105435537745
2022-07-08,Equity Min-Variance,-0.0028971807384717664
2022-07-11,Equity Min-Variance,3.708816486964141e-05
2022-07-12,Equity Min-Variance,-0.005766394251084911
2022-07-13,Equity Min-Variance,-0.0012848362522576095
2022-07-14,Equity Min-Variance,-0.004849745198435118
2022-07-15,Equity Min-Variance,0.010472486931727995
2022-07-18,Equity Min-Variance,-0.012056647963672246
2022-07-19,Equity Min-Variance,0.01373831945115783
2022-07-20,Equity Min-Variance,-0.006591769133093808
2022-07-21,Equity Min-Variance,0.004076885241169855
2022-07-22,Equity Min-Variance,-0.00019282955647786248
2022-07-25,Equity Min-Variance,-0.0034270592914200566
2022-07-26,Equity Min-Variance,-0.004929383799956574
2022-07-27,Equity Min-Variance,0.004911075794438877
2022-07-28,Equity Min-Variance,0.007821992294587623
2022-07-29,Equity Min-Variance,0.002871323832343559
2022-08-01,Equity Min-Variance,-0.0049072123043371685
2022-08-02,Equity Min-Variance,-0.005117648262973686
2022-08-03,Equity Min-Variance,0.01356952810388532
2022-08-04,Equity Min-Variance,-0.007979642346279993
2022-08-05,Equity Min-Variance,-0.004352626098069772
2022-08-08,Equity Min-Variance,0.00420625648617875
2022-08-09,Equity Min-Variance,0.0020238075499969385
2022-08-10,Equity Min-Variance,0.01143178780837705
2022-08-11,Equity Min-Variance,-0.0013165296985129947
2022-08-12,Equity Min-Variance,0.014423644064187554
2022-08-15,Equity Min-Variance,0.011788224320426897
2022-08-16,Equity Min-Variance,0.012986216227388568
2022-08-17,Equity Min-Variance,-0.006256712647841403
2022-08-18,Equity Min-Variance,-0.0025283502383148873
2022-08-19,Equity Min-Variance,-0.004583921650697505
2022-08-22,Equity Min-Variance,-0.014017019017675856
2022-08-23,Equity Min-Variance,-0.005095277620638043
2022-08-24,Equity Min-Variance,0.0002523777545034281
2022-08-25,Equity Min-Variance,0.005763842580509217
2022-08-26,Equity Min-Variance,-0.01807051815656512
2022-08-29,Equity Min-Variance,-0.004091981351286386
2022-08-30,Equity Min-Variance,-0.008370199351882527
2022-08-31,Equity Min-Variance,-0.0021764216384018227
2022-09-01,Equity Min-Variance,0.011715773566094285
2022-09-02,Equity Min-Variance,-0.009395292346210277
2022-09-06,Equity Min-Variance,-0.0025026019908783097
2022-09-07,Equity Min-Variance,0.016646664444108034
2022-09-08,Equity Min-Variance,0.002658499934556953
2022-09-09,Equity Min-Variance,0.009125031749153368
2022-09-12,Equity Min-Variance,0.008517685460792642
2022-09-13,Equity Min-Variance,-0.030131581847077576
2022-09-14,Equity Min-Variance,0.0062301821732274765
2022-09-15,Equity Min-Variance,-0.010520344739358718
2022-09-16,Equity Min-Variance,0.0007209184358078068
2022-09-19,Equity Min-Variance,0.0036877453746710196
2022-09-20,Equity Min-Variance,-0.013462912130892195
2022-09-21,Equity Min-Variance,-0.013005714467361568
2022-09-22,Equity Min-Variance,0.00332258536194854
2022-09-23,Equity Min-Variance,-0.016591205870602903
2022-09-26,Equity Min-Variance,-0.010554213367134802
2022-09-27,Equity Min-Variance,-0.005765601396152379
2022-09-28,Equity Min-Variance,0.022218847567314095
2022-09-29,Equity Min-Variance,-0.016198852307148758
2022-09-30,Equity Min-Variance,-0.016786825319487577
2022-10-03,Equity Min-Variance,0.025849123519041006
2022-10-04,Equity Min-Variance,0.021126097093627647
2022-10-05,Equity Min-Variance,-0.003915638952337011
2022-10-06,Equity Min-Variance,-0.007689183351300883
2022-10-07,Equity Min-Variance,-0.014049790967187016
2022-10-10,Equity Min-Variance,0.0013866733967864918
2022-10-11,Equity Min-Variance,0.01564853039498333
2022-10-12,Equity Min-Variance,-0.00453532305693259
2022-10-13,Equity Min-Variance,0.01919994672111385
2022-10-14,Equity Min-Variance,-0.011583310533084801
2022-10-17,Equity Min-Variance,0.011909713801940298
2022-10-18,Equity Min-Variance,0.010582322035325276
2022-10-19,Equity Min-Variance,-0.007663687554063442
2022-10-20,Equity Min-Variance,-0.0025781602767552285
2022-10-21,Equity Min-Variance,0.020213833251360253
2022-10-24,Equity Min-Variance,0.01752791973746525
2022-10-25,Equity Min-Variance,0.008590380100442116
2022-10-26,Equity Min-Variance,0.012254953341593464
2022-10-27,Equity Min-Variance,0.0013962319376381485
2022-10-28,Equity Min-Variance,0.02278820036194657
2022-10-31,Equity Min-Variance,-0.007490320854808691
2022-11-01,Equity Min-Variance,-0.001223772311465135
2022-11-02,Equity Min-Variance,-0.011270427876920898
2022-11-03,Equity Min-Variance,-0.004951910969107699
2022-11-04,Equity Min-Variance,0.014322617133058458
2022-11-07,Equity Min-Variance,0.013773285587511327
2022-11-08,Equity Min-Variance,0.010951814495190329
2022-11-09,Equity Min-Variance,-0.011843733859504234
2022-11-10,Equity Min-Variance,0.021932274202651283
2022-11-11,Equity Min-Variance,-0.004794555361409547
2022-11-14,Equity Min-Variance,-0.0023680101940258256
2022-11-15,Equity Min-Variance,0.00687212825691806
2022-11-16,Equity Min-Variance,-0.0006893757537683099
2022-11-17,Equity Min-Variance,0.0045603015933603904
2022-11-18,Equity Min-Variance,0.008431874178679143
2022-11-21,Equity Min-Variance,0.0038476088921215006
2022-11-22,Equity Min-Variance,0.00911343471537055
2022-11-23,Equity Min-Variance,-0.0011364053962891892
2022-11-25,Equity Min-Variance,0.0007641633634610059
2022-11-28,Equity Min-Variance,-0.009825433993988962
2022-11-29,Equity Min-Variance,0.0030120153432145968
2022-11-30,Equity Min-Variance,0.017219849403097134
2022-12-01,Equity Min-Variance,0.0009841996879961777
2022-12-02,Equity Min-Variance,0.002881690367067454
2022-12-05,Equity Min-Variance,-0.008076550435595966
2022-12-06,Equity Min-Variance,-0.010912726796274851
2022-12-07,Equity Min-Variance,0.0031996471695133278
2022-12-08,Equity Min-Variance,0.0043172748946197015
2022-12-09,Equity Min-Variance,-0.01655863513857681
2022-12-12,Equity Min-Variance,0.006174113069481284
2022-12-13,Equity Min-Variance,0.0037382039926478535
2022-12-14,Equity Min-Variance,0.0002129585559500133
2022-12-15,Equity Min-Variance,-0.015619449601952991
2022-12-16,Equity Min-Variance,-0.005692198453912967
2022-12-19,Equity Min-Variance,-0.0012974777313708899
2022-12-20,Equity Min-Variance,0.0011535355592422129
2022-12-21,Equity Min-Variance,0.011509171248194432
2022-12-22,Equity Min-Variance,-0.004721477716509246
2022-12-23,Equity Min-Variance,0.004629385426246529
2022-12-27,Equity Min-Variance,0.0013442349877309534
2022-12-28,Equity Min-Variance,-0.01011460196797332
2022-12-29,Equity Min-Variance,0.006339247605013764
2022-12-30,Equity Min-Variance,0.0001223931711861139
2023-01-03,Equity Min-Variance,0.00048290723786652496
2023-01-04,Equity Min-Variance,0.008724141417723817
2023-01-05,Equity Min-Variance,0.001896570106434968
2023-01-06,Equity Min-Variance,0.014981105631036034
2023-01-09,Equity Min-Variance,-0.016850669454778946
2023-01-10,Equity Min-Variance,0.0021366362168490486
2023-01-11,Equity Min-Variance,0.002737245837946602
2023-01-12,Equity Min-Variance,-0.002486806026718036
2023-01-13,Equity Min-Variance,0.00247208503755856
2023-01-17,Equity Min-Variance,-0.0067556614446937
2023-01-18,Equity Min-Variance,-0.01728365256185085
2023-01-19,Equity Min-Variance,-0.0013981967335305635
2023-01-20,Equity Min-Variance,0.008677450539420565
2023-01-23,Equity Min-Variance,0.002668195814288469
2023-01-24,Equity Min-Variance,-0.002770449204007367
2023-01-25,Equity Min-Variance,-0.0016972970721941107
2023-01-26,Equity Min-Variance,-0.0002942819398630563
2023-01-27,Equity Min-Variance,-0.006061195442390663
2023-01-30,Equity Min-Variance,-0.0035557225506039724
2023-01-31,Equity Min-Variance,0.007676911341539217
2023-02-01,Equity Min-Variance,-0.01881760695044048
2023-02-02,Equity Min-Variance,-0.011849482286509965
2023-02-03,Equity Min-Variance,-0.009465024001665098
2023-02-06,Equity Min-Variance,-0.001431125533645883
2023-02-07,Equity Min-Variance,0.008484207701279708
2023-02-08,Equity Min-Variance,-0.007347471533278089
2023-02-09,Equity Min-Variance,-0.0015122088440790897
2023-02-10,Equity Min-Variance,0.012084902932334593
2023-02-13,Equity Min-Variance,0.007906483559102473
2023-02-14,Equity Min-Variance,-0.006990115862072658
2023-02-15,Equity Min-Variance,-0.0002405103902537683
2023-02-16,Equity Min-Variance,-0.01297751038927512
2023-02-17,Equity Min-Variance,0.013655023997303724
2023-02-21,Equity Min-Variance,-0.004611589257675749
2023-02-22,Equity Min-Variance,-0.004410417721142056
2023-02-23,Equity Min-Variance,0.0026014168594706896
2023-02-24,Equity Min-Variance,-0.007031351631983689
2023-02-27,Equity Min-Variance,0.0002714263203230933
2023-02-28,Equity Min-Variance,-0.010354885309532222
2023-03-01,Equity Min-Variance,0.000325168801518129
2023-03-02,Equity Min-Variance,0.0059415544108743215
2023-03-03,Equity Min-Variance,0.003845167432157349
2023-03-06,Equity Min-Variance,0.009592892025183253
2023-03-07,Equity Min-Variance,-0.010756299083746222
2023-03-08,Equity Min-Variance,-0.006724551853924962
2023-03-09,Equity Min-Variance,-0.01148733848379843
2023-03-10,Equity Min-Variance,-0.003026879104157448
2023-03-13,Equity Min-Variance,0.005905589540533123
2023-03-14,Equity Min-Variance,0.007075819578940525
2023-03-15,Equity Min-Variance,0.0043688814329362665
2023-03-16,Equity Min-Variance,0.001526779326485499
2023-03-17,Equity Min-Variance,-0.013457404258893624
2023-03-20,Equity Min-Variance,0.013398995736318576
2023-03-21,Equity Min-Variance,-0.0013147681168081751
2023-03-22,Equity Min-Variance,-0.014723119229221978
2023-03-23,Equity Min-Variance,0.005567631393226212
2023-03-24,Equity Min-Variance,0.01613317944662759
2023-03-27,Equity Min-Variance,0.005528491703069396
2023-03-28,Equity Min-Variance,-0.0011593515901409124
2023-03-29,Equity Min-Variance,0.00649673767074128
2023-03-30,Equity Min-Variance,0.004697749886997978
2023-03-31,Equity Min-Variance,0.006874664534333858
2023-04-03,Equity Min-Variance,0.010848755795293801
2023-04-04,Equity Min-Variance,0.005535894013401332
2023-04-05,Equity Min-Variance,0.015280401301447321
2023-04-06,Equity Min-Variance,0.00023337884917600448
2023-04-10,Equity Min-Variance,-0.0013962652983910875
2023-04-11,Equity Min-Variance,-0.0005357506619597103
2023-04-12,Equity Min-Variance,0.0009926651109511684
2023-04-13,Equity Min-Variance,0.009267261379883329
2023-04-14,Equity Min-Variance,-0.004260262194193505
2023-04-17,Equity Min-Variance,0.0002822195520935986
2023-04-18,Equity Min-Variance,-0.0018914602409451581
2023-04-19,Equity Min-Variance,-0.0006554275092075396
2023-04-20,Equity Min-Variance,-0.005090702098566974
2023-04-21,Equity Min-Variance,0.0056084836190438804
2023-04-24,Equity Min-Variance,0.001739909082518515
2023-04-25,Equity Min-Variance,-0.00027506383190185424
2023-04-26,Equity Min-Variance,-0.019452254737656043
2023-04-27,Equity Min-Variance,0.00518067243131379
2023-04-28,Equity Min-Variance,0.0036463909456987647
2023-05-01,Equity Min-Variance,0.0012337049975374734
2023-05-02,Equity Min-Variance,-0.007305746185565005
2023-05-03,Equity Min-Variance,-0.009182628841315103
2023-05-04,Equity Min-Variance,0.0006048154664548675
2023-05-05,Equity Min-Variance,0.011005400418718742
2023-05-08,Equity Min-Variance,-0.00029690131462643897
2023-05-09,Equity Min-Variance,-0.00460527745103947
2023-05-10,Equity Min-Variance,-0.0005092400921274688
2023-05-11,Equity Min-Variance,-0.0016177543333148895
2023-05-12,Equity Min-Variance,0.0013983310951780517
2023-05-15,Equity Min-Variance,-0.002886304222452691
2023-05-16,Equity Min-Variance,-0.014929212147689424
2023-05-17,Equity Min-Variance,-0.0013781488407168634
2023-05-18,Equity Min-Variance,0.0008585986051678026
2023-05-19,Equity Min-Variance,0.0003157769003005739
2023-05-22,Equity Min-Variance,-0.005845174512594509
2023-05-23,Equity Min-Variance,-0.003299466275163831
2023-05-24,Equity Min-Variance,-0.006640102940374003
2023-05-25,Equity Min-Variance,-0.012647656471658207
2023-05-26,Equity Min-Variance,-0.0008777497736554958
2023-05-30,Equity Min-Variance,-0.0035796701373946318
2023-05-31,Equity Min-Variance,0.006841872644966192
2023-06-01,Equity Min-Variance,-0.0010998751678181762
2023-06-02,Equity Min-Variance,0.012772837610108457
2023-06-05,Equity Min-Variance,0.0011862193497460588
2023-06-06,Equity Min-Variance,-0.0065014924173368615
2023-06-07,Equity Min-Variance,0.0004178678298254894
2023-06-08,Equity Min-Variance,0.00610782391701852
2023-06-09,Equity Min-Variance,6.979896083696656e-05
2023-06-12,Equity Min-Variance,-0.0026125647799362488
2023-06-13,Equity Min-Variance,0.00643324062071059
2023-06-14,Equity Min-Variance,0.002205386727491423
2023-06-15,Equity Min-Variance,0.009669866339797264
2023-06-16,Equity Min-Variance,0.0009422771821605675
2023-06-20,Equity Min-Variance,-0.00758558968142152
2023-06-21,Equity Min-Variance,-0.0012509899162654705
2023-06-22,Equity Min-Variance,0.008035413421056146
2023-06-23,Equity Min-Variance,-0.005266548870748636
2023-06-26,Equity Min-Variance,0.000515721062138733
2023-06-27,Equity Min-Variance,0.002703369860430593
2023-06-28,Equity Min-Variance,-0.0040281007337022445
2023-06-29,Equity Min-Variance,-0.0011068119897019665
2023-06-30,Equity Min-Variance,0.006541360861040834
2023-07-03,Equity Min-Variance,0.0036043559605902628
2023-07-05,Equity Min-Variance,0.002088767676127695
2023-07-06,Equity Min-Variance,-0.008164113156853604
2023-07-07,Equity Min-Variance,-0.013912136199504623
2023-07-10,Equity Min-Variance,0.0006904693730934361
2023-07-11,Equity Min-Variance,0.008965410317759215
2023-07-12,Equity Min-Variance,-0.002607681858069077
2023-07-13,Equity Min-Variance,0.001496998407932979
2023-07-14,Equity Min-Variance,0.0033933610713615336
2023-07-17,Equity Min-Variance,-0.005349304879811455
2023-07-18,Equity Min-Variance,0.000714012128278392
2023-07-19,Equity Min-Variance,0.00819770339917872
2023-07-20,Equity Min-Variance,0.015629941668190463
2023-07-21,Equity Min-Variance,0.006068912105036937
2023-07-24,Equity Min-Variance,0.0010504220492895048
2023-07-25,Equity Min-Variance,-0.0028089506228613607
2023-07-26,Equity Min-Variance,0.003415155961710739
2023-07-27,Equity Min-Variance,-0.007226034065723132
2023-07-28,Equity Min-Variance,0.0026168426179442464
2023-07-31,Equity Min-Variance,-0.003974375983972475
2023-08-01,Equity Min-Variance,-0.005383991168900996
2023-08-02,Equity Min-Variance,-0.00850211522429371
2023-08-03,Equity Min-Variance,-0.00695167019279262
2023-08-04,Equity Min-Variance,-0.005940718570953702
2023-08-07,Equity Min-Variance,0.011790285728676875
2023-08-08,Equity Min-Variance,-0.003894388155123921
2023-08-09,Equity Min-Variance,0.0022115017978147447
2023-08-10,Equity Min-Variance,-0.0020442351656668883
2023-08-11,Equity Min-Variance,0.006086601773351985
2023-08-14,Equity Min-Variance,-0.0005947170729514888
2023-08-15,Equity Min-Variance,-0.0064445084688734165
2023-08-16,Equity Min-Variance,-0.002692327096882376
2023-08-17,Equity Min-Variance,-0.0054736456223550035
2023-08-18,Equity Min-Variance,0.003742447462710583
2023-08-21,Equity Min-Variance,-0.003222809897541292
2023-08-22,Equity Min-Variance,-0.005674135955532713
2023-08-23,Equity Min-Variance,0.01070853290236107
2023-08-24,Equity Min-Variance,-0.009257129505566591
2023-08-25,Equity Min-Variance,0.002524420185134575
2023-08-28,Equity Min-Variance,0.0030768458632897933
2023-08-29,Equity Min-Variance,0.005188769677904772
2023-08-30,Equity Min-Variance,0.0017108513216981813
2023-08-31,Equity Min-Variance,-0.005277933977815481
2023-09-01,Equity Min-Variance,-2.0556887840906396e-05
2023-09-05,Equity Min-Variance,-0.009312271009636303
2023-09-06,Equity Min-Variance,-0.0024568691546415027
2023-09-07,Equity Min-Variance,0.005656074515526794
2023-09-08,Equity Min-Variance,0.0036702035936013646
2023-09-11,Equity Min-Variance,0.003698188075517042
2023-09-12,Equity Min-Variance,-0.0018578839985056166
2023-09-13,Equity Min-Variance,0.0002851850848266045
2023-09-14,Equity Min-Variance,0.008857783041359575
2023-09-15,Equity Min-Variance,-0.008892398902327214
2023-09-18,Equity Min-Variance,0.001044081463070751
2023-09-19,Equity Min-Variance,0.0002060479068482465
2023-09-20,Equity Min-Variance,0.0017114352426732895
2023-09-21,Equity Min-Variance,-0.014052578401892954
2023-09-22,Equity Min-Variance,-0.001423800286708446
2023-09-25,Equity Min-Variance,-0.0017500515279917244
2023-09-26,Equity Min-Variance,-0.006369175968666041
2023-09-27,Equity Min-Variance,-0.0065101217468911425
2023-09-28,Equity Min-Variance,0.002102998676412008
2023-09-29,Equity Min-Variance,-0.004431187315466315
2023-10-02,Equity Min-Variance,-0.0071265054353070135
2023-10-03,Equity Min-Variance,-0.008261355568925394
2023-10-04,Equity Min-Variance,0.0055119987452865934
2023-10-05,Equity Min-Variance,-0.013276273160610233
2023-10-06,Equity Min-Variance,0.005347115487293828
2023-10-09,Equity Min-Variance,0.004087444095529651
2023-10-10,Equity Min-Variance,0.010598312556317189
2023-10-11,Equity Min-Variance,0.0017851987564446875
2023-10-12,Equity Min-Variance,-0.005015162134142524
2023-10-13,Equity Min-Variance,0.0027171999019273392
2023-10-16,Equity Min-Variance,0.00633565010977186
2023-10-17,Equity Min-Variance,0.005211007286883434
2023-10-18,Equity Min-Variance,-0.006503009081257596
2023-10-19,Equity Min-Variance,-0.0046101208256090365
2023-10-20,Equity Min-Variance,0.00025089291063426673
2023-10-23,Equity Min-Variance,-0.0043819684121713266
2023-10-24,Equity Min-Variance,0.015579687962879778
2023-10-25,Equity Min-Variance,-0.0011168534710777824
2023-10-26,Equity Min-Variance,-0.0024702642848183905
2023-10-27,Equity Min-Variance,-0.01632925094307711
2023-10-30,Equity Min-Variance,0.005839062957262048
2023-10-31,Equity Min-Variance,0.005516041781005481
2023-11-01,Equity Min-Variance,0.0040002702422984645
2023-11-02,Equity Min-Variance,0.014653111956958993
2023-11-03,Equity Min-Variance,0.0016611583263836634
2023-11-06,Equity Min-Variance,0.0009844887839463288
2023-11-07,Equity Min-Variance,0.0014531385804385686
2023-11-08,Equity Min-Variance,-0.0009187676046341336
2023-11-09,Equity Min-Variance,-0.009851961496718046
2023-11-10,Equity Min-Variance,0.004841812124098829
2023-11-13,Equity Min-Variance,0.003228778844932883
2023-11-14,Equity Min-Variance,0.007302811062317313
2023-11-15,Equity Min-Variance,0.003368894353963077
2023-11-16,Equity Min-Variance,-0.014585370090500894
2023-11-17,Equity Min-Variance,2.509395391536392e-05
2023-11-20,Equity Min-Variance,0.0039876864859971035
2023-11-21,Equity Min-Variance,0.0032264084349993213
2023-11-22,Equity Min-Variance,-0.000806821207574868
2023-11-24,Equity Min-Variance,0.004453743193698775
2023-11-27,Equity Min-Variance,0.0004418824964625748
2023-11-28,Equity Min-Variance,-0.0002118059435191771
2023-11-29,Equity Min-Variance,-0.0017928166520818879
2023-11-30,Equity Min-Variance,0.008832321863505127
2023-12-01,Equity Min-Variance,0.0034279304724540295
2023-12-04,Equity Min-Variance,0.001295708243165088
2023-12-05,Equity Min-Variance,0.0030630218393162185
2023-12-06,Equity Min-Variance,-0.0030399283449893716
2023-12-07,Equity Min-Variance,0.00028954591944368156
2023-12-08,Equity Min-Variance,-0.002163865818075757
2023-12-11,Equity Min-Variance,0.006448769661408501
2023-12-12,Equity Min-Variance,0.003656753990762926
2023-12-13,Equity Min-Variance,0.015061968302253308
2023-12-14,Equity Min-Variance,-0.0031218830247702117
2023-12-15,Equity Min-Variance,-0.004235281647900964
2023-12-18,Equity Min-Variance,0.003930065798442279
2023-12-19,Equity Min-Variance,0.003911405507634448
2023-12-20,Equity Min-Variance,-0.01307693428523662
2023-12-21,Equity Min-Variance,0.007611269965382606
2023-12-22,Equity Min-Variance,0.0065497882001547564
2023-12-26,Equity Min-Variance,0.00324610008670372
2023-12-27,Equity Min-Variance,0.0036977967414167003
2023-12-28,Equity Min-Variance,0.0018678748168213862
2023-12-29,Equity Min-Variance,-0.00018007645578018073
2021-01-04,Equity Max-Sharpe,-0.005348375556225639
2021-01-05,Equity Max-Sharpe,0.005811485691867884
2021-01-06,Equity Max-Sharpe,-0.011814882869859045
2021-01-07,Equity Max-Sharpe,0.02124441375092996
2021-01-08,Equity Max-Sharpe,-0.0003731972052574805
2021-01-11,Equity Max-Sharpe,-0.0037094324708849963
2021-01-12,Equity Max-Sharpe,-0.017085421879434
2021-01-13,Equity Max-Sharpe,-0.0009006379969533668
2021-01-14,Equity Max-Sharpe,-0.014742298415338813
2021-01-15,Equity Max-Sharpe,-0.004875750556376916
2021-01-19,Equity Max-Sharpe,0.00969252580112484
2021-01-20,Equity Max-Sharpe,0.027530133728296283
2021-01-21,Equity Max-Sharpe,-0.001403524236864324
2021-01-22,Equity Max-Sharpe,-0.0055762459870000395
2021-01-25,Equity Max-Sharpe,0.0016173884223490008
2021-01-26,Equity Max-Sharpe,-0.008065204036884453
2021-01-27,Equity Max-Sharpe,-0.04037563176075594
2021-01-28,Equity Max-Sharpe,0.020776829698331174
2021-01-29,Equity Max-Sharpe,-0.006497246387172785
2021-02-01,Equity Max-Sharpe,0.0033182264775946145
2021-02-02,Equity Max-Sharpe,0.023522791137489348
2021-02-03,Equity Max-Sharpe,-0.012291172401242828
2021-02-04,Equity Max-Sharpe,-0.006193628139612658
2021-02-05,Equity Max-Sharpe,0.00326513518328713
2021-02-08,Equity Max-Sharpe,0.024967533015867516
2021-02-09,Equity Max-Sharpe,-0.018733373413683727
2021-02-10,Equity Max-Sharpe,0.0016857833273581414
2021-02-11,Equity Max-Sharpe,0.0015976370679600834
2021-02-12,Equity Max-Sharpe,0.0021188908657644276
2021-02-16,Equity Max-Sharpe,-0.0038224724598082556
2021-02-17,Equity Max-Sharpe,-0.01336162822740054
2021-02-18,Equity Max-Sharpe,-0.0007831421792952746
2021-02-19,Equity Max-Sharpe,-0.0011966876782837723
2021-02-22,Equity Max-Sharpe,-0.018215338200521403
2021-02-23,Equity Max-Sharpe,-0.01207688711796323
2021-02-24,Equity Max-Sharpe,0.016021512376901435
2021-02-25,Equity Max-Sharpe,-0.03410951854494941
2021-02-26,Equity Max-Sharpe,0.00471251586945081
2021-03-01,Equity Max-Sharpe,0.01806147233027249
2021-03-02,Equity Max-Sharpe,-0.007065414636259102
2021-03-03,Equity Max-Sharpe,-0.020899389944191958
2021-03-04,Equity Max-Sharpe,-0.01889611260269016
2021-03-05,Equity Max-Sharpe,0.013740767363849632
2021-03-08,Equity Max-Sharpe,-0.027958377829312125
2021-03-09,Equity Max-Sharpe,0.018936157795402905
2021-03-10,Equity Max-Sharpe,0.001594586423195805
2021-03-11,Equity Max-Sharpe,0.016934688892318302
2021-03-12,Equity Max-Sharpe,0.011788377497201198
2021-03-15,Equity Max-Sharpe,-0.005994744814386473
2021-03-16,Equity Max-Sharpe,0.002878334245642495
2021-03-17,Equity Max-Sharpe,-0.0017063301871009739
2021-03-18,Equity Max-Sharpe,-0.011958294529816678
2021-03-19,Equity Max-Sharpe,-0.0028129220388600196
2021-03-22,Equity Max-Sharpe,0.01058695592759483
2021-03-23,Equity Max-Sharpe,-0.009434366543388924
2021-03-24,Equity Max-Sharpe,-0.0054830651016874255
2021-03-25,Equity Max-Sharpe,0.008330994402740557
2021-03-26,Equity Max-Sharpe,0.02607064605796559
2021-03-29,Equity Max-Sharpe,0.005740928048933181
2021-03-30,Equity Max-Sharpe,0.005554077578823144
2021-03-31,Equity Max-Sharpe,0.003214100609287731
2021-04-01,Equity Max-Sharpe,0.008386848687827287
2021-04-05,Equity Max-Sharpe,0.0027148154991883896
2021-04-06,Equity Max-Sharpe,-0.00021439655790571072
2021-04-07,Equity Max-Sharpe,-0.0031142315044669438
2021-04-08,Equity Max-Sharpe,0.0024357629605392087
2021-04-09,Equity Max-Sharpe,0.005746802357096642
2021-04-12,Equity Max-Sharpe,0.002896173646902538
2021-04-13,Equity Max-Sharpe,-0.003404349612168711
2021-04-14,Equity Max-Sharpe,0.0006102449110375917
2021-04-15,Equity Max-Sharpe,0.008296427518821068
2021-04-16,Equity Max-Sharpe,-0.0012986134791241472
2021-04-19,Equity Max-Sharpe,-0.0016767736839300514
2021-04-20,Equity Max-Sharpe,-0.010974541792473088
2021-04-21,Equity Max-Sharpe,0.010409848412832235
2021-04-22,Equity Max-Sharpe,-0.011539129023228222
2021-04-23,Equity Max-Sharpe,0.010180807180319995
2021-04-26,Equity Max-Sharpe,0.00590661517475678
2021-04-27,Equity Max-Sharpe,0.007735280557529693
2021-04-28,Equity Max-Sharpe,0.004630201185682252
2021-04-29,Equity Max-Sharpe,0.008498517627623221
2021-04-30,Equity Max-Sharpe,-0.0059067377224589854
2021-05-03,Equity Max-Sharpe,0.0060152897103597485
2021-05-04,Equity Max-Sharpe,0.002311871929511715
2021-05-05,Equity Max-Sharpe,0.005255817133203652
2021-05-06,Equity Max-Sharpe,0.005167510196797315
2021-05-07,Equity Max-Sharpe,0.00975277313610107
2021-05-10,Equity Max-Sharpe,-0.004295130321986672
2021-05-11,Equity Max-Sharpe,-0.010149910400902783
2021-05-12,Equity Max-Sharpe,-0.015282290176370507
2021-05-13,Equity Max-Sharpe,0.012325187624011294
2021-05-14,Equity Max-Sharpe,0.010768696457212089
2021-05-17,Equity Max-Sharpe,0.0056389706380167775
2021-05-18,Equity Max-Sharpe,-0.008491679067189627
2021-05-19,Equity Max-Sharpe,0.0036935401509874573
2021-05-20,Equity Max-Sharpe,0.008583044575899422
2021-05-21,Equity Max-Sharpe,0.0017558024092127439
2021-05-24,Equity Max-Sharpe,0.008789856095976625
2021-05-25,Equity Max-Sharpe,-0.005455567061220302
2021-05-26,Equity Max-Sharpe,0.004755227340735441
2021-05-27,Equity Max-Sharpe,8.88061967760907e-05
2021-05-28,Equity Max-Sharpe,0.007776879252111876
2021-06-01,Equity Max-Sharpe,0.009825526847632677
2021-06-02,Equity Max-Sharpe,-0.0054682197483393764
2021-06-03,Equity Max-Sharpe,0.004680346151715892
2021-06-04,Equity Max-Sharpe,0.006620637279159984
2021-06-07,Equity Max-Sharpe,-0.0005229393566201721
2021-06-08,Equity Max-Sharpe,0.000181375350313363
2021-06-09,Equity Max-Sharpe,-0.015356062717286368
2021-06-10,Equity Max-Sharpe,-0.003158924591809139
2021-06-11,Equity Max-Sharpe,0.0007458905434848291
2021-06-14,Equity Max-Sharpe,-0.008156861846109916
2021-06-15,Equity Max-Sharpe,-0.005530957595016357
2021-06-16,Equity Max-Sharpe,-0.010139500609576552
2021-06-17,Equity Max-Sharpe,-0.013741701817843439
2021-06-18,Equity Max-Sharpe,-0.007193684211355523
2021-06-21,Equity Max-Sharpe,0.02082329966802901
2021-06-22,Equity Max-Sharpe,0.0018262783486719752
2021-06-23,Equity Max-Sharpe,-0.0010759945381896203
2021-06-24,Equity Max-Sharpe,0.011288027220920475
2021-06-25,Equity Max-Sharpe,-0.0006036121052688748
2021-06-28,Equity Max-Sharpe,0.0009595753966943926
2021-06-29,Equity Max-Sharpe,0.006478041564393567
2021-06-30,Equity Max-Sharpe,0.003888496099843096
2021-07-01,Equity Max-Sharpe,0.0018368785034095394
2021-07-02,Equity Max-Sharpe,0.004676250359285896
2021-07-06,Equity Max-Sharpe,-0.0019436663812495896
2021-07-07,Equity Max-Sharpe,0.0014368994704793668
2021-07-08,Equity Max-Sharpe,-0.011262351007520635
2021-07-09,Equity Max-Sharpe,0.01894957857381498
2021-07-12,Equity Max-Sharpe,0.008909914597106643
2021-07-13,Equity Max-Sharpe,-0.012024283745161811
2021-07-14,Equity Max-Sharpe,-0.0009731168304198798
2021-07-15,Equity Max-Sharpe,-0.004305110448665629
2021-07-16,Equity Max-Sharpe,-0.014391620375304892
2021-07-19,Equity Max-Sharpe,-0.013289903127192687
2021-07-20,Equity Max-Sharpe,0.015939067711304898
2021-07-21,Equity Max-Sharpe,0.009363683996108763
2021-07-22,Equity Max-Sharpe,0.002218862301635234
2021-07-23,Equity Max-Sharpe,0.007291278663392879
2021-07-26,Equity Max-Sharpe,0.0028895130037339322
2021-07-27,Equity Max-Sharpe,-0.0055776375891243846
2021-07-28,Equity Max-Sharpe,0.0033167952231928266
2021-07-29,Equity Max-Sharpe,0.008491763924699322
2021-07-30,Equity Max-Sharpe,-0.0016997164709221025
2021-08-02,Equity Max-Sharpe,-0.0030783406517428716
2021-08-03,Equity Max-Sharpe,0.008127648820148964
2021-08-04,Equity Max-Sharpe,-0.004428066921789459
2021-08-05,Equity Max-Sharpe,0.0052687994592638876
2021-08-06,Equity Max-Sharpe,0.0019977652357098894
2021-08-09,Equity Max-Sharpe,0.009298817653337359
2021-08-10,Equity Max-Sharpe,0.015814619262155986
2021-08-11,Equity Max-Sharpe,0.006538735295631622
2021-08-12,Equity Max-Sharpe,0.007444763259528655
2021-08-13,Equity Max-Sharpe,0.0003903827382314593
2021-08-16,Equity Max-Sharpe,0.0003568713667891596
2021-08-17,Equity Max-Sharpe,-0.009065894151313796
2021-08-18,Equity Max-Sharpe,-0.0042154046035133745
2021-08-19,Equity Max-Sharpe,-0.003138011298319679
2021-08-20,Equity Max-Sharpe,0.009244523948128167
2021-08-23,Equity Max-Sharpe,0.009384064897993677
2021-08-24,Equity Max-Sharpe,0.0028758634777130863
2021-08-25,Equity Max-Sharpe,-0.0005119467932401677
2021-08-26,Equity Max-Sharpe,-0.006468990440712449
2021-08-27,Equity Max-Sharpe,0.011398118991662078
2021-08-30,Equity Max-Sharpe,0.0027195074214978647
2021-08-31,Equity Max-Sharpe,-0.002194001129146448
2021-09-01,Equity Max-Sharpe,0.004432372448454501
2021-09-02,Equity Max-Sharpe,0.002375044967873417
2021-09-03,Equity Max-Sharpe,-0.0029558286262925597
2021-09-07,Equity Max-Sharpe,-0.008227078516486255
2021-09-08,Equity Max-Sharpe,-0.001637343040345255
2021-09-09,Equity Max-Sharpe,-0.007497454822886241
2021-09-10,Equity Max-Sharpe,-0.0023617518485694513
2021-09-13,Equity Max-Sharpe,-0.0040859827282787795
2021-09-14,Equity Max-Sharpe,-0.011300547313059161
2021-09-15,Equity Max-Sharpe,0.007075601377003861
2021-09-16,Equity Max-Sharpe,-0.0063304754913667775
2021-09-17,Equity Max-Sharpe,-0.018967954182015065
2021-09-20,Equity Max-Sharpe,-0.01886082917695095
2021-09-21,Equity Max-Sharpe,-0.003546863540662675
2021-09-22,Equity Max-Sharpe,0.00750100516853981
2021-09-23,Equity Max-Sharpe,0.007199027028635895
2021-09-24,Equity Max-Sharpe,-0.005851853715537598
2021-09-27,Equity Max-Sharpe,-0.002982944384461607
2021-09-28,Equity Max-Sharpe,-0.00783100487999934
2021-09-29,Equity Max-Sharpe,-0.0008006236041913821
2021-09-30,Equity Max-Sharpe,-0.013919005749182804
2021-10-01,Equity Max-Sharpe,0.008321582930740675
2021-10-04,Equity Max-Sharpe,-0.008929260641013237
2021-10-05,Equity Max-Sharpe,0.007631583705423455
2021-10-06,Equity Max-Sharpe,0.007436736312736731
2021-10-07,Equity Max-Sharpe,0.005974964213470707
2021-10-08,Equity Max-Sharpe,-0.0013649601667926746
2021-10-11,Equity Max-Sharpe,-0.0034008700644036372
2021-10-12,Equity Max-Sharpe,0.012382717273146956
2021-10-13,Equity Max-Sharpe,0.010183556022278875
2021-10-14,Equity Max-Sharpe,0.021486399365500945
2021-10-15,Equity Max-Sharpe,-0.0026082383085859018
2021-10-18,Equity Max-Sharpe,0.007069794022036654
2021-10-19,Equity Max-Sharpe,0.0005072838128564073
2021-10-20,Equity Max-Sharpe,0.0018277768976128995
2021-10-21,Equity Max-Sharpe,-0.0026329845838333225
2021-10-22,Equity Max-Sharpe,0.011369746721183153
2021-10-25,Equity Max-Sharpe,0.012324045556739532
2021-10-26,Equity Max-Sharpe,0.012011450887823133
2021-10-27,Equity Max-Sharpe,-0.018687785937541026
2021-10-28,Equity Max-Sharpe,0.020529659891390765
2021-10-29,Equity Max-Sharpe,0.0042547462875068155
2021-11-01,Equity Max-Sharpe,0.00423740696864283
2021-11-02,Equity Max-Sharpe,0.010629106476859114
2021-11-03,Equity Max-Sharpe,-0.004364673600386469
2021-11-04,Equity Max-Sharpe,0.006145087069507844
2021-11-05,Equity Max-Sharpe,-0.017756492980784317
2021-11-08,Equity Max-Sharpe,0.01046937743337001
2021-11-09,Equity Max-Sharpe,-0.003305123059065847
2021-11-10,Equity Max-Sharpe,-0.0056182217182103875
2021-11-11,Equity Max-Sharpe,0.007817130902972178
2021-11-12,Equity Max-Sharpe,0.0030829177139260677
2021-11-15,Equity Max-Sharpe,0.0018752019775756558
2021-11-16,Equity Max-Sharpe,-0.003143506707689597
2021-11-17,Equity Max-Sharpe,-0.007475333664076824
2021-11-18,Equity Max-Sharpe,0.009372788813942873
2021-11-19,Equity Max-Sharpe,-0.008504777727823543
2021-11-22,Equity Max-Sharpe,0.0031401775251266714
2021-11-23,Equity Max-Sharpe,0.011806377248982812
2021-11-24,Equity Max-Sharpe,0.004745156794108824
2021-11-26,Equity Max-Sharpe,-0.027723698482888682
2021-11-29,Equity Max-Sharpe,0.012431658604107543
2021-11-30,Equity Max-Sharpe,-0.016396953121305343
2021-12-01,Equity Max-Sharpe,-0.010182224095846643
2021-12-02,Equity Max-Sharpe,0.02574604971571087
2021-12-03,Equity Max-Sharpe,-0.007695345782171181
2021-12-06,Equity Max-Sharpe,0.006688834378541231
2021-12-07,Equity Max-Sharpe,0.021892679006555664
2021-12-08,Equity Max-Sharpe,-0.0017825510456110816
2021-12-09,Equity Max-Sharpe,-0.007611949218520139
2021-12-10,Equity Max-Sharpe,0.0053205709586376495
2021-12-13,Equity Max-Sharpe,-0.006082450929833969
2021-12-14,Equity Max-Sharpe,0.0024010601668782217
2021-12-15,Equity Max-Sharpe,0.019031999463415338
2021-12-16,Equity Max-Sharpe,0.0006446151200602379
2021-12-17,Equity Max-Sharpe,-0.01360103630609596
2021-12-20,Equity Max-Sharpe,-0.004563779348765566
2021-12-21,Equity Max-Sharpe,0.008793573721713948
2021-12-22,Equity Max-Sharpe,0.009270575078462028
2021-12-23,Equity Max-Sharpe,-0.0001909669206210074
2021-12-27,Equity Max-Sharpe,0.01947560951355199
2021-12-28,Equity Max-Sharpe,-0.002695531137561995
2021-12-29,Equity Max-Sharpe,0.0013917348787028652
2021-12-30,Equity Max-Sharpe,-0.004048434118263506
2021-12-31,Equity Max-Sharpe,-0.0002423431772326419
2022-01-03,Equity Max-Sharpe,-0.008439039368300233
2022-01-04,Equity Max-Sharpe,0.0007748707106292069
2022-01-05,Equity Max-Sharpe,-0.007771548880391907
2022-01-06,Equity Max-Sharpe,0.002400418710493319
2022-01-07,Equity Max-Sharpe,-0.014604392054054657
2022-01-10,Equity Max-Sharpe,0.003624562109690886
2022-01-11,Equity Max-Sharpe,0.007433103057139819
2022-01-12,Equity Max-Sharpe,0.008589653819462256
2022-01-13,Equity Max-Sharpe,-0.013661073242865798
2022-01-14,Equity Max-Sharpe,-0.0009299229644315376
2022-01-18,Equity Max-Sharpe,-0.012326073262251507
2022-01-19,Equity Max-Sharpe,-0.01162716247501307
2022-01-20,Equity Max-Sharpe,-0.017166599106564626
2022-01-21,Equity Max-Sharpe,-0.011079635606387105
2022-01-24,Equity Max-Sharpe,-0.00047642452737594763
2022-01-25,Equity Max-Sharpe,-0.0004941686867900085
2022-01-26,Equity Max-Sharpe,-0.009711590864823209
2022-01-27,Equity Max-Sharpe,-0.0017752150577533875
2022-01-28,Equity Max-Sharpe,0.032710305611416836
2022-01-31,Equity Max-Sharpe,0.007563328465890448
2022-02-01,Equity Max-Sharpe,0.006505417744077555
2022-02-02,Equity Max-Sharpe,0.02699226789106228
2022-02-03,Equity Max-Sharpe,-0.008032917603692825
2022-02-04,Equity Max-Sharpe,-0.003087722768146338
2022-02-07,Equity Max-Sharpe,0.004251591894381715
2022-02-08,Equity Max-Sharpe,0.0028491041667604877
2022-02-09,Equity Max-Sharpe,0.01987077467053197
2022-02-10,Equity Max-Sharpe,-0.01906966737647282
2022-02-11,Equity Max-Sharpe,-0.0060931210248618365
2022-02-14,Equity Max-Sharpe,-0.006880489794830273
2022-02-15,Equity Max-Sharpe,0.0025066319947254895
2022-02-16,Equity Max-Sharpe,0.0016442344692580925
2022-02-17,Equity Max-Sharpe,-0.014489105092008327
2022-02-18,Equity Max-Sharpe,-0.008780015718913306
2022-02-22,Equity Max-Sharpe,-0.006921898660792871
2022-02-23,Equity Max-Sharpe,0.008205916574735319
2022-02-24,Equity Max-Sharpe,0.001585221476975384
2022-02-25,Equity Max-Sharpe,0.03509722798066689
2022-02-28,Equity Max-Sharpe,-0.004325701862891052
2022-03-01,Equity Max-Sharpe,0.005665858186795067
2022-03-02,Equity Max-Sharpe,0.019425938076868203
2022-03-03,Equity Max-Sharpe,0.0082846803032115
2022-03-04,Equity Max-Sharpe,0.010529375813456785
2022-03-07,Equity Max-Sharpe,-0.009623609721526219
2022-03-08,Equity Max-Sharpe,-0.022333315738425723
2022-03-09,Equity Max-Sharpe,0.008079834674711685
2022-03-10,Equity Max-Sharpe,0.008012614329870452
2022-03-11,Equity Max-Sharpe,-0.006789173141755557
2022-03-14,Equity Max-Sharpe,-0.011043384679891115
2022-03-15,Equity Max-Sharpe,0.007471144139364173
2022-03-16,Equity Max-Sharpe,0.005937216410529375
2022-03-17,Equity Max-Sharpe,0.019671483318121956
2022-03-18,Equity Max-Sharpe,0.006996042992126596
2022-03-21,Equity Max-Sharpe,0.01472018700648791
2022-03-22,Equity Max-Sharpe,0.00216856613835305
2022-03-23,Equity Max-Sharpe,0.0006696301925549411
2022-03-24,Equity Max-Sharpe,0.018824836383859005
2022-03-25,Equity Max-Sharpe,0.010966589837679626
2022-03-28,Equity Max-Sharpe,0.0019443627179993065
2022-03-29,Equity Max-Sharpe,0.009297842517715846
2022-03-30,Equity Max-Sharpe,0.000783892766049394
2022-03-31,Equity Max-Sharpe,-0.011077331230298986
2022-04-01,Equity Max-Sharpe,0.009446530012418164
2022-04-04,Equity Max-Sharpe,-0.002965919612995708
2022-04-05,Equity Max-Sharpe,-0.0030752746685482973
2022-04-06,Equity Max-Sharpe,0.01665000045080211
2022-04-07,Equity Max-Sharpe,0.013171410318141664
2022-04-08,Equity Max-Sharpe,0.00478045647428243
2022-04-11,Equity Max-Sharpe,-0.0254338944598625
2022-04-12,Equity Max-Sharpe,0.00393528257086823
2022-04-13,Equity Max-Sharpe,-0.00660341065869515
2022-04-14,Equity Max-Sharpe,0.006785792121518062
2022-04-18,Equity Max-Sharpe,0.0019813761631858706
2022-04-19,Equity Max-Sharpe,-0.004665980344416356
2022-04-20,Equity Max-Sharpe,0.004715815452539692
2022-04-21,Equity Max-Sharpe,-0.01737339775147103
2022-04-22,Equity Max-Sharpe,-0.026817272273791354
2022-04-25,Equity Max-Sharpe,-0.006906489517659408
2022-04-26,Equity Max-Sharpe,-0.010063164962915988
2022-04-27,Equity Max-Sharpe,0.001175428107648166
2022-04-28,Equity Max-Sharpe,0.01879281253600387
2022-04-29,Equity Max-Sharpe,-0.053258926075544416
2022-05-02,Equity Max-Sharpe,-0.013154599383681057
2022-05-03,Equity Max-Sharpe,0.008362144871458246
2022-05-04,Equity Max-Sharpe,0.017498252843010563
2022-05-05,Equity Max-Sharpe,-0.023737218956027588
2022-05-06,Equity Max-Sharpe,-0.0007465202097339122
2022-05-09,Equity Max-Sharpe,-0.05250642080925356
2022-05-10,Equity Max-Sharpe,-0.008558992696236964
2022-05-11,Equity Max-Sharpe,-0.0012708036017917714
2022-05-12,Equity Max-Sharpe,0.005848076524357485
2022-05-13,Equity Max-Sharpe,0.016155371040005598
2022-05-16,Equity Max-Sharpe,0.004208987859799905
2022-05-17,Equity Max-Sharpe,0.007685247724973048
2022-05-18,Equity Max-Sharpe,-0.03165686466833436
2022-05-19,Equity Max-Sharpe,0.0007917987455222566
2022-05-20,Equity Max-Sharpe,0.0021098139417139337
2022-05-23,Equity Max-Sharpe,0.015306271634744469
2022-05-24,Equity Max-Sharpe,0.0030145721636286693
2022-05-25,Equity Max-Sharpe,0.01070929360563226
2022-05-26,Equity Max-Sharpe,0.009347174398756753
2022-05-27,Equity Max-Sharpe,0.01913881311373759
2022-05-31,Equity Max-Sharpe,-0.01537658664914063
2022-06-01,Equity Max-Sharpe,0.00035387226305438175
2022-06-02,Equity Max-Sharpe,0.0017776516530634274
2022-06-03,Equity Max-Sharpe,0.002164684592056597
2022-06-06,Equity Max-Sharpe,-0.0029666083433539945
2022-06-07,Equity Max-Sharpe,0.01329783176039535
2022-06-08,Equity Max-Sharpe,-0.007523273502966254
2022-06-09,Equity Max-Sharpe,-0.024797260197899507
2022-06-10,Equity Max-Sharpe,-0.01271487678400343
2022-06-13,Equity Max-Sharpe,-0.04168507441066153
2022-06-14,Equity Max-Sharpe,-0.007628485523524051
2022-06-15,Equity Max-Sharpe,-0.004827921901793801
2022-06-16,Equity Max-Sharpe,-0.02076314591047927
2022-06-17,Equity Max-Sharpe,-0.019675062411066445
2022-06-21,Equity Max-Sharpe,0.03571988707218228
2022-06-22,Equity Max-Sharpe,-0.003438642287047931
2022-06-23,Equity Max-Sharpe,0.003429360200432434
2022-06-24,Equity Max-Sharpe,0.0180658336018303
2022-06-27,Equity Max-Sharpe,0.012028627290753394
2022-06-28,Equity Max-Sharpe,0.0014518726091536528
2022-06-29,Equity Max-Sharpe,-0.005961731216104499
2022-06-30,Equity Max-Sharpe,-0.0063829093545106205
2022-07-01,Equity Max-Sharpe,0.013626243217940547
2022-07-05,Equity Max-Sharpe,-0.012958387160654799
2022-07-06,Equity Max-Sharpe,-0.0034278847524473934
2022-07-07,Equity Max-Sharpe,0.0040241548264035075
2022-07-08,Equity Max-Sharpe,0.00036129070699479746
2022-07-11,Equity Max-Sharpe,0.0002697225494719814
2022-07-12,Equity Max-Sharpe,-0.008235486368342976
2022-07-13,Equity Max-Sharpe,-0.003096681737564088
2022-07-14,Equity Max-Sharpe,-0.0021521286664201934
2022-07-15,Equity Max-Sharpe,0.01629205035827073
2022-07-18,Equity Max-Sharpe,-0.011761891129267529
2022-07-19,Equity Max-Sharpe,0.010659163882849225
2022-07-20,Equity Max-Sharpe,-0.007910252358474526
2022-07-21,Equity Max-Sharpe,-0.0036019169635685883
2022-07-22,Equity Max-Sharpe,0.0032893744115819897
2022-07-25,Equity Max-Sharpe,0.017969942402439366
2022-07-26,Equity Max-Sharpe,0.0007316276193854096
2022-07-27,Equity Max-Sharpe,0.00270130596860139
2022-07-28,Equity Max-Sharpe,0.004579540719955186
2022-07-29,Equity Max-Sharpe,-0.0008061659244748562
2022-08-01,Equity Max-Sharpe,-0.012529326070601728
2022-08-02,Equity Max-Sharpe,-0.00594523046254021
2022-08-03,Equity Max-Sharpe,-0.008890315314122339
2022-08-04,Equity Max-Sharpe,-0.016532943252346593
2022-08-05,Equity Max-Sharpe,0.004539769203524286
2022-08-08,Equity Max-Sharpe,0.006989359289706688
2022-08-09,Equity Max-Sharpe,0.01434490059724057
2022-08-10,Equity Max-Sharpe,0.00334962058708933
2022-08-11,Equity Max-Sharpe,0.012989613535771228
2022-08-12,Equity Max-Sharpe,0.0063178818468992235
2022-08-15,Equity Max-Sharpe,-0.007514391209485648
2022-08-16,Equity Max-Sharpe,0.000562749537138642
2022-08-17,Equity Max-Sharpe,-0.0009224605075082939
2022-08-18,Equity Max-Sharpe,0.010853983810771088
2022-08-19,Equity Max-Sharpe,0.0171306791143531
2022-08-22,Equity Max-Sharpe,-0.013893085308519381
2022-08-23,Equity Max-Sharpe,0.014601250379767077
2022-08-24,Equity Max-Sharpe,0.002472672152785488
2022-08-25,Equity Max-Sharpe,0.005459555558047349
2022-08-26,Equity Max-Sharpe,-0.013502458432091571
2022-08-29,Equity Max-Sharpe,0.004959594844316573
2022-08-30,Equity Max-Sharpe,-0.018017302349529942
2022-08-31,Equity Max-Sharpe,-0.010996337557715943
2022-09-01,Equity Max-Sharpe,-0.000831516839790264
2022-09-02,Equity Max-Sharpe,-0.00031725889544833934
2022-09-06,Equity Max-Sharpe,-0.007827275516168974
2022-09-07,Equity Max-Sharpe,0.0017669235979816977
2022-09-08,Equity Max-Sharpe,-0.0007156413543133797
2022-09-09,Equity Max-Sharpe,0.012108099096506671
2022-09-12,Equity Max-Sharpe,0.009255656698147796
2022-09-13,Equity Max-Sharpe,-0.02382094794318084
2022-09-14,Equity Max-Sharpe,0.020911910369145574
2022-09-15,Equity Max-Sharpe,-0.019864293716715418
2022-09-16,Equity Max-Sharpe,-0.006180834501180163
2022-09-19,Equity Max-Sharpe,0.004341350812605564
2022-09-20,Equity Max-Sharpe,-0.008991598153987854
2022-09-21,Equity Max-Sharpe,-0.015378334126533558
2022-09-22,Equity Max-Sharpe,-0.0010866217956597931
2022-09-23,Equity Max-Sharpe,-0.03370361743587217
2022-09-26,Equity Max-Sharpe,-0.01852727802963192
2022-09-27,Equity Max-Sharpe,-0.0030000586133065547
2022-09-28,Equity Max-Sharpe,0.02880110343210348
2022-09-29,Equity Max-Sharpe,-0.01443041069745214
2022-09-30,Equity Max-Sharpe,-0.01780014305615633
2022-10-03,Equity Max-Sharpe,0.03706016860973674
2022-10-04,Equity Max-Sharpe,0.029126490314437977
2022-10-05,Equity Max-Sharpe,0.012097447699881244
2022-10-06,Equity Max-Sharpe,0.00011045238326451087
2022-10-07,Equity Max-Sharpe,-0.00986001494170197
2022-10-10,Equity Max-Sharpe,-0.016444618134154366
2022-10-11,Equity Max-Sharpe,0.0071265204015337974
2022-10-12,Equity Max-Sharpe,-0.0023408657014058207
2022-10-13,Equity Max-Sharpe,0.036601094725651546
2022-10-14,Equity Max-Sharpe,-0.0100251592271468
2022-10-17,Equity Max-Sharpe,0.010522606001522765
2022-10-18,Equity Max-Sharpe,0.003913491552576106
2022-10-19,Equity Max-Sharpe,0.0018487297162585997
2022-10-20,Equity Max-Sharpe,0.0009793921231168977
2022-10-21,Equity Max-Sharpe,0.029101278624466587
2022-10-24,Equity Max-Sharpe,0.013749690959479548
2022-10-25,Equity Max-Sharpe,-0.0012743873653812997
2022-10-26,Equity Max-Sharpe,0.01656367102952203
2022-10-27,Equity Max-Sharpe,0.002966568604144186
2022-10-28,Equity Max-Sharpe,-0.017053967073271926
2022-10-31,Equity Max-Sharpe,-0.0012644826344350279
2022-11-01,Equity Max-Sharpe,0.007929836929803955
2022-11-02,Equity Max-Sharpe,-0.017638865810863137
2022-11-03,Equity Max-Sharpe,0.001555069098457258
2022-11-04,Equity Max-Sharpe,0.010922473804123633
2022-11-07,Equity Max-Sharpe,0.022757824952821398
2022-11-08,Equity Max-Sharpe,0.021653197720150848
2022-11-09,Equity Max-Sharpe,-0.026096637354565765
2022-11-10,Equity Max-Sharpe,0.012721015911373973
2022-11-11,Equity Max-Sharpe,0.005703459652185634
2022-11-14,Equity Max-Sharpe,0.0020340915293234874
2022-11-15,Equity Max-Sharpe,0.002770033475239176
2022-11-16,Equity Max-Sharpe,-0.005197673247990513
2022-11-17,Equity Max-Sharpe,0.005586804325307868
2022-11-18,Equity Max-Sharpe,0.0008312847531031556
2022-11-21,Equity Max-Sharpe,-0.0009487132831563915
2022-11-22,Equity Max-Sharpe,0.014504215844424635
2022-11-23,Equity Max-Sharpe,-0.009282321461714895
2022-11-25,Equity Max-Sharpe,-0.0008599339782524214
2022-11-28,Equity Max-Sharpe,-0.014631967234843902
2022-11-29,Equity Max-Sharpe,0.002744839170714452
2022-11-30,Equity Max-Sharpe,0.013657202182414459
2022-12-01,Equity Max-Sharpe,-0.0029842388040391744
2022-12-02,Equity Max-Sharpe,-0.000844598551236113
2022-12-05,Equity Max-Sharpe,-0.007794882265601469
2022-12-06,Equity Max-Sharpe,-0.013163702038954488
2022-12-07,Equity Max-Sharpe,0.00641120065813128
2022-12-08,Equity Max-Sharpe,0.0028589216325365114
2022-12-09,Equity Max-Sharpe,-0.018015262506383307
2022-12-12,Equity Max-Sharpe,0.005970897808709137
2022-12-13,Equity Max-Sharpe,0.004165889580439692
2022-12-14,Equity Max-Sharpe,0.0020071114324980276
2022-12-15,Equity Max-Sharpe,-0.015024548754304983
2022-12-16,Equity Max-Sharpe,-0.0028721065396765553
2022-12-19,Equity Max-Sharpe,-6.9753515060640495e-06
2022-12-20,Equity Max-Sharpe,0.0018404717600497972
2022-12-21,Equity Max-Sharpe,0.01132963848754273
2022-12-22,Equity Max-Sharpe,-0.006455099684759354
2022-12-23,Equity Max-Sharpe,0.008221275539380912
2022-12-27,Equity Max-Sharpe,0.0033592227848681486
2022-12-28,Equity Max-Sharpe,-0.011972563208119291
2022-12-29,Equity Max-Sharpe,0.0026595730624315002
2022-12-30,Equity Max-Sharpe,0.0023311384508269486
2023-01-03,Equity Max-Sharpe,-0.010042245932730863
2023-01-04,Equity Max-Sharpe,0.0065184491705861745
2023-01-05,Equity Max-Sharpe,0.01621779827320694
2023-01-06,Equity Max-Sharpe,0.012724199114144123
2023-01-09,Equity Max-Sharpe,-0.02954620221680646
2023-01-10,Equity Max-Sharpe,0.0066330532357376905
2023-01-11,Equity Max-Sharpe,0.0041630296725969134
2023-01-12,Equity Max-Sharpe,0.01010471298466413
2023-01-13,Equity Max-Sharpe,0.002127116640838093
2023-01-17,Equity Max-Sharpe,-0.011780880087930375
2023-01-18,Equity Max-Sharpe,-0.015585053122061866
2023-01-19,Equity Max-Sharpe,0.00952852861271982
2023-01-20,Equity Max-Sharpe,0.006438424272826804
2023-01-23,Equity Max-Sharpe,-0.002391598700457464
2023-01-24,Equity Max-Sharpe,-0.008482008997475796
2023-01-25,Equity Max-Sharpe,-0.0010975112939658953
2023-01-26,Equity Max-Sharpe,0.002887483376356881
2023-01-27,Equity Max-Sharpe,-0.014243684742688102
2023-01-30,Equity Max-Sharpe,-0.003348146114367144
2023-01-31,Equity Max-Sharpe,0.014225359782797086
2023-02-01,Equity Max-Sharpe,0.000428697184290827
2023-02-02,Equity Max-Sharpe,-0.025827873225094944
2023-02-03,Equity Max-Sharpe,-0.002578269171426687
2023-02-06,Equity Max-Sharpe,-0.0008126848856249885
2023-02-07,Equity Max-Sharpe,0.01451338848072779
2023-02-08,Equity Max-Sharpe,0.0024041624179236666
2023-02-09,Equity Max-Sharpe,-0.002583535127722812
2023-02-10,Equity Max-Sharpe,0.019359673841759097
2023-02-13,Equity Max-Sharpe,0.008331192913942615
2023-02-14,Equity Max-Sharpe,-0.0014973033261659237
2023-02-15,Equity Max-Sharpe,-0.009837531602066988
2023-02-16,Equity Max-Sharpe,-0.008007019996270093
2023-02-17,Equity Max-Sharpe,0.008018345903607265
2023-02-21,Equity Max-Sharpe,-0.008216676252133725
2023-02-22,Equity Max-Sharpe,-0.003595456314458653
2023-02-23,Equity Max-Sharpe,0.005972923195006197
2023-02-24,Equity Max-Sharpe,-0.005221170480179041
2023-02-27,Equity Max-Sharpe,-0.0015842630387249651
2023-02-28,Equity Max-Sharpe,-0.015201216066303576
2023-03-01,Equity Max-Sharpe,0.00287636332760174
2023-03-02,Equity Max-Sharpe,0.003902329341109392
2023-03-03,Equity Max-Sharpe,0.005503133667623748
2023-03-06,Equity Max-Sharpe,0.025162381337530727
2023-03-07,Equity Max-Sharpe,-0.00494753534952168
2023-03-08,Equity Max-Sharpe,-0.017271251765618962
2023-03-09,Equity Max-Sharpe,-0.009522239037054517
2023-03-10,Equity Max-Sharpe,-0.0018273946811396052
2023-03-13,Equity Max-Sharpe,-0.013696332819035352
2023-03-14,Equity Max-Sharpe,0.015122205834013415
2023-03-15,Equity Max-Sharpe,-0.008103443554226732
2023-03-16,Equity Max-Sharpe,-0.00012072002958701811
2023-03-17,Equity Max-Sharpe,-0.026347414106688304
2023-03-20,Equity Max-Sharpe,0.02000623230745428
2023-03-21,Equity Max-Sharpe,0.00568922349082954
2023-03-22,Equity Max-Sharpe,-0.014793075460896159
2023-03-23,Equity Max-Sharpe,-0.0004999738321642888
2023-03-24,Equity Max-Sharpe,0.0061932973421856136
2023-03-27,Equity Max-Sharpe,0.01577230117033407
2023-03-28,Equity Max-Sharpe,-0.0011284205720049107
2023-03-29,Equity Max-Sharpe,-8.714398514554546e-05
2023-03-30,Equity Max-Sharpe,0.007297105409991496
2023-03-31,Equity Max-Sharpe,0.00685285637899494
2023-04-03,Equity Max-Sharpe,0.02104535030854757
2023-04-04,Equity Max-Sharpe,-0.007965181540726299
2023-04-05,Equity Max-Sharpe,0.020388841019818398
2023-04-06,Equity Max-Sharpe,-0.0028664216250620968
2023-04-10,Equity Max-Sharpe,-0.002522331351368912
2023-04-11,Equity Max-Sharpe,0.00010885723734186878
2023-04-12,Equity Max-Sharpe,0.002800338958718868
2023-04-13,Equity Max-Sharpe,0.012330431197452432
2023-04-14,Equity Max-Sharpe,-0.0008918379543512967
2023-04-17,Equity Max-Sharpe,0.0008353906503681854
2023-04-18,Equity Max-Sharpe,0.00440084207279106
2023-04-19,Equity Max-Sharpe,-0.0011239921672849798
2023-04-20,Equity Max-Sharpe,0.0018984812212735163
2023-04-21,Equity Max-Sharpe,0.01270152146113057
2023-04-24,Equity Max-Sharpe,0.006029167256090734
2023-04-25,Equity Max-Sharpe,-0.006122429958760412
2023-04-26,Equity Max-Sharpe,-0.021695476544772347
2023-04-27,Equity Max-Sharpe,0.008584085572666956
2023-04-28,Equity Max-Sharpe,-0.0020577856422449425
2023-05-01,Equity Max-Sharpe,0.006459971265110116
2023-05-02,Equity Max-Sharpe,0.003335737339624951
2023-05-03,Equity Max-Sharpe,-0.013286761039263652
2023-05-04,Equity Max-Sharpe,-0.010275773209514632
2023-05-05,Equity Max-Sharpe,0.009738269581926242
2023-05-08,Equity Max-Sharpe,0.0035051435244387733
2023-05-09,Equity Max-Sharpe,-0.003965253767454051
2023-05-10,Equity Max-Sharpe,-0.0028162939891715603
2023-05-11,Equity Max-Sharpe,-0.003153932401294429
2023-05-12,Equity Max-Sharpe,-0.0032548844716082928
2023-05-15,Equity Max-Sharpe,0.005771350158778613
2023-05-16,Equity Max-Sharpe,-0.006715293650295313
2023-05-17,Equity Max-Sharpe,0.0027807554955346396
2023-05-18,Equity Max-Sharpe,1.2465937662059024e-05
2023-05-19,Equity Max-Sharpe,0.005615537511396781
2023-05-22,Equity Max-Sharpe,-0.007935713719153437
2023-05-23,Equity Max-Sharpe,-0.014259030267505983
2023-05-24,Equity Max-Sharpe,-0.00014800201811495956
2023-05-25,Equity Max-Sharpe,-0.008351362257376248
2023-05-26,Equity Max-Sharpe,-0.0031297882336038495
2023-05-30,Equity Max-Sharpe,-0.011348331845605469
2023-05-31,Equity Max-Sharpe,0.0025780734449416583
2023-06-01,Equity Max-Sharpe,0.021366715104174202
2023-06-02,Equity Max-Sharpe,0.010085162396142197
2023-06-05,Equity Max-Sharpe,-0.0055906044932674
2023-06-06,Equity Max-Sharpe,-0.008709836483551357
2023-06-07,Equity Max-Sharpe,-0.006187109560883533
2023-06-08,Equity Max-Sharpe,0.011987669777302397
2023-06-09,Equity Max-Sharpe,0.0030317227355690654
2023-06-12,Equity Max-Sharpe,-0.00011143711283786249
2023-06-13,Equity Max-Sharpe,0.007545219060084976
2023-06-14,Equity Max-Sharpe,-0.003818253790463636
2023-06-15,Equity Max-Sharpe,0.005071163576997916
2023-06-16,Equity Max-Sharpe,0.003165562246072258
2023-06-20,Equity Max-Sharpe,-0.003002860615043989
2023-06-21,Equity Max-Sharpe,0.004914443393445522
2023-06-22,Equity Max-Sharpe,0.007397405597984608
2023-06-23,Equity Max-Sharpe,-0.0033699901101550706
2023-06-26,Equity Max-Sharpe,-0.00823108777099245
2023-06-27,Equity Max-Sharpe,0.007571704990975967
2023-06-28,Equity Max-Sharpe,0.0024893430114590674
2023-06-29,Equity Max-Sharpe,0.0058163732493750455
2023-06-30,Equity Max-Sharpe,0.019398876782822524
2023-07-03,Equity Max-Sharpe,-0.009073795625051527
2023-07-05,Equity Max-Sharpe,-0.0003864741645024945
2023-07-06,Equity Max-Sharpe,-0.012297507834867483
2023-07-07,Equity Max-Sharpe,-0.004613021151898401
2023-07-10,Equity Max-Sharpe,0.013270231951822023
2023-07-11,Equity Max-Sharpe,-0.0001403007225690007
2023-07-12,Equity Max-Sharpe,0.00041569669889977346
2023-07-13,Equity Max-Sharpe,0.0016774338635459408
2023-07-14,Equity Max-Sharpe,-0.002262784024571125
2023-07-17,Equity Max-Sharpe,0.0010615834431508867
2023-07-18,Equity Max-Sharpe,0.003103491405721942
2023-07-19,Equity Max-Sharpe,-0.006083418429247136
2023-07-20,Equity Max-Sharpe,0.011422274458313945
2023-07-21,Equity Max-Sharpe,-0.0007910336573301274
2023-07-24,Equity Max-Sharpe,-0.0037317500458701083
2023-07-25,Equity Max-Sharpe,0.029463254641745543
2023-07-26,Equity Max-Sharpe,-0.011569706448141044
2023-07-27,Equity Max-Sharpe,-0.001797990123619202
2023-07-28,Equity Max-Sharpe,0.00132297789291348
2023-07-31,Equity Max-Sharpe,0.00021383313515379958
2023-08-01,Equity Max-Sharpe,-0.00947238321017165
2023-08-02,Equity Max-Sharpe,-0.011249167978125618
2023-08-03,Equity Max-Sharpe,0.003041124250113726
2023-08-04,Equity Max-Sharpe,0.003187935196133892
2023-08-07,Equity Max-Sharpe,0.013674744176546186
2023-08-08,Equity Max-Sharpe,-0.006126915866913832
2023-08-09,Equity Max-Sharpe,-0.012078451651981984
2023-08-10,Equity Max-Sharpe,0.0031990804521225004
2023-08-11,Equity Max-Sharpe,0.004643446567120961
2023-08-14,Equity Max-Sharpe,0.017529238966274972
2023-08-15,Equity Max-Sharpe,-0.008444446359303661
2023-08-16,Equity Max-Sharpe,-0.0041005490986500874
2023-08-17,Equity Max-Sharpe,-0.011637860541405113
2023-08-18,Equity Max-Sharpe,0.003883877457663382
2023-08-21,Equity Max-Sharpe,0.013593843039932984
2023-08-22,Equity Max-Sharpe,-0.012358252817035342
2023-08-23,Equity Max-Sharpe,0.024576061080328393
2023-08-24,Equity Max-Sharpe,-0.016134910896480236
2023-08-25,Equity Max-Sharpe,0.0022266805706366013
2023-08-28,Equity Max-Sharpe,0.009643914388721803
2023-08-29,Equity Max-Sharpe,0.01545510618992351
2023-08-30,Equity Max-Sharpe,-0.001595267423935916
2023-08-31,Equity Max-Sharpe,-0.0028209158958878234
2023-09-01,Equity Max-Sharpe,-0.0010922078777799206
2023-09-05,Equity Max-Sharpe,-0.012112134945006075
2023-09-06,Equity Max-Sharpe,-0.009262584405109863
2023-09-07,Equity Max-Sharpe,-0.001384935259910869
2023-09-08,Equity Max-Sharpe,0.00033671166280998675
2023-09-11,Equity Max-Sharpe,0.006360275095771358
2023-09-12,Equity Max-Sharpe,0.0031888019941442797
2023-09-13,Equity Max-Sharpe,-0.006640904533839634
2023-09-14,Equity Max-Sharpe,0.011914557157948336
2023-09-15,Equity Max-Sharpe,-0.010487247583279506
2023-09-18,Equity Max-Sharpe,0.004961354910800663
2023-09-19,Equity Max-Sharpe,-0.004979579566995421
2023-09-20,Equity Max-Sharpe,-0.010625918625867174
2023-09-21,Equity Max-Sharpe,-0.014752716527456373
2023-09-22,Equity Max-Sharpe,-0.004443485110978496
2023-09-25,Equity Max-Sharpe,0.0036710674071329754
2023-09-26,Equity Max-Sharpe,-0.00970615466067602
2023-09-27,Equity Max-Sharpe,0.0017807746122474898
2023-09-28,Equity Max-Sharpe,0.009478641840956144
2023-09-29,Equity Max-Sharpe,-0.01067766580132971
2023-10-02,Equity Max-Sharpe,-0.004632354954420911
2023-10-03,Equity Max-Sharpe,-0.012454483536110665
2023-10-04,Equity Max-Sharpe,0.007104762928984607
2023-10-05,Equity Max-Sharpe,0.0038014051387721716
2023-10-06,Equity Max-Sharpe,0.01854492821714838
2023-10-09,Equity Max-Sharpe,-0.0025102330967323077
2023-10-10,Equity Max-Sharpe,0.006206247802711982
2023-10-11,Equity Max-Sharpe,0.01558987804501865
2023-10-12,Equity Max-Sharpe,-0.007703256485688855
2023-10-13,Equity Max-Sharpe,-0.013367000310755656
2023-10-16,Equity Max-Sharpe,0.002971449238652826
2023-10-17,Equity Max-Sharpe,-0.004159400808383948
2023-10-18,Equity Max-Sharpe,-0.02261956197248081
2023-10-19,Equity Max-Sharpe,-0.00785385569663059
2023-10-20,Equity Max-Sharpe,-0.004805686002470193
2023-10-23,Equity Max-Sharpe,0.009160814687003332
2023-10-24,Equity Max-Sharpe,0.03416477581988468
2023-10-25,Equity Max-Sharpe,-0.018811466738074534
2023-10-26,Equity Max-Sharpe,-0.014811322959299864
2023-10-27,Equity Max-Sharpe,-0.018159351388349704
2023-10-30,Equity Max-Sharpe,0.019894181970134574
2023-10-31,Equity Max-Sharpe,-0.011162064044475895
2023-11-01,Equity Max-Sharpe,0.003954169348051314
2023-11-02,Equity Max-Sharpe,0.009815310656965798
2023-11-03,Equity Max-Sharpe,0.013611844240059363
2023-11-06,Equity Max-Sharpe,0.018719884613753145
2023-11-07,Equity Max-Sharpe,0.001454112424933605
2023-11-08,Equity Max-Sharpe,0.012012410844808108
2023-11-09,Equity Max-Sharpe,-0.003880542464304692
2023-11-10,Equity Max-Sharpe,0.01790881673094353
2023-11-13,Equity Max-Sharpe,0.004899186691352897
2023-11-14,Equity Max-Sharpe,0.012528139412625483
2023-11-15,Equity Max-Sharpe,-0.0070413898800882994
2023-11-16,Equity Max-Sharpe,0.004305367422099218
2023-11-17,Equity Max-Sharpe,0.0025545891348616443
2023-11-20,Equity Max-Sharpe,0.00697130401993763
2023-11-21,Equity Max-Sharpe,-0.002997475247636055
2023-11-22,Equity Max-Sharpe,-0.008770660245437755
2023-11-24,Equity Max-Sharpe,-0.0016361060067038827
2023-11-27,Equity Max-Sharpe,0.0025090728578701675
2023-11-28,Equity Max-Sharpe,-0.006617574493668225
2023-11-29,Equity Max-Sharpe,0.0004725968525322423
2023-11-30,Equity Max-Sharpe,0.006985531600668717
2023-12-01,Equity Max-Sharpe,0.0025864490484990427
2023-12-04,Equity Max-Sharpe,-0.012683733924146283
2023-12-05,Equity Max-Sharpe,-0.002061046488840434
2023-12-06,Equity Max-Sharpe,-0.0064457537977208445
2023-12-07,Equity Max-Sharpe,0.004674313082174518
2023-12-08,Equity Max-Sharpe,0.009858127964309557
2023-12-11,Equity Max-Sharpe,-0.002205313377859056
2023-12-12,Equity Max-Sharpe,0.014769451636077702
2023-12-13,Equity Max-Sharpe,0.001961251384604301
2023-12-14,Equity Max-Sharpe,-0.004805631416280396
2023-12-15,Equity Max-Sharpe,0.008978252985159044
2023-12-18,Equity Max-Sharpe,0.008567994328711406
2023-12-19,Equity Max-Sharpe,0.009358310750923735
2023-12-20,Equity Max-Sharpe,-0.02123958380299691
2023-12-21,Equity Max-Sharpe,0.021100400088603446
2023-12-22,Equity Max-Sharpe,-0.0003889509629085501
2023-12-26,Equity Max-Sharpe,0.007276386291979277
2023-12-27,Equity Max-Sharpe,0.0034044717219621464
2023-12-28,Equity Max-Sharpe,0.0015985179254710729
2023-12-29,Equity Max-Sharpe,-0.0029277536224010573
2021-01-04,Equity Risk-Parity,-0.011905932369505729
2021-01-05,Equity Risk-Parity,0.008925436817756396
2021-01-06,Equity Risk-Parity,0.010374287098975636
2021-01-07,Equity Risk-Parity,0.008791693292529469
2021-01-08,Equity Risk-Parity,0.0028944425295890264
2021-01-11,Equity Risk-Parity,-0.0010633263629407693
2021-01-12,Equity Risk-Parity,-0.0004123674900633924
2021-01-13,Equity Risk-Parity,0.0002506487855817529
2021-01-14,Equity Risk-Parity,0.0018393627247419223
2021-01-15,Equity Risk-Parity,-0.007383765650964641
2021-01-19,Equity Risk-Parity,0.007032163351866417
2021-01-20,Equity Risk-Parity,0.010026980806591094
2021-01-21,Equity Risk-Parity,-0.006309966410809848
2021-01-22,Equity Risk-Parity,-0.002416307521171434
2021-01-25,Equity Risk-Parity,0.0031329621711656346
2021-01-26,Equity Risk-Parity,-0.0036894050685332743
2021-01-27,Equity Risk-Parity,-0.025340533009251185
2021-01-28,Equity Risk-Parity,0.00946022641732768
2021-01-29,Equity Risk-Parity,-0.01252286886765672
2021-02-01,Equity Risk-Parity,0.007717030208984407
2021-02-02,Equity Risk-Parity,0.015503737780652293
2021-02-03,Equity Risk-Parity,-0.001712508890723237
2021-02-04,Equity Risk-Parity,0.007252509434137616
2021-02-05,Equity Risk-Parity,0.007871999464295024
2021-02-08,Equity Risk-Parity,0.009968099241333225
2021-02-09,Equity Risk-Parity,-0.0027919973737820947
2021-02-10,Equity Risk-Parity,7.660466508813992e-06
2021-02-11,Equity Risk-Parity,-0.0012917540614225211
2021-02-12,Equity Risk-Parity,0.003938489801091395
2021-02-16,Equity Risk-Parity,-0.002948037094126895
2021-02-17,Equity Risk-Parity,0.002602231241912141
2021-02-18,Equity Risk-Parity,-0.004428574245477244
2021-02-19,Equity Risk-Parity,-0.0019349115319412605
2021-02-22,Equity Risk-Parity,0.00016956916097619456
2021-02-23,Equity Risk-Parity,-0.0008570533297019853
2021-02-24,Equity Risk-Parity,0.009602367275553542
2021-02-25,Equity Risk-Parity,-0.016106686136221095
2021-02-26,Equity Risk-Parity,-0.013233935086313571
2021-03-01,Equity Risk-Parity,0.018041189302419946
2021-03-02,Equity Risk-Parity,-0.0015930480190564458
2021-03-03,Equity Risk-Parity,-0.00971007872494514
2021-03-04,Equity Risk-Parity,-0.008170542778456193
2021-03-05,Equity Risk-Parity,0.017050531465883048
2021-03-08,Equity Risk-Parity,0.0002427858267918409
2021-03-09,Equity Risk-Parity,0.008575475149686367
2021-03-10,Equity Risk-Parity,0.008231176282944506
2021-03-11,Equity Risk-Parity,0.004835313293179287
2021-03-12,Equity Risk-Parity,0.006208166080990142
2021-03-15,Equity Risk-Parity,0.007799596712800612
2021-03-16,Equity Risk-Parity,0.002380628477505726
2021-03-17,Equity Risk-Parity,-3.8193296898736775e-05
2021-03-18,Equity Risk-Parity,-0.01165674026631161
2021-03-19,Equity Risk-Parity,-0.003937310597719349
2021-03-22,Equity Risk-Parity,0.007160747063184393
2021-03-23,Equity Risk-Parity,-0.005716109791150626
2021-03-24,Equity Risk-Parity,-0.004625128416376738
2021-03-25,Equity Risk-Parity,0.005897564107249371
2021-03-26,Equity Risk-Parity,0.01946218905796633
2021-03-29,Equity Risk-Parity,0.003434389071998203
2021-03-30,Equity Risk-Parity,-0.005087701343180976
2021-03-31,Equity Risk-Parity,-0.0002936754150450682
2021-04-01,Equity Risk-Parity,0.011162357019723675
2021-04-05,Equity Risk-Parity,0.00813793778445805
2021-04-06,Equity Risk-Parity,0.0005194040611322932
2021-04-07,Equity Risk-Parity,-0.0012197319613209401
2021-04-08,Equity Risk-Parity,-0.0010591242266212155
2021-04-09,Equity Risk-Parity,0.0027033105352770644
2021-04-12,Equity Risk-Parity,3.951357209705751e-05
2021-04-13,Equity Risk-Parity,0.0028783421149916146
2021-04-14,Equity Risk-Parity,0.00036181542915940206
2021-04-15,Equity Risk-Parity,0.011190784965374508
2021-04-16,Equity Risk-Parity,0.0032185524675287006
2021-04-19,Equity Risk-Parity,-0.003689427959627569
2021-04-20,Equity Risk-Parity,-0.0040442053202054155
2021-04-21,Equity Risk-Parity,0.008323865047646088
2021-04-22,Equity Risk-Parity,-0.007717678425736397
2021-04-23,Equity Risk-Parity,0.006824084836443844
2021-04-26,Equity Risk-Parity,-0.0008714311208880378
2021-04-27,Equity Risk-Parity,-0.00026682163442224346
2021-04-28,Equity Risk-Parity,-0.0014213386775542476
2021-04-29,Equity Risk-Parity,0.008008776108390186
2021-04-30,Equity Risk-Parity,-0.004591828214809925
2021-05-03,Equity Risk-Parity,0.006389157973559881
2021-05-04,Equity Risk-Parity,-0.0036541778702013977
2021-05-05,Equity Risk-Parity,0.003232864075518809
2021-05-06,Equity Risk-Parity,0.008002304120722748
2021-05-07,Equity Risk-Parity,0.0075912967496161565
2021-05-10,Equity Risk-Parity,-0.002092934410208383
2021-05-11,Equity Risk-Parity,-0.007404773547938221
2021-05-12,Equity Risk-Parity,-0.016426758978920354
2021-05-13,Equity Risk-Parity,0.010190739567703054
2021-05-14,Equity Risk-Parity,0.01074329666208956
2021-05-17,Equity Risk-Parity,0.0011770171771362727
2021-05-18,Equity Risk-Parity,-0.0060898605025669775
2021-05-19,Equity Risk-Parity,-0.0029036677439948366
2021-05-20,Equity Risk-Parity,0.009850539752636545
2021-05-21,Equity Risk-Parity,0.0007171691546260916
2021-05-24,Equity Risk-Parity,0.0045121782438252
2021-05-25,Equity Risk-Parity,-0.004821522589844617
2021-05-26,Equity Risk-Parity,0.0024486949327775774
2021-05-27,Equity Risk-Parity,-8.768399045112096e-05
2021-05-28,Equity Risk-Parity,0.0032032328332666712
2021-06-01,Equity Risk-Parity,0.0008701426665190412
2021-06-02,Equity Risk-Parity,0.003048300422850206
2021-06-03,Equity Risk-Parity,0.0019320222455836726
2021-06-04,Equity Risk-Parity,0.006799694673391585
2021-06-07,Equity Risk-Parity,-0.0014580520572173336
2021-06-08,Equity Risk-Parity,-0.003914797308629294
2021-06-09,Equity Risk-Parity,-0.0002210303086488152
2021-06-10,Equity Risk-Parity,0.005500460423538224
2021-06-11,Equity Risk-Parity,-0.0003537180001238028
2021-06-14,Equity Risk-Parity,-0.00016624513696353183
2021-06-15,Equity Risk-Parity,-0.003174618015091201
2021-06-16,Equity Risk-Parity,-0.009386340273740636
2021-06-17,Equity Risk-Parity,-0.0045794700412923545
2021-06-18,Equity Risk-Parity,-0.013973994853888129
2021-06-21,Equity Risk-Parity,0.014498545344347451
2021-06-22,Equity Risk-Parity,0.0005344246541897795
2021-06-23,Equity Risk-Parity,-0.005035797676513528
2021-06-24,Equity Risk-Parity,0.006354308402622252
2021-06-25,Equity Risk-Parity,0.008239508903092385
2021-06-28,Equity Risk-Parity,0.0011958511643441188
2021-06-29,Equity Risk-Parity,-0.001036024058534258
2021-06-30,Equity Risk-Parity,0.0036930713727847913
2021-07-01,Equity Risk-Parity,0.005521924953906801
2021-07-02,Equity Risk-Parity,0.004433623150875218
2021-07-06,Equity Risk-Parity,-0.005126967627806845
2021-07-07,Equity Risk-Parity,0.001584817091147723
2021-07-08,Equity Risk-Parity,-0.0064525282154779765
2021-07-09,Equity Risk-Parity,0.009924580943923324
2021-07-12,Equity Risk-Parity,0.003941244725959217
2021-07-13,Equity Risk-Parity,-0.0037801472243439963
2021-07-14,Equity Risk-Parity,0.001134401905788476
2021-07-15,Equity Risk-Parity,0.00031625538917685257
2021-07-16,Equity Risk-Parity,-0.005504635894722099
2021-07-19,Equity Risk-Parity,-0.014808128743042933
2021-07-20,Equity Risk-Parity,0.009068798409812267
2021-07-21,Equity Risk-Parity,0.005546508617183878
2021-07-22,Equity Risk-Parity,-0.0007925579937612284
2021-07-23,Equity Risk-Parity,0.007008449009099314
2021-07-26,Equity Risk-Parity,0.003390053030728002
2021-07-27,Equity Risk-Parity,-0.0005128906514142926
2021-07-28,Equity Risk-Parity,0.0009947561488346693
2021-07-29,Equity Risk-Parity,0.004388542618713239
2021-07-30,Equity Risk-Parity,-0.004301543227949022
2021-08-02,Equity Risk-Parity,-0.001648430082977551
2021-08-03,Equity Risk-Parity,0.004838431269254464
2021-08-04,Equity Risk-Parity,-0.007128351758736309
2021-08-05,Equity Risk-Parity,0.004440773786480854
2021-08-06,Equity Risk-Parity,0.001361396283735945
2021-08-09,Equity Risk-Parity,-0.0015805809735738759
2021-08-10,Equity Risk-Parity,0.004217651030523992
2021-08-11,Equity Risk-Parity,0.007269789859995213
2021-08-12,Equity Risk-Parity,0.0024494124368523267
2021-08-13,Equity Risk-Parity,0.002708280928472448
2021-08-16,Equity Risk-Parity,0.0018180723559102613
2021-08-17,Equity Risk-Parity,-0.0024158707579420026
2021-08-18,Equity Risk-Parity,-0.012095368855868392
2021-08-19,Equity Risk-Parity,-0.0014363148783226613
2021-08-20,Equity Risk-Parity,0.005433688189920603
2021-08-23,Equity Risk-Parity,0.0058037363392630945
2021-08-24,Equity Risk-Parity,-0.00073847525928195
2021-08-25,Equity Risk-Parity,-0.0009887148325865278
2021-08-26,Equity Risk-Parity,-0.00587499446080725
2021-08-27,Equity Risk-Parity,0.007960606291736519
2021-08-30,Equity Risk-Parity,0.0012423739963709486
2021-08-31,Equity Risk-Parity,0.0008155365945222038
2021-09-01,Equity Risk-Parity,0.00024497421031596534
2021-09-02,Equity Risk-Parity,0.005797466164619947
2021-09-03,Equity Risk-Parity,-0.0025989731466217274
2021-09-07,Equity Risk-Parity,-0.01123683427776087
2021-09-08,Equity Risk-Parity,0.0010044795998160067
2021-09-09,Equity Risk-Parity,-0.007971760669689607
2021-09-10,Equity Risk-Parity,-0.0044695780370595075
2021-09-13,Equity Risk-Parity,0.0026106885870863946
2021-09-14,Equity Risk-Parity,-0.007950022127535242
2021-09-15,Equity Risk-Parity,0.005632921627956162
2021-09-16,Equity Risk-Parity,-0.00469198466365089
2021-09-17,Equity Risk-Parity,-0.010972563917338826
2021-09-20,Equity Risk-Parity,-0.01394640100344314
2021-09-21,Equity Risk-Parity,-0.0023956730474658833
2021-09-22,Equity Risk-Parity,0.005381426435475164
2021-09-23,Equity Risk-Parity,0.0077160772654522505
2021-09-24,Equity Risk-Parity,-0.003229554527081411
2021-09-27,Equity Risk-Parity,-0.001228150372079036
2021-09-28,Equity Risk-Parity,-0.010266571889682743
2021-09-29,Equity Risk-Parity,0.005691117220208877
2021-09-30,Equity Risk-Parity,-0.009415238058594873
2021-10-01,Equity Risk-Parity,0.010318517178114838
2021-10-04,Equity Risk-Parity,-0.0019597878112425893
2021-10-05,Equity Risk-Parity,0.004075789406907029
2021-10-06,Equity Risk-Parity,0.0028750067560904045
2021-10-07,Equity Risk-Parity,0.0071318605583130966
2021-10-08,Equity Risk-Parity,-0.002655853293896824
2021-10-11,Equity Risk-Parity,-0.00869049786130921
2021-10-12,Equity Risk-Parity,0.000379869461444714
2021-10-13,Equity Risk-Parity,0.003812587762332908
2021-10-14,Equity Risk-Parity,0.012459257360048919
2021-10-15,Equity Risk-Parity,0.002591650566023137
2021-10-18,Equity Risk-Parity,-0.001168185289173026
2021-10-19,Equity Risk-Parity,0.01083947655469102
2021-10-20,Equity Risk-Parity,0.009912301867637066
2021-10-21,Equity Risk-Parity,0.0032143695930315964
2021-10-22,Equity Risk-Parity,0.0016339210820399855
2021-10-25,Equity Risk-Parity,0.004526656952998241
2021-10-26,Equity Risk-Parity,0.00478213981599981
2021-10-27,Equity Risk-Parity,-0.013152231002637581
2021-10-28,Equity Risk-Parity,0.008602729936134977
2021-10-29,Equity Risk-Parity,-0.002902897134949028
2021-11-01,Equity Risk-Parity,0.005566385656090614
2021-11-02,Equity Risk-Parity,0.0048336160922376695
2021-11-03,Equity Risk-Parity,0.004666331694251329
2021-11-04,Equity Risk-Parity,0.0038587102534123037
2021-11-05,Equity Risk-Parity,0.00011466332117922926
2021-11-08,Equity Risk-Parity,0.0017392933261294657
2021-11-09,Equity Risk-Parity,0.0003890750055822723
2021-11-10,Equity Risk-Parity,-0.0035178225880711333
2021-11-11,Equity Risk-Parity,0.0006255698072485527
2021-11-12,Equity Risk-Parity,0.0023020179829783905
2021-11-15,Equity Risk-Parity,-0.001645940265626791
2021-11-16,Equity Risk-Parity,-0.0010062703683988595
2021-11-17,Equity Risk-Parity,-0.004552918747733407
2021-11-18,Equity Risk-Parity,-0.0018543136498088719
2021-11-19,Equity Risk-Parity,-0.005943059220221028
2021-11-22,Equity Risk-Parity,-2.5786702197576642e-05
2021-11-23,Equity Risk-Parity,0.006252288842891261
2021-11-24,Equity Risk-Parity,0.0014274282039032791
2021-11-26,Equity Risk-Parity,-0.018202874019881157
2021-11-29,Equity Risk-Parity,0.006755694502731178
2021-11-30,Equity Risk-Parity,-0.022226306698263573
2021-12-01,Equity Risk-Parity,-0.011912390976386649
2021-12-02,Equity Risk-Parity,0.0195322976314636
2021-12-03,Equity Risk-Parity,0.00168878997278791
2021-12-06,Equity Risk-Parity,0.013044354656534458
2021-12-07,Equity Risk-Parity,0.0118743106085013
2021-12-08,Equity Risk-Parity,9.907047203699433e-05
2021-12-09,Equity Risk-Parity,-0.005840037557505591
2021-12-10,Equity Risk-Parity,0.005971879034431904
2021-12-13,Equity Risk-Parity,-0.0011082532368215348
2021-12-14,Equity Risk-Parity,-0.002456839006434186
2021-12-15,Equity Risk-Parity,0.010299993601313149
2021-12-16,Equity Risk-Parity,0.006096915425880234
2021-12-17,Equity Risk-Parity,-0.011430746222578423
2021-12-20,Equity Risk-Parity,-0.004973435703473985
2021-12-21,Equity Risk-Parity,0.010266491207634267
2021-12-22,Equity Risk-Parity,0.005910999422578471
2021-12-23,Equity Risk-Parity,0.004033110346743383
2021-12-27,Equity Risk-Parity,0.011975054990511953
2021-12-28,Equity Risk-Parity,0.0026642495493350926
2021-12-29,Equity Risk-Parity,0.0013560161018030996
2021-12-30,Equity Risk-Parity,-0.0005778329621855577
2021-12-31,Equity Risk-Parity,-0.0010930804429655383
2022-01-03,Equity Risk-Parity,0.003756556742032572
2022-01-04,Equity Risk-Parity,0.00436708813110924
2022-01-05,Equity Risk-Parity,-0.008805958510882514
2022-01-06,Equity Risk-Parity,-0.0012179798322182204
2022-01-07,Equity Risk-Parity,0.0018294872767948334
2022-01-10,Equity Risk-Parity,-0.0059313217171074965
2022-01-11,Equity Risk-Parity,0.006742722885783522
2022-01-12,Equity Risk-Parity,0.002819510737282628
2022-01-13,Equity Risk-Parity,-0.004385756419400078
2022-01-14,Equity Risk-Parity,-0.0004801260175723598
2022-01-18,Equity Risk-Parity,-0.009513259618963751
2022-01-19,Equity Risk-Parity,-0.004004084145169153
2022-01-20,Equity Risk-Parity,-0.010678985992208501
2022-01-21,Equity Risk-Parity,-0.009401743573335624
2022-01-24,Equity Risk-Parity,0.0007606695588466473
2022-01-25,Equity Risk-Parity,-0.004939809597347466
2022-01-26,Equity Risk-Parity,-0.010895272938674087
2022-01-27,Equity Risk-Parity,-0.0027164130330849866
2022-01-28,Equity Risk-Parity,0.017691809172695125
2022-01-31,Equity Risk-Parity,0.012883497953297596
2022-02-01,Equity Risk-Parity,0.006210101026251929
2022-02-02,Equity Risk-Parity,0.010281159037816815
2022-02-03,Equity Risk-Parity,-0.00844292005287158
2022-02-04,Equity Risk-Parity,-0.0028279520099036047
2022-02-07,Equity Risk-Parity,0.001123472679257628
2022-02-08,Equity Risk-Parity,0.0033113349154896784
2022-02-09,Equity Risk-Parity,0.010318477612752945
2022-02-10,Equity Risk-Parity,-0.018017101082922354
2022-02-11,Equity Risk-Parity,-0.008456689847780478
2022-02-14,Equity Risk-Parity,-0.0060972605389768755
2022-02-15,Equity Risk-Parity,0.007630433338442757
2022-02-16,Equity Risk-Parity,-0.0008492531150970078
2022-02-17,Equity Risk-Parity,-0.012331329270795473
2022-02-18,Equity Risk-Parity,-0.007206690791506174
2022-02-22,Equity Risk-Parity,-0.0053054180667660815
2022-02-23,Equity Risk-Parity,-0.010092695475655777
2022-02-24,Equity Risk-Parity,0.0051025513254735035
2022-02-25,Equity Risk-Parity,0.025604597799882677
2022-02-28,Equity Risk-Parity,-0.004262091428775563
2022-03-01,Equity Risk-Parity,-0.009952619385857443
2022-03-02,Equity Risk-Parity,0.01714940462346158
2022-03-03,Equity Risk-Parity,0.0025453275650296897
2022-03-04,Equity Risk-Parity,0.003880395178928897
2022-03-07,Equity Risk-Parity,-0.01359799354753799
2022-03-08,Equity Risk-Parity,-0.007819068592474126
2022-03-09,Equity Risk-Parity,0.011759509724339248
2022-03-10,Equity Risk-Parity,-0.0003785707929282844
2022-03-11,Equity Risk-Parity,-0.007681447507257136
2022-03-14,Equity Risk-Parity,-0.00770122867584352
2022-03-15,Equity Risk-Parity,0.009486387603091565
2022-03-16,Equity Risk-Parity,0.012788699113390133
2022-03-17,Equity Risk-Parity,0.013434539126843425
2022-03-18,Equity Risk-Parity,0.0036499073059542016
2022-03-21,Equity Risk-Parity,0.0025269659962040775
2022-03-22,Equity Risk-Parity,0.005239028883972025
2022-03-23,Equity Risk-Parity,-0.009049434342820144
2022-03-24,Equity Risk-Parity,0.009121556903303569
2022-03-25,Equity Risk-Parity,0.009289613158932284
2022-03-28,Equity Risk-Parity,0.002943863170135606
2022-03-29,Equity Risk-Parity,0.012432579493732639
2022-03-30,Equity Risk-Parity,-0.0022283846805192485
2022-03-31,Equity Risk-Parity,-0.012465435135630577
2022-04-01,Equity Risk-Parity,0.008433017262223277
2022-04-04,Equity Risk-Parity,0.001301904177656795
2022-04-05,Equity Risk-Parity,-0.007032411264072382
2022-04-06,Equity Risk-Parity,0.0038763791717553115
2022-04-07,Equity Risk-Parity,0.002078522342368696
2022-04-08,Equity Risk-Parity,0.0038929632992965243
2022-04-11,Equity Risk-Parity,-0.011596597413776971
2022-04-12,Equity Risk-Parity,-0.0006303554530636998
2022-04-13,Equity Risk-Parity,0.0072633959663438875
2022-04-14,Equity Risk-Parity,-0.0009428275063748005
2022-04-18,Equity Risk-Parity,-0.001495557103089518
2022-04-19,Equity Risk-Parity,0.01077201212348595
2022-04-20,Equity Risk-Parity,0.0028408320486318244
2022-04-21,Equity Risk-Parity,-0.011401316370542636
2022-04-22,Equity Risk-Parity,-0.02090260071202997
2022-04-25,Equity Risk-Parity,-0.002628730530545983
2022-04-26,Equity Risk-Parity,-0.017907890547322523
2022-04-27,Equity Risk-Parity,0.00023175231117704529
2022-04-28,Equity Risk-Parity,0.0159725627376861
2022-04-29,Equity Risk-Parity,-0.03387540935344465
2022-05-02,Equity Risk-Parity,0.001271109860865432
2022-05-03,Equity Risk-Parity,0.005326247171922443
2022-05-04,Equity Risk-Parity,0.027867127275006044
2022-05-05,Equity Risk-Parity,-0.021381332951031302
2022-05-06,Equity Risk-Parity,-0.003719173850004712
2022-05-09,Equity Risk-Parity,-0.029205353001108877
2022-05-10,Equity Risk-Parity,-0.006183836231922233
2022-05-11,Equity Risk-Parity,-0.00033570689905280287
2022-05-12,Equity Risk-Parity,0.0033203759977588738
2022-05-13,Equity Risk-Parity,0.01807111256427032
2022-05-16,Equity Risk-Parity,0.0027205980980882223
2022-05-17,Equity Risk-Parity,0.014053820628790611
2022-05-18,Equity Risk-Parity,-0.025062593137449643
2022-05-19,Equity Risk-Parity,-0.0019945388014034615
2022-05-20,Equity Risk-Parity,0.00278935996228611
2022-05-23,Equity Risk-Parity,0.01729036378256229
2022-05-24,Equity Risk-Parity,0.004812760848876412
2022-05-25,Equity Risk-Parity,0.006943277163911534
2022-05-26,Equity Risk-Parity,0.010681474994039644
2022-05-27,Equity Risk-Parity,0.01703405549761746
2022-05-31,Equity Risk-Parity,-0.008133162638757907
2022-06-01,Equity Risk-Parity,-0.005405251304999764
2022-06-02,Equity Risk-Parity,0.01131540682237999
2022-06-03,Equity Risk-Parity,-0.00740418625740219
2022-06-06,Equity Risk-Parity,-0.000899875439975266
2022-06-07,Equity Risk-Parity,0.009196698289685386
2022-06-08,Equity Risk-Parity,-0.012440992326587292
2022-06-09,Equity Risk-Parity,-0.02231992629870531
2022-06-10,Equity Risk-Parity,-0.020563449995686104
2022-06-13,Equity Risk-Parity,-0.03741308446443736
2022-06-14,Equity Risk-Parity,-0.00937067008575877
2022-06-15,Equity Risk-Parity,0.008892057393607634
2022-06-16,Equity Risk-Parity,-0.022678345407514088
2022-06-17,Equity Risk-Parity,-0.003853982771698401
2022-06-21,Equity Risk-Parity,0.021779590527451778
2022-06-22,Equity Risk-Parity,-0.0001173852049440754
2022-06-23,Equity Risk-Parity,0.006371225534743189
2022-06-24,Equity Risk-Parity,0.02415201921831594
2022-06-27,Equity Risk-Parity,-0.0023985799514468498
2022-06-28,Equity Risk-Parity,-0.009588592632857227
2022-06-29,Equity Risk-Parity,-0.0026142423125764475
2022-06-30,Equity Risk-Parity,-0.006346189693859488
2022-07-01,Equity Risk-Parity,0.013103725449336905
2022-07-05,Equity Risk-Parity,-0.007163503948121563
2022-07-06,Equity Risk-Parity,0.0004814175779643285
2022-07-07,Equity Risk-Parity,0.009549884956131405
2022-07-08,Equity Risk-Parity,-0.002989530641568429
2022-07-11,Equity Risk-Parity,-0.004553514232902515
2022-07-12,Equity Risk-Parity,-0.004482988288918209
2022-07-13,Equity Risk-Parity,-0.0036910850860408435
2022-07-14,Equity Risk-Parity,-0.0043130568144181935
2022-07-15,Equity Risk-Parity,0.016108355551232967
2022-07-18,Equity Risk-Parity,-0.00635966217522777
2022-07-19,Equity Risk-Parity,0.022138733223548788
2022-07-20,Equity Risk-Parity,-0.0017497789328670237
2022-07-21,Equity Risk-Parity,0.003960728897614183
2022-07-22,Equity Risk-Parity,-0.002308991589187485
2022-07-25,Equity Risk-Parity,0.0015793713276148194
2022-07-26,Equity Risk-Parity,-0.002812825925559232
2022-07-27,Equity Risk-Parity,0.008218174255180163
2022-07-28,Equity Risk-Parity,0.010469317288958535
2022-07-29,Equity Risk-Parity,0.007007747628171478
2022-08-01,Equity Risk-Parity,-0.002605809564555028
2022-08-02,Equity Risk-Parity,-0.00902146921571675
2022-08-03,Equity Risk-Parity,0.006956951750043058
2022-08-04,Equity Risk-Parity,-0.002229731624186031
2022-08-05,Equity Risk-Parity,0.00028063518209728473
2022-08-08,Equity Risk-Parity,0.0011097573720286462
2022-08-09,Equity Risk-Parity,0.0012229654345048977
2022-08-10,Equity Risk-Parity,0.0140070191299432
2022-08-11,Equity Risk-Parity,0.0035824648015120616
2022-08-12,Equity Risk-Parity,0.01462444301227671
2022-08-15,Equity Risk-Parity,0.005249461236554801
2022-08-16,Equity Risk-Parity,0.0044928805173669725
2022-08-17,Equity Risk-Parity,-0.007167834471545823
2022-08-18,Equity Risk-Parity,0.0020354633973999575
2022-08-19,Equity Risk-Parity,-0.006867077214055013
2022-08-22,Equity Risk-Parity,-0.017206704314379744
2022-08-23,Equity Risk-Parity,-0.0003452900383901414
2022-08-24,Equity Risk-Parity,0.0015665637979954223
2022-08-25,Equity Risk-Parity,0.0114547354225285
2022-08-26,Equity Risk-Parity,-0.025049672320687975
2022-08-29,Equity Risk-Parity,-0.0035777059233272584
2022-08-30,Equity Risk-Parity,-0.012148547985497658
2022-08-31,Equity Risk-Parity,-0.006465319019589383
2022-09-01,Equity Risk-Parity,0.0037960976993545994
2022-09-02,Equity Risk-Parity,-0.009706397267740415
2022-09-06,Equity Risk-Parity,-0.003276001833117602
2022-09-07,Equity Risk-Parity,0.01657408091216045
2022-09-08,Equity Risk-Parity,0.004146539767845659
2022-09-09,Equity Risk-Parity,0.012756736067478111
2022-09-12,Equity Risk-Parity,0.008647902753955754
2022-09-13,Equity Risk-Parity,-0.0363984969691825
2022-09-14,Equity Risk-Parity,0.0036697144900397463
2022-09-15,Equity Risk-Parity,-0.014970599307611545
2022-09-16,Equity Risk-Parity,-0.004530325826353199
2022-09-19,Equity Risk-Parity,0.005455647990281967
2022-09-20,Equity Risk-Parity,-0.01509568044412088
2022-09-21,Equity Risk-Parity,-0.016177354758537304
2022-09-22,Equity Risk-Parity,-0.005498718633068179
2022-09-23,Equity Risk-Parity,-0.020047399411326036
2022-09-26,Equity Risk-Parity,-0.01515162988424058
2022-09-27,Equity Risk-Parity,-0.005333066684062951
2022-09-28,Equity Risk-Parity,0.020671282190332534
2022-09-29,Equity Risk-Parity,-0.01963969445225865
2022-09-30,Equity Risk-Parity,-0.015270585712532333
2022-10-03,Equity Risk-Parity,0.03043678851493495
2022-10-04,Equity Risk-Parity,0.02668074827525341
2022-10-05,Equity Risk-Parity,-0.00507026209112433
2022-10-06,Equity Risk-Parity,-0.012831239072675367
2022-10-07,Equity Risk-Parity,-0.02106825432915774
2022-10-10,Equity Risk-Parity,-0.003340554210104426
2022-10-11,Equity Risk-Parity,-0.0004155547676197814
2022-10-12,Equity Risk-Parity,-0.007308375534230512
2022-10-13,Equity Risk-Parity,0.02785441521697684
2022-10-14,Equity Risk-Parity,-0.01611368448594142
2022-10-17,Equity Risk-Parity,0.018469479563160612
2022-10-18,Equity Risk-Parity,0.01220553488413957
2022-10-19,Equity Risk-Parity,-0.009135634112767299
2022-10-20,Equity Risk-Parity,-0.00455216538800147
2022-10-21,Equity Risk-Parity,0.02247304160025621
2022-10-24,Equity Risk-Parity,0.009763486389348637
2022-10-25,Equity Risk-Parity,0.014920358452901262
2022-10-26,Equity Risk-Parity,0.007104967903603977
2022-10-27,Equity Risk-Parity,-1.1134745017674295e-05
2022-10-28,Equity Risk-Parity,0.023331349574127164
2022-10-31,Equity Risk-Parity,-0.007129509326228586
2022-11-01,Equity Risk-Parity,0.0015255724102657103
2022-11-02,Equity Risk-Parity,-0.01659236872388395
2022-11-03,Equity Risk-Parity,-0.003252278479069796
2022-11-04,Equity Risk-Parity,0.0165385116786626
2022-11-07,Equity Risk-Parity,0.006529800940087325
2022-11-08,Equity Risk-Parity,0.007719507426662438
2022-11-09,Equity Risk-Parity,-0.018578731234777286
2022-11-10,Equity Risk-Parity,0.04350725404246074
2022-11-11,Equity Risk-Parity,0.007331285924754656
2022-11-14,Equity Risk-Parity,-0.008463010194260833
2022-11-15,Equity Risk-Parity,0.00887904130569188
2022-11-16,Equity Risk-Parity,-0.00719542639199314
2022-11-17,Equity Risk-Parity,-0.002074086685015197
2022-11-18,Equity Risk-Parity,0.00659978467046997
2022-11-21,Equity Risk-Parity,0.0021421610224436104
2022-11-22,Equity Risk-Parity,0.013235099702977756
2022-11-23,Equity Risk-Parity,0.002902750204539874
2022-11-25,Equity Risk-Parity,0.0015127781719123964
2022-11-28,Equity Risk-Parity,-0.016631110885678514
2022-11-29,Equity Risk-Parity,0.003892412780588436
2022-11-30,Equity Risk-Parity,0.021865434040584802
2022-12-01,Equity Risk-Parity,2.853835959841542e-05
2022-12-02,Equity Risk-Parity,0.0016973207197370564
2022-12-05,Equity Risk-Parity,-0.01553441975047165
2022-12-06,Equity Risk-Parity,-0.01007478797249983
2022-12-07,Equity Risk-Parity,-3.876333820148939e-05
2022-12-08,Equity Risk-Parity,0.005836725924321837
2022-12-09,Equity Risk-Parity,-0.010582732493527033
2022-12-12,Equity Risk-Parity,0.015215105233596878
2022-12-13,Equity Risk-Parity,0.007380969618017222
2022-12-14,Equity Risk-Parity,-0.006990750141537522
2022-12-15,Equity Risk-Parity,-0.019525969801027367
2022-12-16,Equity Risk-Parity,-0.008947813350036969
2022-12-19,Equity Risk-Parity,-0.005486827335495752
2022-12-20,Equity Risk-Parity,0.00283719546869497
2022-12-21,Equity Risk-Parity,0.015745774566106097
2022-12-22,Equity Risk-Parity,-0.008769606202036281
2022-12-23,Equity Risk-Parity,0.007392214151973476
2022-12-27,Equity Risk-Parity,0.001779800314653334
2022-12-28,Equity Risk-Parity,-0.012263627457347354
2022-12-29,Equity Risk-Parity,0.011645984431887984
2022-12-30,Equity Risk-Parity,-0.0021087411718516223
2023-01-03,Equity Risk-Parity,0.003098824020113983
2023-01-04,Equity Risk-Parity,0.016239648814786074
2023-01-05,Equity Risk-Parity,-0.00555900914625097
2023-01-06,Equity Risk-Parity,0.021763047757969996
2023-01-09,Equity Risk-Parity,-0.0034341859567951754
2023-01-10,Equity Risk-Parity,0.006467122975361071
2023-01-11,Equity Risk-Parity,0.008199308016405732
2023-01-12,Equity Risk-Parity,0.004342479001510638
2023-01-13,Equity Risk-Parity,0.0030731934294090366
2023-01-17,Equity Risk-Parity,-0.0053033530601796774
2023-01-18,Equity Risk-Parity,-0.016933677052382284
2023-01-19,Equity Risk-Parity,-0.00589578729226681
2023-01-20,Equity Risk-Parity,0.012909542186903843
2023-01-23,Equity Risk-Parity,0.007794142794367377
2023-01-24,Equity Risk-Parity,-0.002624553551167842
2023-01-25,Equity Risk-Parity,0.0018745286753249356
2023-01-26,Equity Risk-Parity,0.005802533379816606
2023-01-27,Equity Risk-Parity,-0.001934491762841622
2023-01-30,Equity Risk-Parity,-0.008014237834177592
2023-01-31,Equity Risk-Parity,0.011160048820053428
2023-02-01,Equity Risk-Parity,0.001839569918140662
2023-02-02,Equity Risk-Parity,-0.002887126319889086
2023-02-03,Equity Risk-Parity,-0.011868813721189279
2023-02-06,Equity Risk-Parity,-0.0031738825618558173
2023-02-07,Equity Risk-Parity,0.008907007909750521
2023-02-08,Equity Risk-Parity,-0.009293712266545621
2023-02-09,Equity Risk-Parity,-0.00852158366215122
2023-02-10,Equity Risk-Parity,0.009894210140476195
2023-02-13,Equity Risk-Parity,0.008140317500911282
2023-02-14,Equity Risk-Parity,-0.0031790551310205742
2023-02-15,Equity Risk-Parity,0.00014232330050745933
2023-02-16,Equity Risk-Parity,-0.012544406423170163
2023-02-17,Equity Risk-Parity,0.0008972405943153736
2023-02-21,Equity Risk-Parity,-0.014936922179973425
2023-02-22,Equity Risk-Parity,-0.005722812974318547
2023-02-23,Equity Risk-Parity,0.0029973003563368863
2023-02-24,Equity Risk-Parity,-0.008271650181442363
2023-02-27,Equity Risk-Parity,0.001018347307538688
2023-02-28,Equity Risk-Parity,-0.005552647656434352
2023-03-01,Equity Risk-Parity,-0.0014943675472346512
2023-03-02,Equity Risk-Parity,0.01033391274728608
2023-03-03,Equity Risk-Parity,0.011879502000100236
2023-03-06,Equity Risk-Parity,6.281283276382974e-05
2023-03-07,Equity Risk-Parity,-0.016705469435106864
2023-03-08,Equity Risk-Parity,0.0008384118164678325
2023-03-09,Equity Risk-Parity,-0.016007766606167262
2023-03-10,Equity Risk-Parity,-0.01113364927373738
2023-03-13,Equity Risk-Parity,-0.0010656155478558813
2023-03-14,Equity Risk-Parity,0.012436394747501906
2023-03-15,Equity Risk-Parity,-0.006572298750757581
2023-03-16,Equity Risk-Parity,0.010327518618314088
2023-03-17,Equity Risk-Parity,-0.012569415123734428
2023-03-20,Equity Risk-Parity,0.012036239159886174
2023-03-21,Equity Risk-Parity,0.005666325801392435
2023-03-22,Equity Risk-Parity,-0.019243643292136355
2023-03-23,Equity Risk-Parity,0.001099261959777171
2023-03-24,Equity Risk-Parity,0.010143738741589024
2023-03-27,Equity Risk-Parity,0.004670556164885781
2023-03-28,Equity Risk-Parity,0.0016845745383239044
2023-03-29,Equity Risk-Parity,0.013627720783761307
2023-03-30,Equity Risk-Parity,0.004319629448642375
2023-03-31,Equity Risk-Parity,0.011598802580239136
2023-04-03,Equity Risk-Parity,0.007306679125343747
2023-04-04,Equity Risk-Parity,-0.0029858760518420057
2023-04-05,Equity Risk-Parity,0.00705409263675007
2023-04-06,Equity Risk-Parity,0.0003282816225412477
2023-04-10,Equity Risk-Parity,0.001985028143492515
2023-04-11,Equity Risk-Parity,0.0023265357124556693
2023-04-12,Equity Risk-Parity,-0.0013448820390193099
2023-04-13,Equity Risk-Parity,0.007296795367701817
2023-04-14,Equity Risk-Parity,-0.006003555203758483
2023-04-17,Equity Risk-Parity,0.0045231052605199055
2023-04-18,Equity Risk-Parity,-0.0006504145789808914
2023-04-19,Equity Risk-Parity,0.002254405306090626
2023-04-20,Equity Risk-Parity,-0.006991358412164734
2023-04-21,Equity Risk-Parity,0.000698011257922381
2023-04-24,Equity Risk-Parity,0.001809032251050642
2023-04-25,Equity Risk-Parity,-0.011660090202632239
2023-04-26,Equity Risk-Parity,-0.014371759604623236
2023-04-27,Equity Risk-Parity,0.012527220080457637
2023-04-28,Equity Risk-Parity,0.007440055370875137
2023-05-01,Equity Risk-Parity,-0.0027976918352641644
2023-05-02,Equity Risk-Parity,-0.015455055450600991
2023-05-03,Equity Risk-Parity,-0.010767683747817537
2023-05-04,Equity Risk-Parity,-0.003999421712497427
2023-05-05,Equity Risk-Parity,0.015595100002437782
2023-05-08,Equity Risk-Parity,-0.0013582775542104824
2023-05-09,Equity Risk-Parity,-0.004051254701375077
2023-05-10,Equity Risk-Parity,-0.0015021427892407788
2023-05-11,Equity Risk-Parity,-0.007798924341905854
2023-05-12,Equity Risk-Parity,-0.00016545908097707863
2023-05-15,Equity Risk-Parity,0.0024402677296422614
2023-05-16,Equity Risk-Parity,-0.016621318959912833
2023-05-17,Equity Risk-Parity,0.009317837515489253
2023-05-18,Equity Risk-Parity,0.003486009099874902
2023-05-19,Equity Risk-Parity,-0.0015496845619770994
2023-05-22,Equity Risk-Parity,-0.00016436433216453634
2023-05-23,Equity Risk-Parity,-0.006672668865436184
2023-05-24,Equity Risk-Parity,-0.008867836034610626
2023-05-25,Equity Risk-Parity,-0.0057449714250818315
2023-05-26,Equity Risk-Parity,0.005650471774361735
2023-05-30,Equity Risk-Parity,-0.002761784475446018
2023-05-31,Equity Risk-Parity,-0.0016595348165176513
2023-06-01,Equity Risk-Parity,0.0029997618057923782
2023-06-02,Equity Risk-Parity,0.01757168729540358
2023-06-05,Equity Risk-Parity,-0.004009280073434483
2023-06-06,Equity Risk-Parity,0.001636719845361919
2023-06-07,Equity Risk-Parity,0.008113306638230157
2023-06-08,Equity Risk-Parity,0.004441015766568594
2023-06-09,Equity Risk-Parity,-0.0028731665314345196
2023-06-12,Equity Risk-Parity,0.003127240879497101
2023-06-13,Equity Risk-Parity,0.006428745415628368
2023-06-14,Equity Risk-Parity,-0.0007079677012384845
2023-06-15,Equity Risk-Parity,0.010634045830337502
2023-06-16,Equity Risk-Parity,0.001268102242702181
2023-06-20,Equity Risk-Parity,-0.011599625817344016
2023-06-21,Equity Risk-Parity,-0.0017430005959925949
2023-06-22,Equity Risk-Parity,-0.003503720758649586
2023-06-23,Equity Risk-Parity,-0.007258170225051906
2023-06-26,Equity Risk-Parity,0.006257167444717967
2023-06-27,Equity Risk-Parity,0.005047179124337119
2023-06-28,Equity Risk-Parity,-0.0021645098005642783
2023-06-29,Equity Risk-Parity,0.0056725477187610455
2023-06-30,Equity Risk-Parity,0.00836890581975266
2023-07-03,Equity Risk-Parity,0.0052434712708276775
2023-07-05,Equity Risk-Parity,-0.0025063892256011783
2023-07-06,Equity Risk-Parity,-0.011751960657695685
2023-07-07,Equity Risk-Parity,-0.0020316144992076693
2023-07-10,Equity Risk-Parity,0.004349755908307694
2023-07-11,Equity Risk-Parity,0.013020149337669864
2023-07-12,Equity Risk-Parity,0.006643040025877137
2023-07-13,Equity Risk-Parity,0.0042874481917752755
2023-07-14,Equity Risk-Parity,-0.005057738813770628
2023-07-17,Equity Risk-Parity,-0.005095092490355559
2023-07-18,Equity Risk-Parity,0.004858074884636866
2023-07-19,Equity Risk-Parity,0.006534198526047668
2023-07-20,Equity Risk-Parity,0.005241185909445681
2023-07-21,Equity Risk-Parity,0.005685383725467008
2023-07-24,Equity Risk-Parity,0.004262393808002341
2023-07-25,Equity Risk-Parity,0.0019253823282434745
2023-07-26,Equity Risk-Parity,0.0020188195473980586
2023-07-27,Equity Risk-Parity,-0.005118683538551837
2023-07-28,Equity Risk-Parity,0.0032868750063733423
2023-07-31,Equity Risk-Parity,0.0025905616341451174
2023-08-01,Equity Risk-Parity,-0.004810473503054705
2023-08-02,Equity Risk-Parity,-0.011409882225303883
2023-08-03,Equity Risk-Parity,-0.005456240839615963
2023-08-04,Equity Risk-Parity,-0.002387772777978834
2023-08-07,Equity Risk-Parity,0.008859804278913643
2023-08-08,Equity Risk-Parity,-0.00243396083023977
2023-08-09,Equity Risk-Parity,-0.0004808677491331459
2023-08-10,Equity Risk-Parity,0.0007607095958256071
2023-08-11,Equity Risk-Parity,0.003175089427990756
2023-08-14,Equity Risk-Parity,0.0004975080126853519
2023-08-15,Equity Risk-Parity,-0.011907996177787632
2023-08-16,Equity Risk-Parity,-0.006829825863207849
2023-08-17,Equity Risk-Parity,-0.004559166906262904
2023-08-18,Equity Risk-Parity,0.001685633553548062
2023-08-21,Equity Risk-Parity,-0.0015447212549897578
2023-08-22,Equity Risk-Parity,-0.0046275073467358825
2023-08-23,Equity Risk-Parity,0.0073357192878911685
2023-08-24,Equity Risk-Parity,-0.011058680111632947
2023-08-25,Equity Risk-Parity,0.004710151848880717
2023-08-28,Equity Risk-Parity,0.006985016338038868
2023-08-29,Equity Risk-Parity,0.010812062133423877
2023-08-30,Equity Risk-Parity,0.001358551718506799
2023-08-31,Equity Risk-Parity,-0.004119002395667211
2023-09-01,Equity Risk-Parity,0.0032615485304699843
2023-09-05,Equity Risk-Parity,-0.009606145094544945
2023-09-06,Equity Risk-Parity,-0.004103252244848576
2023-09-07,Equity Risk-Parity,0.0022164330678974
2023-09-08,Equity Risk-Parity,0.003792861986052203
2023-09-11,Equity Risk-Parity,0.0032399408776046757
2023-09-12,Equity Risk-Parity,0.0019967306148662343
2023-09-13,Equity Risk-Parity,-0.00037875119672119574
2023-09-14,Equity Risk-Parity,0.012389621782300632
2023-09-15,Equity Risk-Parity,-0.00926750116585985
2023-09-18,Equity Risk-Parity,3.754823236386052e-05
2023-09-19,Equity Risk-Parity,-0.003259049805063687
2023-09-20,Equity Risk-Parity,-0.003296281426082291
2023-09-21,Equity Risk-Parity,-0.017061898313934464
2023-09-22,Equity Risk-Parity,-0.0032678297825671824
2023-09-25,Equity Risk-Parity,0.0013868989881373212
2023-09-26,Equity Risk-Parity,-0.011189641845101328
2023-09-27,Equity Risk-Parity,-0.0029290488553591876
2023-09-28,Equity Risk-Parity,0.002772149419029982
2023-09-29,Equity Risk-Parity,-0.002396798715392871
2023-10-02,Equity Risk-Parity,-0.014387329066982571
2023-10-03,Equity Risk-Parity,-0.008049949404419852
2023-10-04,Equity Risk-Parity,0.0019411755023032336
2023-10-05,Equity Risk-Parity,-0.0024001146347936613
2023-10-06,Equity Risk-Parity,0.009475555501864557
2023-10-09,Equity Risk-Parity,0.008841034033557897
2023-10-10,Equity Risk-Parity,0.008068465043982292
2023-10-11,Equity Risk-Parity,0.003533305750729173
2023-10-12,Equity Risk-Parity,-0.007970508627982502
2023-10-13,Equity Risk-Parity,0.0023838353679324392
2023-10-16,Equity Risk-Parity,0.009302619957070052
2023-10-17,Equity Risk-Parity,0.0028845067249373725
2023-10-18,Equity Risk-Parity,-0.012829788033336944
2023-10-19,Equity Risk-Parity,-0.009140415707892674
2023-10-20,Equity Risk-Parity,-0.007078704363287406
2023-10-23,Equity Risk-Parity,-0.006559026302676797
2023-10-24,Equity Risk-Parity,0.01097277719724688
2023-10-25,Equity Risk-Parity,-0.009647181200231326
2023-10-26,Equity Risk-Parity,-0.0014224241200539462
2023-10-27,Equity Risk-Parity,-0.012508376314386083
2023-10-30,Equity Risk-Parity,0.009185564341444491
2023-10-31,Equity Risk-Parity,0.0051836518116155144
2023-11-01,Equity Risk-Parity,0.004868071027620811
2023-11-02,Equity Risk-Parity,0.0230238810999575
2023-11-03,Equity Risk-Parity,0.01059690903903544
2023-11-06,Equity Risk-Parity,-0.003625540936963057
2023-11-07,Equity Risk-Parity,-0.0034973166588892985
2023-11-08,Equity Risk-Parity,-0.0015559967693706805
2023-11-09,Equity Risk-Parity,-0.010175408886810483
2023-11-10,Equity Risk-Parity,0.00902128551732565
2023-11-13,Equity Risk-Parity,-0.0007641980089442958
2023-11-14,Equity Risk-Parity,0.021007265274152438
2023-11-15,Equity Risk-Parity,0.004420196121530144
2023-11-16,Equity Risk-Parity,-0.0004782798292460727
2023-11-17,Equity Risk-Parity,0.002518299814014281
2023-11-20,Equity Risk-Parity,0.0040584417372250894
2023-11-21,Equity Risk-Parity,-0.0013552025502131697
2023-11-22,Equity Risk-Parity,0.0014841547702848289
2023-11-24,Equity Risk-Parity,0.002570455723779835
2023-11-27,Equity Risk-Parity,0.0002180659230208751
2023-11-28,Equity Risk-Parity,0.0014479570146513998
2023-11-29,Equity Risk-Parity,0.003715424832406336
2023-11-30,Equity Risk-Parity,0.007575845752265416
2023-12-01,Equity Risk-Parity,0.008586673466999558
2023-12-04,Equity Risk-Parity,-0.0008938940337400022
2023-12-05,Equity Risk-Parity,-0.003802533072863268
2023-12-06,Equity Risk-Parity,-6.526045732742195e-05
2023-12-07,Equity Risk-Parity,0.0031446979970768344
2023-12-08,Equity Risk-Parity,0.002330003224798053
2023-12-11,Equity Risk-Parity,0.006673941221092739
2023-12-12,Equity Risk-Parity,0.0011238622865620248
2023-12-13,Equity Risk-Parity,0.02012749999006474
2023-12-14,Equity Risk-Parity,0.01043386587376932
2023-12-15,Equity Risk-Parity,-0.003967465468338962
2023-12-18,Equity Risk-Parity,-0.0004566544068102639
2023-12-19,Equity Risk-Parity,0.007182096964670658
2023-12-20,Equity Risk-Parity,-0.01411828840470831
2023-12-21,Equity Risk-Parity,0.007628147252605767
2023-12-22,Equity Risk-Parity,0.003192565059220723
2023-12-26,Equity Risk-Parity,0.005338634540812583
2023-12-27,Equity Risk-Parity,0.0018151434343353012
2023-12-28,Equity Risk-Parity,0.0016272418815178524
2023-12-29,Equity Risk-Parity,-0.002242190387461378
2020-10-01,Crypto Min-Variance,-0.015044809927501738
2020-10-02,Crypto Min-Variance,-0.009110719039943599
2020-10-03,Crypto Min-Variance,-0.0034722694729632554
2020-10-04,Crypto Min-Variance,0.03105400343515584
2020-10-05,Crypto Min-Variance,0.011993560743996361
2020-10-06,Crypto Min-Variance,-0.01914188609676299
2020-10-07,Crypto Min-Variance,0.0087185201788168
2020-10-08,Crypto Min-Variance,0.018809699309475514
2020-10-09,Crypto Min-Variance,0.011536030411104072
2020-10-10,Crypto Min-Variance,0.014216807269889475
2020-10-11,Crypto Min-Variance,0.006958373347184773
2020-10-12,Crypto Min-Variance,0.010419767551351917
2020-10-13,Crypto Min-Variance,-0.007143227203081402
2020-10-14,Crypto Min-Variance,-0.009959473043112137
2020-10-15,Crypto Min-Variance,-0.0017452486962672388
2020-10-16,Crypto Min-Variance,-0.01782638140815842
2020-10-17,Crypto Min-Variance,0.0027429911289269335
2020-10-18,Crypto Min-Variance,0.008886030890777675
2020-10-19,Crypto Min-Variance,0.019841685001449075
2020-10-20,Crypto Min-Variance,0.005542759285454513
2020-10-21,Crypto Min-Variance,0.05981431459925269
2020-10-22,Crypto Min-Variance,0.014703378103435248
2020-10-23,Crypto Min-Variance,-0.004488920580565374
2020-10-24,Crypto Min-Variance,0.010787597574493294
2020-10-25,Crypto Min-Variance,-0.00839637978730634
2020-10-26,Crypto Min-Variance,-0.004664756205122415
2020-10-27,Crypto Min-Variance,0.03392531274571351
2020-10-28,Crypto Min-Variance,-0.02795736669856774
2020-10-29,Crypto Min-Variance,0.002302261596874706
2020-10-30,Crypto Min-Variance,0.00016189784572760973
2020-10-31,Crypto Min-Variance,0.01164147314625501
2020-11-01,Crypto Min-Variance,-0.0015849314184388727
2020-11-02,Crypto Min-Variance,-0.01577558043477153
2020-11-03,Crypto Min-Variance,0.023804930288709534
2020-11-04,Crypto Min-Variance,0.0036048927038130154
2020-11-05,Crypto Min-Variance,0.07002852879580633
2020-11-06,Crypto Min-Variance,0.023735735684115244
2020-11-07,Crypto Min-Variance,-0.041049969319419045
2020-11-08,Crypto Min-Variance,0.03128741271272418
2020-11-09,Crypto Min-Variance,-0.010946786112230787
2020-11-10,Crypto Min-Variance,0.004492397365057246
2020-11-11,Crypto Min-Variance,0.018577908378449384
2020-11-12,Crypto Min-Variance,0.016935192549473312
2020-11-13,Crypto Min-Variance,0.02030796460051209
2020-11-14,Crypto Min-Variance,-0.0025330773218566836
2020-11-15,Crypto Min-Variance,-0.0014391280548476139
2020-11-16,Crypto Min-Variance,0.05293516838838949
2020-11-17,Crypto Min-Variance,0.057262774116931134
2020-11-18,Crypto Min-Variance,-0.007947800739004286
2020-11-19,Crypto Min-Variance,0.01562564969191449
2020-11-20,Crypto Min-Variance,0.06151337759368461
2020-11-21,Crypto Min-Variance,0.18711067917602392
2020-11-22,Crypto Min-Variance,-0.022750620484691574
2020-11-23,Crypto Min-Variance,0.18008521966565708
2020-11-24,Crypto Min-Variance,0.08122959790393824
2020-11-25,Crypto Min-Variance,-0.048842130878272716
2020-11-26,Crypto Min-Variance,-0.12050454383966583
2020-11-27,Crypto Min-Variance,0.02182489989460696
2020-11-28,Crypto Min-Variance,0.07460377715312584
2020-11-29,Crypto Min-Variance,-0.0007761303998802885
2020-11-30,Crypto Min-Variance,0.08726032255636121
2020-12-01,Crypto Min-Variance,-0.04844874192815514
2020-12-02,Crypto Min-Variance,0.021395665164801132
2020-12-03,Crypto Min-Variance,0.016873680099386133
2020-12-04,Crypto Min-Variance,-0.046719868090204966
2020-12-05,Crypto Min-Variance,0.026402491520281606
2020-12-06,Crypto Min-Variance,0.008790933510507573
2020-12-07,Crypto Min-Variance,-0.008996814525883974
2020-12-08,Crypto Min-Variance,-0.05183609094153418
2020-12-09,Crypto Min-Variance,0.018789436307617962
2020-12-10,Crypto Min-Variance,-0.0172572389005664
2020-12-11,Crypto Min-Variance,-0.01182795722510499
2020-12-12,Crypto Min-Variance,0.03809523095964709
2020-12-13,Crypto Min-Variance,0.01909815140431361
2020-12-14,Crypto Min-Variance,0.0024598953288871434
2020-12-15,Crypto Min-Variance,0.00776427169681695
2020-12-16,Crypto Min-Variance,0.09019409954309833
2020-12-17,Crypto Min-Variance,0.052472330336893476
2020-12-18,Crypto Min-Variance,0.011983799666863734
2020-12-19,Crypto Min-Variance,0.025437596740256696
2020-12-20,Crypto Min-Variance,-0.012215312394242613
2020-12-21,Crypto Min-Variance,-0.03515745769284429
2020-12-22,Crypto Min-Variance,0.030660445285931943
2020-12-23,Crypto Min-Variance,-0.05274013266668612
2020-12-24,Crypto Min-Variance,0.04153234251030057
2020-12-25,Crypto Min-Variance,0.036887086472160345
2020-12-26,Crypto Min-Variance,0.05280577962022367
2020-12-27,Crypto Min-Variance,0.00044320747226578566
2020-12-28,Crypto Min-Variance,0.028929306524303592
2020-12-29,Crypto Min-Variance,-0.0037322221475967242
2020-12-30,Crypto Min-Variance,0.03713952461727048
2020-12-31,Crypto Min-Variance,0.0035628346265986735
2021-01-01,Crypto Min-Variance,0.01114792183372376
2021-01-02,Crypto Min-Variance,0.07763284621794496
2021-01-03,Crypto Min-Variance,0.0347744959058288
2021-01-04,Crypto Min-Variance,-0.009957408492867397
2021-01-05,Crypto Min-Variance,0.041235135139584184
2021-01-06,Crypto Min-Variance,0.0791191388190299
2021-01-07,Crypto Min-Variance,0.05642948234876869
2021-01-08,Crypto Min-Variance,0.02540066373657831
2021-01-09,Crypto Min-Variance,0.011300408890030991
2021-01-10,Crypto Min-Variance,-0.03693441811773313
2021-01-11,Crypto Min-Variance,-0.08471870998027321
2021-01-12,Crypto Min-Variance,-0.04072772543104143
2021-01-13,Crypto Min-Variance,0.09278882980321394
2021-01-14,Crypto Min-Variance,0.040273462993300424
2021-01-15,Crypto Min-Variance,-0.05047329596333267
2021-01-16,Crypto Min-Variance,-0.011156766585151141
2021-01-17,Crypto Min-Variance,-0.009467970980130684
2021-01-18,Crypto Min-Variance,0.02664913412110932
2021-01-19,Crypto Min-Variance,-0.015530750249994535
2021-01-20,Crypto Min-Variance,-0.012708699189800943
2021-01-21,Crypto Min-Variance,-0.12529861445629112
2021-01-22,Crypto Min-Variance,0.06404567073213348
2021-01-23,Crypto Min-Variance,-0.01993388018579362
2021-01-24,Crypto Min-Variance,0.011022033133650647
2021-01-25,Crypto Min-Variance,-0.0010925773327118613
2021-01-26,Crypto Min-Variance,0.0044011523796942025
2021-01-27,Crypto Min-Variance,-0.06196373131082487
2021-01-28,Crypto Min-Variance,0.0921125801453732
2021-01-29,Crypto Min-Variance,0.039020683270120024
2021-01-30,Crypto Min-Variance,-0.007290387739641629
2021-01-31,Crypto Min-Variance,-0.030010069555406707
2021-02-01,Crypto Min-Variance,0.01821507118293052
2021-02-02,Crypto Min-Variance,0.04775496351882189
2021-02-03,Crypto Min-Variance,0.049332154662808506
2021-02-04,Crypto Min-Variance,-0.02016394564205753
2021-02-05,Crypto Min-Variance,0.049954440354977966
2021-02-06,Crypto Min-Variance,0.018045380152989073
2021-02-07,Crypto Min-Variance,-0.00618776732106983
2021-02-08,Crypto Min-Variance,0.16618017597893844
2021-02-09,Crypto Min-Variance,0.036904162904706016
2021-02-10,Crypto Min-Variance,-0.018042525185036462
2021-02-11,Crypto Min-Variance,0.10186620425210255
2021-02-12,Crypto Min-Variance,-0.009679836053451489
2021-02-13,Crypto Min-Variance,0.03578405080190959
2021-02-14,Crypto Min-Variance,0.010817234502711296
2021-02-15,Crypto Min-Variance,-0.03450207891149767
2021-02-16,Crypto Min-Variance,0.02318546834640698
2021-02-17,Crypto Min-Variance,0.0505710174104347
2021-02-18,Crypto Min-Variance,0.00036002200472851325
2021-02-19,Crypto Min-Variance,0.08271765150346086
2021-02-20,Crypto Min-Variance,-0.007520910945690117
2021-02-21,Crypto Min-Variance,0.026292583584193546
2021-02-22,Crypto Min-Variance,-0.0668081651684724
2021-02-23,Crypto Min-Variance,-0.12001603800200342
2021-02-24,Crypto Min-Variance,0.030384511918315336
2021-02-25,Crypto Min-Variance,-0.05531930408342258
2021-02-26,Crypto Min-Variance,-0.013812983116495335
2021-02-27,Crypto Min-Variance,0.006076644783496037
2021-02-28,Crypto Min-Variance,-0.025936394131486726
2021-03-01,Crypto Min-Variance,0.08727504395577085
2021-03-02,Crypto Min-Variance,-0.024521331248828465
2021-03-03,Crypto Min-Variance,0.04311720567735225
2021-03-04,Crypto Min-Variance,-0.025566159326067817
2021-03-05,Crypto Min-Variance,0.0029605735734882154
2021-03-06,Crypto Min-Variance,-0.00013057351749074685
2021-03-07,Crypto Min-Variance,0.041922939085036526
2021-03-08,Crypto Min-Variance,0.01918157982415677
2021-03-09,Crypto Min-Variance,0.043785636021393425
2021-03-10,Crypto Min-Variance,0.008853335705058165
2021-03-11,Crypto Min-Variance,0.02506713552969563
2021-03-12,Crypto Min-Variance,-0.013870376202624343
2021-03-13,Crypto Min-Variance,0.06939543449188401
2021-03-14,Crypto Min-Variance,-0.03329433563882395
2021-03-15,Crypto Min-Variance,-0.04829642936151447
2021-03-16,Crypto Min-Variance,0.02367899353655808
2021-03-17,Crypto Min-Variance,0.039097664596931314
2021-03-18,Crypto Min-Variance,-0.020622549135795327
2021-03-19,Crypto Min-Variance,0.02241240389066384
2021-03-20,Crypto Min-Variance,0.004920547186047547
2021-03-21,Crypto Min-Variance,-0.006769348793339505
2021-03-22,Crypto Min-Variance,-0.0503674060924565
2021-03-23,Crypto Min-Variance,0.0030595416971807275
2021-03-24,Crypto Min-Variance,-0.040254620839795564
2021-03-25,Crypto Min-Variance,-0.01639687570378604
2021-03-26,Crypto Min-Variance,0.08210440208038293
2021-03-27,Crypto Min-Variance,0.00807423293162653
2021-03-28,Crypto Min-Variance,-0.00018689091790001668
2021-03-29,Crypto Min-Variance,0.030686378191233536
2021-03-30,Crypto Min-Variance,0.02017929051413295
2021-03-31,Crypto Min-Variance,0.061325959502133466
2021-04-01,Crypto Min-Variance,-0.004671982364246909
2021-04-02,Crypto Min-Variance,0.01705164817918127
2021-04-03,Crypto Min-Variance,-0.016794110623322672
2021-04-04,Crypto Min-Variance,0.053421723755641734
2021-04-05,Crypto Min-Variance,0.027966849493377712
2021-04-06,Crypto Min-Variance,-0.011314600857267628
2021-04-07,Crypto Min-Variance,-0.04683702469485055
2021-04-08,Crypto Min-Variance,0.05185023868789801
2021-04-09,Crypto Min-Variance,-0.01071174976990422
2021-04-10,Crypto Min-Variance,0.045065682385461235
2021-04-11,Crypto Min-Variance,0.0031396975469014923
2021-04-12,Crypto Min-Variance,0.004775936057719629
2021-04-13,Crypto Min-Variance,0.07534117032800781
2021-04-14,Crypto Min-Variance,-0.006220342843896967
2021-04-15,Crypto Min-Variance,0.0330823895337351
2021-04-16,Crypto Min-Variance,-0.01619276345419793
2021-04-17,Crypto Min-Variance,-0.015644241130994788
2021-04-18,Crypto Min-Variance,-0.07543294888588166
2021-04-19,Crypto Min-Variance,-0.024948593798820674
2021-04-20,Crypto Min-Variance,0.016835593144747803
2021-04-21,Crypto Min-Variance,-0.049479190191290684
2021-04-22,Crypto Min-Variance,-0.0470253983474201
2021-04-23,Crypto Min-Variance,-0.01171260231364178
2021-04-24,Crypto Min-Variance,-0.030930043215838532
2021-04-25,Crypto Min-Variance,-0.019166000500629183
2021-04-26,Crypto Min-Variance,0.11760356645878804
2021-04-27,Crypto Min-Variance,0.0270924004831896
2021-04-28,Crypto Min-Variance,-0.004625410339816616
2021-04-29,Crypto Min-Variance,-0.019812965467578103
2021-04-30,Crypto Min-Variance,0.0791092543420029
2021-05-01,Crypto Min-Variance,0.017937707517619413
2021-05-02,Crypto Min-Variance,-0.018954549194878788
2021-05-03,Crypto Min-Variance,0.023484510093773232
2021-05-04,Crypto Min-Variance,-0.03835188920345843
2021-05-05,Crypto Min-Variance,0.11105184926294796
2021-05-06,Crypto Min-Variance,0.023960049352053876
2021-05-07,Crypto Min-Variance,0.0041946661340545675
2021-05-08,Crypto Min-Variance,0.022048921126446967
2021-05-09,Crypto Min-Variance,-0.010760043594438136
2021-05-10,Crypto Min-Variance,-0.051439496996776767
2021-05-11,Crypto Min-Variance,0.025528426058628165
2021-05-12,Crypto Min-Variance,-0.1429989197623875
2021-05-13,Crypto Min-Variance,0.02333201925424471
2021-05-14,Crypto Min-Variance,0.02004999199309608
2021-05-15,Crypto Min-Variance,-0.05774295426168797
2021-05-16,Crypto Min-Variance,-0.005223399131910754
2021-05-17,Crypto Min-Variance,-0.062412303383022755
2021-05-18,Crypto Min-Variance,-0.011221066566543508
2021-05-19,Crypto Min-Variance,-0.16814720397036148
2021-05-20,Crypto Min-Variance,0.11768808348160704
2021-05-21,Crypto Min-Variance,-0.09401230708240868
2021-05-22,Crypto Min-Variance,-0.0055364362627393126
2021-05-23,Crypto Min-Variance,-0.08339544095664596
2021-05-24,Crypto Min-Variance,0.1449477704273467
2021-05-25,Crypto Min-Variance,-0.0007913343327000868
2021-05-26,Crypto Min-Variance,0.030640702024901323
2021-05-27,Crypto Min-Variance,-0.02913537793496048
2021-05-28,Crypto Min-Variance,-0.07350656942948118
2021-05-29,Crypto Min-Variance,-0.034854656751046445
2021-05-30,Crypto Min-Variance,0.034781884582045626
2021-05-31,Crypto Min-Variance,0.05057248809244046
2021-06-01,Crypto Min-Variance,-0.017083532733967562
2021-06-02,Crypto Min-Variance,0.02380468642084506
2021-06-03,Crypto Min-Variance,0.04354524516637775
2021-06-04,Crypto Min-Variance,-0.059400987174218316
2021-06-05,Crypto Min-Variance,-0.03616999068503954
2021-06-06,Crypto Min-Variance,0.008843960723422212
2021-06-07,Crypto Min-Variance,-0.06445121327524587
2021-06-08,Crypto Min-Variance,-0.002191220069905586
2021-06-09,Crypto Min-Variance,0.11297270024641456
2021-06-10,Crypto Min-Variance,-0.018560018147818373
2021-06-11,Crypto Min-Variance,0.01482064595654369
2021-06-12,Crypto Min-Variance,-0.04545001010253367
2021-06-13,Crypto Min-Variance,0.09825547629241752
2021-06-14,Crypto Min-Variance,0.028028231710108934
2021-06-15,Crypto Min-Variance,0.0049362611670189195
2021-06-16,Crypto Min-Variance,-0.05164289780225298
2021-06-17,Crypto Min-Variance,-0.007387297402639791
2021-06-18,Crypto Min-Variance,-0.05912113488260859
2021-06-19,Crypto Min-Variance,-0.005252564902462965
2021-06-20,Crypto Min-Variance,0.0030115843050036064
2021-06-21,Crypto Min-Variance,-0.11500049883181143
2021-06-22,Crypto Min-Variance,0.02437169395575977
2021-06-23,Crypto Min-Variance,0.03917970038790775
2021-06-24,Crypto Min-Variance,0.02955059104722589
2021-06-25,Crypto Min-Variance,-0.08684073359426371
2021-06-26,Crypto Min-Variance,0.016742577600891106
2021-06-27,Crypto Min-Variance,0.07613403102787787
2021-06-28,Crypto Min-Variance,-0.006112508577730668
2021-06-29,Crypto Min-Variance,0.0426530413059407
2021-06-30,Crypto Min-Variance,-0.021873950152724985
2021-07-01,Crypto Min-Variance,-0.042007436949388265
2021-07-02,Crypto Min-Variance,0.010993908987263464
2021-07-03,Crypto Min-Variance,0.022422024217803864
2021-07-04,Crypto Min-Variance,0.018832779114915797
2021-07-05,Crypto Min-Variance,-0.043551559713973675
2021-07-06,Crypto Min-Variance,0.01483890409563321
2021-07-07,Crypto Min-Variance,-0.010989899589377876
2021-07-08,Crypto Min-Variance,-0.03038882170916277
2021-07-09,Crypto Min-Variance,0.027333458726473792
2021-07-10,Crypto Min-Variance,-0.00837212340008384
2021-07-11,Crypto Min-Variance,0.020927277110066835
2021-07-12,Crypto Min-Variance,-0.03161537766830258
2021-07-13,Crypto Min-Variance,-0.014968311872664557
2021-07-14,Crypto Min-Variance,0.0037664945221456
2021-07-15,Crypto Min-Variance,-0.03182913693096449
2021-07-16,Crypto Min-Variance,-0.012399042156335865
2021-07-17,Crypto Min-Variance,0.0034569122644918567
2021-07-18,Crypto Min-Variance,0.008288645819222486
2021-07-19,Crypto Min-Variance,-0.031703540615405305
2021-07-20,Crypto Min-Variance,-0.03347932340216825
2021-07-21,Crypto Min-Variance,0.07873999421254056
2021-07-22,Crypto Min-Variance,0.00676326073267525
2021-07-23,Crypto Min-Variance,0.038583302192137785
2021-07-24,Crypto Min-Variance,0.02133029705957364
2021-07-25,Crypto Min-Variance,0.02923610298682692
2021-07-26,Crypto Min-Variance,0.054632025409946036
2021-07-27,Crypto Min-Variance,0.05369239147004273
2021-07-28,Crypto Min-Variance,0.014361631259416667
2021-07-29,Crypto Min-Variance,0.0007646292956419292
2021-07-30,Crypto Min-Variance,0.05413418263158124
2021-07-31,Crypto Min-Variance,-0.013028365820335225
2021-08-01,Crypto Min-Variance,-0.03845630104829942
2021-08-02,Crypto Min-Variance,-0.018882366139122413
2021-08-03,Crypto Min-Variance,-0.02445353032608878
2021-08-04,Crypto Min-Variance,0.04067467590959258
2021-08-05,Crypto Min-Variance,0.02751609961038061
2021-08-06,Crypto Min-Variance,0.04641873194110821
2021-08-07,Crypto Min-Variance,0.04090806528301891
2021-08-08,Crypto Min-Variance,-0.017412073129622396
2021-08-09,Crypto Min-Variance,0.0578204031517601
2021-08-10,Crypto Min-Variance,-0.011841954828371139
2021-08-11,Crypto Min-Variance,0.002698502522132414
2021-08-12,Crypto Min-Variance,-0.024220180378376716
2021-08-13,Crypto Min-Variance,0.07894153036006664
2021-08-14,Crypto Min-Variance,-0.013208735097701763
2021-08-15,Crypto Min-Variance,-0.0013696719073512022
2021-08-16,Crypto Min-Variance,-0.022803400930255437
2021-08-17,Crypto Min-Variance,-0.02996686156417921
2021-08-18,Crypto Min-Variance,0.005456012728182842
2021-08-19,Crypto Min-Variance,0.04642412771956583
2021-08-20,Crypto Min-Variance,0.05464210819269678
2021-08-21,Crypto Min-Variance,-0.008798904805742611
2021-08-22,Crypto Min-Variance,0.012056536178080585
2021-08-23,Crypto Min-Variance,0.006916103718147944
2021-08-24,Crypto Min-Variance,-0.038148835580136
2021-08-25,Crypto Min-Variance,0.025627973596979867
2021-08-26,Crypto Min-Variance,-0.04232723441638668
2021-08-27,Crypto Min-Variance,0.0489798936271361
2021-08-28,Crypto Min-Variance,-0.004180107221533
2021-08-29,Crypto Min-Variance,-0.001334138743091362
2021-08-30,Crypto Min-Variance,-0.036570946859095274
2021-08-31,Crypto Min-Variance,0.002776713463211162
2021-09-01,Crypto Min-Variance,0.03562035668050643
2021-09-02,Crypto Min-Variance,0.010517356322535825
2021-09-03,Crypto Min-Variance,0.013765661363127858
2021-09-04,Crypto Min-Variance,-0.0029410867723273612
2021-09-05,Crypto Min-Variance,0.03595426845284722
2021-09-06,Crypto Min-Variance,0.015675955680942048
2021-09-07,Crypto Min-Variance,-0.11079340053772557
2021-09-08,Crypto Min-Variance,-0.015243152452024249
2021-09-09,Crypto Min-Variance,0.00683309248350825
2021-09-10,Crypto Min-Variance,-0.0330935254846271
2021-09-11,Crypto Min-Variance,0.009995751398693513
2021-09-12,Crypto Min-Variance,0.017893485388784294
2021-09-13,Crypto Min-Variance,-0.025278744409667483
2021-09-14,Crypto Min-Variance,0.045868363630739865
2021-09-15,Crypto Min-Variance,0.02365551923842146
2021-09-16,Crypto Min-Variance,-0.008883496463886751
2021-09-17,Crypto Min-Variance,-0.011398290074801977
2021-09-18,Crypto Min-Variance,0.021043551132264773
2021-09-19,Crypto Min-Variance,-0.02156859899074746
2021-09-20,Crypto Min-Variance,-0.09351541913069847
2021-09-21,Crypto Min-Variance,-0.04979636400565182
2021-09-22,Crypto Min-Variance,0.07289429012253537
2021-09-23,Crypto Min-Variance,0.030254314896260997
2021-09-24,Crypto Min-Variance,-0.045043351164948765
2021-09-25,Crypto Min-Variance,-0.002520237269606371
2021-09-26,Crypto Min-Variance,0.009950469333785204
2021-09-27,Crypto Min-Variance,-0.022826427437222522
2021-09-28,Crypto Min-Variance,-0.0289485079409405
2021-09-29,Crypto Min-Variance,0.012914826749991584
2021-09-30,Crypto Min-Variance,0.052664988396625506
2021-10-01,Crypto Min-Variance,0.09820589585019004
2021-10-02,Crypto Min-Variance,-0.008322968355709172
2021-10-03,Crypto Min-Variance,0.010056272490094623
2021-10-04,Crypto Min-Variance,0.01804906667754402
2021-10-05,Crypto Min-Variance,0.04836050099070636
2021-10-06,Crypto Min-Variance,0.07308185009691882
2021-10-07,Crypto Min-Variance,-0.027011601457043236
2021-10-08,Crypto Min-Variance,0.0026209289053425915
2021-10-09,Crypto Min-Variance,0.018434870912043565
2021-10-10,Crypto Min-Variance,-0.004088473754813119
2021-10-11,Crypto Min-Variance,0.04839572467856211
2021-10-12,Crypto Min-Variance,-0.02511164611327232
2021-10-13,Crypto Min-Variance,0.024433005733260044
2021-10-14,Crypto Min-Variance,-0.001521443118164991
2021-10-15,Crypto Min-Variance,0.07351143883672914
2021-10-16,Crypto Min-Variance,-0.011493372250850646
2021-10-17,Crypto Min-Variance,0.010477076296632911
2021-10-18,Crypto Min-Variance,0.007279075004722947
2021-10-19,Crypto Min-Variance,0.03523082944203899
2021-10-20,Crypto Min-Variance,0.02707797324666847
2021-10-21,Crypto Min-Variance,-0.056662782428156144
2021-10-22,Crypto Min-Variance,-0.023782773122573077
2021-10-23,Crypto Min-Variance,0.011448153133073203
2021-10-24,Crypto Min-Variance,-0.007773837861949142
2021-10-25,Crypto Min-Variance,0.034142299661986106
2021-10-26,Crypto Min-Variance,-0.04169421861742487
2021-10-27,Crypto Min-Variance,-0.03257169728099722
2021-10-28,Crypto Min-Variance,0.036637137693670385
2021-10-29,Crypto Min-Variance,0.026216348647219237
2021-10-30,Crypto Min-Variance,-0.0058612139687982635
2021-10-31,Crypto Min-Variance,-0.008960604354342993
2021-11-01,Crypto Min-Variance,-0.004326641926342823
2021-11-02,Crypto Min-Variance,0.033065335844914154
2021-11-03,Crypto Min-Variance,0.01674063604824131
2021-11-04,Crypto Min-Variance,-0.02555910524069758
2021-11-05,Crypto Min-Variance,-0.010200996638369953
2021-11-06,Crypto Min-Variance,-0.004239194414665415
2021-11-07,Crypto Min-Variance,0.02388636074803092
2021-11-08,Crypto Min-Variance,0.060246401128590546
2021-11-09,Crypto Min-Variance,0.05803352156635903
2021-11-10,Crypto Min-Variance,-0.052120905365666895
2021-11-11,Crypto Min-Variance,0.011579788077556885
2021-11-12,Crypto Min-Variance,-0.021045339029769496
2021-11-13,Crypto Min-Variance,0.012155992174102794
2021-11-14,Crypto Min-Variance,0.011670347080749632
2021-11-15,Crypto Min-Variance,-0.01491336715278626
2021-11-16,Crypto Min-Variance,-0.08539536762425981
2021-11-17,Crypto Min-Variance,0.005029029807759611
2021-11-18,Crypto Min-Variance,-0.0665955079971689
2021-11-19,Crypto Min-Variance,0.05018993784126556
2021-11-20,Crypto Min-Variance,0.015769369693102133
2021-11-21,Crypto Min-Variance,-0.01876418665940255
2021-11-22,Crypto Min-Variance,-0.03659805229489672
2021-11-23,Crypto Min-Variance,0.02241482154078316
2021-11-24,Crypto Min-Variance,-0.024994581710023545
2021-11-25,Crypto Min-Variance,0.009420096135543756
2021-11-26,Crypto Min-Variance,-0.06649545894871835
2021-11-27,Crypto Min-Variance,0.01136172499470266
2021-11-28,Crypto Min-Variance,0.021529982658934313
2021-11-29,Crypto Min-Variance,0.01799870615317625
2021-11-30,Crypto Min-Variance,0.002987059510877522
2021-12-01,Crypto Min-Variance,0.003936508510800391
2021-12-02,Crypto Min-Variance,-0.0131402057875597
2021-12-03,Crypto Min-Variance,-0.05098586481792247
2021-12-04,Crypto Min-Variance,-0.08204639683653044
2021-12-05,Crypto Min-Variance,0.003417522933004906
2021-12-06,Crypto Min-Variance,0.024585895790030447
2021-12-07,Crypto Min-Variance,0.002322159783118323
2021-12-08,Crypto Min-Variance,-0.003851848747155289
2021-12-09,Crypto Min-Variance,-0.05608726213198054
2021-12-10,Crypto Min-Variance,-0.008995119084542277
2021-12-11,Crypto Min-Variance,0.044857216044019994
2021-12-12,Crypto Min-Variance,0.014906619570357434
2021-12-13,Crypto Min-Variance,-0.06708517170996119
2021-12-14,Crypto Min-Variance,-0.0026712534564916086
2021-12-15,Crypto Min-Variance,0.04900151967253529
2021-12-16,Crypto Min-Variance,-0.025181582897822217
2021-12-17,Crypto Min-Variance,-0.030699007215736665
2021-12-18,Crypto Min-Variance,0.013995731563127245
2021-12-19,Crypto Min-Variance,-0.0030259427628142968
2021-12-20,Crypto Min-Variance,0.0037095437683511184
2021-12-21,Crypto Min-Variance,0.04386356169400674
2021-12-22,Crypto Min-Variance,-0.006295931447666235
2021-12-23,Crypto Min-Variance,0.04433669194360779
2021-12-24,Crypto Min-Variance,0.0007414904357580354
2021-12-25,Crypto Min-Variance,-0.007719775485630396
2021-12-26,Crypto Min-Variance,0.007528401917137654
2021-12-27,Crypto Min-Variance,-0.003328070621607905
2021-12-28,Crypto Min-Variance,-0.06025942562092055
2021-12-29,Crypto Min-Variance,-0.024042278806258192
2021-12-30,Crypto Min-Variance,0.01579112126431519
2021-12-31,Crypto Min-Variance,-0.018476352917797232
2022-01-01,Crypto Min-Variance,0.029809396471367267
2022-01-02,Crypto Min-Variance,-0.007163274962024402
2022-01-03,Crypto Min-Variance,-0.0187368774698079
2022-01-04,Crypto Min-Variance,-0.012065555013512697
2022-01-05,Crypto Min-Variance,-0.050734060615097554
2022-01-06,Crypto Min-Variance,-0.009366159015892994
2022-01-07,Crypto Min-Variance,-0.03714070469186992
2022-01-08,Crypto Min-Variance,0.004235994902819673
2022-01-09,Crypto Min-Variance,0.004256970472081845
2022-01-10,Crypto Min-Variance,-0.0021554853640055605
2022-01-11,Crypto Min-Variance,0.021869109453241498
2022-01-12,Crypto Min-Variance,0.028389418684672707
2022-01-13,Crypto Min-Variance,-0.030888714484173407
2022-01-14,Crypto Min-Variance,0.011930269358978673
2022-01-15,Crypto Min-Variance,0.001802778677309158
2022-01-16,Crypto Min-Variance,-0.0014711291913973579
2022-01-17,Crypto Min-Variance,-0.020024366790964976
2022-01-18,Crypto Min-Variance,0.0029604828561313745
2022-01-19,Crypto Min-Variance,-0.014897823244158781
2022-01-20,Crypto Min-Variance,-0.02548634039729203
2022-01-21,Crypto Min-Variance,-0.10381165615712484
2022-01-22,Crypto Min-Variance,-0.039143484680769114
2022-01-23,Crypto Min-Variance,0.03558509252717301
2022-01-24,Crypto Min-Variance,0.010406744495611076
2022-01-25,Crypto Min-Variance,0.008175727030871549
2022-01-26,Crypto Min-Variance,-0.002757016878562668
2022-01-27,Crypto Min-Variance,0.007763821260712289
2022-01-28,Crypto Min-Variance,0.017397102127314046
2022-01-29,Crypto Min-Variance,0.00936493083845824
2022-01-30,Crypto Min-Variance,-0.005783656346668664
2022-01-31,Crypto Min-Variance,0.01491453610450133
2022-02-01,Crypto Min-Variance,0.00721390994708666
2022-02-02,Crypto Min-Variance,-0.04408499455270702
2022-02-03,Crypto Min-Variance,0.00642838735285386
2022-02-04,Crypto Min-Variance,0.11390407729378506
2022-02-05,Crypto Min-Variance,-0.0008732758356786135
2022-02-06,Crypto Min-Variance,0.02334738330121116
2022-02-07,Crypto Min-Variance,0.03382385732451671
2022-02-08,Crypto Min-Variance,0.00532713022120968
2022-02-09,Crypto Min-Variance,0.006601137930996394
2022-02-10,Crypto Min-Variance,-0.017380639771301186
2022-02-11,Crypto Min-Variance,-0.029903448686808907
2022-02-12,Crypto Min-Variance,-0.004256935348108494
2022-02-13,Crypto Min-Variance,0.000244927828603028
2022-02-14,Crypto Min-Variance,0.008577265171651256
2022-02-15,Crypto Min-Variance,0.04577543953879637
2022-02-16,Crypto Min-Variance,-0.013090377050314288
2022-02-17,Crypto Min-Variance,-0.07641422831518421
2022-02-18,Crypto Min-Variance,-0.010600079093534224
2022-02-19,Crypto Min-Variance,0.0026232512254571573
2022-02-20,Crypto Min-Variance,-0.04060231300414509
2022-02-21,Crypto Min-Variance,-0.03561886915425919
2022-02-22,Crypto Min-Variance,0.03416319894997117
2022-02-23,Crypto Min-Variance,-0.02594692545846393
2022-02-24,Crypto Min-Variance,0.02570191615433837
2022-02-25,Crypto Min-Variance,0.01891890417076226
2022-02-26,Crypto Min-Variance,-0.00250551327173256
2022-02-27,Crypto Min-Variance,-0.03478781911516607
2022-02-28,Crypto Min-Variance,0.13868556334218643
2022-03-01,Crypto Min-Variance,0.023350982116727405
2022-03-02,Crypto Min-Variance,-0.009736412702387386
2022-03-03,Crypto Min-Variance,-0.032096266524225175
2022-03-04,Crypto Min-Variance,-0.06982021785664444
2022-03-05,Crypto Min-Variance,0.012114810982759018
2022-03-06,Crypto Min-Variance,-0.024899448313261865
2022-03-07,Crypto Min-Variance,-0.0084248562253528
2022-03-08,Crypto Min-Variance,0.020125660168054203
2022-03-09,Crypto Min-Variance,0.07037038100482872
2022-03-10,Crypto Min-Variance,-0.05303607905834243
2022-03-11,Crypto Min-Variance,-0.012389829145717318
2022-03-12,Crypto Min-Variance,0.0006619295301958811
2022-03-13,Crypto Min-Variance,-0.023381120057011387
2022-03-14,Crypto Min-Variance,0.04207765418340925
2022-03-15,Crypto Min-Variance,-0.005849470427010555
2022-03-16,Crypto Min-Variance,0.03972159217096508
2022-03-17,Crypto Min-Variance,-0.004683081228899364
2022-03-18,Crypto Min-Variance,0.019716958825905257
2022-03-19,Crypto Min-Variance,0.008339610871178352
2022-03-20,Crypto Min-Variance,-0.019840060886214185
2022-03-21,Crypto Min-Variance,-0.0024647094253097673
2022-03-22,Crypto Min-Variance,0.03035315352727631
2022-03-23,Crypto Min-Variance,0.012954549770493333
2022-03-24,Crypto Min-Variance,0.02392876097754958
2022-03-25,Crypto Min-Variance,0.004454876468943579
2022-03-26,Crypto Min-Variance,0.007320803744411925
2022-03-27,Crypto Min-Variance,0.05099321876053836
2022-03-28,Crypto Min-Variance,0.005231992180834456
2022-03-29,Crypto Min-Variance,0.006688399699390172
2022-03-30,Crypto Min-Variance,0.0020347922685591976
2022-03-31,Crypto Min-Variance,-0.02503850146551887
2022-04-01,Crypto Min-Variance,0.015628424835956865
2022-04-02,Crypto Min-Variance,-0.012447413528103354
2022-04-03,Crypto Min-Variance,0.00895298864243876
2022-04-04,Crypto Min-Variance,-0.006016622501981846
2022-04-05,Crypto Min-Variance,-0.021994771973686676
2022-04-06,Crypto Min-Variance,-0.06155888933659141
2022-04-07,Crypto Min-Variance,0.009910133904641117
2022-04-08,Crypto Min-Variance,-0.028417400406310227
2022-04-09,Crypto Min-Variance,0.014794917501387065
2022-04-10,Crypto Min-Variance,-0.01585011117920509
2022-04-11,Crypto Min-Variance,-0.0650562254081339
2022-04-12,Crypto Min-Variance,0.01920977909163251
2022-04-13,Crypto Min-Variance,0.025932332540906183
2022-04-14,Crypto Min-Variance,-0.02789668913254474
2022-04-15,Crypto Min-Variance,0.019196732579989405
2022-04-16,Crypto Min-Variance,-0.0020083012277214217
2022-04-17,Crypto Min-Variance,-0.02028520588003159
2022-04-18,Crypto Min-Variance,0.02630856072591125
2022-04-19,Crypto Min-Variance,0.02003319218119031
2022-04-20,Crypto Min-Variance,-0.00535848590122335
2022-04-21,Crypto Min-Variance,0.023188381221773587
2022-04-22,Crypto Min-Variance,-0.03185028704856926
2022-04-23,Crypto Min-Variance,-0.0011570254254051548
2022-04-24,Crypto Min-Variance,-0.008149254603070016
2022-04-25,Crypto Min-Variance,0.01676173285229177
2022-04-26,Crypto Min-Variance,-0.05632866307770935
2022-04-27,Crypto Min-Variance,0.027185283433258232
2022-04-28,Crypto Min-Variance,0.012173239176945332
2022-04-29,Crypto Min-Variance,-0.022264949540673873
2022-04-30,Crypto Min-Variance,-0.020170872751875096
2022-05-01,Crypto Min-Variance,0.04307147001183608
2022-05-02,Crypto Min-Variance,-0.005045032013264837
2022-05-03,Crypto Min-Variance,-0.005113840892677412
2022-05-04,Crypto Min-Variance,0.08120939567056029
2022-05-05,Crypto Min-Variance,-0.09057399018963141
2022-05-06,Crypto Min-Variance,0.02115953014616889
2022-05-07,Crypto Min-Variance,-0.01891260733271116
2022-05-08,Crypto Min-Variance,-0.021318546888689886
2022-05-09,Crypto Min-Variance,-0.12150967215299673
2022-05-10,Crypto Min-Variance,0.029645809853499943
2022-05-11,Crypto Min-Variance,-0.06000734857684889
2022-05-12,Crypto Min-Variance,-0.016933008666128922
2022-05-13,Crypto Min-Variance,0.027635116545790643
2022-05-14,Crypto Min-Variance,0.017224836589119545
2022-05-15,Crypto Min-Variance,0.03116424646754013
2022-05-16,Crypto Min-Variance,-0.045884485125587175
2022-05-17,Crypto Min-Variance,0.024644697852008193
2022-05-18,Crypto Min-Variance,-0.04810199000669154
2022-05-19,Crypto Min-Variance,0.05163386248525388
2022-05-20,Crypto Min-Variance,-0.03545733759527745
2022-05-21,Crypto Min-Variance,0.014276877879879343
2022-05-22,Crypto Min-Variance,0.03545199043454233
2022-05-23,Crypto Min-Variance,-0.036872323697914273
2022-05-24,Crypto Min-Variance,0.027034061890897697
2022-05-25,Crypto Min-Variance,0.008017943589039728
2022-05-26,Crypto Min-Variance,-0.013501394129880427
2022-05-27,Crypto Min-Variance,-0.021722080727793584
2022-05-28,Crypto Min-Variance,0.0068187055365258285
2022-05-29,Crypto Min-Variance,0.015356097294201964
2022-05-30,Crypto Min-Variance,0.06834309352971177
2022-05-31,Crypto Min-Variance,0.003995696382237513
2022-06-01,Crypto Min-Variance,-0.050021548027350905
2022-06-02,Crypto Min-Variance,0.01927120777469713
2022-06-03,Crypto Min-Variance,-0.027728404764067193
2022-06-04,Crypto Min-Variance,0.00107465597120503
2022-06-05,Crypto Min-Variance,0.0049762134956913414
2022-06-06,Crypto Min-Variance,0.03830290688431033
2022-06-07,Crypto Min-Variance,-0.004373208612635209
2022-06-08,Crypto Min-Variance,-0.02706582628175374
2022-06-09,Crypto Min-Variance,-0.0016118096211838538
2022-06-10,Crypto Min-Variance,-0.032028213388414245
2022-06-11,Crypto Min-Variance,-0.02792447946440559
2022-06-12,Crypto Min-Variance,-0.04170304596409241
2022-06-13,Crypto Min-Variance,-0.1610347771255875
2022-06-14,Crypto Min-Variance,-0.0389233849028942
2022-06-15,Crypto Min-Variance,0.04259681359560036
2022-06-16,Crypto Min-Variance,-0.08864900885582767
2022-06-17,Crypto Min-Variance,0.006480156839538743
2022-06-18,Crypto Min-Variance,-0.05030659068545149
2022-06-19,Crypto Min-Variance,0.0640550281541292
2022-06-20,Crypto Min-Variance,0.0004196886433464091
2022-06-21,Crypto Min-Variance,0.018260891120457506
2022-06-22,Crypto Min-Variance,-0.0329727767695612
2022-06-23,Crypto Min-Variance,0.044422298691673336
2022-06-24,Crypto Min-Variance,0.013200586556965925
2022-06-25,Crypto Min-Variance,0.006263195999433438
2022-06-26,Crypto Min-Variance,-0.016744451887743296
2022-06-27,Crypto Min-Variance,-0.0030410124148645104
2022-06-28,Crypto Min-Variance,-0.02041051163005195
2022-06-29,Crypto Min-Variance,-0.010950336864677284
2022-06-30,Crypto Min-Variance,-0.01243760091034526
2022-07-01,Crypto Min-Variance,-0.019519454894120627
2022-07-02,Crypto Min-Variance,-0.0017076102629292789
2022-07-03,Crypto Min-Variance,0.00735735628985887
2022-07-04,Crypto Min-Variance,0.040874521089165484
2022-07-05,Crypto Min-Variance,0.0016292249716125871
2022-07-06,Crypto Min-Variance,0.01173043247167672
2022-07-07,Crypto Min-Variance,0.04459334819888007
2022-07-08,Crypto Min-Variance,0.004589423142033595
2022-07-09,Crypto Min-Variance,-0.0023031570893377556
2022-07-10,Crypto Min-Variance,-0.03330689779250646
2022-07-11,Crypto Min-Variance,-0.04280334607475279
2022-07-12,Crypto Min-Variance,-0.025339414017507847
2022-07-13,Crypto Min-Variance,0.041177516239279406
2022-07-14,Crypto Min-Variance,0.015888295637232087
2022-07-15,Crypto Min-Variance,0.010669159233740634
2022-07-16,Crypto Min-Variance,0.01929607706665028
2022-07-17,Crypto Min-Variance,-0.01983203119885786
2022-07-18,Crypto Min-Variance,0.06912776350426743
2022-07-19,Crypto Min-Variance,0.03134190682970601
2022-07-20,Crypto Min-Variance,-0.010233062923624761
2022-07-21,Crypto Min-Variance,-0.0008138502905385718
2022-07-22,Crypto Min-Variance,-0.01827610274221563
2022-07-23,Crypto Min-Variance,-0.008827600199410533
2022-07-24,Crypto Min-Variance,0.004903791962214774
2022-07-25,Crypto Min-Variance,-0.05313937169179303
2022-07-26,Crypto Min-Variance,0.0008161021900111535
2022-07-27,Crypto Min-Variance,0.07313616532355252
2022-07-28,Crypto Min-Variance,0.034434356358802765
2022-07-29,Crypto Min-Variance,-0.0027809482577375467
2022-07-30,Crypto Min-Variance,-0.005307987160965921
2022-07-31,Crypto Min-Variance,-0.0111075904026162
2022-08-01,Crypto Min-Variance,0.0038488717917991326
2022-08-02,Crypto Min-Variance,-0.016905160653661218
2022-08-03,Crypto Min-Variance,-0.006444174067042778
2022-08-04,Crypto Min-Variance,-0.0013104011390887352
2022-08-05,Crypto Min-Variance,0.023994268298372153
2022-08-06,Crypto Min-Variance,-0.011269793946513857
2022-08-07,Crypto Min-Variance,0.00714455633606428
2022-08-08,Crypto Min-Variance,0.020919971876415134
2022-08-09,Crypto Min-Variance,-0.025918424199853324
2022-08-10,Crypto Min-Variance,0.03167700683610073
2022-08-11,Crypto Min-Variance,0.0003236061513157783
2022-08-12,Crypto Min-Variance,0.013298305773073837
2022-08-13,Crypto Min-Variance,-0.0018343908977116765
2022-08-14,Crypto Min-Variance,-0.000721902136090527
2022-08-15,Crypto Min-Variance,-0.011664261372457484
2022-08-16,Crypto Min-Variance,-0.0036727591002472604
2022-08-17,Crypto Min-Variance,-0.02246341098206089
2022-08-18,Crypto Min-Variance,-0.007190830510148227
2022-08-19,Crypto Min-Variance,-0.08469576007859494
2022-08-20,Crypto Min-Variance,0.0178349032612417
2022-08-21,Crypto Min-Variance,0.012865295021583609
2022-08-22,Crypto Min-Variance,-0.006320273404514363
2022-08-23,Crypto Min-Variance,0.007480963293962823
2022-08-24,Crypto Min-Variance,-0.010887826196660226
2022-08-25,Crypto Min-Variance,0.009743417992476957
2022-08-26,Crypto Min-Variance,-0.06106116671976123
2022-08-27,Crypto Min-Variance,-0.0010363518548939035
2022-08-28,Crypto Min-Variance,-0.021677078419427908
2022-08-29,Crypto Min-Variance,0.033478005875422455
2022-08-30,Crypto Min-Variance,-0.010355310529555652
2022-08-31,Crypto Min-Variance,0.0025328133421710867
2022-09-01,Crypto Min-Variance,0.001811717287657771
2022-09-02,Crypto Min-Variance,-0.008648906931534877
2022-09-03,Crypto Min-Variance,-0.001986491916001602
2022-09-04,Crypto Min-Variance,0.007366216788755903
2022-09-05,Crypto Min-Variance,-0.008778457982576066
2022-09-06,Crypto Min-Variance,-0.04453949348010188
2022-09-07,Crypto Min-Variance,0.021869150468694153
2022-09-08,Crypto Min-Variance,-0.0017035713002751635
2022-09-09,Crypto Min-Variance,0.08337334294922416
2022-09-10,Crypto Min-Variance,0.015862695488300757
2022-09-11,Crypto Min-Variance,-8.416327206449935e-05
2022-09-12,Crypto Min-Variance,0.017304492340641887
2022-09-13,Crypto Min-Variance,-0.07654924104099026
2022-09-14,Crypto Min-Variance,0.0008538594897242514
2022-09-15,Crypto Min-Variance,-0.019914385436748606
2022-09-16,Crypto Min-Variance,0.0026576947825596724
2022-09-17,Crypto Min-Variance,0.01740314564727977
2022-09-18,Crypto Min-Variance,-0.031135889016173292
2022-09-19,Crypto Min-Variance,0.0014711394007407975
2022-09-20,Crypto Min-Variance,-0.025769265834756333
2022-09-21,Crypto Min-Variance,-0.015299449296686045
2022-09-22,Crypto Min-Variance,0.03742664127889944
2022-09-23,Crypto Min-Variance,-0.003038059421084444
2022-09-24,Crypto Min-Variance,-0.01572761617888868
2022-09-25,Crypto Min-Variance,-0.005599151605328693
2022-09-26,Crypto Min-Variance,0.014170534196328414
2022-09-27,Crypto Min-Variance,-0.004696786654795991
2022-09-28,Crypto Min-Variance,0.012203815691412639
2022-09-29,Crypto Min-Variance,0.012891086367712332
2022-09-30,Crypto Min-Variance,-0.004979935153841582
2022-10-01,Crypto Min-Variance,-0.007167587219165247
2022-10-02,Crypto Min-Variance,-0.006129153254178629
2022-10-03,Crypto Min-Variance,0.02214845235915259
2022-10-04,Crypto Min-Variance,0.028333207472536873
2022-10-05,Crypto Min-Variance,-0.00475550537180275
2022-10-06,Crypto Min-Variance,-0.004183207704351086
2022-10-07,Crypto Min-Variance,-0.014469389425112885
2022-10-08,Crypto Min-Variance,-0.006728028947605302
2022-10-09,Crypto Min-Variance,0.0031136094837295523
2022-10-10,Crypto Min-Variance,-0.007326209445794909
2022-10-11,Crypto Min-Variance,-0.01015978196127004
2022-10-12,Crypto Min-Variance,0.004379082385406372
2022-10-13,Crypto Min-Variance,0.0026540943135310007
2022-10-14,Crypto Min-Variance,0.011771092012482555
2022-10-15,Crypto Min-Variance,-0.016317011410879007
2022-10-16,Crypto Min-Variance,0.006538710713772491
2022-10-17,Crypto Min-Variance,0.01428650505827269
2022-10-18,Crypto Min-Variance,-0.009872271012561107
2022-10-19,Crypto Min-Variance,-0.008626747158847767
2022-10-20,Crypto Min-Variance,-0.0001701947728747826
2022-10-21,Crypto Min-Variance,0.0005449308316845476
2022-10-22,Crypto Min-Variance,0.0010265019769952939
2022-10-23,Crypto Min-Variance,0.013107605486589471
2022-10-24,Crypto Min-Variance,-0.010188317309689502
2022-10-25,Crypto Min-Variance,0.030596949799026437
2022-10-26,Crypto Min-Variance,0.027076459692213506
2022-10-27,Crypto Min-Variance,-0.017229851182177736
2022-10-28,Crypto Min-Variance,0.012996200900199427
2022-10-29,Crypto Min-Variance,0.010415076107532156
2022-10-30,Crypto Min-Variance,-0.011604224717460927
2022-10-31,Crypto Min-Variance,-0.0031956214076429854
2022-11-01,Crypto Min-Variance,-0.0032915403514762005
2022-11-02,Crypto Min-Variance,-0.01810050432130494
2022-11-03,Crypto Min-Variance,0.0033077954805914
2022-11-04,Crypto Min-Variance,0.044309658879518016
2022-11-05,Crypto Min-Variance,0.0016469201879079226
2022-11-06,Crypto Min-Variance,-0.016975737656888427
2022-11-07,Crypto Min-Variance,-0.012297125035107112
2022-11-08,Crypto Min-Variance,-0.08562292965845085
2022-11-09,Crypto Min-Variance,-0.12548857115187587
2022-11-10,Crypto Min-Variance,0.10098048360477592
2022-11-11,Crypto Min-Variance,-0.03155355200495596
2022-11-12,Crypto Min-Variance,-0.01686216026383206
2022-11-13,Crypto Min-Variance,-0.0457928503674247
2022-11-14,Crypto Min-Variance,0.009448185394390582
2022-11-15,Crypto Min-Variance,0.015087921804232865
2022-11-16,Crypto Min-Variance,-0.012412993645167432
2022-11-17,Crypto Min-Variance,0.0003278695805845477
2022-11-18,Crypto Min-Variance,0.00495067652587447
2022-11-19,Crypto Min-Variance,0.011480812078364292
2022-11-20,Crypto Min-Variance,-0.0326162663629519
2022-11-21,Crypto Min-Variance,-0.007613968776771517
2022-11-22,Crypto Min-Variance,0.01091495683633047
2022-11-23,Crypto Min-Variance,0.023931450462831308
2022-11-24,Crypto Min-Variance,0.010717330092985507
2022-11-25,Crypto Min-Variance,-0.0015944646758115494
2022-11-26,Crypto Min-Variance,-0.004699381404515177
2022-11-27,Crypto Min-Variance,0.0024343768151476775
2022-11-28,Crypto Min-Variance,-0.010325237511180866
2022-11-29,Crypto Min-Variance,0.01122687417051393
2022-11-30,Crypto Min-Variance,0.035953421598142
2022-12-01,Crypto Min-Variance,-0.010672427116953494
2022-12-02,Crypto Min-Variance,0.006401592219869298
2022-12-03,Crypto Min-Variance,-0.011863627723209225
2022-12-04,Crypto Min-Variance,0.005841826928111226
2022-12-05,Crypto Min-Variance,-0.0052778025684129416
2022-12-06,Crypto Min-Variance,0.0067358186776637855
2022-12-07,Crypto Min-Variance,-0.012822381350598872
2022-12-08,Crypto Min-Variance,0.023952102659520177
2022-12-09,Crypto Min-Variance,-0.0028297179244185576
2022-12-10,Crypto Min-Variance,0.0006841973901216263
2022-12-11,Crypto Min-Variance,-0.006164058646556713
2022-12-12,Crypto Min-Variance,0.0011218927061961872
2022-12-13,Crypto Min-Variance,0.027933807951593625
2022-12-14,Crypto Min-Variance,0.008994393553363556
2022-12-15,Crypto Min-Variance,-0.01601586419937476
2022-12-16,Crypto Min-Variance,-0.04445898959278573
2022-12-17,Crypto Min-Variance,0.018178121366845826
2022-12-18,Crypto Min-Variance,-0.008184823192105152
2022-12-19,Crypto Min-Variance,-0.01350761124430211
2022-12-20,Crypto Min-Variance,0.027308030325924066
2022-12-21,Crypto Min-Variance,-0.004316344954646011
2022-12-22,Crypto Min-Variance,0.0048837238043461795
2022-12-23,Crypto Min-Variance,-0.00938313679135013
2022-12-24,Crypto Min-Variance,0.005173888514195513
2022-12-25,Crypto Min-Variance,0.00022264204178749566
2022-12-26,Crypto Min-Variance,0.0014160098115060537
2022-12-27,Crypto Min-Variance,-0.010680468761987614
2022-12-28,Crypto Min-Variance,-0.006244024000546994
2022-12-29,Crypto Min-Variance,0.0027497731842647715
2022-12-30,Crypto Min-Variance,0.0006975072960428473
2022-12-31,Crypto Min-Variance,-0.0013970694030729911
2023-01-01,Crypto Min-Variance,0.0051457276497086386
2023-01-02,Crypto Min-Variance,0.00471503279751099
2023-01-03,Crypto Min-Variance,-0.0025866265430813675
2023-01-04,Crypto Min-Variance,0.006033874696485538
2023-01-05,Crypto Min-Variance,-0.008525983403711211
2023-01-06,Crypto Min-Variance,-0.004204637213940158
2023-01-07,Crypto Min-Variance,-0.0033841459052760267
2023-01-08,Crypto Min-Variance,0.018265826621976202
2023-01-09,Crypto Min-Variance,0.009607777518430682
2023-01-10,Crypto Min-Variance,0.010014162644264215
2023-01-11,Crypto Min-Variance,0.029203684882653815
2023-01-12,Crypto Min-Variance,0.03625235387602296
2023-01-13,Crypto Min-Variance,0.05343881320669815
2023-01-14,Crypto Min-Variance,0.044877011284858735
2023-01-15,Crypto Min-Variance,0.00021057697919797845
2023-01-16,Crypto Min-Variance,0.008945806428484157
2023-01-17,Crypto Min-Variance,-0.0045928048913577825
2023-01-18,Crypto Min-Variance,-0.03075399238660998
2023-01-19,Crypto Min-Variance,0.019335620853184465
2023-01-20,Crypto Min-Variance,0.06346155333765362
2023-01-21,Crypto Min-Variance,-0.004024447752781399
2023-01-22,Crypto Min-Variance,-0.0018728498322580062
2023-01-23,Crypto Min-Variance,0.01294691532038701
2023-01-24,Crypto Min-Variance,-0.024081206975566587
2023-01-25,Crypto Min-Variance,0.023562068061324593
2023-01-26,Crypto Min-Variance,-0.002951749556400651
2023-01-27,Crypto Min-Variance,0.012811233975445254
2023-01-28,Crypto Min-Variance,-0.004244596720367873
2023-01-29,Crypto Min-Variance,0.024106550496943054
2023-01-30,Crypto Min-Variance,-0.03348643970547972
2023-01-31,Crypto Min-Variance,0.00786847943626939
2023-02-01,Crypto Min-Variance,0.018064274095887446
2023-02-02,Crypto Min-Variance,0.0040443084030457495
2023-02-03,Crypto Min-Variance,0.003991756557070382
2023-02-04,Crypto Min-Variance,-0.004738769205704407
2023-02-05,Crypto Min-Variance,-0.0010075236534693686
2023-02-06,Crypto Min-Variance,-0.012545612268243002
2023-02-07,Crypto Min-Variance,0.036117554807392926
2023-02-08,Crypto Min-Variance,0.00898509303636004
2023-02-09,Crypto Min-Variance,-0.05995416440916211
2023-02-10,Crypto Min-Variance,0.00652800696068037
2023-02-11,Crypto Min-Variance,0.008251037302518464
2023-02-12,Crypto Min-Variance,-0.0005781271310519275
2023-02-13,Crypto Min-Variance,0.02088338177131574
2023-02-14,Crypto Min-Variance,0.017836317994156636
2023-02-15,Crypto Min-Variance,0.06934120921681344
2023-02-16,Crypto Min-Variance,-0.048693387124008156
2023-02-17,Crypto Min-Variance,0.0500300677249669
2023-02-18,Crypto Min-Variance,-0.002609028660568603
2023-02-19,Crypto Min-Variance,-0.0005759735937014799
2023-02-20,Crypto Min-Variance,0.021719996520984212
2023-02-21,Crypto Min-Variance,-0.02969664244484184
2023-02-22,Crypto Min-Variance,-0.0029093733441380555
2023-02-23,Crypto Min-Variance,-0.0007927889467359329
2023-02-24,Crypto Min-Variance,-0.02660979537482617
2023-02-25,Crypto Min-Variance,-0.0004457109807281725
2023-02-26,Crypto Min-Variance,0.02270833367622429
2023-02-27,Crypto Min-Variance,-0.0016582858758803164
2023-02-28,Crypto Min-Variance,-0.008185166735993383
2023-03-01,Crypto Min-Variance,0.013228646633377616
2023-03-02,Crypto Min-Variance,-0.003543169922784258
2023-03-03,Crypto Min-Variance,-0.03663767454877941
2023-03-04,Crypto Min-Variance,-0.006580732243275923
2023-03-05,Crypto Min-Variance,0.008215445461974056
2023-03-06,Crypto Min-Variance,0.0019775462683406784
2023-03-07,Crypto Min-Variance,-0.016328004838307247
2023-03-08,Crypto Min-Variance,-0.015686731632137567
2023-03-09,Crypto Min-Variance,-0.1011508431502561
2023-03-10,Crypto Min-Variance,-0.017113775355412378
2023-03-11,Crypto Min-Variance,0.031549337674798346
2023-03-12,Crypto Min-Variance,0.09045165024331236
2023-03-13,Crypto Min-Variance,0.04270366448461184
2023-03-14,Crypto Min-Variance,0.0004771729677592313
2023-03-15,Crypto Min-Variance,-0.02621199443110917
2023-03-16,Crypto Min-Variance,0.0028182329110854813
2023-03-17,Crypto Min-Variance,0.041394806833651106
2023-03-18,Crypto Min-Variance,-0.027434559865611254
2023-03-19,Crypto Min-Variance,0.015480309960000072
2023-03-20,Crypto Min-Variance,-0.023711891860346473
2023-03-21,Crypto Min-Variance,0.0305580055706889
2023-03-22,Crypto Min-Variance,-0.10301476514903564
2023-03-23,Crypto Min-Variance,0.08611431687587359
2023-03-24,Crypto Min-Variance,-0.02801908006146518
2023-03-25,Crypto Min-Variance,0.0040909889517322644
2023-03-26,Crypto Min-Variance,0.008508058877106968
2023-03-27,Crypto Min-Variance,-0.01142824643063333
2023-03-28,Crypto Min-Variance,0.0095983975587462
2023-03-29,Crypto Min-Variance,0.004745823500903452
2023-03-30,Crypto Min-Variance,0.006073262400913179
2023-03-31,Crypto Min-Variance,0.01254557308990579
2023-04-01,Crypto Min-Variance,0.013866267520221241
2023-04-02,Crypto Min-Variance,-0.019356725844840248
2023-04-03,Crypto Min-Variance,0.0019812550431099725
2023-04-04,Crypto Min-Variance,0.0033698796559707782
2023-04-05,Crypto Min-Variance,0.0039019128360533624
2023-04-06,Crypto Min-Variance,-0.0012154442532098053
2023-04-07,Crypto Min-Variance,-0.0007902040977318518
2023-04-08,Crypto Min-Variance,0.0006462652390500346
2023-04-09,Crypto Min-Variance,0.008971642683843437
2023-04-10,Crypto Min-Variance,0.01857543593703248
2023-04-11,Crypto Min-Variance,-0.00586022242848593
2023-04-12,Crypto Min-Variance,-0.01704744911195243
2023-04-13,Crypto Min-Variance,0.005330530666752287
2023-04-14,Crypto Min-Variance,0.011857514304530952
2023-04-15,Crypto Min-Variance,-0.004246302015339839
2023-04-16,Crypto Min-Variance,0.006414032594694697
2023-04-17,Crypto Min-Variance,-0.01546909731407399
2023-04-18,Crypto Min-Variance,0.01886776670554826
2023-04-19,Crypto Min-Variance,-0.022402828806797764
2023-04-20,Crypto Min-Variance,-0.009684999649241032
2023-04-21,Crypto Min-Variance,-0.012708821652915158
2023-04-22,Crypto Min-Variance,0.017277023023494438
2023-04-23,Crypto Min-Variance,0.005165414241254471
2023-04-24,Crypto Min-Variance,-0.006758297565708911
2023-04-25,Crypto Min-Variance,0.0032745013473288553
2023-04-26,Crypto Min-Variance,-0.007030988962358076
2023-04-27,Crypto Min-Variance,0.015691775222649248
2023-04-28,Crypto Min-Variance,0.009699204638753076
2023-04-29,Crypto Min-Variance,0.0142421452797286
2023-04-30,Crypto Min-Variance,-0.007336495962410896
2023-05-01,Crypto Min-Variance,0.0018462086148064057
2023-05-02,Crypto Min-Variance,0.013546551352998294
2023-05-03,Crypto Min-Variance,0.0030324045181740183
2023-05-04,Crypto Min-Variance,0.0007448508215537883
2023-05-05,Crypto Min-Variance,0.022704593584566425
2023-05-06,Crypto Min-Variance,-0.012682523892331288
2023-05-07,Crypto Min-Variance,-0.014421246615077713
2023-05-08,Crypto Min-Variance,-0.016695659519762512
2023-05-09,Crypto Min-Variance,0.006524192039635263
2023-05-10,Crypto Min-Variance,0.003106874884027655
2023-05-11,Crypto Min-Variance,-0.023985561387021043
2023-05-12,Crypto Min-Variance,0.013098351017258694
2023-05-13,Crypto Min-Variance,0.0028001104115153606
2023-05-14,Crypto Min-Variance,0.0016875485445211281
2023-05-15,Crypto Min-Variance,0.011478429939823787
2023-05-16,Crypto Min-Variance,0.0017666362194323835
2023-05-17,Crypto Min-Variance,0.008703676453547247
2023-05-18,Crypto Min-Variance,-0.013535717351737142
2023-05-19,Crypto Min-Variance,0.004734884083171035
2023-05-20,Crypto Min-Variance,0.022844080574450382
2023-05-21,Crypto Min-Variance,0.021220230292781302
2023-05-22,Crypto Min-Variance,0.030640277988765972
2023-05-23,Crypto Min-Variance,0.00666746434911996
2023-05-24,Crypto Min-Variance,-0.023533317788664045
2023-05-25,Crypto Min-Variance,0.0006290465278468799
2023-05-26,Crypto Min-Variance,-0.010159331314677564
2023-05-27,Crypto Min-Variance,0.017981356634954985
2023-05-28,Crypto Min-Variance,0.014593903656950149
2023-05-29,Crypto Min-Variance,-0.01541612301200515
2023-05-30,Crypto Min-Variance,0.0019059389427821716
2023-05-31,Crypto Min-Variance,-0.015400025763338453
2023-06-01,Crypto Min-Variance,-0.00978866159058139
2023-06-02,Crypto Min-Variance,0.07247985998214958
2023-06-03,Crypto Min-Variance,-0.009126367033322773
2023-06-04,Crypto Min-Variance,-0.0024195677126786566
2023-06-05,Crypto Min-Variance,-0.042356395770028435
2023-06-06,Crypto Min-Variance,0.01923113903994751
2023-06-07,Crypto Min-Variance,-0.02396542131759824
2023-06-08,Crypto Min-Variance,0.008126438287845069
2023-06-09,Crypto Min-Variance,-0.0439764775655061
2023-06-10,Crypto Min-Variance,-0.031536360560034636
2023-06-11,Crypto Min-Variance,0.006875452223918406
2023-06-12,Crypto Min-Variance,0.0069371177422887734
2023-06-13,Crypto Min-Variance,0.007747567312033339
2023-06-14,Crypto Min-Variance,-0.020130533840631914
2023-06-15,Crypto Min-Variance,0.004535355157870804
2023-06-16,Crypto Min-Variance,0.006609136610025003
2023-06-17,Crypto Min-Variance,0.012998577807769703
2023-06-18,Crypto Min-Variance,-0.015136443045170454
2023-06-19,Crypto Min-Variance,0.005464972030339972
2023-06-20,Crypto Min-Variance,0.025477084125571894
2023-06-21,Crypto Min-Variance,0.03791048168348868
2023-06-22,Crypto Min-Variance,-0.005201332095091108
2023-06-23,Crypto Min-Variance,0.020605940843352825
2023-06-24,Crypto Min-Variance,-0.008892516409813695
2023-06-25,Crypto Min-Variance,0.007989498066282623
2023-06-26,Crypto Min-Variance,0.002739154991504166
2023-06-27,Crypto Min-Variance,0.014194370099511869
2023-06-28,Crypto Min-Variance,-0.012873715278592959
2023-06-29,Crypto Min-Variance,0.010720238852816588
2023-06-30,Crypto Min-Variance,0.01819633029085103
2023-07-01,Crypto Min-Variance,0.00664677457166387
2023-07-02,Crypto Min-Variance,-0.008735881577283965
2023-07-03,Crypto Min-Variance,0.015316655349695563
2023-07-04,Crypto Min-Variance,-0.00795296566798977
2023-07-05,Crypto Min-Variance,-0.005077977762607186
2023-07-06,Crypto Min-Variance,-0.009584317837938588
2023-07-07,Crypto Min-Variance,0.017857694941427003
2023-07-08,Crypto Min-Variance,0.010244989112711074
2023-07-09,Crypto Min-Variance,-0.019663942865681405
2023-07-10,Crypto Min-Variance,0.0039360626275667995
2023-07-11,Crypto Min-Variance,-0.00025333021047681085
2023-07-12,Crypto Min-Variance,-0.000756401737055703
2023-07-13,Crypto Min-Variance,0.085343299995984
2023-07-14,Crypto Min-Variance,-0.03481035442446086
2023-07-15,Crypto Min-Variance,0.0025665045807953097
2023-07-16,Crypto Min-Variance,-0.0055432130968655225
2023-07-17,Crypto Min-Variance,-0.0017598700908465765
2023-07-18,Crypto Min-Variance,-0.002443257292902835
2023-07-19,Crypto Min-Variance,0.016987182712181553
2023-07-20,Crypto Min-Variance,0.0048928229540581725
2023-07-21,Crypto Min-Variance,-0.002251858912683324
2023-07-22,Crypto Min-Variance,0.020652333977483055
2023-07-23,Crypto Min-Variance,0.000847230506896956
2023-07-24,Crypto Min-Variance,-0.028499042531801633
2023-07-25,Crypto Min-Variance,0.0031510959187553192
2023-07-26,Crypto Min-Variance,0.010140841013652774
2023-07-27,Crypto Min-Variance,0.0011900950077645015
2023-07-28,Crypto Min-Variance,0.019999681712403173
2023-07-29,Crypto Min-Variance,-0.012995362814333496
2023-07-30,Crypto Min-Variance,-0.0240565443120026
2023-07-31,Crypto Min-Variance,-0.01805051290469734
2023-08-01,Crypto Min-Variance,0.01192025124021947
2023-08-02,Crypto Min-Variance,-0.021987576574702
2023-08-03,Crypto Min-Variance,0.004302722928691856
2023-08-04,Crypto Min-Variance,-0.004264634165780492
2023-08-05,Crypto Min-Variance,0.003413110286267642
2023-08-06,Crypto Min-Variance,-0.003140091507251648
2023-08-07,Crypto Min-Variance,0.0019911032056872434
2023-08-08,Crypto Min-Variance,0.011244927815630688
2023-08-09,Crypto Min-Variance,-0.004218201112438338
2023-08-10,Crypto Min-Variance,0.0007710630805396255
2023-08-11,Crypto Min-Variance,-0.0011731033249461204
2023-08-12,Crypto Min-Variance,0.002061283567470544
2023-08-13,Crypto Min-Variance,-0.004468572765840765
2023-08-14,Crypto Min-Variance,0.004265921833269971
2023-08-15,Crypto Min-Variance,-0.011206065761605441
2023-08-16,Crypto Min-Variance,-0.018742785134549786
2023-08-17,Crypto Min-Variance,-0.0500932861239858
2023-08-18,Crypto Min-Variance,-0.01100362206953947
2023-08-19,Crypto Min-Variance,0.0076687529630871856
2023-08-20,Crypto Min-Variance,0.013133429857935182
2023-08-21,Crypto Min-Variance,-0.006019620453374632
2023-08-22,Crypto Min-Variance,-7.577034609358062e-05
2023-08-23,Crypto Min-Variance,0.021424743668308367
2023-08-24,Crypto Min-Variance,-0.011744537622678342
2023-08-25,Crypto Min-Variance,0.0015196872111767814
2023-08-26,Crypto Min-Variance,0.0005282877359064703
2023-08-27,Crypto Min-Variance,0.002193055407671391
2023-08-28,Crypto Min-Variance,-0.006277243279880877
2023-08-29,Crypto Min-Variance,0.03958149740369331
2023-08-30,Crypto Min-Variance,-0.01848180374572749
2023-08-31,Crypto Min-Variance,-0.020828557661591238
2023-09-01,Crypto Min-Variance,-0.006812257145226481
2023-09-02,Crypto Min-Variance,0.007467797958553715
2023-09-03,Crypto Min-Variance,0.0018256542487605628
2023-09-04,Crypto Min-Variance,-0.0005737297551858125
2023-09-05,Crypto Min-Variance,-0.0005214176093135081
2023-09-06,Crypto Min-Variance,0.008471707782591027
2023-09-07,Crypto Min-Variance,0.010361199858924216
2023-09-08,Crypto Min-Variance,-0.005759021710141203
2023-09-09,Crypto Min-Variance,-6.417447213606627e-05
2023-09-10,Crypto Min-Variance,-0.006758652670407687
2023-09-11,Crypto Min-Variance,-0.019266009600963564
2023-09-12,Crypto Min-Variance,0.034195187331133386
2023-09-13,Crypto Min-Variance,0.009986568772270424
2023-09-14,Crypto Min-Variance,0.021073871117102454
2023-09-15,Crypto Min-Variance,0.003699494605880615
2023-09-16,Crypto Min-Variance,-0.003916851682959168
2023-09-17,Crypto Min-Variance,-0.0018109027958510939
2023-09-18,Crypto Min-Variance,0.008174024756416267
2023-09-19,Crypto Min-Variance,0.011217771725414062
2023-09-20,Crypto Min-Variance,-0.0024847455980878796
2023-09-21,Crypto Min-Variance,-0.019130332877934076
2023-09-22,Crypto Min-Variance,0.0022686066078037134
2023-09-23,Crypto Min-Variance,0.001535218702729059
2023-09-24,Crypto Min-Variance,-0.006188007954570427
2023-09-25,Crypto Min-Variance,0.00674670116682607
2023-09-26,Crypto Min-Variance,-0.0010224900532593254
2023-09-27,Crypto Min-Variance,0.006904645645658113
2023-09-28,Crypto Min-Variance,0.021033629511848062
2023-09-29,Crypto Min-Variance,0.012079855070887133
2023-09-30,Crypto Min-Variance,-0.001400308705969694
2023-10-01,Crypto Min-Variance,0.027670746679254638
2023-10-02,Crypto Min-Variance,-0.022639664443554294
2023-10-03,Crypto Min-Variance,0.015495053598135277
2023-10-04,Crypto Min-Variance,-0.002931311224472621
2023-10-05,Crypto Min-Variance,-0.011436502222668177
2023-10-06,Crypto Min-Variance,0.005109132084308902
2023-10-07,Crypto Min-Variance,0.0047646825869491274
2023-10-08,Crypto Min-Variance,-0.0011788922342340497
2023-10-09,Crypto Min-Variance,-0.01705037535818892
2023-10-10,Crypto Min-Variance,-0.00335119691447633
2023-10-11,Crypto Min-Variance,-0.010854986856379962
2023-10-12,Crypto Min-Variance,-0.009007328503433528
2023-10-13,Crypto Min-Variance,0.005613852118486816
2023-10-14,Crypto Min-Variance,-0.002238406458851681
2023-10-15,Crypto Min-Variance,0.014498833991874733
2023-10-16,Crypto Min-Variance,0.03799493175577452
2023-10-17,Crypto Min-Variance,-0.004389449258024951
2023-10-18,Crypto Min-Variance,0.0018262523674735596
2023-10-19,Crypto Min-Variance,0.010950917322194265
2023-10-20,Crypto Min-Variance,0.0217126331385218
2023-10-21,Crypto Min-Variance,0.008785900248461953
2023-10-22,Crypto Min-Variance,-0.004211576707296091
2023-10-23,Crypto Min-Variance,0.06333030340684706
2023-10-24,Crypto Min-Variance,0.013304296438310081
2023-10-25,Crypto Min-Variance,0.014675926345389159
2023-10-26,Crypto Min-Variance,-0.007942743409956295
2023-10-27,Crypto Min-Variance,-0.00013731892058678675
2023-10-28,Crypto Min-Variance,0.006089794457191536
2023-10-29,Crypto Min-Variance,0.00965898441231069
2023-10-30,Crypto Min-Variance,0.0033325868664029665
2023-10-31,Crypto Min-Variance,0.010116083970946434
2023-11-01,Crypto Min-Variance,0.026393955549055024
2023-11-02,Crypto Min-Variance,-0.013203200690796337
2023-11-03,Crypto Min-Variance,-0.010044130012012232
2023-11-04,Crypto Min-Variance,0.0078120798382075585
2023-11-05,Crypto Min-Variance,0.004507375060313695
2023-11-06,Crypto Min-Variance,-0.002335158554560202
2023-11-07,Crypto Min-Variance,-0.002146413496792482
2023-11-08,Crypto Min-Variance,0.011454613774962291
2023-11-09,Crypto Min-Variance,0.028755723116324065
2023-11-10,Crypto Min-Variance,0.04151307031710948
2023-11-11,Crypto Min-Variance,0.005171338967109188
2023-11-12,Crypto Min-Variance,0.0007237848804118631
2023-11-13,Crypto Min-Variance,-0.010663537128567506
2023-11-14,Crypto Min-Variance,-0.037581776802574046
2023-11-15,Crypto Min-Variance,0.03811509100987331
2023-11-16,Crypto Min-Variance,-0.0309768027799575
2023-11-17,Crypto Min-Variance,0.010807889392617953
2023-11-18,Crypto Min-Variance,-0.0032782963074442857
2023-11-19,Crypto Min-Variance,0.013579360287630016
2023-11-20,Crypto Min-Variance,-0.010329968352954737
2023-11-21,Crypto Min-Variance,-0.04605067688317206
2023-11-22,Crypto Min-Variance,0.051254206614927335
2023-11-23,Crypto Min-Variance,0.0027818943101390755
2023-11-24,Crypto Min-Variance,0.018564577406220893
2023-11-25,Crypto Min-Variance,0.020945739818487564
2023-11-26,Crypto Min-Variance,-0.00882759466491786
2023-11-27,Crypto Min-Variance,-0.03173789955759945
2023-11-28,Crypto Min-Variance,0.011686263776993663
2023-11-29,Crypto Min-Variance,0.0015325076507897205
2023-11-30,Crypto Min-Variance,-8.976058374823348e-05
2023-12-01,Crypto Min-Variance,0.009028993592208177
2023-12-02,Crypto Min-Variance,0.010219579172740908
2023-12-03,Crypto Min-Variance,0.004869052075673919
2023-12-04,Crypto Min-Variance,0.02434885911772569
2023-12-05,Crypto Min-Variance,0.019477784706074093
2023-12-06,Crypto Min-Variance,0.0021217092016581726
2023-12-07,Crypto Min-Variance,-0.004664723988718992
2023-12-08,Crypto Min-Variance,0.02141262118531227
2023-12-09,Crypto Min-Variance,-0.004449666736005342
2023-12-10,Crypto Min-Variance,0.006768357418956543
2023-12-11,Crypto Min-Variance,-0.04619806670727384
2023-12-12,Crypto Min-Variance,0.0006384426645344311
2023-12-13,Crypto Min-Variance,0.018447348579596533
2023-12-14,Crypto Min-Variance,0.011423445484810101
2023-12-15,Crypto Min-Variance,-0.0353561275958291
2023-12-16,Crypto Min-Variance,0.009679773216864945
2023-12-17,Crypto Min-Variance,-0.012258656509983593
2023-12-18,Crypto Min-Variance,0.005701798363727866
2023-12-19,Crypto Min-Variance,-0.0059139388353396825
2023-12-20,Crypto Min-Variance,0.02520543564446098
2023-12-21,Crypto Min-Variance,0.013536726244552611
2023-12-22,Crypto Min-Variance,0.005330485634623165
2023-12-23,Crypto Min-Variance,0.00621577445162866
2023-12-24,Crypto Min-Variance,-0.009340962633629612
2023-12-25,Crypto Min-Variance,0.003141968758238466
2023-12-26,Crypto Min-Variance,-0.02586734298741322
2023-12-27,Crypto Min-Variance,0.02420963144322456
2023-12-28,Crypto Min-Variance,-0.006897506057596895
2023-12-29,Crypto Min-Variance,-0.005254711041654831
2023-12-30,Crypto Min-Variance,0.0019512831084385913
2023-12-31,Crypto Min-Variance,0.009794370752079836
2020-10-01,Crypto Max-Sharpe,-0.02419132270382822
2020-10-02,Crypto Max-Sharpe,-0.032794517059330265
2020-10-03,Crypto Max-Sharpe,0.002717982887129352
2020-10-04,Crypto Max-Sharpe,0.02339582530299848
2020-10-05,Crypto Max-Sharpe,0.007517692086226452
2020-10-06,Crypto Max-Sharpe,-0.041975544903963935
2020-10-07,Crypto Max-Sharpe,0.006213213426956668
2020-10-08,Crypto Max-Sharpe,0.025725900896737538
2020-10-09,Crypto Max-Sharpe,0.04980799793530127
2020-10-10,Crypto Max-Sharpe,0.021374232640760174
2020-10-11,Crypto Max-Sharpe,0.012591191602793
2020-10-12,Crypto Max-Sharpe,0.03324275542468552
2020-10-13,Crypto Max-Sharpe,-0.014268388294020464
2020-10-14,Crypto Max-Sharpe,-0.008640133395074514
2020-10-15,Crypto Max-Sharpe,-0.005716113925020346
2020-10-16,Crypto Max-Sharpe,-0.027331845713116178
2020-10-17,Crypto Max-Sharpe,0.01244866612327288
2020-10-18,Crypto Max-Sharpe,0.019738255206474063
2020-10-19,Crypto Max-Sharpe,0.007714931804353395
2020-10-20,Crypto Max-Sharpe,-0.0405062009763774
2020-10-21,Crypto Max-Sharpe,0.051238024202161024
2020-10-22,Crypto Max-Sharpe,0.049201735086633655
2020-10-23,Crypto Max-Sharpe,-0.015126800933927868
2020-10-24,Crypto Max-Sharpe,0.0037483549725853943
2020-10-25,Crypto Max-Sharpe,-0.015477915996287067
2020-10-26,Crypto Max-Sharpe,-0.030455836228676324
2020-10-27,Crypto Max-Sharpe,0.013660022119039657
2020-10-28,Crypto Max-Sharpe,-0.03775497864573803
2020-10-29,Crypto Max-Sharpe,-0.018285895973325243
2020-10-30,Crypto Max-Sharpe,-0.014750668151352831
2020-10-31,Crypto Max-Sharpe,0.0042459975031744705
2020-11-01,Crypto Max-Sharpe,0.028641237733789484
2020-11-02,Crypto Max-Sharpe,-0.04122875272203581
2020-11-03,Crypto Max-Sharpe,0.019687699124085155
2020-11-04,Crypto Max-Sharpe,0.016547311416589945
2020-11-05,Crypto Max-Sharpe,0.05262211970734328
2020-11-06,Crypto Max-Sharpe,0.06979362473867992
2020-11-07,Crypto Max-Sharpe,-0.05964171395038192
2020-11-08,Crypto Max-Sharpe,0.04681631741440191
2020-11-09,Crypto Max-Sharpe,-0.011581448956054502
2020-11-10,Crypto Max-Sharpe,0.0015914143066087152
2020-11-11,Crypto Max-Sharpe,0.012411709578278241
2020-11-12,Crypto Max-Sharpe,0.0073957969154596626
2020-11-13,Crypto Max-Sharpe,0.011770767458846629
2020-11-14,Crypto Max-Sharpe,-0.018015724694195764
2020-11-15,Crypto Max-Sharpe,-0.02175624852837414
2020-11-16,Crypto Max-Sharpe,0.03869590269713492
2020-11-17,Crypto Max-Sharpe,0.05357257003470881
2020-11-18,Crypto Max-Sharpe,-0.011481530559039494
2020-11-19,Crypto Max-Sharpe,-0.004209790134497957
2020-11-20,Crypto Max-Sharpe,0.08292914536512429
2020-11-21,Crypto Max-Sharpe,0.07488632825949118
2020-11-22,Crypto Max-Sharpe,0.039752313507278134
2020-11-23,Crypto Max-Sharpe,0.03779291924841213
2020-11-24,Crypto Max-Sharpe,0.06591080665618261
2020-11-25,Crypto Max-Sharpe,-0.04711585674360959
2020-11-26,Crypto Max-Sharpe,-0.09879733844994044
2020-11-27,Crypto Max-Sharpe,0.009623512217768271
2020-11-28,Crypto Max-Sharpe,0.10721109319720225
2020-11-29,Crypto Max-Sharpe,0.017778135763102693
2020-11-30,Crypto Max-Sharpe,0.05060566064590171
2020-12-01,Crypto Max-Sharpe,-0.05882994462766245
2020-12-02,Crypto Max-Sharpe,0.01802463670313984
2020-12-03,Crypto Max-Sharpe,0.01704188260407096
2020-12-04,Crypto Max-Sharpe,-0.06902557060006088
2020-12-05,Crypto Max-Sharpe,0.0427897005390249
2020-12-06,Crypto Max-Sharpe,0.010899000680309637
2020-12-07,Crypto Max-Sharpe,-0.01815850795081036
2020-12-08,Crypto Max-Sharpe,-0.06356415324959215
2020-12-09,Crypto Max-Sharpe,0.03957853566802911
2020-12-10,Crypto Max-Sharpe,-0.02828431658329849
2020-12-11,Crypto Max-Sharpe,-0.02269475599732121
2020-12-12,Crypto Max-Sharpe,0.03661605468345832
2020-12-13,Crypto Max-Sharpe,0.04024481037954629
2020-12-14,Crypto Max-Sharpe,0.0015166209894271988
2020-12-15,Crypto Max-Sharpe,-0.004082172190390021
2020-12-16,Crypto Max-Sharpe,0.1040557863347989
2020-12-17,Crypto Max-Sharpe,0.02745162115617801
2020-12-18,Crypto Max-Sharpe,0.01165142698200798
2020-12-19,Crypto Max-Sharpe,0.013242536870294551
2020-12-20,Crypto Max-Sharpe,-0.021086863386940012
2020-12-21,Crypto Max-Sharpe,-0.042636240798299876
2020-12-22,Crypto Max-Sharpe,0.022070093153022108
2020-12-23,Crypto Max-Sharpe,-0.09493968851609258
2020-12-24,Crypto Max-Sharpe,0.08838324874587528
2020-12-25,Crypto Max-Sharpe,0.020073270971623258
2020-12-26,Crypto Max-Sharpe,0.028946698142656404
2020-12-27,Crypto Max-Sharpe,0.001042984412504477
2020-12-28,Crypto Max-Sharpe,0.04667118732060363
2020-12-29,Crypto Max-Sharpe,0.011162376189375867
2020-12-30,Crypto Max-Sharpe,0.013785567762375594
2020-12-31,Crypto Max-Sharpe,-0.0047332185926198264
2021-01-01,Crypto Max-Sharpe,0.007411944525321255
2021-01-02,Crypto Max-Sharpe,0.08414746012478887
2021-01-03,Crypto Max-Sharpe,0.03747284595331519
2021-01-04,Crypto Max-Sharpe,-0.010249307214452951
2021-01-05,Crypto Max-Sharpe,0.07297592056076362
2021-01-06,Crypto Max-Sharpe,0.10640242216184605
2021-01-07,Crypto Max-Sharpe,0.04991760962369707
2021-01-08,Crypto Max-Sharpe,0.03397186181619944
2021-01-09,Crypto Max-Sharpe,-0.001150964911341244
2021-01-10,Crypto Max-Sharpe,-0.051163718819034934
2021-01-11,Crypto Max-Sharpe,-0.07589648040483676
2021-01-12,Crypto Max-Sharpe,-0.03614098150858725
2021-01-13,Crypto Max-Sharpe,0.09908071169801627
2021-01-14,Crypto Max-Sharpe,0.043443599899574005
2021-01-15,Crypto Max-Sharpe,-0.0561331067078091
2021-01-16,Crypto Max-Sharpe,0.0037471091824671197
2021-01-17,Crypto Max-Sharpe,-0.000545908046225615
2021-01-18,Crypto Max-Sharpe,0.018222538326489242
2021-01-19,Crypto Max-Sharpe,-0.013471374862070886
2021-01-20,Crypto Max-Sharpe,-0.010760894569187917
2021-01-21,Crypto Max-Sharpe,-0.13788615352071168
2021-01-22,Crypto Max-Sharpe,0.07735619276410925
2021-01-23,Crypto Max-Sharpe,-0.02629495003380831
2021-01-24,Crypto Max-Sharpe,0.009718045295618812
2021-01-25,Crypto Max-Sharpe,-0.0014670819336361355
2021-01-26,Crypto Max-Sharpe,0.005814180575980751
2021-01-27,Crypto Max-Sharpe,-0.06853754741116574
2021-01-28,Crypto Max-Sharpe,0.10009461599636432
2021-01-29,Crypto Max-Sharpe,0.02325468954438796
2021-01-30,Crypto Max-Sharpe,0.0035145329841306055
2021-01-31,Crypto Max-Sharpe,-0.035513477492315725
2021-02-01,Crypto Max-Sharpe,0.03697711090627353
2021-02-02,Crypto Max-Sharpe,0.0750479711331253
2021-02-03,Crypto Max-Sharpe,0.06693635637005554
2021-02-04,Crypto Max-Sharpe,-0.02204167537403763
2021-02-05,Crypto Max-Sharpe,0.06589510505451869
2021-02-06,Crypto Max-Sharpe,0.024758890497007448
2021-02-07,Crypto Max-Sharpe,-0.012558548076727774
2021-02-08,Crypto Max-Sharpe,0.1359087377211231
2021-02-09,Crypto Max-Sharpe,0.010510665789390602
2021-02-10,Crypto Max-Sharpe,0.0071444834964229905
2021-02-11,Crypto Max-Sharpe,0.04547255482585051
2021-02-12,Crypto Max-Sharpe,0.007491367934649363
2021-02-13,Crypto Max-Sharpe,-0.01170158842893326
2021-02-14,Crypto Max-Sharpe,0.011066711891137027
2021-02-15,Crypto Max-Sharpe,-0.012556660494423055
2021-02-16,Crypto Max-Sharpe,0.01592426549160609
2021-02-17,Crypto Max-Sharpe,0.04873566844878128
2021-02-18,Crypto Max-Sharpe,0.013648470010083829
2021-02-19,Crypto Max-Sharpe,0.05130404765384621
2021-02-20,Crypto Max-Sharpe,0.01456740975202336
2021-02-21,Crypto Max-Sharpe,0.015520163224233528
2021-02-22,Crypto Max-Sharpe,-0.05986929430660912
2021-02-23,Crypto Max-Sharpe,-0.10942313791432737
2021-02-24,Crypto Max-Sharpe,0.03216324129170861
2021-02-25,Crypto Max-Sharpe,-0.05879829593696222
2021-02-26,Crypto Max-Sharpe,-0.001317842136905447
2021-02-27,Crypto Max-Sharpe,0.008468314512371298
2021-02-28,Crypto Max-Sharpe,-0.02466798908436634
2021-03-01,Crypto Max-Sharpe,0.059749902366511266
2021-03-02,Crypto Max-Sharpe,-0.034673809980147255
2021-03-03,Crypto Max-Sharpe,0.02608752983501004
2021-03-04,Crypto Max-Sharpe,-0.054998381024880194
2021-03-05,Crypto Max-Sharpe,0.022023386578499476
2021-03-06,Crypto Max-Sharpe,-0.011651632865698288
2021-03-07,Crypto Max-Sharpe,0.030910702284917213
2021-03-08,Crypto Max-Sharpe,0.008238251124280517
2021-03-09,Crypto Max-Sharpe,0.056340692493092676
2021-03-10,Crypto Max-Sharpe,-0.004067538202838785
2021-03-11,Crypto Max-Sharpe,0.01741890024029599
2021-03-12,Crypto Max-Sharpe,-0.03243535157477637
2021-03-13,Crypto Max-Sharpe,0.06590989419357982
2021-03-14,Crypto Max-Sharpe,-0.03466409491286918
2021-03-15,Crypto Max-Sharpe,-0.04545099969720247
2021-03-16,Crypto Max-Sharpe,0.08263240214051726
2021-03-17,Crypto Max-Sharpe,0.06235675351453456
2021-03-18,Crypto Max-Sharpe,-0.04720680944688071
2021-03-19,Crypto Max-Sharpe,0.023613817737773147
2021-03-20,Crypto Max-Sharpe,-0.02657067513940497
2021-03-21,Crypto Max-Sharpe,-0.013862053414883934
2021-03-22,Crypto Max-Sharpe,-0.05726507011993876
2021-03-23,Crypto Max-Sharpe,0.006229293345282229
2021-03-24,Crypto Max-Sharpe,-0.03789491178953579
2021-03-25,Crypto Max-Sharpe,-0.00422028296445849
2021-03-26,Crypto Max-Sharpe,0.07911518101800898
2021-03-27,Crypto Max-Sharpe,-0.0012378905651026432
2021-03-28,Crypto Max-Sharpe,0.0041505162614281724
2021-03-29,Crypto Max-Sharpe,0.024104908978398135
2021-03-30,Crypto Max-Sharpe,0.016199772179316348
2021-03-31,Crypto Max-Sharpe,-0.00588545603210434
2021-04-01,Crypto Max-Sharpe,-0.006304778089580508
2021-04-02,Crypto Max-Sharpe,0.014337136236971918
2021-04-03,Crypto Max-Sharpe,-0.012309842906710007
2021-04-04,Crypto Max-Sharpe,0.04907211894198513
2021-04-05,Crypto Max-Sharpe,0.013938510961726587
2021-04-06,Crypto Max-Sharpe,-0.014603134285375376
2021-04-07,Crypto Max-Sharpe,-0.05136621368915993
2021-04-08,Crypto Max-Sharpe,0.04931655810342529
2021-04-09,Crypto Max-Sharpe,-0.010386939739437051
2021-04-10,Crypto Max-Sharpe,0.03127956896223135
2021-04-11,Crypto Max-Sharpe,0.008622177932076924
2021-04-12,Crypto Max-Sharpe,0.010141783848642942
2021-04-13,Crypto Max-Sharpe,0.07154076145593052
2021-04-14,Crypto Max-Sharpe,-0.0025218338792729377
2021-04-15,Crypto Max-Sharpe,0.026370741116657118
2021-04-16,Crypto Max-Sharpe,-0.029116084208082756
2021-04-17,Crypto Max-Sharpe,-0.017893557537816886
2021-04-18,Crypto Max-Sharpe,-0.07658104788536357
2021-04-19,Crypto Max-Sharpe,-0.028181308258654218
2021-04-20,Crypto Max-Sharpe,0.023052881819058037
2021-04-21,Crypto Max-Sharpe,-0.048589879544479214
2021-04-22,Crypto Max-Sharpe,-0.048837026993830406
2021-04-23,Crypto Max-Sharpe,-0.008828704479339127
2021-04-24,Crypto Max-Sharpe,-0.030299689012566827
2021-04-25,Crypto Max-Sharpe,-0.017458739618703853
2021-04-26,Crypto Max-Sharpe,0.11456639072953743
2021-04-27,Crypto Max-Sharpe,0.03296785477452678
2021-04-28,Crypto Max-Sharpe,-0.00117553516823919
2021-04-29,Crypto Max-Sharpe,-0.021025362748411006
2021-04-30,Crypto Max-Sharpe,0.07083221107232064
2021-05-01,Crypto Max-Sharpe,0.021611704378911616
2021-05-02,Crypto Max-Sharpe,-0.01863912926098634
2021-05-03,Crypto Max-Sharpe,0.038438278499647344
2021-05-04,Crypto Max-Sharpe,-0.04531648504193214
2021-05-05,Crypto Max-Sharpe,0.12733031364320205
2021-05-06,Crypto Max-Sharpe,0.04407670463571223
2021-05-07,Crypto Max-Sharpe,-9.114538386834916e-05
2021-05-08,Crypto Max-Sharpe,0.019929573951030753
2021-05-09,Crypto Max-Sharpe,0.01146316300441648
2021-05-10,Crypto Max-Sharpe,-0.054645185231128386
2021-05-11,Crypto Max-Sharpe,0.042607787791932195
2021-05-12,Crypto Max-Sharpe,-0.13536150785987086
2021-05-13,Crypto Max-Sharpe,0.06860364209202117
2021-05-14,Crypto Max-Sharpe,0.03423203288066499
2021-05-15,Crypto Max-Sharpe,-0.027118096654108827
2021-05-16,Crypto Max-Sharpe,0.006599440696170086
2021-05-17,Crypto Max-Sharpe,-0.07122005334416817
2021-05-18,Crypto Max-Sharpe,-0.0026202905139255605
2021-05-19,Crypto Max-Sharpe,-0.21229941308058278
2021-05-20,Crypto Max-Sharpe,0.14167531693262347
2021-05-21,Crypto Max-Sharpe,-0.11186178711073366
2021-05-22,Crypto Max-Sharpe,-0.027834654626488622
2021-05-23,Crypto Max-Sharpe,-0.09023953173235068
2021-05-24,Crypto Max-Sharpe,0.1715051878241913
2021-05-25,Crypto Max-Sharpe,0.0029035582459498795
2021-05-26,Crypto Max-Sharpe,0.060807070168763494
2021-05-27,Crypto Max-Sharpe,-0.0440690934086998
2021-05-28,Crypto Max-Sharpe,-0.07982413519036738
2021-05-29,Crypto Max-Sharpe,-0.04712958722148983
2021-05-30,Crypto Max-Sharpe,0.057174321115788886
2021-05-31,Crypto Max-Sharpe,0.07611848079787156
2021-06-01,Crypto Max-Sharpe,-0.017274082104522834
2021-06-02,Crypto Max-Sharpe,0.014192724819714533
2021-06-03,Crypto Max-Sharpe,0.04345419533747628
2021-06-04,Crypto Max-Sharpe,-0.06745490357919591
2021-06-05,Crypto Max-Sharpe,-0.02845721896969496
2021-06-06,Crypto Max-Sharpe,0.016085638345772677
2021-06-07,Crypto Max-Sharpe,-0.07067130817794429
2021-06-08,Crypto Max-Sharpe,-0.0012140661749352056
2021-06-09,Crypto Max-Sharpe,0.047473174068431975
2021-06-10,Crypto Max-Sharpe,-0.055355583619145
2021-06-11,Crypto Max-Sharpe,-0.043316932369693306
2021-06-12,Crypto Max-Sharpe,0.00664148304735685
2021-06-13,Crypto Max-Sharpe,0.0606150270518775
2021-06-14,Crypto Max-Sharpe,0.010101397475435233
2021-06-15,Crypto Max-Sharpe,0.013731879325577113
2021-06-16,Crypto Max-Sharpe,-0.07371746568113431
2021-06-17,Crypto Max-Sharpe,0.0008492968091164565
2021-06-18,Crypto Max-Sharpe,-0.05072708477980886
2021-06-19,Crypto Max-Sharpe,-0.02008703062536661
2021-06-20,Crypto Max-Sharpe,0.01995803304187865
2021-06-21,Crypto Max-Sharpe,-0.1810007118445429
2021-06-22,Crypto Max-Sharpe,-0.02772161598113809
2021-06-23,Crypto Max-Sharpe,0.08441806646559147
2021-06-24,Crypto Max-Sharpe,0.05868697085540685
2021-06-25,Crypto Max-Sharpe,-0.07881861913954236
2021-06-26,Crypto Max-Sharpe,0.005597596378755638
2021-06-27,Crypto Max-Sharpe,0.06552799002288512
2021-06-28,Crypto Max-Sharpe,0.010280920751416378
2021-06-29,Crypto Max-Sharpe,0.09665861938686156
2021-06-30,Crypto Max-Sharpe,0.01906577552392104
2021-07-01,Crypto Max-Sharpe,-0.052476074670316245
2021-07-02,Crypto Max-Sharpe,0.02988912255796536
2021-07-03,Crypto Max-Sharpe,0.026815125922034597
2021-07-04,Crypto Max-Sharpe,0.02487430768612941
2021-07-05,Crypto Max-Sharpe,-0.041983998351908844
2021-07-06,Crypto Max-Sharpe,0.020713591080651107
2021-07-07,Crypto Max-Sharpe,-0.016000609577125062
2021-07-08,Crypto Max-Sharpe,-0.06010374733486773
2021-07-09,Crypto Max-Sharpe,0.012928897653068622
2021-07-10,Crypto Max-Sharpe,-0.013550961503189341
2021-07-11,Crypto Max-Sharpe,0.010232877219005815
2021-07-12,Crypto Max-Sharpe,-0.03238449237728572
2021-07-13,Crypto Max-Sharpe,-0.04218310320870636
2021-07-14,Crypto Max-Sharpe,0.004386926961488362
2021-07-15,Crypto Max-Sharpe,-0.039373365082138824
2021-07-16,Crypto Max-Sharpe,-0.037038871950250185
2021-07-17,Crypto Max-Sharpe,0.0023619861648735405
2021-07-18,Crypto Max-Sharpe,0.008541302363357818
2021-07-19,Crypto Max-Sharpe,-0.039470022027206605
2021-07-20,Crypto Max-Sharpe,-0.048463603400775934
2021-07-21,Crypto Max-Sharpe,0.1023963741447146
2021-07-22,Crypto Max-Sharpe,0.015039927706600047
2021-07-23,Crypto Max-Sharpe,0.033138131172357276
2021-07-24,Crypto Max-Sharpe,0.03983620672095309
2021-07-25,Crypto Max-Sharpe,-0.0076694611405649675
2021-07-26,Crypto Max-Sharpe,0.017156699791433735
2021-07-27,Crypto Max-Sharpe,0.019136897394692282
2021-07-28,Crypto Max-Sharpe,0.00045266045473684336
2021-07-29,Crypto Max-Sharpe,0.007309186975331343
2021-07-30,Crypto Max-Sharpe,0.027308482264075958
2021-07-31,Crypto Max-Sharpe,0.012402661951335488
2021-08-01,Crypto Max-Sharpe,-0.005718648669849527
2021-08-02,Crypto Max-Sharpe,0.004505675337460005
2021-08-03,Crypto Max-Sharpe,0.007842967559698235
2021-08-04,Crypto Max-Sharpe,0.030360280804925154
2021-08-05,Crypto Max-Sharpe,0.014114920721408165
2021-08-06,Crypto Max-Sharpe,0.012654358679242281
2021-08-07,Crypto Max-Sharpe,0.08048922190753377
2021-08-08,Crypto Max-Sharpe,-0.03870499732622445
2021-08-09,Crypto Max-Sharpe,0.03733143944136955
2021-08-10,Crypto Max-Sharpe,0.07436159628035421
2021-08-11,Crypto Max-Sharpe,0.05400742491671412
2021-08-12,Crypto Max-Sharpe,-0.0013734846057059154
2021-08-13,Crypto Max-Sharpe,0.13247150944689795
2021-08-14,Crypto Max-Sharpe,0.024470380676729336
2021-08-15,Crypto Max-Sharpe,0.02723559991206936
2021-08-16,Crypto Max-Sharpe,-0.05075556502710697
2021-08-17,Crypto Max-Sharpe,-0.07438463735028543
2021-08-18,Crypto Max-Sharpe,0.06001792167882827
2021-08-19,Crypto Max-Sharpe,0.10868459583778642
2021-08-20,Crypto Max-Sharpe,0.02412002761700561
2021-08-21,Crypto Max-Sharpe,-0.017577643753318602
2021-08-22,Crypto Max-Sharpe,0.06725707982099596
2021-08-23,Crypto Max-Sharpe,0.05016703159295711
2021-08-24,Crypto Max-Sharpe,-0.06672947840579009
2021-08-25,Crypto Max-Sharpe,0.009258729399245982
2021-08-26,Crypto Max-Sharpe,-0.06512809647252277
2021-08-27,Crypto Max-Sharpe,0.12156088178403644
2021-08-28,Crypto Max-Sharpe,-0.019858942756043663
2021-08-29,Crypto Max-Sharpe,-0.0023848180949238673
2021-08-30,Crypto Max-Sharpe,-0.032226128610734595
2021-08-31,Crypto Max-Sharpe,0.027435412200789495
2021-09-01,Crypto Max-Sharpe,0.052332741176734685
2021-09-02,Crypto Max-Sharpe,0.016609677210625572
2021-09-03,Crypto Max-Sharpe,0.012172929270141271
2021-09-04,Crypto Max-Sharpe,-0.03579161879321532
2021-09-05,Crypto Max-Sharpe,0.036880370198248635
2021-09-06,Crypto Max-Sharpe,-0.01886984050363858
2021-09-07,Crypto Max-Sharpe,-0.13676425903559786
2021-09-08,Crypto Max-Sharpe,-0.008244499515091683
2021-09-09,Crypto Max-Sharpe,0.011471809501460433
2021-09-10,Crypto Max-Sharpe,-0.050917370963809536
2021-09-11,Crypto Max-Sharpe,0.07511609883721031
2021-09-12,Crypto Max-Sharpe,-0.00567174432812158
2021-09-13,Crypto Max-Sharpe,-0.060425697059791415
2021-09-14,Crypto Max-Sharpe,0.007779558596122973
2021-09-15,Crypto Max-Sharpe,0.04305389630978878
2021-09-16,Crypto Max-Sharpe,-0.027483603586237994
2021-09-17,Crypto Max-Sharpe,-0.030452428897171174
2021-09-18,Crypto Max-Sharpe,0.010259214301596426
2021-09-19,Crypto Max-Sharpe,-0.035717403244849996
2021-09-20,Crypto Max-Sharpe,-0.10182035730171006
2021-09-21,Crypto Max-Sharpe,-0.04615872724258081
2021-09-22,Crypto Max-Sharpe,0.13365151649342039
2021-09-23,Crypto Max-Sharpe,0.021578791675024585
2021-09-24,Crypto Max-Sharpe,-0.03746819591278345
2021-09-25,Crypto Max-Sharpe,0.004415021336390641
2021-09-26,Crypto Max-Sharpe,-0.025041857839163503
2021-09-27,Crypto Max-Sharpe,-0.03448182529638093
2021-09-28,Crypto Max-Sharpe,-0.036304114710932645
2021-09-29,Crypto Max-Sharpe,0.013127815786582479
2021-09-30,Crypto Max-Sharpe,0.027412073781822595
2021-10-01,Crypto Max-Sharpe,0.08200628081173528
2021-10-02,Crypto Max-Sharpe,0.0065932041996655125
2021-10-03,Crypto Max-Sharpe,0.0037749130125345033
2021-10-04,Crypto Max-Sharpe,-0.024843775626833046
2021-10-05,Crypto Max-Sharpe,0.026962521000889448
2021-10-06,Crypto Max-Sharpe,-0.0035039748854810582
2021-10-07,Crypto Max-Sharpe,0.013312270133935102
2021-10-08,Crypto Max-Sharpe,-0.014542579028033027
2021-10-09,Crypto Max-Sharpe,0.027626149902356824
2021-10-10,Crypto Max-Sharpe,-0.034171892813854736
2021-10-11,Crypto Max-Sharpe,-0.0008198376688195291
2021-10-12,Crypto Max-Sharpe,-0.024970804767931804
2021-10-13,Crypto Max-Sharpe,0.025514436296869995
2021-10-14,Crypto Max-Sharpe,0.001298465133668872
2021-10-15,Crypto Max-Sharpe,0.012212988337785202
2021-10-16,Crypto Max-Sharpe,-0.011725457535755553
2021-10-17,Crypto Max-Sharpe,-0.015010676533789628
2021-10-18,Crypto Max-Sharpe,-0.012149392873152842
2021-10-19,Crypto Max-Sharpe,-0.0009766882289047527
2021-10-20,Crypto Max-Sharpe,0.040069703754351385
2021-10-21,Crypto Max-Sharpe,-0.018389424886611168
2021-10-22,Crypto Max-Sharpe,-1.40167544889617e-05
2021-10-23,Crypto Max-Sharpe,0.01190865200998859
2021-10-24,Crypto Max-Sharpe,-0.017818889873513183
2021-10-25,Crypto Max-Sharpe,0.008554358846401827
2021-10-26,Crypto Max-Sharpe,-0.007073254318738474
2021-10-27,Crypto Max-Sharpe,-0.10337797684312111
2021-10-28,Crypto Max-Sharpe,0.051760690968804694
2021-10-29,Crypto Max-Sharpe,0.017468421165953516
2021-10-30,Crypto Max-Sharpe,-0.02092714415579038
2021-10-31,Crypto Max-Sharpe,0.013700068976088567
2021-11-01,Crypto Max-Sharpe,-0.005866102733772566
2021-11-02,Crypto Max-Sharpe,0.037595592483470226
2021-11-03,Crypto Max-Sharpe,0.015864840133367603
2021-11-04,Crypto Max-Sharpe,-0.022528163589636503
2021-11-05,Crypto Max-Sharpe,-0.014119607567244065
2021-11-06,Crypto Max-Sharpe,-0.0030182803353626716
2021-11-07,Crypto Max-Sharpe,0.026406048785357593
2021-11-08,Crypto Max-Sharpe,0.046459865780744014
2021-11-09,Crypto Max-Sharpe,0.03472068341561684
2021-11-10,Crypto Max-Sharpe,-0.05104269081323003
2021-11-11,Crypto Max-Sharpe,0.010467675998583732
2021-11-12,Crypto Max-Sharpe,-0.020568832777082328
2021-11-13,Crypto Max-Sharpe,0.0073598277906651716
2021-11-14,Crypto Max-Sharpe,-0.003999459712282225
2021-11-15,Crypto Max-Sharpe,-0.02000990728804808
2021-11-16,Crypto Max-Sharpe,-0.07151752745130882
2021-11-17,Crypto Max-Sharpe,0.009249971530232864
2021-11-18,Crypto Max-Sharpe,-0.05739609312884208
2021-11-19,Crypto Max-Sharpe,0.05534367779872462
2021-11-20,Crypto Max-Sharpe,0.011623304684270412
2021-11-21,Crypto Max-Sharpe,-0.01998950884939983
2021-11-22,Crypto Max-Sharpe,-0.03699846155721116
2021-11-23,Crypto Max-Sharpe,0.03348584771215182
2021-11-24,Crypto Max-Sharpe,-0.023875498483853452
2021-11-25,Crypto Max-Sharpe,-0.0011921297479668108
2021-11-26,Crypto Max-Sharpe,-0.05102022472881032
2021-11-27,Crypto Max-Sharpe,0.010833485807532137
2021-11-28,Crypto Max-Sharpe,0.025501462171115305
2021-11-29,Crypto Max-Sharpe,0.022850810649688334
2021-11-30,Crypto Max-Sharpe,0.014333396235628387
2021-12-01,Crypto Max-Sharpe,-0.009773083779684496
2021-12-02,Crypto Max-Sharpe,-0.016825272714620816
2021-12-03,Crypto Max-Sharpe,-0.056867158158715486
2021-12-04,Crypto Max-Sharpe,-0.06484690203902889
2021-12-05,Crypto Max-Sharpe,0.005024735289266074
2021-12-06,Crypto Max-Sharpe,0.028959953115825263
2021-12-07,Crypto Max-Sharpe,-0.0029034360768276503
2021-12-08,Crypto Max-Sharpe,0.0296822051691039
2021-12-09,Crypto Max-Sharpe,-0.07600018353472672
2021-12-10,Crypto Max-Sharpe,-0.042270949168411065
2021-12-11,Crypto Max-Sharpe,0.04361928603805906
2021-12-12,Crypto Max-Sharpe,0.006434176499108669
2021-12-13,Crypto Max-Sharpe,-0.09025146869165795
2021-12-14,Crypto Max-Sharpe,-0.003200755835656206
2021-12-15,Crypto Max-Sharpe,0.062004994779636426
2021-12-16,Crypto Max-Sharpe,-0.018355876344365047
2021-12-17,Crypto Max-Sharpe,-0.022158404638886846
2021-12-18,Crypto Max-Sharpe,0.020741967155451346
2021-12-19,Crypto Max-Sharpe,-0.008035989223150016
2021-12-20,Crypto Max-Sharpe,-0.0025152208542163637
2021-12-21,Crypto Max-Sharpe,0.0230924119392614
2021-12-22,Crypto Max-Sharpe,-0.001185677299728025
2021-12-23,Crypto Max-Sharpe,0.039476500525766685
2021-12-24,Crypto Max-Sharpe,-0.009331922670866908
2021-12-25,Crypto Max-Sharpe,0.013894736640225438
2021-12-26,Crypto Max-Sharpe,-0.005289127127070201
2021-12-27,Crypto Max-Sharpe,-0.007911268588488668
2021-12-28,Crypto Max-Sharpe,-0.0632774453582402
2021-12-29,Crypto Max-Sharpe,-0.03704775775510485
2021-12-30,Crypto Max-Sharpe,0.01975475372281941
2021-12-31,Crypto Max-Sharpe,-0.01085828273518304
2022-01-01,Crypto Max-Sharpe,0.02364183816775102
2022-01-02,Crypto Max-Sharpe,0.015881361175891232
2022-01-03,Crypto Max-Sharpe,-0.017804782359288625
2022-01-04,Crypto Max-Sharpe,0.00868730793151572
2022-01-05,Crypto Max-Sharpe,-0.0642240485092587
2022-01-06,Crypto Max-Sharpe,-0.03717306342804149
2022-01-07,Crypto Max-Sharpe,-0.06587795854818668
2022-01-08,Crypto Max-Sharpe,-0.03170407794247289
2022-01-09,Crypto Max-Sharpe,0.021274058960640163
2022-01-10,Crypto Max-Sharpe,-0.023641368006401726
2022-01-11,Crypto Max-Sharpe,0.050278543492037656
2022-01-12,Crypto Max-Sharpe,0.04142745718356025
2022-01-13,Crypto Max-Sharpe,-0.0367616343427133
2022-01-14,Crypto Max-Sharpe,0.01899858624470976
2022-01-15,Crypto Max-Sharpe,0.0062022017491672006
2022-01-16,Crypto Max-Sharpe,0.006122481592311328
2022-01-17,Crypto Max-Sharpe,-0.04136680845756068
2022-01-18,Crypto Max-Sharpe,-0.015029639521672682
2022-01-19,Crypto Max-Sharpe,-0.021554575451392294
2022-01-20,Crypto Max-Sharpe,-0.030591452089873714
2022-01-21,Crypto Max-Sharpe,-0.14767435465989756
2022-01-22,Crypto Max-Sharpe,-0.05971640752836041
2022-01-23,Crypto Max-Sharpe,0.0539909062690387
2022-01-24,Crypto Max-Sharpe,-0.037351206527266326
2022-01-25,Crypto Max-Sharpe,0.006385456601614823
2022-01-26,Crypto Max-Sharpe,0.004924891967899033
2022-01-27,Crypto Max-Sharpe,-0.018244935331225953
2022-01-28,Crypto Max-Sharpe,0.05121368460412513
2022-01-29,Crypto Max-Sharpe,0.019627353458854916
2022-01-30,Crypto Max-Sharpe,0.002457307571148917
2022-01-31,Crypto Max-Sharpe,0.032576664282588215
2022-02-01,Crypto Max-Sharpe,0.03862634283851249
2022-02-02,Crypto Max-Sharpe,-0.0391327355753223
2022-02-03,Crypto Max-Sharpe,-0.001375925132200733
2022-02-04,Crypto Max-Sharpe,0.11362666703116969
2022-02-05,Crypto Max-Sharpe,0.010410717097086845
2022-02-06,Crypto Max-Sharpe,0.01420659331119148
2022-02-07,Crypto Max-Sharpe,0.027798951436755908
2022-02-08,Crypto Max-Sharpe,-0.006320523697205233
2022-02-09,Crypto Max-Sharpe,0.03742011953678622
2022-02-10,Crypto Max-Sharpe,-0.05000061799033159
2022-02-11,Crypto Max-Sharpe,-0.04877319319619968
2022-02-12,Crypto Max-Sharpe,-0.0034231086563658365
2022-02-13,Crypto Max-Sharpe,-0.011619882910758427
2022-02-14,Crypto Max-Sharpe,0.017345677203978154
2022-02-15,Crypto Max-Sharpe,0.08399521286202115
2022-02-16,Crypto Max-Sharpe,-0.016367650670717774
2022-02-17,Crypto Max-Sharpe,-0.0787600791533168
2022-02-18,Crypto Max-Sharpe,-0.033230954327666394
2022-02-19,Crypto Max-Sharpe,-0.007906863423876892
2022-02-20,Crypto Max-Sharpe,-0.04886661978848285
2022-02-21,Crypto Max-Sharpe,-0.02085949365019464
2022-02-22,Crypto Max-Sharpe,0.025442047983414796
2022-02-23,Crypto Max-Sharpe,-0.018542685538320423
2022-02-24,Crypto Max-Sharpe,0.002975463126547313
2022-02-25,Crypto Max-Sharpe,0.06407398153092878
2022-02-26,Crypto Max-Sharpe,0.005996005841990322
2022-02-27,Crypto Max-Sharpe,-0.057282867108741524
2022-02-28,Crypto Max-Sharpe,0.11343321941725881
2022-03-01,Crypto Max-Sharpe,0.018805868685686285
2022-03-02,Crypto Max-Sharpe,-0.00766427839626569
2022-03-03,Crypto Max-Sharpe,-0.038837802383116966
2022-03-04,Crypto Max-Sharpe,-0.07675770414975526
2022-03-05,Crypto Max-Sharpe,0.01748018708060942
2022-03-06,Crypto Max-Sharpe,-0.040156450520373074
2022-03-07,Crypto Max-Sharpe,-0.021574441306028775
2022-03-08,Crypto Max-Sharpe,0.03073005537963995
2022-03-09,Crypto Max-Sharpe,0.06095317679620517
2022-03-10,Crypto Max-Sharpe,-0.045621866766410585
2022-03-11,Crypto Max-Sharpe,-0.018443519636112085
2022-03-12,Crypto Max-Sharpe,0.005734999684988716
2022-03-13,Crypto Max-Sharpe,-0.022023097073885636
2022-03-14,Crypto Max-Sharpe,0.02973484541778058
2022-03-15,Crypto Max-Sharpe,0.01011160068817886
2022-03-16,Crypto Max-Sharpe,0.057202005619041416
2022-03-17,Crypto Max-Sharpe,0.014151110097622013
2022-03-18,Crypto Max-Sharpe,0.04471750359866492
2022-03-19,Crypto Max-Sharpe,0.0008871058421900263
2022-03-20,Crypto Max-Sharpe,-0.028687207987837696
2022-03-21,Crypto Max-Sharpe,0.012012379052009234
2022-03-22,Crypto Max-Sharpe,0.026269399536571623
2022-03-23,Crypto Max-Sharpe,0.01904622880138741
2022-03-24,Crypto Max-Sharpe,0.025369678524323043
2022-03-25,Crypto Max-Sharpe,0.00014607274126868247
2022-03-26,Crypto Max-Sharpe,0.011218489325177248
2022-03-27,Crypto Max-Sharpe,0.04752754000042042
2022-03-28,Crypto Max-Sharpe,0.013232590885755601
2022-03-29,Crypto Max-Sharpe,0.018791283386307225
2022-03-30,Crypto Max-Sharpe,-0.005174030299809131
2022-03-31,Crypto Max-Sharpe,-0.030694564208385178
2022-04-01,Crypto Max-Sharpe,0.04905693549018823
2022-04-02,Crypto Max-Sharpe,-0.0014293985976917248
2022-04-03,Crypto Max-Sharpe,0.022532305040131182
2022-04-04,Crypto Max-Sharpe,-0.0015474383575318613
2022-04-05,Crypto Max-Sharpe,-0.029908918068379784
2022-04-06,Crypto Max-Sharpe,-0.07028434052471523
2022-04-07,Crypto Max-Sharpe,0.02035896848724022
2022-04-08,Crypto Max-Sharpe,-0.014571292723208971
2022-04-09,Crypto Max-Sharpe,0.02132271975888544
2022-04-10,Crypto Max-Sharpe,-0.014968916999979752
2022-04-11,Crypto Max-Sharpe,-0.07243821570946725
2022-04-12,Crypto Max-Sharpe,0.01742116912688875
2022-04-13,Crypto Max-Sharpe,0.027887439708047777
2022-04-14,Crypto Max-Sharpe,-0.029416208414493994
2022-04-15,Crypto Max-Sharpe,0.011418401741694529
2022-04-16,Crypto Max-Sharpe,0.006317032080978158
2022-04-17,Crypto Max-Sharpe,-0.023357042775917082
2022-04-18,Crypto Max-Sharpe,0.02134496567314448
2022-04-19,Crypto Max-Sharpe,0.014844169199842818
2022-04-20,Crypto Max-Sharpe,-0.009760180305752778
2022-04-21,Crypto Max-Sharpe,-0.0290830754395969
2022-04-22,Crypto Max-Sharpe,-0.008272812446795083
2022-04-23,Crypto Max-Sharpe,-0.00943255374648166
2022-04-24,Crypto Max-Sharpe,-0.005683253888377573
2022-04-25,Crypto Max-Sharpe,0.027491120426847
2022-04-26,Crypto Max-Sharpe,-0.06737146117710152
2022-04-27,Crypto Max-Sharpe,0.02797856317763906
2022-04-28,Crypto Max-Sharpe,0.014882049705868176
2022-04-29,Crypto Max-Sharpe,-0.041907391642807754
2022-04-30,Crypto Max-Sharpe,-0.030905050950854177
2022-05-01,Crypto Max-Sharpe,0.03573723860073182
2022-05-02,Crypto Max-Sharpe,0.010486865128902716
2022-05-03,Crypto Max-Sharpe,-0.025874505818675106
2022-05-04,Crypto Max-Sharpe,0.05646480841047279
2022-05-05,Crypto Max-Sharpe,-0.06509852608755552
2022-05-06,Crypto Max-Sharpe,-0.019726880303197504
2022-05-07,Crypto Max-Sharpe,-0.021850523755786142
2022-05-08,Crypto Max-Sharpe,-0.04500336515045187
2022-05-09,Crypto Max-Sharpe,-0.10805714698013388
2022-05-10,Crypto Max-Sharpe,0.04368007377831033
2022-05-11,Crypto Max-Sharpe,-0.11581014355526478
2022-05-12,Crypto Max-Sharpe,-0.053282488294059085
2022-05-13,Crypto Max-Sharpe,0.0268729334107186
2022-05-14,Crypto Max-Sharpe,0.020778065161833236
2022-05-15,Crypto Max-Sharpe,0.04349267877534671
2022-05-16,Crypto Max-Sharpe,-0.057314837096923824
2022-05-17,Crypto Max-Sharpe,0.03346139276414235
2022-05-18,Crypto Max-Sharpe,-0.08311915841461588
2022-05-19,Crypto Max-Sharpe,0.05305075450376645
2022-05-20,Crypto Max-Sharpe,-0.02825124393605742
2022-05-21,Crypto Max-Sharpe,0.006731520527228949
2022-05-22,Crypto Max-Sharpe,0.0347689130569449
2022-05-23,Crypto Max-Sharpe,-0.034744184518137246
2022-05-24,Crypto Max-Sharpe,0.0034484158752532894
2022-05-25,Crypto Max-Sharpe,-0.017258819749310202
2022-05-26,Crypto Max-Sharpe,-0.07245605236746361
2022-05-27,Crypto Max-Sharpe,-0.04378840002928744
2022-05-28,Crypto Max-Sharpe,0.01914225953266715
2022-05-29,Crypto Max-Sharpe,0.03076850112203557
2022-05-30,Crypto Max-Sharpe,0.10176993535099806
2022-05-31,Crypto Max-Sharpe,-0.027104869889641853
2022-06-01,Crypto Max-Sharpe,-0.008516339710219428
2022-06-02,Crypto Max-Sharpe,0.008924915904946065
2022-06-03,Crypto Max-Sharpe,-0.03651199348035507
2022-06-04,Crypto Max-Sharpe,-0.00957555360347839
2022-06-05,Crypto Max-Sharpe,0.013177089958018579
2022-06-06,Crypto Max-Sharpe,0.003426355634413424
2022-06-07,Crypto Max-Sharpe,0.003769744996903619
2022-06-08,Crypto Max-Sharpe,-0.016777864091887754
2022-06-09,Crypto Max-Sharpe,0.004204042995810336
2022-06-10,Crypto Max-Sharpe,-0.025093907437285057
2022-06-11,Crypto Max-Sharpe,-0.03796357082751816
2022-06-12,Crypto Max-Sharpe,0.006267465900107796
2022-06-13,Crypto Max-Sharpe,-0.16525123860314025
2022-06-14,Crypto Max-Sharpe,-0.12552909351544672
2022-06-15,Crypto Max-Sharpe,0.12811457007507213
2022-06-16,Crypto Max-Sharpe,-0.06106491700214197
2022-06-17,Crypto Max-Sharpe,0.01326787144829436
2022-06-18,Crypto Max-Sharpe,0.017520138991895497
2022-06-19,Crypto Max-Sharpe,0.009388895965015753
2022-06-20,Crypto Max-Sharpe,-0.005577667473292906
2022-06-21,Crypto Max-Sharpe,0.06040688099228974
2022-06-22,Crypto Max-Sharpe,-0.026539834684574014
2022-06-23,Crypto Max-Sharpe,0.009853533091908985
2022-06-24,Crypto Max-Sharpe,0.03378970820168073
2022-06-25,Crypto Max-Sharpe,-0.014976910332770262
2022-06-26,Crypto Max-Sharpe,0.0007701480956911868
2022-06-27,Crypto Max-Sharpe,0.03244874600312863
2022-06-28,Crypto Max-Sharpe,-0.015416255334360342
2022-06-29,Crypto Max-Sharpe,-0.0182924971822548
2022-06-30,Crypto Max-Sharpe,-0.0011568339800731603
2022-07-01,Crypto Max-Sharpe,0.002918676202519941
2022-07-02,Crypto Max-Sharpe,-0.0027408509429555027
2022-07-03,Crypto Max-Sharpe,0.022851584856107058
2022-07-04,Crypto Max-Sharpe,0.01497448992215846
2022-07-05,Crypto Max-Sharpe,0.014218133416779898
2022-07-06,Crypto Max-Sharpe,-0.008915808026445081
2022-07-07,Crypto Max-Sharpe,0.015654201151573694
2022-07-08,Crypto Max-Sharpe,0.005506639248160411
2022-07-09,Crypto Max-Sharpe,0.01174992249548135
2022-07-10,Crypto Max-Sharpe,-0.03130325567728923
2022-07-11,Crypto Max-Sharpe,-0.043298327086059546
2022-07-12,Crypto Max-Sharpe,-0.0011434093422714286
2022-07-13,Crypto Max-Sharpe,0.024735456794090532
2022-07-14,Crypto Max-Sharpe,0.009646287784761858
2022-07-15,Crypto Max-Sharpe,0.0028258556827358626
2022-07-16,Crypto Max-Sharpe,0.027224929424934288
2022-07-17,Crypto Max-Sharpe,-0.021336190558892475
2022-07-18,Crypto Max-Sharpe,0.02448568763032615
2022-07-19,Crypto Max-Sharpe,0.0009264959728163643
2022-07-20,Crypto Max-Sharpe,-0.02222954495445197
2022-07-21,Crypto Max-Sharpe,0.006315993647637804
2022-07-22,Crypto Max-Sharpe,-0.014375485976497843
2022-07-23,Crypto Max-Sharpe,-0.0014168035950877797
2022-07-24,Crypto Max-Sharpe,-0.00022398808957523102
2022-07-25,Crypto Max-Sharpe,-0.04614309156342881
2022-07-26,Crypto Max-Sharpe,0.02324014088837334
2022-07-27,Crypto Max-Sharpe,0.05090373027344768
2022-07-28,Crypto Max-Sharpe,0.01588878544627529
2022-07-29,Crypto Max-Sharpe,-0.006680486349147199
2022-07-30,Crypto Max-Sharpe,-0.0021215176948339272
2022-07-31,Crypto Max-Sharpe,-0.0028924973298035716
2022-08-01,Crypto Max-Sharpe,-0.037713626748164364
2022-08-02,Crypto Max-Sharpe,0.04231814869993577
2022-08-03,Crypto Max-Sharpe,-0.015241665358177394
2022-08-04,Crypto Max-Sharpe,-0.03335217056145956
2022-08-05,Crypto Max-Sharpe,0.09922749492462324
2022-08-06,Crypto Max-Sharpe,-0.01085509457290135
2022-08-07,Crypto Max-Sharpe,-0.0032315128243923775
2022-08-08,Crypto Max-Sharpe,0.007481817281771229
2022-08-09,Crypto Max-Sharpe,-0.04165058947903489
2022-08-10,Crypto Max-Sharpe,0.06331010122317894
2022-08-11,Crypto Max-Sharpe,0.09112905942611937
2022-08-12,Crypto Max-Sharpe,0.02810762051372051
2022-08-13,Crypto Max-Sharpe,0.0019042276910496974
2022-08-14,Crypto Max-Sharpe,-0.044592959001860666
2022-08-15,Crypto Max-Sharpe,0.009580759883547117
2022-08-16,Crypto Max-Sharpe,-0.04869819315779644
2022-08-17,Crypto Max-Sharpe,0.0064254889987869195
2022-08-18,Crypto Max-Sharpe,-0.015422537496979647
2022-08-19,Crypto Max-Sharpe,-0.16770785991580298
2022-08-20,Crypto Max-Sharpe,-0.0026107770672251195
2022-08-21,Crypto Max-Sharpe,0.02484100477342733
2022-08-22,Crypto Max-Sharpe,0.010152523520609469
2022-08-23,Crypto Max-Sharpe,0.008457545541859407
2022-08-24,Crypto Max-Sharpe,0.029484841107094706
2022-08-25,Crypto Max-Sharpe,0.051649881143130516
2022-08-26,Crypto Max-Sharpe,-0.08741025297798978
2022-08-27,Crypto Max-Sharpe,-0.026516156550363434
2022-08-28,Crypto Max-Sharpe,-0.06419132144199359
2022-08-29,Crypto Max-Sharpe,0.08779453230308844
2022-08-30,Crypto Max-Sharpe,-0.03793446625625952
2022-08-31,Crypto Max-Sharpe,0.0033775378911813404
2022-09-01,Crypto Max-Sharpe,0.01536540315413704
2022-09-02,Crypto Max-Sharpe,-0.01356340553087465
2022-09-03,Crypto Max-Sharpe,-0.006652541188020612
2022-09-04,Crypto Max-Sharpe,0.006225759079670602
2022-09-05,Crypto Max-Sharpe,0.21734620267723814
2022-09-06,Crypto Max-Sharpe,-0.12378078884445143
2022-09-07,Crypto Max-Sharpe,0.07636679928418943
2022-09-08,Crypto Max-Sharpe,-0.004032575527606717
2022-09-09,Crypto Max-Sharpe,0.05731056334213159
2022-09-10,Crypto Max-Sharpe,0.0029540362690008166
2022-09-11,Crypto Max-Sharpe,-0.02183662382953344
2022-09-12,Crypto Max-Sharpe,-0.003079269180967125
2022-09-13,Crypto Max-Sharpe,-0.05918614931716205
2022-09-14,Crypto Max-Sharpe,0.08926133870400421
2022-09-15,Crypto Max-Sharpe,-0.09488338092589466
2022-09-16,Crypto Max-Sharpe,-0.04335069004224468
2022-09-17,Crypto Max-Sharpe,0.011277586497009166
2022-09-18,Crypto Max-Sharpe,-0.1421599601907424
2022-09-19,Crypto Max-Sharpe,0.02980915669988038
2022-09-20,Crypto Max-Sharpe,-0.04128723001847179
2022-09-21,Crypto Max-Sharpe,-0.04294938850065355
2022-09-22,Crypto Max-Sharpe,0.02588744037929836
2022-09-23,Crypto Max-Sharpe,0.009999796840097552
2022-09-24,Crypto Max-Sharpe,-0.006731812387183791
2022-09-25,Crypto Max-Sharpe,-0.013922913810476613
2022-09-26,Crypto Max-Sharpe,0.004158259638217035
2022-09-27,Crypto Max-Sharpe,-0.010526778122594393
2022-09-28,Crypto Max-Sharpe,-0.01684129131769696
2022-09-29,Crypto Max-Sharpe,0.004981862392405168
2022-09-30,Crypto Max-Sharpe,-0.0029513638826588195
2022-10-01,Crypto Max-Sharpe,-0.006770668284265638
2022-10-02,Crypto Max-Sharpe,-0.01853283345238836
2022-10-03,Crypto Max-Sharpe,0.01835902655202194
2022-10-04,Crypto Max-Sharpe,0.017031656754817718
2022-10-05,Crypto Max-Sharpe,-0.00945495162550592
2022-10-06,Crypto Max-Sharpe,0.006611205690386551
2022-10-07,Crypto Max-Sharpe,-0.01094464223868327
2022-10-08,Crypto Max-Sharpe,-0.01744241344653951
2022-10-09,Crypto Max-Sharpe,0.0012019370752077362
2022-10-10,Crypto Max-Sharpe,-0.08763901376254453
2022-10-11,Crypto Max-Sharpe,-0.020304250829508687
2022-10-12,Crypto Max-Sharpe,0.0035679465452494548
2022-10-13,Crypto Max-Sharpe,-0.03133254414545038
2022-10-14,Crypto Max-Sharpe,0.012432387293646412
2022-10-15,Crypto Max-Sharpe,-0.018847453209095092
2022-10-16,Crypto Max-Sharpe,0.013401475963881337
2022-10-17,Crypto Max-Sharpe,0.02894334254531623
2022-10-18,Crypto Max-Sharpe,-0.01705013360409524
2022-10-19,Crypto Max-Sharpe,-0.04004647036872986
2022-10-20,Crypto Max-Sharpe,-0.025203784042837706
2022-10-21,Crypto Max-Sharpe,0.013554415177794604
2022-10-22,Crypto Max-Sharpe,0.0467885070312106
2022-10-23,Crypto Max-Sharpe,0.006908172593115064
2022-10-24,Crypto Max-Sharpe,-0.028735380349477212
2022-10-25,Crypto Max-Sharpe,0.08185956216828863
2022-10-26,Crypto Max-Sharpe,0.028611648627184596
2022-10-27,Crypto Max-Sharpe,-0.024464728429005683
2022-10-28,Crypto Max-Sharpe,0.025780935619845527
2022-10-29,Crypto Max-Sharpe,0.013615119137432914
2022-10-30,Crypto Max-Sharpe,-0.04698254324384456
2022-10-31,Crypto Max-Sharpe,-0.008628751723955821
2022-11-01,Crypto Max-Sharpe,-0.008547773336487503
2022-11-02,Crypto Max-Sharpe,-0.03241429476307006
2022-11-03,Crypto Max-Sharpe,0.023788881710185915
2022-11-04,Crypto Max-Sharpe,0.05183683673636176
2022-11-05,Crypto Max-Sharpe,0.01126570029936663
2022-11-06,Crypto Max-Sharpe,-0.03580266309506567
2022-11-07,Crypto Max-Sharpe,-0.0002098467548341837
2022-11-08,Crypto Max-Sharpe,-0.08994742090811561
2022-11-09,Crypto Max-Sharpe,-0.12259421216876765
2022-11-10,Crypto Max-Sharpe,0.1340756051063032
2022-11-11,Crypto Max-Sharpe,-0.02753097399132507
2022-11-12,Crypto Max-Sharpe,-0.03055550987314869
2022-11-13,Crypto Max-Sharpe,-0.050946711891473866
2022-11-14,Crypto Max-Sharpe,0.002063730165493056
2022-11-15,Crypto Max-Sharpe,0.00971195421074585
2022-11-16,Crypto Max-Sharpe,-0.018964380217087018
2022-11-17,Crypto Max-Sharpe,-0.008374229622422513
2022-11-18,Crypto Max-Sharpe,0.0042250542634034915
2022-11-19,Crypto Max-Sharpe,0.014556056255620448
2022-11-20,Crypto Max-Sharpe,-0.05370927387500361
2022-11-21,Crypto Max-Sharpe,0.010594847029087966
2022-11-22,Crypto Max-Sharpe,0.0025414031094639455
2022-11-23,Crypto Max-Sharpe,0.060686653887949485
2022-11-24,Crypto Max-Sharpe,0.008428652190310075
2022-11-25,Crypto Max-Sharpe,-0.0021981968560666715
2022-11-26,Crypto Max-Sharpe,-0.006686625906379746
2022-11-27,Crypto Max-Sharpe,0.003326253129813731
2022-11-28,Crypto Max-Sharpe,-0.013754073384560143
2022-11-29,Crypto Max-Sharpe,0.0074503987079197415
2022-11-30,Crypto Max-Sharpe,0.03158904192133484
2022-12-01,Crypto Max-Sharpe,-0.008622418697799457
2022-12-02,Crypto Max-Sharpe,0.004930365263350563
2022-12-03,Crypto Max-Sharpe,-0.014387830777725319
2022-12-04,Crypto Max-Sharpe,-0.00827768976995335
2022-12-05,Crypto Max-Sharpe,0.0020866779521142528
2022-12-06,Crypto Max-Sharpe,0.00669727594305991
2022-12-07,Crypto Max-Sharpe,-0.01030518821422023
2022-12-08,Crypto Max-Sharpe,0.026040766847645898
2022-12-09,Crypto Max-Sharpe,0.002954554699220675
2022-12-10,Crypto Max-Sharpe,0.002506747585663939
2022-12-11,Crypto Max-Sharpe,-0.015313057301952988
2022-12-12,Crypto Max-Sharpe,-0.00826674600916244
2022-12-13,Crypto Max-Sharpe,0.01734416634714565
2022-12-14,Crypto Max-Sharpe,0.02265170619228484
2022-12-15,Crypto Max-Sharpe,0.0019401410505497255
2022-12-16,Crypto Max-Sharpe,-0.05054322753452695
2022-12-17,Crypto Max-Sharpe,0.03618163911361228
2022-12-18,Crypto Max-Sharpe,-0.019737228909789573
2022-12-19,Crypto Max-Sharpe,-0.002900279985477838
2022-12-20,Crypto Max-Sharpe,0.025227534308138077
2022-12-21,Crypto Max-Sharpe,-0.002509836771517292
2022-12-22,Crypto Max-Sharpe,0.012853939776316775
2022-12-23,Crypto Max-Sharpe,-0.02368951281661646
2022-12-24,Crypto Max-Sharpe,0.009329642111524539
2022-12-25,Crypto Max-Sharpe,0.0013152366425595028
2022-12-26,Crypto Max-Sharpe,-0.004779794727763343
2022-12-27,Crypto Max-Sharpe,-0.008175671010812744
2022-12-28,Crypto Max-Sharpe,0.0007208084787291092
2022-12-29,Crypto Max-Sharpe,-0.002419426193155834
2022-12-30,Crypto Max-Sharpe,0.006664885887726959
2022-12-31,Crypto Max-Sharpe,0.0023172931538555388
2023-01-01,Crypto Max-Sharpe,0.005871604483253634
2023-01-02,Crypto Max-Sharpe,0.0061473404608105575
2023-01-03,Crypto Max-Sharpe,-0.0058741353391380535
2023-01-04,Crypto Max-Sharpe,-0.0018419578179974527
2023-01-05,Crypto Max-Sharpe,-0.019568052265690805
2023-01-06,Crypto Max-Sharpe,-0.02174762565764965
2023-01-07,Crypto Max-Sharpe,-0.009048664309506682
2023-01-08,Crypto Max-Sharpe,0.0345258406341451
2023-01-09,Crypto Max-Sharpe,0.015070137078777135
2023-01-10,Crypto Max-Sharpe,0.0028557876995038978
2023-01-11,Crypto Max-Sharpe,0.031105106677934202
2023-01-12,Crypto Max-Sharpe,0.011064678165608077
2023-01-13,Crypto Max-Sharpe,0.050778321577011454
2023-01-14,Crypto Max-Sharpe,0.0310609916891591
2023-01-15,Crypto Max-Sharpe,0.007773709944775886
2023-01-16,Crypto Max-Sharpe,0.0011867806318595076
2023-01-17,Crypto Max-Sharpe,-0.011276655695469207
2023-01-18,Crypto Max-Sharpe,-0.04411432680885485
2023-01-19,Crypto Max-Sharpe,0.01949054888225832
2023-01-20,Crypto Max-Sharpe,0.044519798419515366
2023-01-21,Crypto Max-Sharpe,-0.017491332301043716
2023-01-22,Crypto Max-Sharpe,-0.0008586054070899296
2023-01-23,Crypto Max-Sharpe,0.018547632608415965
2023-01-24,Crypto Max-Sharpe,-0.0416885279341932
2023-01-25,Crypto Max-Sharpe,0.0272074777079081
2023-01-26,Crypto Max-Sharpe,-0.0017948765058580785
2023-01-27,Crypto Max-Sharpe,0.029984993472549792
2023-01-28,Crypto Max-Sharpe,-0.0077066199568962546
2023-01-29,Crypto Max-Sharpe,0.011126626921262428
2023-01-30,Crypto Max-Sharpe,-0.02424994913741496
2023-01-31,Crypto Max-Sharpe,-0.00043377036335812136
2023-02-01,Crypto Max-Sharpe,0.06505817054444686
2023-02-02,Crypto Max-Sharpe,-0.01745696486389614
2023-02-03,Crypto Max-Sharpe,0.012977367744010388
2023-02-04,Crypto Max-Sharpe,-0.013568398221254096
2023-02-05,Crypto Max-Sharpe,-0.02186011214801144
2023-02-06,Crypto Max-Sharpe,-0.004108504899374658
2023-02-07,Crypto Max-Sharpe,0.05064633759502148
2023-02-08,Crypto Max-Sharpe,-0.017042373713516256
2023-02-09,Crypto Max-Sharpe,-0.0716593527771056
2023-02-10,Crypto Max-Sharpe,0.01553572745128418
2023-02-11,Crypto Max-Sharpe,0.009636212208593353
2023-02-12,Crypto Max-Sharpe,-0.02154824826711633
2023-02-13,Crypto Max-Sharpe,-0.013788372299263782
2023-02-14,Crypto Max-Sharpe,0.050106878128791235
2023-02-15,Crypto Max-Sharpe,0.0742805631208259
2023-02-16,Crypto Max-Sharpe,-0.037385963914877605
2023-02-17,Crypto Max-Sharpe,0.013716798704812816
2023-02-18,Crypto Max-Sharpe,-0.005160647799687386
2023-02-19,Crypto Max-Sharpe,-0.022322771620033936
2023-02-20,Crypto Max-Sharpe,-0.01663927496671279
2023-02-21,Crypto Max-Sharpe,-0.02325744692610155
2023-02-22,Crypto Max-Sharpe,0.016107710616136243
2023-02-23,Crypto Max-Sharpe,-0.005533897385007987
2023-02-24,Crypto Max-Sharpe,-0.03312734374955941
2023-02-25,Crypto Max-Sharpe,0.018659267968910816
2023-02-26,Crypto Max-Sharpe,0.021360696263248446
2023-02-27,Crypto Max-Sharpe,-0.01227166730274576
2023-02-28,Crypto Max-Sharpe,-0.0031237104315078447
2023-03-01,Crypto Max-Sharpe,0.04205958430263792
2023-03-02,Crypto Max-Sharpe,-0.02537837401335186
2023-03-03,Crypto Max-Sharpe,-0.04942686978242141
2023-03-04,Crypto Max-Sharpe,-0.013908910483985461
2023-03-05,Crypto Max-Sharpe,0.007434362001059956
2023-03-06,Crypto Max-Sharpe,-0.028130426835810463
2023-03-07,Crypto Max-Sharpe,-0.012822923932799712
2023-03-08,Crypto Max-Sharpe,-0.04076818087507673
2023-03-09,Crypto Max-Sharpe,-0.07311215791417305
2023-03-10,Crypto Max-Sharpe,-0.06475649707694675
2023-03-11,Crypto Max-Sharpe,-0.02863985893285113
2023-03-12,Crypto Max-Sharpe,0.09475222264664333
2023-03-13,Crypto Max-Sharpe,0.07150192564824301
2023-03-14,Crypto Max-Sharpe,0.03158012202994854
2023-03-15,Crypto Max-Sharpe,-0.09392217470450871
2023-03-16,Crypto Max-Sharpe,0.03435117285183643
2023-03-17,Crypto Max-Sharpe,0.08157468648746784
2023-03-18,Crypto Max-Sharpe,-0.02945624861693087
2023-03-19,Crypto Max-Sharpe,0.017501674428568325
2023-03-20,Crypto Max-Sharpe,-0.07119636678013098
2023-03-21,Crypto Max-Sharpe,0.05496746216144092
2023-03-22,Crypto Max-Sharpe,0.05585926895338808
2023-03-23,Crypto Max-Sharpe,0.07262296505113255
2023-03-24,Crypto Max-Sharpe,9.50203630185405e-05
2023-03-25,Crypto Max-Sharpe,-0.02271650188943919
2023-03-26,Crypto Max-Sharpe,0.021227579041304134
2023-03-27,Crypto Max-Sharpe,-0.0457451111201388
2023-03-28,Crypto Max-Sharpe,-0.0012045034923761988
2023-03-29,Crypto Max-Sharpe,0.024706950107140867
2023-03-30,Crypto Max-Sharpe,-0.02498140714967767
2023-03-31,Crypto Max-Sharpe,0.007009182869084149
2023-04-01,Crypto Max-Sharpe,0.004665217123570056
2023-04-02,Crypto Max-Sharpe,0.004101419681902007
2023-04-03,Crypto Max-Sharpe,-0.016301756744867595
2023-04-04,Crypto Max-Sharpe,0.002215264567440889
2023-04-05,Crypto Max-Sharpe,0.0022671113651897574
2023-04-06,Crypto Max-Sharpe,-0.013437578149531573
2023-04-07,Crypto Max-Sharpe,0.006088886489576176
2023-04-08,Crypto Max-Sharpe,-0.010534456808631302
2023-04-09,Crypto Max-Sharpe,0.004862030957091809
2023-04-10,Crypto Max-Sharpe,0.030799488794089894
2023-04-11,Crypto Max-Sharpe,0.0026012934918561046
2023-04-12,Crypto Max-Sharpe,-0.02027908929914897
2023-04-13,Crypto Max-Sharpe,0.017115357497869927
2023-04-14,Crypto Max-Sharpe,0.022324104439298765
2023-04-15,Crypto Max-Sharpe,1.337766645948587e-05
2023-04-16,Crypto Max-Sharpe,0.022183434999255514
2023-04-17,Crypto Max-Sharpe,-0.017360362188480343
2023-04-18,Crypto Max-Sharpe,0.0357476767971487
2023-04-19,Crypto Max-Sharpe,-0.09820832486500829
2023-04-20,Crypto Max-Sharpe,-0.01457262743215475
2023-04-21,Crypto Max-Sharpe,-0.052831048445988106
2023-04-22,Crypto Max-Sharpe,0.031401439125148214
2023-04-23,Crypto Max-Sharpe,-0.0076890844126885575
2023-04-24,Crypto Max-Sharpe,0.007512241232211225
2023-04-25,Crypto Max-Sharpe,0.0260344653011991
2023-04-26,Crypto Max-Sharpe,-0.02574213544871143
2023-04-27,Crypto Max-Sharpe,0.014005443442350517
2023-04-28,Crypto Max-Sharpe,0.011428683559826576
2023-04-29,Crypto Max-Sharpe,0.007745454603124374
2023-04-30,Crypto Max-Sharpe,-0.022088055718315666
2023-05-01,Crypto Max-Sharpe,-0.0238799586777511
2023-05-02,Crypto Max-Sharpe,0.015463358226130352
2023-05-03,Crypto Max-Sharpe,0.006076850986816772
2023-05-04,Crypto Max-Sharpe,-0.004656378494640691
2023-05-05,Crypto Max-Sharpe,0.010002274638024446
2023-05-06,Crypto Max-Sharpe,-0.04316181092329438
2023-05-07,Crypto Max-Sharpe,-0.007374181972428578
2023-05-08,Crypto Max-Sharpe,-0.055366968465916704
2023-05-09,Crypto Max-Sharpe,0.016738740343452695
2023-05-10,Crypto Max-Sharpe,0.007998711870266677
2023-05-11,Crypto Max-Sharpe,-0.008865037307175704
2023-05-12,Crypto Max-Sharpe,-0.0019674209370293483
2023-05-13,Crypto Max-Sharpe,-0.0040041159516984465
2023-05-14,Crypto Max-Sharpe,0.025173203910577223
2023-05-15,Crypto Max-Sharpe,0.029034724332563253
2023-05-16,Crypto Max-Sharpe,0.023692765043254613
2023-05-17,Crypto Max-Sharpe,0.03286488413629014
2023-05-18,Crypto Max-Sharpe,-0.021552805538161215
2023-05-19,Crypto Max-Sharpe,0.011108640698872888
2023-05-20,Crypto Max-Sharpe,0.006792079654360019
2023-05-21,Crypto Max-Sharpe,-0.007973576216440039
2023-05-22,Crypto Max-Sharpe,-0.006352465575730444
2023-05-23,Crypto Max-Sharpe,0.009103179637032749
2023-05-24,Crypto Max-Sharpe,-0.04877243419949385
2023-05-25,Crypto Max-Sharpe,0.005453126236782261
2023-05-26,Crypto Max-Sharpe,0.012607370113079462
2023-05-27,Crypto Max-Sharpe,0.011945227801146676
2023-05-28,Crypto Max-Sharpe,0.03395012228807157
2023-05-29,Crypto Max-Sharpe,-0.002449517796577461
2023-05-30,Crypto Max-Sharpe,0.01822712316592433
2023-05-31,Crypto Max-Sharpe,-0.017073050799200993
2023-06-01,Crypto Max-Sharpe,0.014580896910127074
2023-06-02,Crypto Max-Sharpe,0.015664012507187186
2023-06-03,Crypto Max-Sharpe,0.0005140210456987726
2023-06-04,Crypto Max-Sharpe,-0.009150685157316714
2023-06-05,Crypto Max-Sharpe,-0.06032019085896408
2023-06-06,Crypto Max-Sharpe,0.04501495954043944
2023-06-07,Crypto Max-Sharpe,-0.027222270512336146
2023-06-08,Crypto Max-Sharpe,0.00034113111208047635
2023-06-09,Crypto Max-Sharpe,0.004347576770474081
2023-06-10,Crypto Max-Sharpe,-0.08460856961785775
2023-06-11,Crypto Max-Sharpe,0.004023541818134158
2023-06-12,Crypto Max-Sharpe,-0.0017242793706943734
2023-06-13,Crypto Max-Sharpe,-0.0004700344039785062
2023-06-14,Crypto Max-Sharpe,-0.044341826848659095
2023-06-15,Crypto Max-Sharpe,0.018342047994271138
2023-06-16,Crypto Max-Sharpe,0.02439551395027573
2023-06-17,Crypto Max-Sharpe,0.009402727268286755
2023-06-18,Crypto Max-Sharpe,-0.000997020855779784
2023-06-19,Crypto Max-Sharpe,0.010430310718009005
2023-06-20,Crypto Max-Sharpe,0.045140563486353986
2023-06-21,Crypto Max-Sharpe,0.06014318799706582
2023-06-22,Crypto Max-Sharpe,0.004327509297154035
2023-06-23,Crypto Max-Sharpe,0.044834276786048774
2023-06-24,Crypto Max-Sharpe,-0.011059611971161534
2023-06-25,Crypto Max-Sharpe,-0.01009918482260873
2023-06-26,Crypto Max-Sharpe,-0.009342882721131701
2023-06-27,Crypto Max-Sharpe,0.010718325884130306
2023-06-28,Crypto Max-Sharpe,-0.0399142734159392
2023-06-29,Crypto Max-Sharpe,0.016780354351731735
2023-06-30,Crypto Max-Sharpe,0.15394999484933583
2023-07-01,Crypto Max-Sharpe,-0.03349846870586682
2023-07-02,Crypto Max-Sharpe,0.031031520648246762
2023-07-03,Crypto Max-Sharpe,-0.03331515326834668
2023-07-04,Crypto Max-Sharpe,-0.044418660346819135
2023-07-05,Crypto Max-Sharpe,-0.006195891289199652
2023-07-06,Crypto Max-Sharpe,-0.0031251174105337925
2023-07-07,Crypto Max-Sharpe,0.009987918233836171
2023-07-08,Crypto Max-Sharpe,-0.016995301903725706
2023-07-09,Crypto Max-Sharpe,-0.022376626874403463
2023-07-10,Crypto Max-Sharpe,0.027649971596458812
2023-07-11,Crypto Max-Sharpe,-0.0005904729286327135
2023-07-12,Crypto Max-Sharpe,0.01934873277973328
2023-07-13,Crypto Max-Sharpe,-0.0037936219800696045
2023-07-14,Crypto Max-Sharpe,-0.042631945477517454
2023-07-15,Crypto Max-Sharpe,-0.029756832570103257
2023-07-16,Crypto Max-Sharpe,-0.013572886046608447
2023-07-17,Crypto Max-Sharpe,-0.022487398944767485
2023-07-18,Crypto Max-Sharpe,0.0028928519179848137
2023-07-19,Crypto Max-Sharpe,0.0017141965693354523
2023-07-20,Crypto Max-Sharpe,-0.000750668881419847
2023-07-21,Crypto Max-Sharpe,0.010328495408463301
2023-07-22,Crypto Max-Sharpe,-0.024455048618143953
2023-07-23,Crypto Max-Sharpe,0.033722700550869254
2023-07-24,Crypto Max-Sharpe,-0.0427876950403312
2023-07-25,Crypto Max-Sharpe,-0.0020679830711675872
2023-07-26,Crypto Max-Sharpe,0.015589788628727858
2023-07-27,Crypto Max-Sharpe,0.007144861174076904
2023-07-28,Crypto Max-Sharpe,-0.005259079393527131
2023-07-29,Crypto Max-Sharpe,0.008109749945339428
2023-07-30,Crypto Max-Sharpe,0.02912805402684182
2023-07-31,Crypto Max-Sharpe,-0.016984288777180393
2023-08-01,Crypto Max-Sharpe,0.007774044417796535
2023-08-02,Crypto Max-Sharpe,-0.03066022352227972
2023-08-03,Crypto Max-Sharpe,-0.0063053152669902204
2023-08-04,Crypto Max-Sharpe,-0.0050856459379108555
2023-08-05,Crypto Max-Sharpe,-0.0022296663461204833
2023-08-06,Crypto Max-Sharpe,-0.0054839117230814985
2023-08-07,Crypto Max-Sharpe,0.019295950522265546
2023-08-08,Crypto Max-Sharpe,0.018193600348896062
2023-08-09,Crypto Max-Sharpe,-0.005568971948068774
2023-08-10,Crypto Max-Sharpe,-0.010841437137957382
2023-08-11,Crypto Max-Sharpe,-0.004070744588395457
2023-08-12,Crypto Max-Sharpe,-0.0007322483706455499
2023-08-13,Crypto Max-Sharpe,-0.0033697704144604913
2023-08-14,Crypto Max-Sharpe,0.0060814647183073615
2023-08-15,Crypto Max-Sharpe,-0.011249181535316469
2023-08-16,Crypto Max-Sharpe,-0.036134179878949166
2023-08-17,Crypto Max-Sharpe,-0.08746173943900777
2023-08-18,Crypto Max-Sharpe,-0.010986393382614245
2023-08-19,Crypto Max-Sharpe,0.003882386795713644
2023-08-20,Crypto Max-Sharpe,0.009386109703186967
2023-08-21,Crypto Max-Sharpe,-0.008408129422931574
2023-08-22,Crypto Max-Sharpe,-0.004635190333151929
2023-08-23,Crypto Max-Sharpe,0.023799669549825077
2023-08-24,Crypto Max-Sharpe,-0.008023995896618938
2023-08-25,Crypto Max-Sharpe,-0.00397210716294613
2023-08-26,Crypto Max-Sharpe,-0.003855262739065962
2023-08-27,Crypto Max-Sharpe,0.012075578197147493
2023-08-28,Crypto Max-Sharpe,-0.009299613455274696
2023-08-29,Crypto Max-Sharpe,0.08580711173121235
2023-08-30,Crypto Max-Sharpe,-0.021479805147971813
2023-08-31,Crypto Max-Sharpe,-0.04429816887224855
2023-09-01,Crypto Max-Sharpe,-0.017388289342110827
2023-09-02,Crypto Max-Sharpe,-0.0033948592821841255
2023-09-03,Crypto Max-Sharpe,0.004652746882653
2023-09-04,Crypto Max-Sharpe,-0.005317286999828249
2023-09-05,Crypto Max-Sharpe,-0.0035300710555513258
2023-09-06,Crypto Max-Sharpe,0.004093599617264867
2023-09-07,Crypto Max-Sharpe,0.009225600543993148
2023-09-08,Crypto Max-Sharpe,-0.005627888915808688
2023-09-09,Crypto Max-Sharpe,-0.0002893292399683608
2023-09-10,Crypto Max-Sharpe,-0.007966320238637761
2023-09-11,Crypto Max-Sharpe,-0.02790611918886462
2023-09-12,Crypto Max-Sharpe,0.04474856844907769
2023-09-13,Crypto Max-Sharpe,0.009589002769550674
2023-09-14,Crypto Max-Sharpe,0.02383592884134652
2023-09-15,Crypto Max-Sharpe,0.017635259671787643
2023-09-16,Crypto Max-Sharpe,-0.0048252529330625755
2023-09-17,Crypto Max-Sharpe,-0.009737838176101587
2023-09-18,Crypto Max-Sharpe,0.017952753520149422
2023-09-19,Crypto Max-Sharpe,0.012763817632254797
2023-09-20,Crypto Max-Sharpe,-0.005092761143798839
2023-09-21,Crypto Max-Sharpe,-0.024027305580905545
2023-09-22,Crypto Max-Sharpe,0.0005745846722242958
2023-09-23,Crypto Max-Sharpe,0.00023970954938817846
2023-09-24,Crypto Max-Sharpe,-0.011205407514166576
2023-09-25,Crypto Max-Sharpe,0.011586620864268973
2023-09-26,Crypto Max-Sharpe,0.003732120905746185
2023-09-27,Crypto Max-Sharpe,0.024139230917649773
2023-09-28,Crypto Max-Sharpe,0.029125800448826254
2023-09-29,Crypto Max-Sharpe,0.00045993545826184196
2023-09-30,Crypto Max-Sharpe,-0.0023528222147866946
2023-10-01,Crypto Max-Sharpe,0.02175901394141921
2023-10-02,Crypto Max-Sharpe,-0.0129499338112259
2023-10-03,Crypto Max-Sharpe,0.004919248195128566
2023-10-04,Crypto Max-Sharpe,-0.008630976873283427
2023-10-05,Crypto Max-Sharpe,-0.009046185196100408
2023-10-06,Crypto Max-Sharpe,-0.007059418361447698
2023-10-07,Crypto Max-Sharpe,0.004575991800426796
2023-10-08,Crypto Max-Sharpe,-0.004336936153091423
2023-10-09,Crypto Max-Sharpe,-0.028145681587261287
2023-10-10,Crypto Max-Sharpe,-0.008929326680622497
2023-10-11,Crypto Max-Sharpe,-0.0006299479573679432
2023-10-12,Crypto Max-Sharpe,-0.009120248363230197
2023-10-13,Crypto Max-Sharpe,0.00969157402164718
2023-10-14,Crypto Max-Sharpe,-0.00673349276268011
2023-10-15,Crypto Max-Sharpe,0.01263167772732133
2023-10-16,Crypto Max-Sharpe,0.04135432835702733
2023-10-17,Crypto Max-Sharpe,-0.009661860644609666
2023-10-18,Crypto Max-Sharpe,0.0045304690862260685
2023-10-19,Crypto Max-Sharpe,0.010018916808832525
2023-10-20,Crypto Max-Sharpe,0.023332480661241748
2023-10-21,Crypto Max-Sharpe,0.010330196874020741
2023-10-22,Crypto Max-Sharpe,-0.008140407402251163
2023-10-23,Crypto Max-Sharpe,0.03821739993069938
2023-10-24,Crypto Max-Sharpe,-0.00879374959500506
2023-10-25,Crypto Max-Sharpe,0.0102510626386813
2023-10-26,Crypto Max-Sharpe,-0.012787642656758592
2023-10-27,Crypto Max-Sharpe,-0.006099033948261674
2023-10-28,Crypto Max-Sharpe,0.0118850799922175
2023-10-29,Crypto Max-Sharpe,0.006709772637678642
2023-10-30,Crypto Max-Sharpe,0.0071456764657903404
2023-10-31,Crypto Max-Sharpe,0.010893420523775583
2023-11-01,Crypto Max-Sharpe,0.02147971143091365
2023-11-02,Crypto Max-Sharpe,-0.015996278384668234
2023-11-03,Crypto Max-Sharpe,-0.007308502110943542
2023-11-04,Crypto Max-Sharpe,0.007374583550977755
2023-11-05,Crypto Max-Sharpe,0.008038579218584745
2023-11-06,Crypto Max-Sharpe,0.010493381082107253
2023-11-07,Crypto Max-Sharpe,-0.005378193738868388
2023-11-08,Crypto Max-Sharpe,0.0110870604746091
2023-11-09,Crypto Max-Sharpe,0.0014913866805583115
2023-11-10,Crypto Max-Sharpe,0.0361150998840039
2023-11-11,Crypto Max-Sharpe,0.003662179166979609
2023-11-12,Crypto Max-Sharpe,0.0009841244606608155
2023-11-13,Crypto Max-Sharpe,-0.008723664377688907
2023-11-14,Crypto Max-Sharpe,-0.036177994253677445
2023-11-15,Crypto Max-Sharpe,0.03337743782361473
2023-11-16,Crypto Max-Sharpe,-0.028261576277863437
2023-11-17,Crypto Max-Sharpe,0.004780236325604409
2023-11-18,Crypto Max-Sharpe,-0.004906241173764212
2023-11-19,Crypto Max-Sharpe,0.013119197344884702
2023-11-20,Crypto Max-Sharpe,-0.015529626546448308
2023-11-21,Crypto Max-Sharpe,-0.04643089818458192
2023-11-22,Crypto Max-Sharpe,0.04655901515854299
2023-11-23,Crypto Max-Sharpe,0.005299453180221345
2023-11-24,Crypto Max-Sharpe,0.01570335082638438
2023-11-25,Crypto Max-Sharpe,0.01896609520349263
2023-11-26,Crypto Max-Sharpe,-0.007690257914444266
2023-11-27,Crypto Max-Sharpe,-0.030450469594325985
2023-11-28,Crypto Max-Sharpe,0.009358367836000287
2023-11-29,Crypto Max-Sharpe,0.0018210738166721404
2023-11-30,Crypto Max-Sharpe,-0.0031354401125619383
2023-12-01,Crypto Max-Sharpe,0.00014153085374038084
2023-12-02,Crypto Max-Sharpe,0.003241800306954546
2023-12-03,Crypto Max-Sharpe,0.00041701575677993946
2023-12-04,Crypto Max-Sharpe,0.019676755450043975
2023-12-05,Crypto Max-Sharpe,-0.0014654010703667843
2023-12-06,Crypto Max-Sharpe,0.005599147905936882
2023-12-07,Crypto Max-Sharpe,-0.002850748186273289
2023-12-08,Crypto Max-Sharpe,0.02486652815573972
2023-12-09,Crypto Max-Sharpe,-0.001362013754450899
2023-12-10,Crypto Max-Sharpe,0.00784129279659279
2023-12-11,Crypto Max-Sharpe,-0.04482547120669422
2023-12-12,Crypto Max-Sharpe,-0.0002578169409810998
2023-12-13,Crypto Max-Sharpe,0.008008730214771963
2023-12-14,Crypto Max-Sharpe,0.014627881307102842
2023-12-15,Crypto Max-Sharpe,-0.04163511748719332
2023-12-16,Crypto Max-Sharpe,0.011625057365392042
2023-12-17,Crypto Max-Sharpe,-0.008006920133240943
2023-12-18,Crypto Max-Sharpe,-0.008147076084459933
2023-12-19,Crypto Max-Sharpe,-0.004882971272721522
2023-12-20,Crypto Max-Sharpe,0.020836131367698917
2023-12-21,Crypto Max-Sharpe,0.018448600538866197
2023-12-22,Crypto Max-Sharpe,0.00729679974555265
2023-12-23,Crypto Max-Sharpe,0.00912572793849076
2023-12-24,Crypto Max-Sharpe,-0.0059072634818863635
2023-12-25,Crypto Max-Sharpe,0.0016590788758779193
2023-12-26,Crypto Max-Sharpe,-0.02691676108646399
2023-12-27,Crypto Max-Sharpe,0.042456902408394157
2023-12-28,Crypto Max-Sharpe,0.0005355266806979792
2023-12-29,Crypto Max-Sharpe,-0.004427058289219337
2023-12-30,Crypto Max-Sharpe,0.01220861773886682
2023-12-31,Crypto Max-Sharpe,0.00612962464549927
2020-10-01,Crypto Risk-Parity,-0.015135540370467711
2020-10-02,Crypto Risk-Parity,-0.020969716490602752
2020-10-03,Crypto Risk-Parity,0.004136611902008096
2020-10-04,Crypto Risk-Parity,0.018445311882282274
2020-10-05,Crypto Risk-Parity,0.003894459342268889
2020-10-06,Crypto Risk-Parity,-0.00962845265344333
2020-10-07,Crypto Risk-Parity,0.0025920054516431574
2020-10-08,Crypto Risk-Parity,0.014814054957932397
2020-10-09,Crypto Risk-Parity,0.02244982868747651
2020-10-10,Crypto Risk-Parity,0.01346981538681754
2020-10-11,Crypto Risk-Parity,0.011509188182464557
2020-10-12,Crypto Risk-Parity,0.010998453712685109
2020-10-13,Crypto Risk-Parity,-0.005176034710694964
2020-10-14,Crypto Risk-Parity,-0.006263547441127465
2020-10-15,Crypto Risk-Parity,-0.004768544737080938
2020-10-16,Crypto Risk-Parity,-0.0176924830437166
2020-10-17,Crypto Risk-Parity,0.0044288490461356425
2020-10-18,Crypto Risk-Parity,0.006867265626904075
2020-10-19,Crypto Risk-Parity,0.015800366498122186
2020-10-20,Crypto Risk-Parity,-0.020730588058077388
2020-10-21,Crypto Risk-Parity,0.05494958218927096
2020-10-22,Crypto Risk-Parity,0.026825981689706836
2020-10-23,Crypto Risk-Parity,-0.007612071456417175
2020-10-24,Crypto Risk-Parity,0.015812911424458457
2020-10-25,Crypto Risk-Parity,-0.008203398130639784
2020-10-26,Crypto Risk-Parity,-0.021522949388096752
2020-10-27,Crypto Risk-Parity,0.016251787182397698
2020-10-28,Crypto Risk-Parity,-0.023411945852996795
2020-10-29,Crypto Risk-Parity,-0.007553793451935694
2020-10-30,Crypto Risk-Parity,-0.017797049158256677
2020-10-31,Crypto Risk-Parity,0.008720141612629025
2020-11-01,Crypto Risk-Parity,0.008220436571452822
2020-11-02,Crypto Risk-Parity,-0.035485837460252766
2020-11-03,Crypto Risk-Parity,-0.0023118252126450734
2020-11-04,Crypto Risk-Parity,0.0037730268089767936
2020-11-05,Crypto Risk-Parity,0.05038007856709758
2020-11-06,Crypto Risk-Parity,0.05359559238566242
2020-11-07,Crypto Risk-Parity,-0.04327465271901939
2020-11-08,Crypto Risk-Parity,0.032589646556016115
2020-11-09,Crypto Risk-Parity,-0.019324114807135286
2020-11-10,Crypto Risk-Parity,0.0006923277786681458
2020-11-11,Crypto Risk-Parity,0.010440255812400902
2020-11-12,Crypto Risk-Parity,0.0013426964390504583
2020-11-13,Crypto Risk-Parity,0.028358229079128956
2020-11-14,Crypto Risk-Parity,-0.01488381395425093
2020-11-15,Crypto Risk-Parity,-0.015238312234719335
2020-11-16,Crypto Risk-Parity,0.04676036998918198
2020-11-17,Crypto Risk-Parity,0.05243707434047176
2020-11-18,Crypto Risk-Parity,-0.00941275686917818
2020-11-19,Crypto Risk-Parity,0.006052581380047057
2020-11-20,Crypto Risk-Parity,0.052200974596392315
2020-11-21,Crypto Risk-Parity,0.14656242852677237
2020-11-22,Crypto Risk-Parity,-0.028513712340922804
2020-11-23,Crypto Risk-Parity,0.13302630500367713
2020-11-24,Crypto Risk-Parity,0.11180074303451938
2020-11-25,Crypto Risk-Parity,-0.0524428222565942
2020-11-26,Crypto Risk-Parity,-0.12416140177952617
2020-11-27,Crypto Risk-Parity,0.025451436836933627
2020-11-28,Crypto Risk-Parity,0.0515424330614368
2020-11-29,Crypto Risk-Parity,0.018081290605081426
2020-11-30,Crypto Risk-Parity,0.0716116574622903
2020-12-01,Crypto Risk-Parity,-0.06598614660360945
2020-12-02,Crypto Risk-Parity,0.0213340479661033
2020-12-03,Crypto Risk-Parity,0.015630877592526907
2020-12-04,Crypto Risk-Parity,-0.07822720320181689
2020-12-05,Crypto Risk-Parity,0.04232682562086813
2020-12-06,Crypto Risk-Parity,0.00870915312226529
2020-12-07,Crypto Risk-Parity,-0.014573168275047167
2020-12-08,Crypto Risk-Parity,-0.0684905736718777
2020-12-09,Crypto Risk-Parity,0.03411639331777567
2020-12-10,Crypto Risk-Parity,-0.026567590067672897
2020-12-11,Crypto Risk-Parity,-0.02523677509118428
2020-12-12,Crypto Risk-Parity,0.028959525179027615
2020-12-13,Crypto Risk-Parity,0.03794083954604345
2020-12-14,Crypto Risk-Parity,-0.003490275110397307
2020-12-15,Crypto Risk-Parity,-0.0019086704152030216
2020-12-16,Crypto Risk-Parity,0.1026562324515363
2020-12-17,Crypto Risk-Parity,0.013738816552960428
2020-12-18,Crypto Risk-Parity,0.015286320270689257
2020-12-19,Crypto Risk-Parity,0.015540784513160332
2020-12-20,Crypto Risk-Parity,-0.005315881705532096
2020-12-21,Crypto Risk-Parity,-0.059729963345679725
2020-12-22,Crypto Risk-Parity,0.006322646972454262
2020-12-23,Crypto Risk-Parity,-0.15426272386834328
2020-12-24,Crypto Risk-Parity,0.12109750586323859
2020-12-25,Crypto Risk-Parity,0.02869556174787198
2020-12-26,Crypto Risk-Parity,0.0027022823353616467
2020-12-27,Crypto Risk-Parity,0.010803136352263244
2020-12-28,Crypto Risk-Parity,0.027485613074410373
2020-12-29,Crypto Risk-Parity,-0.021216633738516996
2020-12-30,Crypto Risk-Parity,-0.003623183195476755
2020-12-31,Crypto Risk-Parity,-0.00992346292418532
2021-01-01,Crypto Risk-Parity,0.00946475177613995
2021-01-02,Crypto Risk-Parity,0.029160172751790385
2021-01-03,Crypto Risk-Parity,0.11407880262624025
2021-01-04,Crypto Risk-Parity,0.036811961253158804
2021-01-05,Crypto Risk-Parity,0.04323211611306791
2021-01-06,Crypto Risk-Parity,0.15349075470274917
2021-01-07,Crypto Risk-Parity,0.011724317280216504
2021-01-08,Crypto Risk-Parity,-0.00407994263591019
2021-01-09,Crypto Risk-Parity,0.08505214832663374
2021-01-10,Crypto Risk-Parity,-0.02419019825257702
2021-01-11,Crypto Risk-Parity,-0.1284347016366706
2021-01-12,Crypto Risk-Parity,-0.023502607538503858
2021-01-13,Crypto Risk-Parity,0.08414559353231253
2021-01-14,Crypto Risk-Parity,0.02421837159640232
2021-01-15,Crypto Risk-Parity,-0.0391453817149804
2021-01-16,Crypto Risk-Parity,0.022965598067589577
2021-01-17,Crypto Risk-Parity,0.00031699155374767486
2021-01-18,Crypto Risk-Parity,0.026709872434771582
2021-01-19,Crypto Risk-Parity,0.008305341888433427
2021-01-20,Crypto Risk-Parity,-0.00662602482812728
2021-01-21,Crypto Risk-Parity,-0.13018035268624284
2021-01-22,Crypto Risk-Parity,0.06129901063054122
2021-01-23,Crypto Risk-Parity,-0.0035174073754508654
2021-01-24,Crypto Risk-Parity,0.028457642555891297
2021-01-25,Crypto Risk-Parity,-0.020377231744904436
2021-01-26,Crypto Risk-Parity,-0.001827542290354275
2021-01-27,Crypto Risk-Parity,-0.07327367060608947
2021-01-28,Crypto Risk-Parity,0.09188540798363243
2021-01-29,Crypto Risk-Parity,0.028573866747160555
2021-01-30,Crypto Risk-Parity,0.05283413602347327
2021-01-31,Crypto Risk-Parity,-0.020350317911566412
2021-02-01,Crypto Risk-Parity,0.02037140559549959
2021-02-02,Crypto Risk-Parity,0.04208806929217865
2021-02-03,Crypto Risk-Parity,0.04791137003986581
2021-02-04,Crypto Risk-Parity,-0.020060492900526236
2021-02-05,Crypto Risk-Parity,0.0810910907160997
2021-02-06,Crypto Risk-Parity,0.01855463311059157
2021-02-07,Crypto Risk-Parity,-0.004298728733196775
2021-02-08,Crypto Risk-Parity,0.09107272591448451
2021-02-09,Crypto Risk-Parity,0.06597719491488051
2021-02-10,Crypto Risk-Parity,0.03304503564975123
2021-02-11,Crypto Risk-Parity,0.08226596748984084
2021-02-12,Crypto Risk-Parity,0.043145849301995484
2021-02-13,Crypto Risk-Parity,0.0956831939277021
2021-02-14,Crypto Risk-Parity,-0.0241163324634577
2021-02-15,Crypto Risk-Parity,-0.04419745561060533
2021-02-16,Crypto Risk-Parity,0.0011860561469961544
2021-02-17,Crypto Risk-Parity,0.04419882172846471
2021-02-18,Crypto Risk-Parity,0.0028203309441333048
2021-02-19,Crypto Risk-Parity,0.05297855947529702
2021-02-20,Crypto Risk-Parity,-0.017537295978719277
2021-02-21,Crypto Risk-Parity,0.024557765787391116
2021-02-22,Crypto Risk-Parity,-0.06627463996632148
2021-02-23,Crypto Risk-Parity,-0.15415472712763678
2021-02-24,Crypto Risk-Parity,0.03852641137508379
2021-02-25,Crypto Risk-Parity,-0.053864406765836925
2021-02-26,Crypto Risk-Parity,-0.002529665005963404
2021-02-27,Crypto Risk-Parity,0.026250608813732347
2021-02-28,Crypto Risk-Parity,-0.04139851277763411
2021-03-01,Crypto Risk-Parity,0.06881975450990228
2021-03-02,Crypto Risk-Parity,-0.016697905292086777
2021-03-03,Crypto Risk-Parity,0.03544358274737074
2021-03-04,Crypto Risk-Parity,-0.016975425054466323
2021-03-05,Crypto Risk-Parity,-0.006925931017155102
2021-03-06,Crypto Risk-Parity,0.010219506219837445
2021-03-07,Crypto Risk-Parity,0.030393346728494624
2021-03-08,Crypto Risk-Parity,0.01870420848139372
2021-03-09,Crypto Risk-Parity,0.04293162836885499
2021-03-10,Crypto Risk-Parity,-0.02410346058743745
2021-03-11,Crypto Risk-Parity,0.005348845851258383
2021-03-12,Crypto Risk-Parity,-0.018471238602515407
2021-03-13,Crypto Risk-Parity,0.07911950619172965
2021-03-14,Crypto Risk-Parity,-0.04679026033570384
2021-03-15,Crypto Risk-Parity,-0.038142490228218015
2021-03-16,Crypto Risk-Parity,0.04021015019112521
2021-03-17,Crypto Risk-Parity,0.031085540284155177
2021-03-18,Crypto Risk-Parity,-0.02269783922951759
2021-03-19,Crypto Risk-Parity,0.02027575476318209
2021-03-20,Crypto Risk-Parity,0.015324553946226442
2021-03-21,Crypto Risk-Parity,-0.014801134367951368
2021-03-22,Crypto Risk-Parity,-0.03344783138462566
2021-03-23,Crypto Risk-Parity,0.006411692151846424
2021-03-24,Crypto Risk-Parity,-0.06321164589487639
2021-03-25,Crypto Risk-Parity,-0.0033319016936758693
2021-03-26,Crypto Risk-Parity,0.08754605078953148
2021-03-27,Crypto Risk-Parity,-0.006624670436596086
2021-03-28,Crypto Risk-Parity,0.002654127132577913
2021-03-29,Crypto Risk-Parity,0.03817533003156988
2021-03-30,Crypto Risk-Parity,0.014729928791764631
2021-03-31,Crypto Risk-Parity,0.06926761719952772
2021-04-01,Crypto Risk-Parity,0.025069750655039358
2021-04-02,Crypto Risk-Parity,0.051196388120310785
2021-04-03,Crypto Risk-Parity,-0.04730011169494158
2021-04-04,Crypto Risk-Parity,0.07809761940149526
2021-04-05,Crypto Risk-Parity,0.09782148329054921
2021-04-06,Crypto Risk-Parity,0.028604776012790416
2021-04-07,Crypto Risk-Parity,-0.0718558006859634
2021-04-08,Crypto Risk-Parity,0.0640582654807571
2021-04-09,Crypto Risk-Parity,-0.02463472858770495
2021-04-10,Crypto Risk-Parity,0.09279630145956219
2021-04-11,Crypto Risk-Parity,0.009755629177486774
2021-04-12,Crypto Risk-Parity,0.0001700069371772901
2021-04-13,Crypto Risk-Parity,0.10498508276432318
2021-04-14,Crypto Risk-Parity,0.02495243132668683
2021-04-15,Crypto Risk-Parity,0.06126732345073544
2021-04-16,Crypto Risk-Parity,0.0485453792614661
2021-04-17,Crypto Risk-Parity,-0.03084212518639573
2021-04-18,Crypto Risk-Parity,-0.07326340285080754
2021-04-19,Crypto Risk-Parity,-0.05887094006676423
2021-04-20,Crypto Risk-Parity,0.031532822048592174
2021-04-21,Crypto Risk-Parity,-0.04049633657167453
2021-04-22,Crypto Risk-Parity,-0.046415888496340665
2021-04-23,Crypto Risk-Parity,-0.016895699701278244
2021-04-24,Crypto Risk-Parity,-0.06471386497992936
2021-04-25,Crypto Risk-Parity,-0.008820633900669188
2021-04-26,Crypto Risk-Parity,0.14466944690515537
2021-04-27,Crypto Risk-Parity,0.041700284814000434
2021-04-28,Crypto Risk-Parity,0.002226364747032387
2021-04-29,Crypto Risk-Parity,-0.011494626574013365
2021-04-30,Crypto Risk-Parity,0.07481282496673984
2021-05-01,Crypto Risk-Parity,0.037945112767686764
2021-05-02,Crypto Risk-Parity,-0.015201453341995332
2021-05-03,Crypto Risk-Parity,0.057277695823280024
2021-05-04,Crypto Risk-Parity,-0.02214726619587222
2021-05-05,Crypto Risk-Parity,0.21842629113746614
2021-05-06,Crypto Risk-Parity,0.08635721252196778
2021-05-07,Crypto Risk-Parity,-0.032780117916415934
2021-05-08,Crypto Risk-Parity,0.018627349401193375
2021-05-09,Crypto Risk-Parity,0.016027058011449973
2021-05-10,Crypto Risk-Parity,-0.06254313797397391
2021-05-11,Crypto Risk-Parity,0.1123467127050432
2021-05-12,Crypto Risk-Parity,-0.17338847287047987
2021-05-13,Crypto Risk-Parity,0.056282618185513916
2021-05-14,Crypto Risk-Parity,0.05177260924998254
2021-05-15,Crypto Risk-Parity,-0.04521939818955242
2021-05-16,Crypto Risk-Parity,0.0012859805402878404
2021-05-17,Crypto Risk-Parity,-0.06730067628024486
2021-05-18,Crypto Risk-Parity,0.014567984250421703
2021-05-19,Crypto Risk-Parity,-0.2902633371827625
2021-05-20,Crypto Risk-Parity,0.14534010529411848
2021-05-21,Crypto Risk-Parity,-0.13584973895771213
2021-05-22,Crypto Risk-Parity,-0.055342982684816314
2021-05-23,Crypto Risk-Parity,-0.11096315368003068
2021-05-24,Crypto Risk-Parity,0.24378983425821615
2021-05-25,Crypto Risk-Parity,0.003699072620694486
2021-05-26,Crypto Risk-Parity,0.06829740211993399
2021-05-27,Crypto Risk-Parity,-0.035512137454136235
2021-05-28,Crypto Risk-Parity,-0.08426217703870567
2021-05-29,Crypto Risk-Parity,-0.0543183798530569
2021-05-30,Crypto Risk-Parity,0.045193806775567474
2021-05-31,Crypto Risk-Parity,0.0869461180218351
2021-06-01,Crypto Risk-Parity,-0.019041506452153745
2021-06-02,Crypto Risk-Parity,0.017110217458978318
2021-06-03,Crypto Risk-Parity,0.036414174794675534
2021-06-04,Crypto Risk-Parity,-0.06848766038429742
2021-06-05,Crypto Risk-Parity,-0.03138233118341341
2021-06-06,Crypto Risk-Parity,0.01758250817109716
2021-06-07,Crypto Risk-Parity,-0.07909237273329756
2021-06-08,Crypto Risk-Parity,-0.0016289336147799842
2021-06-09,Crypto Risk-Parity,0.060998785451575215
2021-06-10,Crypto Risk-Parity,-0.043878426397972854
2021-06-11,Crypto Risk-Parity,-0.030911132866093847
2021-06-12,Crypto Risk-Parity,-0.008940513428238575
2021-06-13,Crypto Risk-Parity,0.06378511520775172
2021-06-14,Crypto Risk-Parity,0.013566700058868442
2021-06-15,Crypto Risk-Parity,0.012542392372172223
2021-06-16,Crypto Risk-Parity,-0.06845774499682496
2021-06-17,Crypto Risk-Parity,0.0086071484781884
2021-06-18,Crypto Risk-Parity,-0.057748445849654245
2021-06-19,Crypto Risk-Parity,-0.018933681253299594
2021-06-20,Crypto Risk-Parity,0.011171321360579689
2021-06-21,Crypto Risk-Parity,-0.1819210920469091
2021-06-22,Crypto Risk-Parity,-0.02827930269444513
2021-06-23,Crypto Risk-Parity,0.08019997385465634
2021-06-24,Crypto Risk-Parity,0.0583304948249162
2021-06-25,Crypto Risk-Parity,-0.08075012437954793
2021-06-26,Crypto Risk-Parity,0.012065680949660047
2021-06-27,Crypto Risk-Parity,0.05636129064124755
2021-06-28,Crypto Risk-Parity,0.017288388094146307
2021-06-29,Crypto Risk-Parity,0.07048906725756249
2021-06-30,Crypto Risk-Parity,0.008507621094484477
2021-07-01,Crypto Risk-Parity,-0.051962388849797723
2021-07-02,Crypto Risk-Parity,0.008242809187974973
2021-07-03,Crypto Risk-Parity,0.022638764817400032
2021-07-04,Crypto Risk-Parity,0.022681457881964885
2021-07-05,Crypto Risk-Parity,-0.046996145483211495
2021-07-06,Crypto Risk-Parity,0.018643441086570615
2021-07-07,Crypto Risk-Parity,-0.01284381039735057
2021-07-08,Crypto Risk-Parity,-0.049109751081044345
2021-07-09,Crypto Risk-Parity,0.029997612105314406
2021-07-10,Crypto Risk-Parity,-0.014833159499128612
2021-07-11,Crypto Risk-Parity,0.011713143922349536
2021-07-12,Crypto Risk-Parity,-0.02342625885847869
2021-07-13,Crypto Risk-Parity,-0.030977392488372477
2021-07-14,Crypto Risk-Parity,0.005865820336639304
2021-07-15,Crypto Risk-Parity,-0.03392478084581587
2021-07-16,Crypto Risk-Parity,-0.0239011531157904
2021-07-17,Crypto Risk-Parity,-0.0011270861370323412
2021-07-18,Crypto Risk-Parity,0.0032892831292886766
2021-07-19,Crypto Risk-Parity,-0.046668325232222856
2021-07-20,Crypto Risk-Parity,-0.03905335290325817
2021-07-21,Crypto Risk-Parity,0.08488239079767351
2021-07-22,Crypto Risk-Parity,0.031181264451305687
2021-07-23,Crypto Risk-Parity,0.031196871131545813
2021-07-24,Crypto Risk-Parity,0.021340778828848862
2021-07-25,Crypto Risk-Parity,0.001931887929298087
2021-07-26,Crypto Risk-Parity,0.026737080984169395
2021-07-27,Crypto Risk-Parity,0.029097753026046357
2021-07-28,Crypto Risk-Parity,0.023181872548080493
2021-07-29,Crypto Risk-Parity,0.017073437895598457
2021-07-30,Crypto Risk-Parity,0.031465877080419626
2021-07-31,Crypto Risk-Parity,0.004117414602790343
2021-08-01,Crypto Risk-Parity,-0.022546666322028078
2021-08-02,Crypto Risk-Parity,0.00797870543833512
2021-08-03,Crypto Risk-Parity,-0.016099859520410344
2021-08-04,Crypto Risk-Parity,0.03780294099527975
2021-08-05,Crypto Risk-Parity,0.01800394215985439
2021-08-06,Crypto Risk-Parity,0.024436050401384756
2021-08-07,Crypto Risk-Parity,0.06760453115157306
2021-08-08,Crypto Risk-Parity,-0.041968641348600996
2021-08-09,Crypto Risk-Parity,0.05417102950857424
2021-08-10,Crypto Risk-Parity,0.01711479927209986
2021-08-11,Crypto Risk-Parity,0.056632311530078354
2021-08-12,Crypto Risk-Parity,-0.021623698373193386
2021-08-13,Crypto Risk-Parity,0.09903672631070613
2021-08-14,Crypto Risk-Parity,0.03739836888360234
2021-08-15,Crypto Risk-Parity,0.016033773362513517
2021-08-16,Crypto Risk-Parity,-0.04201289703482613
2021-08-17,Crypto Risk-Parity,-0.06090350306292902
2021-08-18,Crypto Risk-Parity,0.013015894051996029
2021-08-19,Crypto Risk-Parity,0.06144072217043531
2021-08-20,Crypto Risk-Parity,0.03931754436239327
2021-08-21,Crypto Risk-Parity,-0.022181157877500947
2021-08-22,Crypto Risk-Parity,0.01945007138321558
2021-08-23,Crypto Risk-Parity,0.02043402082239771
2021-08-24,Crypto Risk-Parity,-0.06394738183523624
2021-08-25,Crypto Risk-Parity,0.02178715320172328
2021-08-26,Crypto Risk-Parity,-0.058799362020322606
2021-08-27,Crypto Risk-Parity,0.07105556886640062
2021-08-28,Crypto Risk-Parity,-0.00993363027070554
2021-08-29,Crypto Risk-Parity,-0.00031626048962360214
2021-08-30,Crypto Risk-Parity,-0.03346199636057313
2021-08-31,Crypto Risk-Parity,0.03160378328171305
2021-09-01,Crypto Risk-Parity,0.05548324089120174
2021-09-02,Crypto Risk-Parity,0.01216546563886476
2021-09-03,Crypto Risk-Parity,0.04398288215155979
2021-09-04,Crypto Risk-Parity,-0.0100522562301468
2021-09-05,Crypto Risk-Parity,0.05299322126808158
2021-09-06,Crypto Risk-Parity,0.0053333395306050715
2021-09-07,Crypto Risk-Parity,-0.16090833014162642
2021-09-08,Crypto Risk-Parity,0.0011675027607644423
2021-09-09,Crypto Risk-Parity,0.0024575214578420553
2021-09-10,Crypto Risk-Parity,-0.0416828602315472
2021-09-11,Crypto Risk-Parity,0.029244244342914227
2021-09-12,Crypto Risk-Parity,0.038227217578559076
2021-09-13,Crypto Risk-Parity,-0.042042716568636715
2021-09-14,Crypto Risk-Parity,0.0405324690507868
2021-09-15,Crypto Risk-Parity,0.03339820003868625
2021-09-16,Crypto Risk-Parity,-0.02155843222043334
2021-09-17,Crypto Risk-Parity,-0.029064405541091298
2021-09-18,Crypto Risk-Parity,0.014532654929274353
2021-09-19,Crypto Risk-Parity,-0.033697243973904216
2021-09-20,Crypto Risk-Parity,-0.11185958959992358
2021-09-21,Crypto Risk-Parity,-0.05271296200672627
2021-09-22,Crypto Risk-Parity,0.10669268255190952
2021-09-23,Crypto Risk-Parity,0.01778877148094162
2021-09-24,Crypto Risk-Parity,-0.060718084618674395
2021-09-25,Crypto Risk-Parity,-0.0040902523110073336
2021-09-26,Crypto Risk-Parity,-0.00416377687702028
2021-09-27,Crypto Risk-Parity,-0.03060035974056404
2021-09-28,Crypto Risk-Parity,-0.03319542012517064
2021-09-29,Crypto Risk-Parity,0.02406609899251011
2021-09-30,Crypto Risk-Parity,0.04126810180372935
2021-10-01,Crypto Risk-Parity,0.08641099218725945
2021-10-02,Crypto Risk-Parity,0.011788599771931755
2021-10-03,Crypto Risk-Parity,0.014171669254850732
2021-10-04,Crypto Risk-Parity,-0.012613280439824823
2021-10-05,Crypto Risk-Parity,0.03942073999335023
2021-10-06,Crypto Risk-Parity,0.02983815799868611
2021-10-07,Crypto Risk-Parity,-0.006995826036763889
2021-10-08,Crypto Risk-Parity,-0.008732710052280407
2021-10-09,Crypto Risk-Parity,0.035472269819296603
2021-10-10,Crypto Risk-Parity,-0.03626392074809754
2021-10-11,Crypto Risk-Parity,0.019011812686114873
2021-10-12,Crypto Risk-Parity,-0.02456996684709465
2021-10-13,Crypto Risk-Parity,0.032251683797376196
2021-10-14,Crypto Risk-Parity,0.00824771250408426
2021-10-15,Crypto Risk-Parity,0.025221743228455683
2021-10-16,Crypto Risk-Parity,0.0018982337368257133
2021-10-17,Crypto Risk-Parity,-0.0126004070187022
2021-10-18,Crypto Risk-Parity,-0.005006683572474812
2021-10-19,Crypto Risk-Parity,0.014839575488363331
2021-10-20,Crypto Risk-Parity,0.04969907748091648
2021-10-21,Crypto Risk-Parity,-0.036132280049163516
2021-10-22,Crypto Risk-Parity,-0.010531917646989351
2021-10-23,Crypto Risk-Parity,0.019329633683062255
2021-10-24,Crypto Risk-Parity,-0.014842801968545673
2021-10-25,Crypto Risk-Parity,0.020234990436393433
2021-10-26,Crypto Risk-Parity,-0.014784952518130185
2021-10-27,Crypto Risk-Parity,-0.08630709096892872
2021-10-28,Crypto Risk-Parity,0.055510510050753324
2021-10-29,Crypto Risk-Parity,0.02910887170152676
2021-10-30,Crypto Risk-Parity,-0.010989332150645676
2021-10-31,Crypto Risk-Parity,0.011714280833460738
2021-11-01,Crypto Risk-Parity,-0.003825883663463727
2021-11-02,Crypto Risk-Parity,0.034042039052981615
2021-11-03,Crypto Risk-Parity,0.015553498823651238
2021-11-04,Crypto Risk-Parity,-0.02538464196302804
2021-11-05,Crypto Risk-Parity,-0.009793990112453145
2021-11-06,Crypto Risk-Parity,-0.00268558679532857
2021-11-07,Crypto Risk-Parity,0.023544401382007054
2021-11-08,Crypto Risk-Parity,0.06074107090441381
2021-11-09,Crypto Risk-Parity,0.05234660050682545
2021-11-10,Crypto Risk-Parity,-0.04943662741273427
2021-11-11,Crypto Risk-Parity,0.010549860916368599
2021-11-12,Crypto Risk-Parity,-0.020498969168029308
2021-11-13,Crypto Risk-Parity,0.01103277016766416
2021-11-14,Crypto Risk-Parity,0.012352711215317053
2021-11-15,Crypto Risk-Parity,-0.015416243741733341
2021-11-16,Crypto Risk-Parity,-0.0830119166120278
2021-11-17,Crypto Risk-Parity,0.005059267191036138
2021-11-18,Crypto Risk-Parity,-0.06620232275325041
2021-11-19,Crypto Risk-Parity,0.04894592552699851
2021-11-20,Crypto Risk-Parity,0.017336085856979225
2021-11-21,Crypto Risk-Parity,-0.019220063111110755
2021-11-22,Crypto Risk-Parity,-0.03739075987589683
2021-11-23,Crypto Risk-Parity,0.02264580203287192
2021-11-24,Crypto Risk-Parity,-0.02501345039636973
2021-11-25,Crypto Risk-Parity,0.009230168238529181
2021-11-26,Crypto Risk-Parity,-0.06613125808806185
2021-11-27,Crypto Risk-Parity,0.012114123154654665
2021-11-28,Crypto Risk-Parity,0.023952913335023904
2021-11-29,Crypto Risk-Parity,0.01783301647317195
2021-11-30,Crypto Risk-Parity,0.002438012780659899
2021-12-01,Crypto Risk-Parity,-0.004338445511760814
2021-12-02,Crypto Risk-Parity,0.003943758858926182
2021-12-03,Crypto Risk-Parity,-0.055691807563974106
2021-12-04,Crypto Risk-Parity,-0.09512595423321354
2021-12-05,Crypto Risk-Parity,-0.021821033260338622
2021-12-06,Crypto Risk-Parity,0.03838715735728064
2021-12-07,Crypto Risk-Parity,-0.00551608924816087
2021-12-08,Crypto Risk-Parity,0.03223262525161165
2021-12-09,Crypto Risk-Parity,-0.06870581390837291
2021-12-10,Crypto Risk-Parity,-0.03586555920033259
2021-12-11,Crypto Risk-Parity,0.060775610112641425
2021-12-12,Crypto Risk-Parity,0.002241336260899427
2021-12-13,Crypto Risk-Parity,-0.0800259259874095
2021-12-14,Crypto Risk-Parity,0.009444541879948684
2021-12-15,Crypto Risk-Parity,0.05006824651289589
2021-12-16,Crypto Risk-Parity,-0.03226690496441333
2021-12-17,Crypto Risk-Parity,-0.025214752488338453
2021-12-18,Crypto Risk-Parity,0.019368769051425757
2021-12-19,Crypto Risk-Parity,-0.002090871652133418
2021-12-20,Crypto Risk-Parity,0.0025094772665809244
2021-12-21,Crypto Risk-Parity,0.033331244536636995
2021-12-22,Crypto Risk-Parity,0.004737978492023587
2021-12-23,Crypto Risk-Parity,0.05326549177357453
2021-12-24,Crypto Risk-Parity,-0.023955311908554176
2021-12-25,Crypto Risk-Parity,0.011204086381259238
2021-12-26,Crypto Risk-Parity,-0.0011656403221411225
2021-12-27,Crypto Risk-Parity,0.006677749189484589
2021-12-28,Crypto Risk-Parity,-0.06557734413764518
2021-12-29,Crypto Risk-Parity,-0.028852902941111275
2021-12-30,Crypto Risk-Parity,0.01711994848708092
2021-12-31,Crypto Risk-Parity,-0.015816616719662592
2022-01-01,Crypto Risk-Parity,0.029187363328534294
2022-01-02,Crypto Risk-Parity,0.013867003370473132
2022-01-03,Crypto Risk-Parity,-0.020518509162367485
2022-01-04,Crypto Risk-Parity,-0.011520090424656165
2022-01-05,Crypto Risk-Parity,-0.06088142303037275
2022-01-06,Crypto Risk-Parity,-0.001775074783149833
2022-01-07,Crypto Risk-Parity,-0.041126152772747046
2022-01-08,Crypto Risk-Parity,-0.019190616372698477
2022-01-09,Crypto Risk-Parity,0.009068508938699343
2022-01-10,Crypto Risk-Parity,-0.028250158265167795
2022-01-11,Crypto Risk-Parity,0.034023996217817175
2022-01-12,Crypto Risk-Parity,0.05303680096335432
2022-01-13,Crypto Risk-Parity,-0.034634951725205546
2022-01-14,Crypto Risk-Parity,0.024537628073323124
2022-01-15,Crypto Risk-Parity,0.007893573345196078
2022-01-16,Crypto Risk-Parity,0.0073179481036713895
2022-01-17,Crypto Risk-Parity,0.0008299322531347183
2022-01-18,Crypto Risk-Parity,-0.016280267543982093
2022-01-19,Crypto Risk-Parity,-0.028078063927428714
2022-01-20,Crypto Risk-Parity,-0.041060741321965175
2022-01-21,Crypto Risk-Parity,-0.11572120498036512
2022-01-22,Crypto Risk-Parity,-0.05737887853787664
2022-01-23,Crypto Risk-Parity,0.03911903457907065
2022-01-24,Crypto Risk-Parity,-0.026407352065903444
2022-01-25,Crypto Risk-Parity,0.0008144913366435983
2022-01-26,Crypto Risk-Parity,0.00489792571101044
2022-01-27,Crypto Risk-Parity,-0.008303358294812553
2022-01-28,Crypto Risk-Parity,0.024819305232548088
2022-01-29,Crypto Risk-Parity,0.015002359692602944
2022-01-30,Crypto Risk-Parity,-0.016576025617267967
2022-01-31,Crypto Risk-Parity,0.015011239171367879
2022-02-01,Crypto Risk-Parity,0.022351099333324236
2022-02-02,Crypto Risk-Parity,-0.03938517259582676
2022-02-03,Crypto Risk-Parity,0.014758199564120507
2022-02-04,Crypto Risk-Parity,0.08877746544640923
2022-02-05,Crypto Risk-Parity,0.009446250402592421
2022-02-06,Crypto Risk-Parity,0.0243217982589042
2022-02-07,Crypto Risk-Parity,0.06749263920763804
2022-02-08,Crypto Risk-Parity,-0.0024975790018087578
2022-02-09,Crypto Risk-Parity,0.01949952964735041
2022-02-10,Crypto Risk-Parity,-0.025813345772468008
2022-02-11,Crypto Risk-Parity,-0.05845947210833268
2022-02-12,Crypto Risk-Parity,0.004374007176744713
2022-02-13,Crypto Risk-Parity,-0.0007636586709872124
2022-02-14,Crypto Risk-Parity,-0.003968245114636976
2022-02-15,Crypto Risk-Parity,0.054712790905154934
2022-02-16,Crypto Risk-Parity,-0.015466033439245165
2022-02-17,Crypto Risk-Parity,-0.0773876623858239
2022-02-18,Crypto Risk-Parity,-0.008175964048562759
2022-02-19,Crypto Risk-Parity,0.0053680600964638725
2022-02-20,Crypto Risk-Parity,-0.04295482106621389
2022-02-21,Crypto Risk-Parity,-0.06079548026209357
2022-02-22,Crypto Risk-Parity,0.03887546938971356
2022-02-23,Crypto Risk-Parity,-0.02100766802502977
2022-02-24,Crypto Risk-Parity,0.0034930594476072917
2022-02-25,Crypto Risk-Parity,0.040998602599315245
2022-02-26,Crypto Risk-Parity,0.002888623118226196
2022-02-27,Crypto Risk-Parity,-0.04114613521901722
2022-02-28,Crypto Risk-Parity,0.10270312652932714
2022-03-01,Crypto Risk-Parity,0.003908649744707695
2022-03-02,Crypto Risk-Parity,-0.01840839662828928
2022-03-03,Crypto Risk-Parity,-0.02037286820785066
2022-03-04,Crypto Risk-Parity,-0.0695568616327023
2022-03-05,Crypto Risk-Parity,0.024428372980264224
2022-03-06,Crypto Risk-Parity,-0.03629721848722031
2022-03-07,Crypto Risk-Parity,-0.017550523351347096
2022-03-08,Crypto Risk-Parity,0.019633695843907166
2022-03-09,Crypto Risk-Parity,0.06176319154189041
2022-03-10,Crypto Risk-Parity,-0.04568125296366126
2022-03-11,Crypto Risk-Parity,0.005575845458314531
2022-03-12,Crypto Risk-Parity,-3.043967480664692e-05
2022-03-13,Crypto Risk-Parity,-0.0264471276456351
2022-03-14,Crypto Risk-Parity,0.02654126033009516
2022-03-15,Crypto Risk-Parity,0.0025943297051601536
2022-03-16,Crypto Risk-Parity,0.041319315372927067
2022-03-17,Crypto Risk-Parity,-0.0021756303462410103
2022-03-18,Crypto Risk-Parity,0.023093784602854422
2022-03-19,Crypto Risk-Parity,0.04641197401550401
2022-03-20,Crypto Risk-Parity,-0.0023080666475337507
2022-03-21,Crypto Risk-Parity,0.02244232122863153
2022-03-22,Crypto Risk-Parity,0.0614098883165085
2022-03-23,Crypto Risk-Parity,0.012356193055717418
2022-03-24,Crypto Risk-Parity,0.02428171582584031
2022-03-25,Crypto Risk-Parity,-0.010625171126137546
2022-03-26,Crypto Risk-Parity,0.009666749555756101
2022-03-27,Crypto Risk-Parity,0.0429550566032814
2022-03-28,Crypto Risk-Parity,0.0038627069477401013
2022-03-29,Crypto Risk-Parity,0.013745210327635083
2022-03-30,Crypto Risk-Parity,0.009378274773573156
2022-03-31,Crypto Risk-Parity,-0.029547536970995446
2022-04-01,Crypto Risk-Parity,0.01352496210315436
2022-04-02,Crypto Risk-Parity,-0.010292832641700151
2022-04-03,Crypto Risk-Parity,0.018482270241608662
2022-04-04,Crypto Risk-Parity,-0.006636860256163192
2022-04-05,Crypto Risk-Parity,-0.02808844223777531
2022-04-06,Crypto Risk-Parity,-0.08990796123690639
2022-04-07,Crypto Risk-Parity,0.034431138211331834
2022-04-08,Crypto Risk-Parity,-0.04077523679593258
2022-04-09,Crypto Risk-Parity,0.018247759005995394
2022-04-10,Crypto Risk-Parity,-0.016963992801803877
2022-04-11,Crypto Risk-Parity,-0.0794918627497749
2022-04-12,Crypto Risk-Parity,0.027819014949605914
2022-04-13,Crypto Risk-Parity,0.03707884021857192
2022-04-14,Crypto Risk-Parity,-0.023927757105491
2022-04-15,Crypto Risk-Parity,0.029825144886273133
2022-04-16,Crypto Risk-Parity,0.01302927784183978
2022-04-17,Crypto Risk-Parity,-0.03728442232213836
2022-04-18,Crypto Risk-Parity,0.022654247798041663
2022-04-19,Crypto Risk-Parity,0.02092356295603872
2022-04-20,Crypto Risk-Parity,-0.012113883677861516
2022-04-21,Crypto Risk-Parity,-0.017465678259772566
2022-04-22,Crypto Risk-Parity,-0.012753680258100234
2022-04-23,Crypto Risk-Parity,-0.012166044584143904
2022-04-24,Crypto Risk-Parity,-0.013466777267215032
2022-04-25,Crypto Risk-Parity,0.010755299985428872
2022-04-26,Crypto Risk-Parity,-0.06750321795429756
2022-04-27,Crypto Risk-Parity,0.024670598876585494
2022-04-28,Crypto Risk-Parity,0.008939264917281663
2022-04-29,Crypto Risk-Parity,-0.03571985935587127
2022-04-30,Crypto Risk-Parity,-0.05095753387561217
2022-05-01,Crypto Risk-Parity,0.04773732737668501
2022-05-02,Crypto Risk-Parity,-0.0033293529045611337
2022-05-03,Crypto Risk-Parity,-0.009885727180367355
2022-05-04,Crypto Risk-Parity,0.0974903111458628
2022-05-05,Crypto Risk-Parity,-0.08820246252170888
2022-05-06,Crypto Risk-Parity,0.011725027170558178
2022-05-07,Crypto Risk-Parity,-0.025620589815031056
2022-05-08,Crypto Risk-Parity,-0.01888508731424997
2022-05-09,Crypto Risk-Parity,-0.13787906617621498
2022-05-10,Crypto Risk-Parity,0.03579471664379223
2022-05-11,Crypto Risk-Parity,-0.13878254790779945
2022-05-12,Crypto Risk-Parity,-0.04754872558467807
2022-05-13,Crypto Risk-Parity,0.06532421771772318
2022-05-14,Crypto Risk-Parity,0.02063041684776894
2022-05-15,Crypto Risk-Parity,0.04077003607386327
2022-05-16,Crypto Risk-Parity,-0.058965283758125125
2022-05-17,Crypto Risk-Parity,0.04280267349799889
2022-05-18,Crypto Risk-Parity,-0.07744325127320952
2022-05-19,Crypto Risk-Parity,0.04742439149949801
2022-05-20,Crypto Risk-Parity,-0.03170333760977201
2022-05-21,Crypto Risk-Parity,0.01642338849028327
2022-05-22,Crypto Risk-Parity,0.03488752154530057
2022-05-23,Crypto Risk-Parity,-0.033156851651010705
2022-05-24,Crypto Risk-Parity,0.03137110546507976
2022-05-25,Crypto Risk-Parity,-0.00793342344325545
2022-05-26,Crypto Risk-Parity,-0.04886657665956178
2022-05-27,Crypto Risk-Parity,-0.028619592618861697
2022-05-28,Crypto Risk-Parity,0.017378522949175097
2022-05-29,Crypto Risk-Parity,0.02683315626416097
2022-05-30,Crypto Risk-Parity,0.08283128263279071
2022-05-31,Crypto Risk-Parity,0.011681682557966314
2022-06-01,Crypto Risk-Parity,-0.06875537124645312
2022-06-02,Crypto Risk-Parity,0.02313419408699032
2022-06-03,Crypto Risk-Parity,-0.02630560967282962
2022-06-04,Crypto Risk-Parity,0.0068185203292806165
2022-06-05,Crypto Risk-Parity,-0.0036152471567640924
2022-06-06,Crypto Risk-Parity,0.028889172550859734
2022-06-07,Crypto Risk-Parity,-0.011576134083803844
2022-06-08,Crypto Risk-Parity,-0.014633182500639785
2022-06-09,Crypto Risk-Parity,-0.0057211069837286585
2022-06-10,Crypto Risk-Parity,-0.05090381415752923
2022-06-11,Crypto Risk-Parity,-0.057728909529328375
2022-06-12,Crypto Risk-Parity,-0.05576894425690586
2022-06-13,Crypto Risk-Parity,-0.1295211095684207
2022-06-14,Crypto Risk-Parity,0.007090999638000568
2022-06-15,Crypto Risk-Parity,0.06383521946081011
2022-06-16,Crypto Risk-Parity,-0.10609276114151557
2022-06-17,Crypto Risk-Parity,0.03483216774106853
2022-06-18,Crypto Risk-Parity,-0.042502928757869624
2022-06-19,Crypto Risk-Parity,0.07765951080027846
2022-06-20,Crypto Risk-Parity,0.001037026097568282
2022-06-21,Crypto Risk-Parity,0.007498141026556379
2022-06-22,Crypto Risk-Parity,-0.035917344704963425
2022-06-23,Crypto Risk-Parity,0.04696876746051608
2022-06-24,Crypto Risk-Parity,0.03780405032618039
2022-06-25,Crypto Risk-Parity,0.007263736586196949
2022-06-26,Crypto Risk-Parity,-0.021255387862980035
2022-06-27,Crypto Risk-Parity,-0.006086966720621095
2022-06-28,Crypto Risk-Parity,-0.04185217150470029
2022-06-29,Crypto Risk-Parity,-0.0149750062494655
2022-06-30,Crypto Risk-Parity,-0.007631444423782432
2022-07-01,Crypto Risk-Parity,-0.022098008802123034
2022-07-02,Crypto Risk-Parity,0.009497997118660947
2022-07-03,Crypto Risk-Parity,0.006643233133050385
2022-07-04,Crypto Risk-Parity,0.03441942329712893
2022-07-05,Crypto Risk-Parity,-0.01734347656819421
2022-07-06,Crypto Risk-Parity,0.01680223140225359
2022-07-07,Crypto Risk-Parity,0.03813900062157538
2022-07-08,Crypto Risk-Parity,-0.008677891743591445
2022-07-09,Crypto Risk-Parity,0.012829129144185401
2022-07-10,Crypto Risk-Parity,-0.039714140490354155
2022-07-11,Crypto Risk-Parity,-0.054984189594852885
2022-07-12,Crypto Risk-Parity,-0.02308366729870262
2022-07-13,Crypto Risk-Parity,0.04410043534491251
2022-07-14,Crypto Risk-Parity,0.02309889369471034
2022-07-15,Crypto Risk-Parity,0.013226344613327019
2022-07-16,Crypto Risk-Parity,0.04947341483944624
2022-07-17,Crypto Risk-Parity,-0.002929121773199341
2022-07-18,Crypto Risk-Parity,0.10404809292727489
2022-07-19,Crypto Risk-Parity,0.01846835361440275
2022-07-20,Crypto Risk-Parity,-0.03458605807905178
2022-07-21,Crypto Risk-Parity,0.022669531611325858
2022-07-22,Crypto Risk-Parity,-0.008419726412059098
2022-07-23,Crypto Risk-Parity,0.005939194449627041
2022-07-24,Crypto Risk-Parity,0.019191106306873984
2022-07-25,Crypto Risk-Parity,-0.07159526026060169
2022-07-26,Crypto Risk-Parity,0.004172710274871311
2022-07-27,Crypto Risk-Parity,0.10497561825990528
2022-07-28,Crypto Risk-Parity,0.07474817239125975
2022-07-29,Crypto Risk-Parity,-0.005750529845483908
2022-07-30,Crypto Risk-Parity,-0.004359019068272496
2022-07-31,Crypto Risk-Parity,-0.01586486891024195
2022-08-01,Crypto Risk-Parity,-0.01067136332272952
2022-08-02,Crypto Risk-Parity,-0.01968041797838073
2022-08-03,Crypto Risk-Parity,-0.005925081445108702
2022-08-04,Crypto Risk-Parity,0.0022409938699940067
2022-08-05,Crypto Risk-Parity,0.04289249007163513
2022-08-06,Crypto Risk-Parity,-0.008970513771197012
2022-08-07,Crypto Risk-Parity,0.006290561758003455
2022-08-08,Crypto Risk-Parity,0.023001297838638596
2022-08-09,Crypto Risk-Parity,-0.0424285907311283
2022-08-10,Crypto Risk-Parity,0.04823669335749932
2022-08-11,Crypto Risk-Parity,0.010758041765029933
2022-08-12,Crypto Risk-Parity,0.013347108399319477
2022-08-13,Crypto Risk-Parity,0.006771356553833879
2022-08-14,Crypto Risk-Parity,-0.01160321163258995
2022-08-15,Crypto Risk-Parity,-0.01672996369787277
2022-08-16,Crypto Risk-Parity,0.0025421324355025397
2022-08-17,Crypto Risk-Parity,-0.007213681534380367
2022-08-18,Crypto Risk-Parity,-0.01681514681425042
2022-08-19,Crypto Risk-Parity,-0.10414004065374786
2022-08-20,Crypto Risk-Parity,0.014845487435765041
2022-08-21,Crypto Risk-Parity,0.0300295124026527
2022-08-22,Crypto Risk-Parity,0.019223830274903715
2022-08-23,Crypto Risk-Parity,0.01411962836229568
2022-08-24,Crypto Risk-Parity,-0.008676725409902422
2022-08-25,Crypto Risk-Parity,0.010145884654755268
2022-08-26,Crypto Risk-Parity,-0.07626522500767041
2022-08-27,Crypto Risk-Parity,0.0025476145116583343
2022-08-28,Crypto Risk-Parity,-0.03208723017583297
2022-08-29,Crypto Risk-Parity,0.047283891349475124
2022-08-30,Crypto Risk-Parity,-0.025013091832491105
2022-08-31,Crypto Risk-Parity,0.002940955503183326
2022-09-01,Crypto Risk-Parity,0.022486429885132348
2022-09-02,Crypto Risk-Parity,0.00412919579634706
2022-09-03,Crypto Risk-Parity,0.0018970632969612714
2022-09-04,Crypto Risk-Parity,0.009064248526071102
2022-09-05,Crypto Risk-Parity,0.02457850456446267
2022-09-06,Crypto Risk-Parity,-0.06737589478591044
2022-09-07,Crypto Risk-Parity,0.05427294403345172
2022-09-08,Crypto Risk-Parity,0.005658874054242027
2022-09-09,Crypto Risk-Parity,0.05953283185364615
2022-09-10,Crypto Risk-Parity,0.018135352129224513
2022-09-11,Crypto Risk-Parity,-0.010545678328673015
2022-09-12,Crypto Risk-Parity,-0.0059659842225403634
2022-09-13,Crypto Risk-Parity,-0.07086888506914621
2022-09-14,Crypto Risk-Parity,0.018562721248203802
2022-09-15,Crypto Risk-Parity,-0.04476153647413856
2022-09-16,Crypto Risk-Parity,0.014548911135433622
2022-09-17,Crypto Risk-Parity,0.03100358461065971
2022-09-18,Crypto Risk-Parity,-0.07292604523642844
2022-09-19,Crypto Risk-Parity,0.021012883856830727
2022-09-20,Crypto Risk-Parity,0.00098081307063126
2022-09-21,Crypto Risk-Parity,-0.03751899715022753
2022-09-22,Crypto Risk-Parity,0.06785121197059937
2022-09-23,Crypto Risk-Parity,0.010675853917393632
2022-09-24,Crypto Risk-Parity,-0.021186127216203318
2022-09-25,Crypto Risk-Parity,-0.012406149236167167
2022-09-26,Crypto Risk-Parity,0.002100938481338346
2022-09-27,Crypto Risk-Parity,-0.015024382306965546
2022-09-28,Crypto Risk-Parity,-0.0002834672238858
2022-09-29,Crypto Risk-Parity,0.026945210039290887
2022-09-30,Crypto Risk-Parity,-0.004428054450553557
2022-10-01,Crypto Risk-Parity,0.0006568058054622853
2022-10-02,Crypto Risk-Parity,-0.023561937947043674
2022-10-03,Crypto Risk-Parity,0.021172919306147755
2022-10-04,Crypto Risk-Parity,0.02481374497763509
2022-10-05,Crypto Risk-Parity,-0.0036178732212479234
2022-10-06,Crypto Risk-Parity,-0.0056591722014662895
2022-10-07,Crypto Risk-Parity,-0.0036385662032457087
2022-10-08,Crypto Risk-Parity,-0.0026807243503137236
2022-10-09,Crypto Risk-Parity,0.01035528397434807
2022-10-10,Crypto Risk-Parity,-0.039201314772876104
2022-10-11,Crypto Risk-Parity,-0.01831083805386578
2022-10-12,Crypto Risk-Parity,0.00205799092565422
2022-10-13,Crypto Risk-Parity,-0.015627788983547497
2022-10-14,Crypto Risk-Parity,0.004424075167605671
2022-10-15,Crypto Risk-Parity,-0.008507804407327211
2022-10-16,Crypto Risk-Parity,0.010855909978655466
2022-10-17,Crypto Risk-Parity,0.011529525616576058
2022-10-18,Crypto Risk-Parity,-0.015272370407113047
2022-10-19,Crypto Risk-Parity,-0.022389226139887315
2022-10-20,Crypto Risk-Parity,-0.0018491229142863158
2022-10-21,Crypto Risk-Parity,0.011813093777583219
2022-10-22,Crypto Risk-Parity,0.009164655472554002
2022-10-23,Crypto Risk-Parity,0.01826914902646932
2022-10-24,Crypto Risk-Parity,-0.019034011167594025
2022-10-25,Crypto Risk-Parity,0.04938364757778482
2022-10-26,Crypto Risk-Parity,0.02309909538030158
2022-10-27,Crypto Risk-Parity,-0.020339241911822802
2022-10-28,Crypto Risk-Parity,0.019093324388902846
2022-10-29,Crypto Risk-Parity,0.01575778344486222
2022-10-30,Crypto Risk-Parity,-0.021962825463992634
2022-10-31,Crypto Risk-Parity,0.0012624524940350872
2022-11-01,Crypto Risk-Parity,-0.004833086818300715
2022-11-02,Crypto Risk-Parity,-0.013816601866256686
2022-11-03,Crypto Risk-Parity,0.013977925932795787
2022-11-04,Crypto Risk-Parity,0.06639250497667193
2022-11-05,Crypto Risk-Parity,-0.0010089727703092924
2022-11-06,Crypto Risk-Parity,-0.036461289348712414
2022-11-07,Crypto Risk-Parity,-0.001164440597320637
2022-11-08,Crypto Risk-Parity,-0.11281976555418043
2022-11-09,Crypto Risk-Parity,-0.14252669179204266
2022-11-10,Crypto Risk-Parity,0.15135302239132928
2022-11-11,Crypto Risk-Parity,-0.01861154512593362
2022-11-12,Crypto Risk-Parity,-0.030295912596804066
2022-11-13,Crypto Risk-Parity,-0.036865521121395496
2022-11-14,Crypto Risk-Parity,0.022402949991481458
2022-11-15,Crypto Risk-Parity,0.015026998066968613
2022-11-16,Crypto Risk-Parity,-0.017722457502907563
2022-11-17,Crypto Risk-Parity,0.005674913800259057
2022-11-18,Crypto Risk-Parity,0.0027278582227976927
2022-11-19,Crypto Risk-Parity,0.009166195265157237
2022-11-20,Crypto Risk-Parity,-0.0400501190327642
2022-11-21,Crypto Risk-Parity,-0.011948059707584351
2022-11-22,Crypto Risk-Parity,0.03562353521401829
2022-11-23,Crypto Risk-Parity,0.042533379417760975
2022-11-24,Crypto Risk-Parity,0.011878518454225908
2022-11-25,Crypto Risk-Parity,-0.006219110377303472
2022-11-26,Crypto Risk-Parity,-0.00405463343617434
2022-11-27,Crypto Risk-Parity,-0.0007565395148466901
2022-11-28,Crypto Risk-Parity,-0.01696259666786823
2022-11-29,Crypto Risk-Parity,0.015971863134757704
2022-11-30,Crypto Risk-Parity,0.03346558549494335
2022-12-01,Crypto Risk-Parity,-0.01922084725565142
2022-12-02,Crypto Risk-Parity,0.008350881662011806
2022-12-03,Crypto Risk-Parity,-0.018443693931092995
2022-12-04,Crypto Risk-Parity,0.01008363021991441
2022-12-05,Crypto Risk-Parity,-0.0019051961944816648
2022-12-06,Crypto Risk-Parity,0.006200345555869332
2022-12-07,Crypto Risk-Parity,-0.01856594912260629
2022-12-08,Crypto Risk-Parity,0.021914122867636943
2022-12-09,Crypto Risk-Parity,-0.005358155014181948
2022-12-10,Crypto Risk-Parity,-0.0003172780893988183
2022-12-11,Crypto Risk-Parity,-0.012139895642831173
2022-12-12,Crypto Risk-Parity,-0.0019253223572712847
2022-12-13,Crypto Risk-Parity,0.022399060981109355
2022-12-14,Crypto Risk-Parity,-0.008510173650752382
2022-12-15,Crypto Risk-Parity,-0.021745216268285343
2022-12-16,Crypto Risk-Parity,-0.07644043206126154
2022-12-17,Crypto Risk-Parity,0.01508865853730499
2022-12-18,Crypto Risk-Parity,-0.006834904889596963
2022-12-19,Crypto Risk-Parity,-0.028636062470448597
2022-12-20,Crypto Risk-Parity,0.034985048025195996
2022-12-21,Crypto Risk-Parity,-0.004630301726835714
2022-12-22,Crypto Risk-Parity,0.0067329264468973015
2022-12-23,Crypto Risk-Parity,-0.0021957369960308006
2022-12-24,Crypto Risk-Parity,-0.0004902735157618439
2022-12-25,Crypto Risk-Parity,0.0005812499414030977
2022-12-26,Crypto Risk-Parity,0.015124644117111312
2022-12-27,Crypto Risk-Parity,-0.011333963328085806
2022-12-28,Crypto Risk-Parity,-0.02465107995625944
2022-12-29,Crypto Risk-Parity,-0.00150844304942657
2022-12-30,Crypto Risk-Parity,0.0009630891833387941
2022-12-31,Crypto Risk-Parity,0.0007126497496769083
2023-01-01,Crypto Risk-Parity,0.007598856406921974
2023-01-02,Crypto Risk-Parity,0.017874082432477137
2023-01-03,Crypto Risk-Parity,-0.0026131816962370463
2023-01-04,Crypto Risk-Parity,0.029746942382711614
2023-01-05,Crypto Risk-Parity,-0.014103229523598462
2023-01-06,Crypto Risk-Parity,0.018852078278750503
2023-01-07,Crypto Risk-Parity,-0.002993029180186841
2023-01-08,Crypto Risk-Parity,0.022237326897159574
2023-01-09,Crypto Risk-Parity,0.026447738101759693
2023-01-10,Crypto Risk-Parity,0.006007328291895467
2023-01-11,Crypto Risk-Parity,0.02991487886726686
2023-01-12,Crypto Risk-Parity,0.025836357238948112
2023-01-13,Crypto Risk-Parity,0.035661999334042765
2023-01-14,Crypto Risk-Parity,0.03436546816544463
2023-01-15,Crypto Risk-Parity,-0.0022273517439840166
2023-01-16,Crypto Risk-Parity,-0.003133015242947584
2023-01-17,Crypto Risk-Parity,-0.005213868680536642
2023-01-18,Crypto Risk-Parity,-0.041498760799088125
2023-01-19,Crypto Risk-Parity,0.0235220500278448
2023-01-20,Crypto Risk-Parity,0.06302770923196004
2023-01-21,Crypto Risk-Parity,-0.008902357372667083
2023-01-22,Crypto Risk-Parity,0.008079344227222396
2023-01-23,Crypto Risk-Parity,0.021325624827350426
2023-01-24,Crypto Risk-Parity,-0.040050564791907224
2023-01-25,Crypto Risk-Parity,0.02986634957140278
2023-01-26,Crypto Risk-Parity,-0.0021108559759472813
2023-01-27,Crypto Risk-Parity,0.01155046037074801
2023-01-28,Crypto Risk-Parity,-0.008290128675211924
2023-01-29,Crypto Risk-Parity,0.030071938423264683
2023-01-30,Crypto Risk-Parity,-0.04505304953360913
2023-01-31,Crypto Risk-Parity,0.018306906604232627
2023-02-01,Crypto Risk-Parity,0.024672745006644608
2023-02-02,Crypto Risk-Parity,-0.003389061279714146
2023-02-03,Crypto Risk-Parity,0.012052021170746387
2023-02-04,Crypto Risk-Parity,-0.00051047104799877
2023-02-05,Crypto Risk-Parity,-0.018868498434184835
2023-02-06,Crypto Risk-Parity,-0.016734414036418455
2023-02-07,Crypto Risk-Parity,0.03809179632833795
2023-02-08,Crypto Risk-Parity,-0.012067474539482894
2023-02-09,Crypto Risk-Parity,-0.057504875482122006
2023-02-10,Crypto Risk-Parity,-7.04068274004277e-05
2023-02-11,Crypto Risk-Parity,0.010425183859949333
2023-02-12,Crypto Risk-Parity,-0.012617110229540053
2023-02-13,Crypto Risk-Parity,-0.00014005470941463156
2023-02-14,Crypto Risk-Parity,0.02849318856742401
2023-02-15,Crypto Risk-Parity,0.06567635740872983
2023-02-16,Crypto Risk-Parity,-0.044441344723869514
2023-02-17,Crypto Risk-Parity,0.04839574940992666
2023-02-18,Crypto Risk-Parity,0.006665299543184465
2023-02-19,Crypto Risk-Parity,-0.009885565509478984
2023-02-20,Crypto Risk-Parity,0.0248771650439971
2023-02-21,Crypto Risk-Parity,-0.019935305156140618
2023-02-22,Crypto Risk-Parity,-0.00683310226243717
2023-02-23,Crypto Risk-Parity,-0.010627315521560161
2023-02-24,Crypto Risk-Parity,-0.03360660420829013
2023-02-25,Crypto Risk-Parity,-0.002160664109568722
2023-02-26,Crypto Risk-Parity,0.017915895957294776
2023-02-27,Crypto Risk-Parity,-0.0043162782583954845
2023-02-28,Crypto Risk-Parity,-0.011990778472654482
2023-03-01,Crypto Risk-Parity,0.02435914443090017
2023-03-02,Crypto Risk-Parity,-0.009822203886566355
2023-03-03,Crypto Risk-Parity,-0.024654418218255807
2023-03-04,Crypto Risk-Parity,-0.01689966400201527
2023-03-05,Crypto Risk-Parity,-0.0008967348163329632
2023-03-06,Crypto Risk-Parity,-0.0031604449522960763
2023-03-07,Crypto Risk-Parity,-0.008977790959233137
2023-03-08,Crypto Risk-Parity,-0.02500724688361048
2023-03-09,Crypto Risk-Parity,-0.06409646695262963
2023-03-10,Crypto Risk-Parity,-0.006173889832262764
2023-03-11,Crypto Risk-Parity,0.0052321533656095685
2023-03-12,Crypto Risk-Parity,0.06887830927933827
2023-03-13,Crypto Risk-Parity,0.044498016040340434
2023-03-14,Crypto Risk-Parity,0.018314547817671868
2023-03-15,Crypto Risk-Parity,-0.047963940990824364
2023-03-16,Crypto Risk-Parity,0.016793301710728518
2023-03-17,Crypto Risk-Parity,0.06330026195522563
2023-03-18,Crypto Risk-Parity,-0.024151209074352364
2023-03-19,Crypto Risk-Parity,0.027728489994646967
2023-03-20,Crypto Risk-Parity,-0.03201056121780667
2023-03-21,Crypto Risk-Parity,0.07269403273782189
2023-03-22,Crypto Risk-Parity,-0.05379162975049626
2023-03-23,Crypto Risk-Parity,0.04983644690256774
2023-03-24,Crypto Risk-Parity,-0.027622190177142972
2023-03-25,Crypto Risk-Parity,-0.0005334869327176259
2023-03-26,Crypto Risk-Parity,0.013128987077152285
2023-03-27,Crypto Risk-Parity,-0.01745012202566748
2023-03-28,Crypto Risk-Parity,0.028054534286283222
2023-03-29,Crypto Risk-Parity,0.027249059255756464
2023-03-30,Crypto Risk-Parity,-0.0007538731637044974
2023-03-31,Crypto Risk-Parity,0.022012215988527414
2023-04-01,Crypto Risk-Parity,-0.0036023274551868645
2023-04-02,Crypto Risk-Parity,-0.007963473381761434
2023-04-03,Crypto Risk-Parity,-0.00160080137646214
2023-04-04,Crypto Risk-Parity,0.007717101772009181
2023-04-05,Crypto Risk-Parity,0.0046724636736296754
2023-04-06,Crypto Risk-Parity,-0.00838265928325964
2023-04-07,Crypto Risk-Parity,-0.0003911231762472596
2023-04-08,Crypto Risk-Parity,-0.00688011874390631
2023-04-09,Crypto Risk-Parity,0.008534849172783347
2023-04-10,Crypto Risk-Parity,0.023232785930390708
2023-04-11,Crypto Risk-Parity,0.002672517576252433
2023-04-12,Crypto Risk-Parity,-0.006249948023876193
2023-04-13,Crypto Risk-Parity,0.021248773136723742
2023-04-14,Crypto Risk-Parity,0.015410329137858596
2023-04-15,Crypto Risk-Parity,-0.0004048112559086601
2023-04-16,Crypto Risk-Parity,0.00772904497814055
2023-04-17,Crypto Risk-Parity,-0.023349728573071268
2023-04-18,Crypto Risk-Parity,0.020830719840221855
2023-04-19,Crypto Risk-Parity,-0.06591556410196762
2023-04-20,Crypto Risk-Parity,-0.016270500974335664
2023-04-21,Crypto Risk-Parity,-0.034207248917568454
2023-04-22,Crypto Risk-Parity,0.02648206441917703
2023-04-23,Crypto Risk-Parity,-0.009624486116543086
2023-04-24,Crypto Risk-Parity,-0.006063104012911257
2023-04-25,Crypto Risk-Parity,0.01584973152319017
2023-04-26,Crypto Risk-Parity,-0.01178213601934878
2023-04-27,Crypto Risk-Parity,0.01495006574855386
2023-04-28,Crypto Risk-Parity,0.004321827980079879
2023-04-29,Crypto Risk-Parity,0.006664651780799582
2023-04-30,Crypto Risk-Parity,-0.01301073505116859
2023-05-01,Crypto Risk-Parity,-0.015629192321748614
2023-05-02,Crypto Risk-Parity,0.013302257196132539
2023-05-03,Crypto Risk-Parity,0.006526837991983522
2023-05-04,Crypto Risk-Parity,-0.009417171344824553
2023-05-05,Crypto Risk-Parity,0.02085724322891042
2023-05-06,Crypto Risk-Parity,-0.028043443796682586
2023-05-07,Crypto Risk-Parity,-0.011591984478047584
2023-05-08,Crypto Risk-Parity,-0.0341202949683106
2023-05-09,Crypto Risk-Parity,0.01549040158104527
2023-05-10,Crypto Risk-Parity,-0.0016572187157281814
2023-05-11,Crypto Risk-Parity,-0.020575775419091245
2023-05-12,Crypto Risk-Parity,0.007163516954018929
2023-05-13,Crypto Risk-Parity,-0.005970942023226698
2023-05-14,Crypto Risk-Parity,0.009024318097318988
2023-05-15,Crypto Risk-Parity,0.00845335482250015
2023-05-16,Crypto Risk-Parity,0.0077032412389169734
2023-05-17,Crypto Risk-Parity,0.014270416132811398
2023-05-18,Crypto Risk-Parity,-0.011792353962200365
2023-05-19,Crypto Risk-Parity,0.0034850190573138757
2023-05-20,Crypto Risk-Parity,0.00651435061613851
2023-05-21,Crypto Risk-Parity,-0.007653300882614055
2023-05-22,Crypto Risk-Parity,0.01019751250095305
2023-05-23,Crypto Risk-Parity,0.008323656515026654
2023-05-24,Crypto Risk-Parity,-0.02870645256659401
2023-05-25,Crypto Risk-Parity,0.0006825896741103842
2023-05-26,Crypto Risk-Parity,0.011442247159991491
2023-05-27,Crypto Risk-Parity,0.00943501710761513
2023-05-28,Crypto Risk-Parity,0.026099073167479447
2023-05-29,Crypto Risk-Parity,-0.007012205309502384
2023-05-30,Crypto Risk-Parity,0.008847609285808676
2023-05-31,Crypto Risk-Parity,-0.010931158056051068
2023-06-01,Crypto Risk-Parity,-0.0071778252819019814
2023-06-02,Crypto Risk-Parity,0.03414704356931698
2023-06-03,Crypto Risk-Parity,-0.0036870885009480984
2023-06-04,Crypto Risk-Parity,0.00133443545844104
2023-06-05,Crypto Risk-Parity,-0.054267843148411356
2023-06-06,Crypto Risk-Parity,0.033203535951526496
2023-06-07,Crypto Risk-Parity,-0.032936712735970645
2023-06-08,Crypto Risk-Parity,0.007447761654264144
2023-06-09,Crypto Risk-Parity,-0.014440759171715842
2023-06-10,Crypto Risk-Parity,-0.07832762037303544
2023-06-11,Crypto Risk-Parity,0.0019151664048718989
2023-06-12,Crypto Risk-Parity,0.0008694005244965922
2023-06-13,Crypto Risk-Parity,0.0029967323961250635
2023-06-14,Crypto Risk-Parity,-0.040942904797412125
2023-06-15,Crypto Risk-Parity,0.005387005872073049
2023-06-16,Crypto Risk-Parity,0.010903549948471378
2023-06-17,Crypto Risk-Parity,0.00980063547966863
2023-06-18,Crypto Risk-Parity,-0.006360327544943534
2023-06-19,Crypto Risk-Parity,0.006227102808261012
2023-06-20,Crypto Risk-Parity,0.027059097616719055
2023-06-21,Crypto Risk-Parity,0.06832094120004546
2023-06-22,Crypto Risk-Parity,-0.0038315994761950233
2023-06-23,Crypto Risk-Parity,0.07251173020090258
2023-06-24,Crypto Risk-Parity,0.011571497188728143
2023-06-25,Crypto Risk-Parity,-0.009433305000739516
2023-06-26,Crypto Risk-Parity,0.007288464430685416
2023-06-27,Crypto Risk-Parity,0.022857392035873534
2023-06-28,Crypto Risk-Parity,-0.03701828692726211
2023-06-29,Crypto Risk-Parity,0.028990257585670542
2023-06-30,Crypto Risk-Parity,0.08806217598450311
2023-07-01,Crypto Risk-Parity,-0.000913368317428674
2023-07-02,Crypto Risk-Parity,0.0038169740802653203
2023-07-03,Crypto Risk-Parity,-0.0022599154050280653
2023-07-04,Crypto Risk-Parity,-0.01779704877028443
2023-07-05,Crypto Risk-Parity,-0.014422156402379791
2023-07-06,Crypto Risk-Parity,-0.023596283847237838
2023-07-07,Crypto Risk-Parity,0.017762662319979614
2023-07-08,Crypto Risk-Parity,0.0030063995569972685
2023-07-09,Crypto Risk-Parity,-0.01398915119890131
2023-07-10,Crypto Risk-Parity,0.011613381588260613
2023-07-11,Crypto Risk-Parity,0.00011406472690717322
2023-07-12,Crypto Risk-Parity,-0.004299422459938458
2023-07-13,Crypto Risk-Parity,0.19560030164556683
2023-07-14,Crypto Risk-Parity,-0.05993161033550533
2023-07-15,Crypto Risk-Parity,-0.009127369423211483
2023-07-16,Crypto Risk-Parity,-0.004339137477553646
2023-07-17,Crypto Risk-Parity,-0.0041750012040860296
2023-07-18,Crypto Risk-Parity,0.0012788973656301557
2023-07-19,Crypto Risk-Parity,0.030168228920791122
2023-07-20,Crypto Risk-Parity,0.000446647444107271
2023-07-21,Crypto Risk-Parity,-0.0023893881775870155
2023-07-22,Crypto Risk-Parity,-0.009434236750091703
2023-07-23,Crypto Risk-Parity,0.011566340735013827
2023-07-24,Crypto Risk-Parity,-0.038256870737263415
2023-07-25,Crypto Risk-Parity,0.0008238961628437072
2023-07-26,Crypto Risk-Parity,0.015282869918854287
2023-07-27,Crypto Risk-Parity,0.0021996812775981855
2023-07-28,Crypto Risk-Parity,0.008796487443816605
2023-07-29,Crypto Risk-Parity,0.0012753235080845376
2023-07-30,Crypto Risk-Parity,-0.004834111392447716
2023-07-31,Crypto Risk-Parity,-0.017400056475055086
2023-08-01,Crypto Risk-Parity,0.0081092153283997
2023-08-02,Crypto Risk-Parity,-0.03478998430335933
2023-08-03,Crypto Risk-Parity,-0.013760706438091297
2023-08-04,Crypto Risk-Parity,-0.006021860552895971
2023-08-05,Crypto Risk-Parity,0.004425001193667197
2023-08-06,Crypto Risk-Parity,-0.0052900811499294745
2023-08-07,Crypto Risk-Parity,0.006333626139072089
2023-08-08,Crypto Risk-Parity,0.01386999602926694
2023-08-09,Crypto Risk-Parity,-0.0024713194771117507
2023-08-10,Crypto Risk-Parity,-0.00844093611470533
2023-08-11,Crypto Risk-Parity,-0.0024833823136797524
2023-08-12,Crypto Risk-Parity,0.0006272666432856574
2023-08-13,Crypto Risk-Parity,-0.006073988534846076
2023-08-14,Crypto Risk-Parity,0.0022942296720984516
2023-08-15,Crypto Risk-Parity,-0.02547634506203574
2023-08-16,Crypto Risk-Parity,-0.03640687885531292
2023-08-17,Crypto Risk-Parity,-0.08172972473388229
2023-08-18,Crypto Risk-Parity,0.003638304252805476
2023-08-19,Crypto Risk-Parity,0.012674167142019601
2023-08-20,Crypto Risk-Parity,0.01566980203351461
2023-08-21,Crypto Risk-Parity,-0.008949442607273244
2023-08-22,Crypto Risk-Parity,-0.012499196457944754
2023-08-23,Crypto Risk-Parity,0.03033098745760458
2023-08-24,Crypto Risk-Parity,-0.011665577116418469
2023-08-25,Crypto Risk-Parity,-0.0010147917060742157
2023-08-26,Crypto Risk-Parity,-0.004553872332654982
2023-08-27,Crypto Risk-Parity,0.008797315101331178
2023-08-28,Crypto Risk-Parity,-0.006336514223978906
2023-08-29,Crypto Risk-Parity,0.053630622153968056
2023-08-30,Crypto Risk-Parity,-0.021392249810943256
2023-08-31,Crypto Risk-Parity,-0.03507649568610156
2023-09-01,Crypto Risk-Parity,-0.011966312496842133
2023-09-02,Crypto Risk-Parity,0.0030747211762807347
2023-09-03,Crypto Risk-Parity,0.004629404876875114
2023-09-04,Crypto Risk-Parity,0.0018845603563019332
2023-09-05,Crypto Risk-Parity,-0.0010052596499063845
2023-09-06,Crypto Risk-Parity,0.0023610060022250952
2023-09-07,Crypto Risk-Parity,0.007835176095545359
2023-09-08,Crypto Risk-Parity,-0.005400859184947622
2023-09-09,Crypto Risk-Parity,0.002626130989612034
2023-09-10,Crypto Risk-Parity,-0.013251164604570473
2023-09-11,Crypto Risk-Parity,-0.031119391419904652
2023-09-12,Crypto Risk-Parity,0.023612750200457385
2023-09-13,Crypto Risk-Parity,0.010983783757838688
2023-09-14,Crypto Risk-Parity,0.016319021859988306
2023-09-15,Crypto Risk-Parity,0.01573611783692145
2023-09-16,Crypto Risk-Parity,-0.003886631399919071
2023-09-17,Crypto Risk-Parity,-0.014223976378944536
2023-09-18,Crypto Risk-Parity,0.01797296191541438
2023-09-19,Crypto Risk-Parity,0.011534156453020417
2023-09-20,Crypto Risk-Parity,-0.010061501481391679
2023-09-21,Crypto Risk-Parity,-0.019525199404112764
2023-09-22,Crypto Risk-Parity,0.0012731914489929345
2023-09-23,Crypto Risk-Parity,0.0027081730150984827
2023-09-24,Crypto Risk-Parity,-0.011885536907434477
2023-09-25,Crypto Risk-Parity,0.008502738288427736
2023-09-26,Crypto Risk-Parity,-0.0024540707439082736
2023-09-27,Crypto Risk-Parity,0.009158657703020876
2023-09-28,Crypto Risk-Parity,0.024970513273087493
2023-09-29,Crypto Risk-Parity,0.006623748886163677
2023-09-30,Crypto Risk-Parity,0.0036657317720455184
2023-10-01,Crypto Risk-Parity,0.029682901331175692
2023-10-02,Crypto Risk-Parity,-0.023504920251715425
2023-10-03,Crypto Risk-Parity,0.0011951618624739739
2023-10-04,Crypto Risk-Parity,-0.0060284287739818835
2023-10-05,Crypto Risk-Parity,-0.011204956490444316
2023-10-06,Crypto Risk-Parity,0.009372452997465655
2023-10-07,Crypto Risk-Parity,-0.003003567588187091
2023-10-08,Crypto Risk-Parity,-0.004199276177304902
2023-10-09,Crypto Risk-Parity,-0.02914732654033396
2023-10-10,Crypto Risk-Parity,-0.0065476937758469425
2023-10-11,Crypto Risk-Parity,-0.008525523178001822
2023-10-12,Crypto Risk-Parity,-0.008767086804751915
2023-10-13,Crypto Risk-Parity,0.006960040682052396
2023-10-14,Crypto Risk-Parity,0.0008903469650649622
2023-10-15,Crypto Risk-Parity,0.006954184202338479
2023-10-16,Crypto Risk-Parity,0.030744486506644464
2023-10-17,Crypto Risk-Parity,-0.016882576311726627
2023-10-18,Crypto Risk-Parity,-0.005654371147217902
2023-10-19,Crypto Risk-Parity,0.01436764234109034
2023-10-20,Crypto Risk-Parity,0.022141204724643353
2023-10-21,Crypto Risk-Parity,0.01743437133928508
2023-10-22,Crypto Risk-Parity,0.004044187608995753
2023-10-23,Crypto Risk-Parity,0.057457026296899034
2023-10-24,Crypto Risk-Parity,0.0015469768309750724
2023-10-25,Crypto Risk-Parity,0.005136563728715116
2023-10-26,Crypto Risk-Parity,-0.0007131309539192363
2023-10-27,Crypto Risk-Parity,-0.009252858632929349
2023-10-28,Crypto Risk-Parity,0.011082484462939886
2023-10-29,Crypto Risk-Parity,0.011815551598720648
2023-10-30,Crypto Risk-Parity,0.010174473023379453
2023-10-31,Crypto Risk-Parity,0.009040232314297776
2023-11-01,Crypto Risk-Parity,0.021859832688600304
2023-11-02,Crypto Risk-Parity,-0.010886958010525308
2023-11-03,Crypto Risk-Parity,0.003048032086645927
2023-11-04,Crypto Risk-Parity,0.00917472349239861
2023-11-05,Crypto Risk-Parity,0.018784094364839493
2023-11-06,Crypto Risk-Parity,0.023330092766242063
2023-11-07,Crypto Risk-Parity,-0.012539666445240492
2023-11-08,Crypto Risk-Parity,0.009679444020912217
2023-11-09,Crypto Risk-Parity,0.02509060376740297
2023-11-10,Crypto Risk-Parity,0.02061580129218555
2023-11-11,Crypto Risk-Parity,0.0005869911373376563
2023-11-12,Crypto Risk-Parity,-0.0003549332412376494
2023-11-13,Crypto Risk-Parity,-0.014815655242286112
2023-11-14,Crypto Risk-Parity,-0.03250411463861048
2023-11-15,Crypto Risk-Parity,0.04164498913646167
2023-11-16,Crypto Risk-Parity,-0.03276111557658087
2023-11-17,Crypto Risk-Parity,0.000589882218115414
2023-11-18,Crypto Risk-Parity,0.0004498029837396108
2023-11-19,Crypto Risk-Parity,0.01688524986669153
2023-11-20,Crypto Risk-Parity,-0.011726096398151321
2023-11-21,Crypto Risk-Parity,-0.05194247735886493
2023-11-22,Crypto Risk-Parity,0.048426813444158626
2023-11-23,Crypto Risk-Parity,0.0030237450413970477
2023-11-24,Crypto Risk-Parity,0.012150677862865871
2023-11-25,Crypto Risk-Parity,0.015966174802888897
2023-11-26,Crypto Risk-Parity,-0.010573586997671944
2023-11-27,Crypto Risk-Parity,-0.025597069816315467
2023-11-28,Crypto Risk-Parity,0.01094089293755643
2023-11-29,Crypto Risk-Parity,-0.0013057553950786768
2023-11-30,Crypto Risk-Parity,-0.0029233355239971144
2023-12-01,Crypto Risk-Parity,0.015167238114368877
2023-12-02,Crypto Risk-Parity,0.01884346051186741
2023-12-03,Crypto Risk-Parity,0.004663887258599934
2023-12-04,Crypto Risk-Parity,0.02450041568160813
2023-12-05,Crypto Risk-Parity,0.019164513566172905
2023-12-06,Crypto Risk-Parity,-0.00011537249492985608
2023-12-07,Crypto Risk-Parity,0.02178500240593479
2023-12-08,Crypto Risk-Parity,0.041588059573982705
2023-12-09,Crypto Risk-Parity,0.004997741591018905
2023-12-10,Crypto Risk-Parity,0.003054659374999317
2023-12-11,Crypto Risk-Parity,-0.06211722952767027
2023-12-12,Crypto Risk-Parity,0.0053551864167377585
2023-12-13,Crypto Risk-Parity,0.028849970001643993
2023-12-14,Crypto Risk-Parity,0.007078455690747315
2023-12-15,Crypto Risk-Parity,-0.040026008172192075
2023-12-16,Crypto Risk-Parity,0.017515602703520056
2023-12-17,Crypto Risk-Parity,-0.01791520391603037
2023-12-18,Crypto Risk-Parity,0.0031590391618077874
2023-12-19,Crypto Risk-Parity,-0.01278036523449962
2023-12-20,Crypto Risk-Parity,0.019930678701726177
2023-12-21,Crypto Risk-Parity,0.026192367720846547
2023-12-22,Crypto Risk-Parity,0.016762077785231047
2023-12-23,Crypto Risk-Parity,-0.006479832519097552
2023-12-24,Crypto Risk-Parity,-0.016804598984585403
2023-12-25,Crypto Risk-Parity,0.024328939551541542
2023-12-26,Crypto Risk-Parity,-0.022331411897161833
2023-12-27,Crypto Risk-Parity,0.049144388494378306
2023-12-28,Crypto Risk-Parity,-0.008793126322493244
2023-12-29,Crypto Risk-Parity,-0.01603951514664877
2023-12-30,Crypto Risk-Parity,0.0056442922830285715
2023-12-31,Crypto Risk-Parity,-0.007428899658776094
2021-01-04,Combined Min-Variance,-0.003890754794180159
2021-01-05,Combined Min-Variance,0.018120376539992038
2021-01-06,Combined Min-Variance,0.04018247716107984
2021-01-07,Combined Min-Variance,0.010143704534638193
2021-01-08,Combined Min-Variance,0.001220860711885404
2021-01-11,Combined Min-Variance,-0.021524225782496315
2021-01-12,Combined Min-Variance,-0.0006109898860971218
2021-01-13,Combined Min-Variance,0.013803567861465391
2021-01-14,Combined Min-Variance,0.005860779073975743
2021-01-15,Combined Min-Variance,-0.015495323336940951
2021-01-19,Combined Min-Variance,0.007634480717274239
2021-01-20,Combined Min-Variance,0.005661901921990958
2021-01-21,Combined Min-Variance,-0.027791277934350513
2021-01-22,Combined Min-Variance,0.007759507727108147
2021-01-25,Combined Min-Variance,-0.0020777196750773348
2021-01-26,Combined Min-Variance,-0.004617090510871493
2021-01-27,Combined Min-Variance,-0.03390197079643123
2021-01-28,Combined Min-Variance,0.024511344724528247
2021-01-29,Combined Min-Variance,-0.007617075142822899
2021-02-01,Combined Min-Variance,0.000712967771672092
2021-02-02,Combined Min-Variance,0.006385611746322094
2021-02-03,Combined Min-Variance,-0.002210009358464565
2021-02-04,Combined Min-Variance,0.002353388795243414
2021-02-05,Combined Min-Variance,0.014658190628815179
2021-02-08,Combined Min-Variance,0.003083231883408691
2021-02-09,Combined Min-Variance,-0.0009334967609256151
2021-02-10,Combined Min-Variance,-0.007107847526484112
2021-02-11,Combined Min-Variance,-0.0048796006296748275
2021-02-12,Combined Min-Variance,0.004262505514158046
2021-02-16,Combined Min-Variance,-0.009073549566134305
2021-02-17,Combined Min-Variance,0.006815706272893432
2021-02-18,Combined Min-Variance,-0.01123873240867938
2021-02-19,Combined Min-Variance,-0.007243670843966266
2021-02-22,Combined Min-Variance,0.0016352520011310003
2021-02-23,Combined Min-Variance,-0.007133037703272119
2021-02-24,Combined Min-Variance,-0.000852085941674275
2021-02-25,Combined Min-Variance,-0.009021151000937293
2021-02-26,Combined Min-Variance,-0.0174379984144175
2021-03-01,Combined Min-Variance,0.00896252648768054
2021-03-02,Combined Min-Variance,0.004960974096042042
2021-03-03,Combined Min-Variance,-0.013225704336578657
2021-03-04,Combined Min-Variance,-0.002794535729640832
2021-03-05,Combined Min-Variance,0.01532790673696267
2021-03-08,Combined Min-Variance,-0.005212182557872154
2021-03-09,Combined Min-Variance,0.0072156309766511495
2021-03-10,Combined Min-Variance,0.00955093307581142
2021-03-11,Combined Min-Variance,-0.0003503912792966906
2021-03-12,Combined Min-Variance,0.005158374852649195
2021-03-15,Combined Min-Variance,0.013652125927874795
2021-03-16,Combined Min-Variance,0.005140406969666764
2021-03-17,Combined Min-Variance,-0.010328857201039796
2021-03-18,Combined Min-Variance,-0.007897959103356885
2021-03-19,Combined Min-Variance,-0.002344371006796063
2021-03-22,Combined Min-Variance,0.009850372498866215
2021-03-23,Combined Min-Variance,0.0003570802000572293
2021-03-24,Combined Min-Variance,-0.006581549345387641
2021-03-25,Combined Min-Variance,0.0026185172216929044
2021-03-26,Combined Min-Variance,0.01727006346180821
2021-03-29,Combined Min-Variance,0.010913141342772046
2021-03-30,Combined Min-Variance,-0.009058226666357765
2021-03-31,Combined Min-Variance,0.0015808880169060535
2021-04-01,Combined Min-Variance,0.006896918752498026
2021-04-05,Combined Min-Variance,0.01226947318874673
2021-04-06,Combined Min-Variance,-0.0007608940184772049
2021-04-07,Combined Min-Variance,-0.0021777952555631017
2021-04-08,Combined Min-Variance,0.0013214892621174045
2021-04-09,Combined Min-Variance,0.0029348138502642536
2021-04-12,Combined Min-Variance,0.0021346548687932827
2021-04-13,Combined Min-Variance,0.003747371948984364
2021-04-14,Combined Min-Variance,-0.0031278420361359207
2021-04-15,Combined Min-Variance,0.009153178898287625
2021-04-16,Combined Min-Variance,0.001582645067888844
2021-04-19,Combined Min-Variance,-0.0020755709642126118
2021-04-20,Combined Min-Variance,0.005980923757893374
2021-04-21,Combined Min-Variance,0.003913981167825624
2021-04-22,Combined Min-Variance,-0.0007100929110995412
2021-04-23,Combined Min-Variance,0.002611888985583259
2021-04-26,Combined Min-Variance,-0.004550369334572878
2021-04-27,Combined Min-Variance,-0.0038514873949281416
2021-04-28,Combined Min-Variance,-0.0005277085329230447
2021-04-29,Combined Min-Variance,0.008288991200264047
2021-04-30,Combined Min-Variance,4.227940723214394e-05
2021-05-03,Combined Min-Variance,0.008372289115761522
2021-05-04,Combined Min-Variance,-0.005765537294004917
2021-05-05,Combined Min-Variance,0.004801726546870592
2021-05-06,Combined Min-Variance,0.007268853699540074
2021-05-07,Combined Min-Variance,0.0006416694059050412
2021-05-10,Combined Min-Variance,0.003640711981771241
2021-05-11,Combined Min-Variance,-0.007729801782095322
2021-05-12,Combined Min-Variance,-0.015744031476578976
2021-05-13,Combined Min-Variance,0.012246798562634028
2021-05-14,Combined Min-Variance,0.0031351195443823964
2021-05-17,Combined Min-Variance,-0.0025222561606299152
2021-05-18,Combined Min-Variance,-0.004029002416509213
2021-05-19,Combined Min-Variance,-0.0036338445720762984
2021-05-20,Combined Min-Variance,0.011849337825794934
2021-05-21,Combined Min-Variance,-0.003184705930478483
2021-05-24,Combined Min-Variance,0.0012282294040427137
2021-05-25,Combined Min-Variance,-0.00536859482611518
2021-05-26,Combined Min-Variance,0.0016406129633032853
2021-05-27,Combined Min-Variance,-0.004901222870140444
2021-05-28,Combined Min-Variance,0.00021644585386709514
2021-06-01,Combined Min-Variance,-0.004349939176843723
2021-06-02,Combined Min-Variance,0.0012977836094451396
2021-06-03,Combined Min-Variance,0.004228395324867563
2021-06-04,Combined Min-Variance,0.005877446214005967
2021-06-07,Combined Min-Variance,-0.004465960084428946
2021-06-08,Combined Min-Variance,-0.0054119549330647315
2021-06-09,Combined Min-Variance,0.005145956942264535
2021-06-10,Combined Min-Variance,0.008234230279732385
2021-06-11,Combined Min-Variance,0.0017572697972886523
2021-06-14,Combined Min-Variance,0.00037709505548742296
2021-06-15,Combined Min-Variance,-0.004442157506358717
2021-06-16,Combined Min-Variance,-0.011233817803173837
2021-06-17,Combined Min-Variance,-0.00014626739477075932
2021-06-18,Combined Min-Variance,-0.010948298176355453
2021-06-21,Combined Min-Variance,0.009493058760706653
2021-06-22,Combined Min-Variance,-0.001045269082085272
2021-06-23,Combined Min-Variance,-0.007027600352872145
2021-06-24,Combined Min-Variance,0.005950996292829763
2021-06-25,Combined Min-Variance,0.010692575241710718
2021-06-28,Combined Min-Variance,0.002322325063326902
2021-06-29,Combined Min-Variance,-0.00294569886058086
2021-06-30,Combined Min-Variance,0.007567364840897421
2021-07-01,Combined Min-Variance,0.0033801217795978145
2021-07-02,Combined Min-Variance,0.005131708919262743
2021-07-06,Combined Min-Variance,-0.002127317185568974
2021-07-07,Combined Min-Variance,0.0023458115964600165
2021-07-08,Combined Min-Variance,-0.0052299322084619505
2021-07-09,Combined Min-Variance,0.006838018309208364
2021-07-12,Combined Min-Variance,0.0019059888554351207
2021-07-13,Combined Min-Variance,-0.002709848375087833
2021-07-14,Combined Min-Variance,0.004204630607248884
2021-07-15,Combined Min-Variance,0.001212458150344851
2021-07-16,Combined Min-Variance,-0.0015252562875499827
2021-07-19,Combined Min-Variance,-0.013930592873282082
2021-07-20,Combined Min-Variance,0.004968757231387112
2021-07-21,Combined Min-Variance,-0.001261462382661913
2021-07-22,Combined Min-Variance,7.71187667423089e-05
2021-07-23,Combined Min-Variance,0.010183931282200392
2021-07-26,Combined Min-Variance,0.0011351392048033113
2021-07-27,Combined Min-Variance,0.0012984071739895941
2021-07-28,Combined Min-Variance,-0.0010541906277422284
2021-07-29,Combined Min-Variance,-0.0005330747242448132
2021-07-30,Combined Min-Variance,-0.0025190062251196255
2021-08-02,Combined Min-Variance,-0.0013668762930243027
2021-08-03,Combined Min-Variance,0.00032803388895956236
2021-08-04,Combined Min-Variance,-0.007861859013111618
2021-08-05,Combined Min-Variance,0.0046681571561061706
2021-08-06,Combined Min-Variance,-0.0009247114390665875
2021-08-09,Combined Min-Variance,0.001329760238437422
2021-08-10,Combined Min-Variance,0.004428656898148126
2021-08-11,Combined Min-Variance,0.004803312782670175
2021-08-12,Combined Min-Variance,0.002866502812717423
2021-08-13,Combined Min-Variance,0.004303473455984788
2021-08-16,Combined Min-Variance,0.006482988974606303
2021-08-17,Combined Min-Variance,0.002525271640775335
2021-08-18,Combined Min-Variance,-0.01083063644889797
2021-08-19,Combined Min-Variance,0.0017609596272008953
2021-08-20,Combined Min-Variance,0.003966206971834632
2021-08-23,Combined Min-Variance,-0.0013186429237881138
2021-08-24,Combined Min-Variance,-0.005548851784009134
2021-08-25,Combined Min-Variance,-0.0034078589445990575
2021-08-26,Combined Min-Variance,-0.006413245448151677
2021-08-27,Combined Min-Variance,0.0021384541864113865
2021-08-30,Combined Min-Variance,0.0035859173636980813
2021-08-31,Combined Min-Variance,0.003937485918091529
2021-09-01,Combined Min-Variance,0.0011466400044657045
2021-09-02,Combined Min-Variance,0.006587806710845851
2021-09-03,Combined Min-Variance,-0.001154223918398249
2021-09-07,Combined Min-Variance,-0.015213886908522697
2021-09-08,Combined Min-Variance,0.00510656267042167
2021-09-09,Combined Min-Variance,-0.0111326244282391
2021-09-10,Combined Min-Variance,-0.007770089212929014
2021-09-13,Combined Min-Variance,-0.0006936399094716499
2021-09-14,Combined Min-Variance,-0.004824979951309721
2021-09-15,Combined Min-Variance,0.0034475283819665227
2021-09-16,Combined Min-Variance,-0.004939830299832296
2021-09-17,Combined Min-Variance,-0.008391449139505909
2021-09-20,Combined Min-Variance,-0.009737650632185723
2021-09-21,Combined Min-Variance,-0.004510314339428124
2021-09-22,Combined Min-Variance,0.0012899299127313798
2021-09-23,Combined Min-Variance,0.003216095093522526
2021-09-24,Combined Min-Variance,-0.003213318505388284
2021-09-27,Combined Min-Variance,-0.0033423629028442397
2021-09-28,Combined Min-Variance,-0.005472714804306211
2021-09-29,Combined Min-Variance,0.008954091265551637
2021-09-30,Combined Min-Variance,-0.009178892978626906
2021-10-01,Combined Min-Variance,0.014194892261931045
2021-10-04,Combined Min-Variance,0.00224849054471062
2021-10-05,Combined Min-Variance,0.0011152378658936509
2021-10-06,Combined Min-Variance,0.0025618138306958155
2021-10-07,Combined Min-Variance,0.008648249800777493
2021-10-08,Combined Min-Variance,-0.005140993727991321
2021-10-11,Combined Min-Variance,-0.008677564371478073
2021-10-12,Combined Min-Variance,-0.0008217780823060422
2021-10-13,Combined Min-Variance,0.0006363522795793581
2021-10-14,Combined Min-Variance,0.008856397668803216
2021-10-15,Combined Min-Variance,-0.0006606516220933984
2021-10-18,Combined Min-Variance,-0.0017393527723307545
2021-10-19,Combined Min-Variance,0.013753520823205344
2021-10-20,Combined Min-Variance,0.010443850189683556
2021-10-21,Combined Min-Variance,0.005546250972902882
2021-10-22,Combined Min-Variance,0.002471966487173573
2021-10-25,Combined Min-Variance,0.004432254827480798
2021-10-26,Combined Min-Variance,-7.6164629744628065e-06
2021-10-27,Combined Min-Variance,-0.010918251221421068
2021-10-28,Combined Min-Variance,0.01819822939204045
2021-10-29,Combined Min-Variance,-0.0011526113899005372
2021-11-01,Combined Min-Variance,0.005334444064409917
2021-11-02,Combined Min-Variance,0.004659887351707337
2021-11-03,Combined Min-Variance,6.574693722242439e-05
2021-11-04,Combined Min-Variance,0.0005877363637684357
2021-11-05,Combined Min-Variance,-0.012150084755353
2021-11-08,Combined Min-Variance,0.0015704727354287306
2021-11-09,Combined Min-Variance,0.0006130521879715509
2021-11-10,Combined Min-Variance,0.0008712439400654142
2021-11-11,Combined Min-Variance,0.002397394199393588
2021-11-12,Combined Min-Variance,0.002297317831707324
2021-11-15,Combined Min-Variance,-0.002469654700711283
2021-11-16,Combined Min-Variance,-0.0050596714772312874
2021-11-17,Combined Min-Variance,-0.002921428222051105
2021-11-18,Combined Min-Variance,-0.0020134411108954507
2021-11-19,Combined Min-Variance,-0.008046748072237576
2021-11-22,Combined Min-Variance,0.0038082766933930728
2021-11-23,Combined Min-Variance,0.006673075814406913
2021-11-24,Combined Min-Variance,-0.0009064718549514779
2021-11-26,Combined Min-Variance,-0.014688590851645724
2021-11-29,Combined Min-Variance,-0.0006853989016360903
2021-11-30,Combined Min-Variance,-0.02163121568355093
2021-12-01,Combined Min-Variance,-0.011568102219955422
2021-12-02,Combined Min-Variance,0.01415265267645089
2021-12-03,Combined Min-Variance,0.008929499324854198
2021-12-06,Combined Min-Variance,0.010291528664053157
2021-12-07,Combined Min-Variance,0.003072493086935698
2021-12-08,Combined Min-Variance,0.0009202967523234105
2021-12-09,Combined Min-Variance,-0.002919651057691795
2021-12-10,Combined Min-Variance,0.007635539405661896
2021-12-13,Combined Min-Variance,0.0049299271360226105
2021-12-14,Combined Min-Variance,-0.00026063694147570454
2021-12-15,Combined Min-Variance,0.013111163978151727
2021-12-16,Combined Min-Variance,0.01039114676577511
2021-12-17,Combined Min-Variance,-0.012393237973613462
2021-12-20,Combined Min-Variance,0.0019799739743839944
2021-12-21,Combined Min-Variance,0.003734932673158704
2021-12-22,Combined Min-Variance,0.006386874340992422
2021-12-23,Combined Min-Variance,0.0017174791372118157
2021-12-27,Combined Min-Variance,0.010638435758776314
2021-12-28,Combined Min-Variance,0.0044621883898249455
2021-12-29,Combined Min-Variance,0.001015318153410083
2021-12-30,Combined Min-Variance,0.0006227124893782186
2021-12-31,Combined Min-Variance,-0.0011399065317795106
2022-01-03,Combined Min-Variance,0.0020975827395907885
2022-01-04,Combined Min-Variance,-0.000549528509559946
2022-01-05,Combined Min-Variance,-0.0017457588389525485
2022-01-06,Combined Min-Variance,-0.0039773535968242015
2022-01-07,Combined Min-Variance,0.004320811312788833
2022-01-10,Combined Min-Variance,-0.001104843194068091
2022-01-11,Combined Min-Variance,0.0038250844645780495
2022-01-12,Combined Min-Variance,0.0011934483753016573
2022-01-13,Combined Min-Variance,-0.002185351151126569
2022-01-14,Combined Min-Variance,-0.0025066243535839957
2022-01-18,Combined Min-Variance,-0.009153984384788686
2022-01-19,Combined Min-Variance,-0.00046158772976160386
2022-01-20,Combined Min-Variance,-0.011034174392173156
2022-01-21,Combined Min-Variance,-0.004511838783125562
2022-01-24,Combined Min-Variance,-0.005013679772778694
2022-01-25,Combined Min-Variance,-0.00498425050196696
2022-01-26,Combined Min-Variance,-0.015999286231650624
2022-01-27,Combined Min-Variance,0.00018888796484787152
2022-01-28,Combined Min-Variance,0.016034813159908658
2022-01-31,Combined Min-Variance,0.010867953857696478
2022-02-01,Combined Min-Variance,-0.002629778998616158
2022-02-02,Combined Min-Variance,0.011437917836001808
2022-02-03,Combined Min-Variance,-0.005871444317313165
2022-02-04,Combined Min-Variance,-0.0037224523517165433
2022-02-07,Combined Min-Variance,-0.001067930245264437
2022-02-08,Combined Min-Variance,-0.0012227066582252205
2022-02-09,Combined Min-Variance,0.006435309962855854
2022-02-10,Combined Min-Variance,-0.017312883236293337
2022-02-11,Combined Min-Variance,-0.0026967755286147273
2022-02-14,Combined Min-Variance,-0.00792173010408892
2022-02-15,Combined Min-Variance,0.0021554463075759075
2022-02-16,Combined Min-Variance,-0.0017978073540115941
2022-02-17,Combined Min-Variance,-0.006712092896433336
2022-02-18,Combined Min-Variance,-0.005524796743267301
2022-02-22,Combined Min-Variance,-0.003958238243165681
2022-02-23,Combined Min-Variance,-0.002711356620392289
2022-02-24,Combined Min-Variance,-0.0010916380121310794
2022-02-25,Combined Min-Variance,0.02619172559752022
2022-02-28,Combined Min-Variance,-0.0050695219347381415
2022-03-01,Combined Min-Variance,-0.001798154599311577
2022-03-02,Combined Min-Variance,0.01202218407303727
2022-03-03,Combined Min-Variance,0.008519733664009186
2022-03-04,Combined Min-Variance,0.0068285382451625885
2022-03-07,Combined Min-Variance,-0.008792697839035118
2022-03-08,Combined Min-Variance,-0.013687628486450963
2022-03-09,Combined Min-Variance,0.004328569847657733
2022-03-10,Combined Min-Variance,0.0017543691010885837
2022-03-11,Combined Min-Variance,-0.005364545049799219
2022-03-14,Combined Min-Variance,-0.004667984783085258
2022-03-15,Combined Min-Variance,0.007374509450963119
2022-03-16,Combined Min-Variance,0.0058572198137975574
2022-03-17,Combined Min-Variance,0.011354819890484326
2022-03-18,Combined Min-Variance,0.0032172520406375093
2022-03-21,Combined Min-Variance,0.0025823316852529835
2022-03-22,Combined Min-Variance,0.004457926703894989
2022-03-23,Combined Min-Variance,-0.009412959129190318
2022-03-24,Combined Min-Variance,0.006452429254445755
2022-03-25,Combined Min-Variance,0.008604267064433384
2022-03-28,Combined Min-Variance,0.005532188130210071
2022-03-29,Combined Min-Variance,0.012777809068767371
2022-03-30,Combined Min-Variance,0.0005389266720207394
2022-03-31,Combined Min-Variance,-0.008934842122691418
2022-04-01,Combined Min-Variance,0.009154718952252738
2022-04-04,Combined Min-Variance,0.0029079064553060594
2022-04-05,Combined Min-Variance,-0.004403974052925426
2022-04-06,Combined Min-Variance,0.011134866987979363
2022-04-07,Combined Min-Variance,0.003455383462679628
2022-04-08,Combined Min-Variance,0.007178043574308322
2022-04-11,Combined Min-Variance,-0.014357657767994372
2022-04-12,Combined Min-Variance,0.002764547451505486
2022-04-13,Combined Min-Variance,0.006225253517082892
2022-04-14,Combined Min-Variance,0.0017585743982197776
2022-04-18,Combined Min-Variance,-0.0045100597057856524
2022-04-19,Combined Min-Variance,0.008676319085890883
2022-04-20,Combined Min-Variance,0.00259567246415168
2022-04-21,Combined Min-Variance,-0.010481048805208682
2022-04-22,Combined Min-Variance,-0.015616840913009005
2022-04-25,Combined Min-Variance,-0.0014996637966720248
2022-04-26,Combined Min-Variance,-0.01598673003225334
2022-04-27,Combined Min-Variance,-0.0029483442731227556
2022-04-28,Combined Min-Variance,0.015536394356598433
2022-04-29,Combined Min-Variance,-0.03135132455808502
2022-05-02,Combined Min-Variance,0.0005895930060385753
2022-05-03,Combined Min-Variance,0.0026863318629490778
2022-05-04,Combined Min-Variance,0.024569554611110173
2022-05-05,Combined Min-Variance,-0.01493196171933281
2022-05-06,Combined Min-Variance,-0.005786689414743917
2022-05-09,Combined Min-Variance,-0.014206504772394189
2022-05-10,Combined Min-Variance,-0.007975973000768358
2022-05-11,Combined Min-Variance,0.006990752246046899
2022-05-12,Combined Min-Variance,0.007125231601174155
2022-05-13,Combined Min-Variance,0.009921906583261572
2022-05-16,Combined Min-Variance,0.006155184359549004
2022-05-17,Combined Min-Variance,-0.002834160467121459
2022-05-18,Combined Min-Variance,-0.024525993112119657
2022-05-19,Combined Min-Variance,-0.005287897167924903
2022-05-20,Combined Min-Variance,0.0029774519733220192
2022-05-23,Combined Min-Variance,0.01714005548133883
2022-05-24,Combined Min-Variance,0.009874894532457382
2022-05-25,Combined Min-Variance,0.005386051009501085
2022-05-26,Combined Min-Variance,0.005735623115752983
2022-05-27,Combined Min-Variance,0.010932597312765129
2022-05-31,Combined Min-Variance,-0.00930876215457593
2022-06-01,Combined Min-Variance,-0.00620081889823056
2022-06-02,Combined Min-Variance,0.0028769744679560255
2022-06-03,Combined Min-Variance,-0.00533126567404611
2022-06-06,Combined Min-Variance,-0.004149106049111335
2022-06-07,Combined Min-Variance,0.007403541353279792
2022-06-08,Combined Min-Variance,-0.009891668443951
2022-06-09,Combined Min-Variance,-0.022512835811729005
2022-06-10,Combined Min-Variance,-0.009233036330239756
2022-06-13,Combined Min-Variance,-0.03337259841226714
2022-06-14,Combined Min-Variance,-0.01376967770523454
2022-06-15,Combined Min-Variance,0.0029787897269309984
2022-06-16,Combined Min-Variance,-0.008534019621159225
2022-06-17,Combined Min-Variance,-0.003917204367713062
2022-06-21,Combined Min-Variance,0.022271352676394005
2022-06-22,Combined Min-Variance,0.0030985453785936186
2022-06-23,Combined Min-Variance,0.013642033050756503
2022-06-24,Combined Min-Variance,0.01386696235366584
2022-06-27,Combined Min-Variance,-0.0031329010242093936
2022-06-28,Combined Min-Variance,-0.008804438207179901
2022-06-29,Combined Min-Variance,0.000516014699840524
2022-06-30,Combined Min-Variance,-0.007468723574573177
2022-07-01,Combined Min-Variance,0.014855575999716842
2022-07-05,Combined Min-Variance,-0.003584255641445721
2022-07-06,Combined Min-Variance,0.0015119488208552446
2022-07-07,Combined Min-Variance,0.002381410361676956
2022-07-08,Combined Min-Variance,-0.0028971807903784286
2022-07-11,Combined Min-Variance,3.708848698256431e-05
2022-07-12,Combined Min-Variance,-0.005766394371070537
2022-07-13,Combined Min-Variance,-0.0012848365541114942
2022-07-14,Combined Min-Variance,-0.004849744892238564
2022-07-15,Combined Min-Variance,0.010472487012023815
2022-07-18,Combined Min-Variance,-0.012056648095526704
2022-07-19,Combined Min-Variance,0.013738319659948641
2022-07-20,Combined Min-Variance,-0.0065917689758271695
2022-07-21,Combined Min-Variance,0.004076884941428394
2022-07-22,Combined Min-Variance,-0.0001928291844156512
2022-07-25,Combined Min-Variance,-0.0034270571349360344
2022-07-26,Combined Min-Variance,-0.004929382055953203
2022-07-27,Combined Min-Variance,0.004911075530325038
2022-07-28,Combined Min-Variance,0.007821991924394995
2022-07-29,Combined Min-Variance,0.0028713246427657744
2022-08-01,Combined Min-Variance,-0.004907211912018014
2022-08-02,Combined Min-Variance,-0.005117648337231628
2022-08-03,Combined Min-Variance,0.013569528908930876
2022-08-04,Combined Min-Variance,-0.007979642367499642
2022-08-05,Combined Min-Variance,-0.00435262638511456
2022-08-08,Combined Min-Variance,0.004206256401927629
2022-08-09,Combined Min-Variance,0.0020238077922753463
2022-08-10,Combined Min-Variance,0.011431787816364057
2022-08-11,Combined Min-Variance,-0.0013165293833184467
2022-08-12,Combined Min-Variance,0.014423644046758713
2022-08-15,Combined Min-Variance,0.01178822495988089
2022-08-16,Combined Min-Variance,0.0129862154872106
2022-08-17,Combined Min-Variance,-0.006256712505057811
2022-08-18,Combined Min-Variance,-0.0025283500893111617
2022-08-19,Combined Min-Variance,-0.004583921597159899
2022-08-22,Combined Min-Variance,-0.01401701894776253
2022-08-23,Combined Min-Variance,-0.005095277463003738
2022-08-24,Combined Min-Variance,0.00025237777823099004
2022-08-25,Combined Min-Variance,0.005763842401344983
2022-08-26,Combined Min-Variance,-0.01807051759199058
2022-08-29,Combined Min-Variance,-0.004091980995169405
2022-08-30,Combined Min-Variance,-0.008370199640713127
2022-08-31,Combined Min-Variance,-0.0021764215034082925
2022-09-01,Combined Min-Variance,0.011715773380538055
2022-09-02,Combined Min-Variance,-0.009395292451514792
2022-09-06,Combined Min-Variance,-0.0025026020434174086
2022-09-07,Combined Min-Variance,0.016646664689826802
2022-09-08,Combined Min-Variance,0.0026584998416818583
2022-09-09,Combined Min-Variance,0.009125031935000668
2022-09-12,Combined Min-Variance,0.008517685583511023
2022-09-13,Combined Min-Variance,-0.030131581818863065
2022-09-14,Combined Min-Variance,0.0062301820154959334
2022-09-15,Combined Min-Variance,-0.010520344902388281
2022-09-16,Combined Min-Variance,0.0007209179876061012
2022-09-19,Combined Min-Variance,0.003687745211961576
2022-09-20,Combined Min-Variance,-0.013462912050634428
2022-09-21,Combined Min-Variance,-0.013005714656110404
2022-09-22,Combined Min-Variance,0.0033225855820223534
2022-09-23,Combined Min-Variance,-0.01659120563902617
2022-09-26,Combined Min-Variance,-0.010554213765866051
2022-09-27,Combined Min-Variance,-0.0057656016578926505
2022-09-28,Combined Min-Variance,0.02221884767496738
2022-09-29,Combined Min-Variance,-0.016198852477091182
2022-09-30,Combined Min-Variance,-0.016786826036926612
2022-10-03,Combined Min-Variance,0.025849123630315274
2022-10-04,Combined Min-Variance,0.021126097229224965
2022-10-05,Combined Min-Variance,-0.0039156391527281065
2022-10-06,Combined Min-Variance,-0.007689183156952952
2022-10-07,Combined Min-Variance,-0.014049790984245745
2022-10-10,Combined Min-Variance,0.001386673230748937
2022-10-11,Combined Min-Variance,0.015648530165857634
2022-10-12,Combined Min-Variance,-0.0045353231771431395
2022-10-13,Combined Min-Variance,0.019199946572275035
2022-10-14,Combined Min-Variance,-0.011583310682208648
2022-10-17,Combined Min-Variance,0.011909713596422563
2022-10-18,Combined Min-Variance,0.0105823223194041
2022-10-19,Combined Min-Variance,-0.007663687286623913
2022-10-20,Combined Min-Variance,-0.0025781600949218745
2022-10-21,Combined Min-Variance,0.02021383312323879
2022-10-24,Combined Min-Variance,0.017527919574706473
2022-10-25,Combined Min-Variance,0.008590380480736378
2022-10-26,Combined Min-Variance,0.012254953174199718
2022-10-27,Combined Min-Variance,0.001396231921940515
2022-10-28,Combined Min-Variance,0.02278820177951771
2022-10-31,Combined Min-Variance,-0.0074903208528396764
2022-11-01,Combined Min-Variance,-0.0012557520413331853
2022-11-02,Combined Min-Variance,-0.011214550471256907
2022-11-03,Combined Min-Variance,-0.004857693171923807
2022-11-04,Combined Min-Variance,0.014590662553770025
2022-11-07,Combined Min-Variance,0.01363938378689374
2022-11-08,Combined Min-Variance,0.010459138637646477
2022-11-09,Combined Min-Variance,-0.012663883171462654
2022-11-10,Combined Min-Variance,0.022749500020031777
2022-11-11,Combined Min-Variance,-0.005080571657759994
2022-11-14,Combined Min-Variance,-0.0021269774397760805
2022-11-15,Combined Min-Variance,0.0069870543256245286
2022-11-16,Combined Min-Variance,-0.0007127476674689665
2022-11-17,Combined Min-Variance,0.004505406876702779
2022-11-18,Combined Min-Variance,0.00838514396884344
2022-11-21,Combined Min-Variance,0.0036521674662739366
2022-11-22,Combined Min-Variance,0.009224107491255308
2022-11-23,Combined Min-Variance,-0.0009688959471174937
2022-11-25,Combined Min-Variance,0.0007581856511701946
2022-11-28,Combined Min-Variance,-0.009828757206827627
2022-11-29,Combined Min-Variance,0.002972480566897432
2022-11-30,Combined Min-Variance,0.017141808932127568
2022-12-01,Combined Min-Variance,0.0009841998854875087
2022-12-02,Combined Min-Variance,0.0028816894159275526
2022-12-05,Combined Min-Variance,-0.008076549430792005
2022-12-06,Combined Min-Variance,-0.010912724713095377
2022-12-07,Combined Min-Variance,0.0031996463913254516
2022-12-08,Combined Min-Variance,0.004317275374245819
2022-12-09,Combined Min-Variance,-0.01655863478707925
2022-12-12,Combined Min-Variance,0.006174112688446463
2022-12-13,Combined Min-Variance,0.0037382048804618226
2022-12-14,Combined Min-Variance,0.00021295960773623892
2022-12-15,Combined Min-Variance,-0.015619449465704248
2022-12-16,Combined Min-Variance,-0.005692199925757171
2022-12-19,Combined Min-Variance,-0.001297478584745663
2022-12-20,Combined Min-Variance,0.0011535350900017134
2022-12-21,Combined Min-Variance,0.011509172107972428
2022-12-22,Combined Min-Variance,-0.004721478392825018
2022-12-23,Combined Min-Variance,0.004629386082241
2022-12-27,Combined Min-Variance,0.0013442344071402735
2022-12-28,Combined Min-Variance,-0.010114602063097226
2022-12-29,Combined Min-Variance,0.00633924811581479
2022-12-30,Combined Min-Variance,0.0001223931390442345
2023-01-03,Combined Min-Variance,0.0004986358269263331
2023-01-04,Combined Min-Variance,0.008667221055024096
2023-01-05,Combined Min-Variance,0.0018528816055495036
2023-01-06,Combined Min-Variance,0.014892368042509109
2023-01-09,Combined Min-Variance,-0.016793287897070006
2023-01-10,Combined Min-Variance,0.0021457467525834986
2023-01-11,Combined Min-Variance,0.00281242629776839
2023-01-12,Combined Min-Variance,-0.0024474450563820496
2023-01-13,Combined Min-Variance,0.0025942206671886164
2023-01-17,Combined Min-Variance,-0.006783217519460933
2023-01-18,Combined Min-Variance,-0.01733825921555119
2023-01-19,Combined Min-Variance,-0.0013395136597791127
2023-01-20,Combined Min-Variance,0.008736385293862399
2023-01-23,Combined Min-Variance,0.0027068297713450794
2023-01-24,Combined Min-Variance,-0.0029037295573421384
2023-01-25,Combined Min-Variance,-0.0016679697669025146
2023-01-26,Combined Min-Variance,-0.000319476909979282
2023-01-27,Combined Min-Variance,-0.005986132361812329
2023-01-30,Combined Min-Variance,-0.0036029476949322042
2023-01-31,Combined Min-Variance,0.007640610754780408
2023-02-01,Combined Min-Variance,-0.018737383940031094
2023-02-02,Combined Min-Variance,-0.011744032694757715
2023-02-03,Combined Min-Variance,-0.009373374405666678
2023-02-06,Combined Min-Variance,-0.001432617276989966
2023-02-07,Combined Min-Variance,0.008598284976884647
2023-02-08,Combined Min-Variance,-0.007254077901229941
2023-02-09,Combined Min-Variance,-0.0018260936550440676
2023-02-10,Combined Min-Variance,0.012076320361872495
2023-02-13,Combined Min-Variance,0.007999156471646784
2023-02-14,Combined Min-Variance,-0.006800500872851824
2023-02-15,Combined Min-Variance,1.123114661104492e-05
2023-02-16,Combined Min-Variance,-0.013238806999156017
2023-02-17,Combined Min-Variance,0.01398233842097432
2023-02-21,Combined Min-Variance,-0.004758170665787494
2023-02-22,Combined Min-Variance,-0.00441423822391865
2023-02-23,Combined Min-Variance,0.002581364977398289
2023-02-24,Combined Min-Variance,-0.00710849266707124
2023-02-27,Combined Min-Variance,0.00026048179057466467
2023-02-28,Combined Min-Variance,-0.010378594710744551
2023-03-01,Combined Min-Variance,0.00032516844192012704
2023-03-02,Combined Min-Variance,0.005941554510592636
2023-03-03,Combined Min-Variance,0.0038451675657762384
2023-03-06,Combined Min-Variance,0.0095928920697813
2023-03-07,Combined Min-Variance,-0.010756299251399398
2023-03-08,Combined Min-Variance,-0.006724551550720124
2023-03-09,Combined Min-Variance,-0.011487338319842978
2023-03-10,Combined Min-Variance,-0.0030268790331818463
2023-03-13,Combined Min-Variance,0.00590558944957707
2023-03-14,Combined Min-Variance,0.007075819664533488
2023-03-15,Combined Min-Variance,0.004368881174864532
2023-03-16,Combined Min-Variance,0.0015267796701150691
2023-03-17,Combined Min-Variance,-0.013457404209238069
2023-03-20,Combined Min-Variance,0.013398995754560345
2023-03-21,Combined Min-Variance,-0.0013147679885866384
2023-03-22,Combined Min-Variance,-0.014723119234793143
2023-03-23,Combined Min-Variance,0.005567631322317813
2023-03-24,Combined Min-Variance,0.016133179670511286
2023-03-27,Combined Min-Variance,0.005528491599346329
2023-03-28,Combined Min-Variance,-0.0011593517054272896
2023-03-29,Combined Min-Variance,0.006496737776622608
2023-03-30,Combined Min-Variance,0.00469774968338503
2023-03-31,Combined Min-Variance,0.006874664447604114
2023-04-03,Combined Min-Variance,0.010848755616868655
2023-04-04,Combined Min-Variance,0.005535894254788743
2023-04-05,Combined Min-Variance,0.015280401170567951
2023-04-06,Combined Min-Variance,0.0002333789329213309
2023-04-10,Combined Min-Variance,-0.0013962651533254533
2023-04-11,Combined Min-Variance,-0.0005357506616645624
2023-04-12,Combined Min-Variance,0.0009926652410895999
2023-04-13,Combined Min-Variance,0.009267261567373144
2023-04-14,Combined Min-Variance,-0.004260262220893789
2023-04-17,Combined Min-Variance,0.0002822196890814681
2023-04-18,Combined Min-Variance,-0.0018914605623738324
2023-04-19,Combined Min-Variance,-0.0006554275271403928
2023-04-20,Combined Min-Variance,-0.005090701865827383
2023-04-21,Combined Min-Variance,0.005608483603498876
2023-04-24,Combined Min-Variance,0.0017399089893171313
2023-04-25,Combined Min-Variance,-0.0002750638448398954
2023-04-26,Combined Min-Variance,-0.01945225497550561
2023-04-27,Combined Min-Variance,0.005180672480309637
2023-04-28,Combined Min-Variance,0.003646390966765294
2023-05-01,Combined Min-Variance,0.0012337051631823805
2023-05-02,Combined Min-Variance,-0.007305745862197924
2023-05-03,Combined Min-Variance,-0.009182628860608309
2023-05-04,Combined Min-Variance,0.0006048152683584744
2023-05-05,Combined Min-Variance,0.011005400260128488
2023-05-08,Combined Min-Variance,-0.00029690130017605775
2023-05-09,Combined Min-Variance,-0.00460527753856722
2023-05-10,Combined Min-Variance,-0.0005092400733073361
2023-05-11,Combined Min-Variance,-0.0016177541177076664
2023-05-12,Combined Min-Variance,0.0013983311261868401
2023-05-15,Combined Min-Variance,-0.0028863042541301728
2023-05-16,Combined Min-Variance,-0.014929211716892937
2023-05-17,Combined Min-Variance,-0.001378149008180268
2023-05-18,Combined Min-Variance,0.0008585982571966561
2023-05-19,Combined Min-Variance,0.0003157772021072956
2023-05-22,Combined Min-Variance,-0.005845174788414563
2023-05-23,Combined Min-Variance,-0.003299466232406255
2023-05-24,Combined Min-Variance,-0.006640102760401839
2023-05-25,Combined Min-Variance,-0.012647656163019994
2023-05-26,Combined Min-Variance,-0.000877749899295972
2023-05-30,Combined Min-Variance,-0.0035796703621819278
2023-05-31,Combined Min-Variance,0.006841872637995418
2023-06-01,Combined Min-Variance,-0.0010998750835139529
2023-06-02,Combined Min-Variance,0.012772837500871792
2023-06-05,Combined Min-Variance,0.00118621927223337
2023-06-06,Combined Min-Variance,-0.00650149235156934
2023-06-07,Combined Min-Variance,0.0004178678619384732
2023-06-08,Combined Min-Variance,0.0061078239201353334
2023-06-09,Combined Min-Variance,6.979895751821862e-05
2023-06-12,Combined Min-Variance,-0.0026125647719766557
2023-06-13,Combined Min-Variance,0.006433240558313189
2023-06-14,Combined Min-Variance,0.0022053867471094053
2023-06-15,Combined Min-Variance,0.009669866317494117
2023-06-16,Combined Min-Variance,0.0009422772059164536
2023-06-20,Combined Min-Variance,-0.007585589723445193
2023-06-21,Combined Min-Variance,-0.0012509899238696068
2023-06-22,Combined Min-Variance,0.008035413381575839
2023-06-23,Combined Min-Variance,-0.005266548881051132
2023-06-26,Combined Min-Variance,0.0005157211024339986
2023-06-27,Combined Min-Variance,0.0027033699394620556
2023-06-28,Combined Min-Variance,-0.004028100748976178
2023-06-29,Combined Min-Variance,-0.001106811998851096
2023-06-30,Combined Min-Variance,0.006541360830629114
2023-07-03,Combined Min-Variance,0.003884199675986526
2023-07-05,Combined Min-Variance,0.002075015170786885
2023-07-06,Combined Min-Variance,-0.007982636374694378
2023-07-07,Combined Min-Variance,-0.013037616618031145
2023-07-10,Combined Min-Variance,0.0006088090623424852
2023-07-11,Combined Min-Variance,0.008393677793331632
2023-07-12,Combined Min-Variance,-0.002376056917608543
2023-07-13,Combined Min-Variance,0.0025602097380930987
2023-07-14,Combined Min-Variance,0.0027006256222681753
2023-07-17,Combined Min-Variance,-0.005440220501993063
2023-07-18,Combined Min-Variance,0.000626210316945568
2023-07-19,Combined Min-Variance,0.008362199369071647
2023-07-20,Combined Min-Variance,0.015481436232973777
2023-07-21,Combined Min-Variance,0.005987078015901879
2023-07-24,Combined Min-Variance,0.0003858596465482968
2023-07-25,Combined Min-Variance,-0.0027357567046910453
2023-07-26,Combined Min-Variance,0.003442128408599598
2023-07-27,Combined Min-Variance,-0.006881456154827094
2023-07-28,Combined Min-Variance,0.0033871489100330784
2023-07-31,Combined Min-Variance,-0.0044690953809316
2023-08-01,Combined Min-Variance,-0.005216951659458126
2023-08-02,Combined Min-Variance,-0.008911612446260804
2023-08-03,Combined Min-Variance,-0.006616769219455746
2023-08-04,Combined Min-Variance,-0.00615285599322645
2023-08-07,Combined Min-Variance,0.011414491756695146
2023-08-08,Combined Min-Variance,-0.0036603099153410517
2023-08-09,Combined Min-Variance,0.002235481002084711
2023-08-10,Combined Min-Variance,-0.0018108307439455523
2023-08-11,Combined Min-Variance,0.005976677265624828
2023-08-14,Combined Min-Variance,-0.0005178966535911491
2023-08-15,Combined Min-Variance,-0.006635797397407238
2023-08-16,Combined Min-Variance,-0.0031663229094262596
2023-08-17,Combined Min-Variance,-0.005835512129989558
2023-08-18,Combined Min-Variance,0.0037564277629553856
2023-08-21,Combined Min-Variance,-0.0035086308341998125
2023-08-22,Combined Min-Variance,-0.005538376296458505
2023-08-23,Combined Min-Variance,0.011096012339194807
2023-08-24,Combined Min-Variance,-0.009293730184810433
2023-08-25,Combined Min-Variance,0.002608632239160349
2023-08-28,Combined Min-Variance,0.002681417844738924
2023-08-29,Combined Min-Variance,0.005433291339674611
2023-08-30,Combined Min-Variance,0.0011412584739988595
2023-08-31,Combined Min-Variance,-0.004870571904867796
2023-09-01,Combined Min-Variance,-0.00025852705229365046
2023-09-05,Combined Min-Variance,-0.009154718388469296
2023-09-06,Combined Min-Variance,-0.0019178257399990882
2023-09-07,Combined Min-Variance,0.005624507096792212
2023-09-08,Combined Min-Variance,0.003583019601335226
2023-09-11,Combined Min-Variance,0.0034643435600216848
2023-09-12,Combined Min-Variance,-0.0008721960698202125
2023-09-13,Combined Min-Variance,0.0004164935010228147
2023-09-14,Combined Min-Variance,0.009682997583180723
2023-09-15,Combined Min-Variance,-0.008620912204553929
2023-09-18,Combined Min-Variance,0.001194506986249496
2023-09-19,Combined Min-Variance,0.00033605234600271063
2023-09-20,Combined Min-Variance,0.0018672426915898837
2023-09-21,Combined Min-Variance,-0.013855740039301255
2023-09-22,Combined Min-Variance,-0.0013721360530160778
2023-09-25,Combined Min-Variance,-0.0013116970771056362
2023-09-26,Combined Min-Variance,-0.006082855295301087
2023-09-27,Combined Min-Variance,-0.006206310550162582
2023-09-28,Combined Min-Variance,0.002176268998912585
2023-09-29,Combined Min-Variance,-0.0037486175542202306
2023-10-02,Combined Min-Variance,-0.007493942598302486
2023-10-03,Combined Min-Variance,-0.0071105055354324116
2023-10-04,Combined Min-Variance,0.004755858201787023
2023-10-05,Combined Min-Variance,-0.013455882437219666
2023-10-06,Combined Min-Variance,0.004628777565083079
2023-10-09,Combined Min-Variance,0.003295082538103001
2023-10-10,Combined Min-Variance,0.01050879500370999
2023-10-11,Combined Min-Variance,0.0013667212820504268
2023-10-12,Combined Min-Variance,-0.00523868587211297
2023-10-13,Combined Min-Variance,0.0028064556871069514
2023-10-16,Combined Min-Variance,0.006768256001279823
2023-10-17,Combined Min-Variance,0.005079218595231109
2023-10-18,Combined Min-Variance,-0.006051922412434972
2023-10-19,Combined Min-Variance,-0.0040873965117301046
2023-10-20,Combined Min-Variance,0.0004333926599950907
2023-10-23,Combined Min-Variance,-0.0037759322468895505
2023-10-24,Combined Min-Variance,0.015320885428517297
2023-10-25,Combined Min-Variance,-0.0007143868028400248
2023-10-26,Combined Min-Variance,-0.0024221740680717453
2023-10-27,Combined Min-Variance,-0.016257947099673188
2023-10-30,Combined Min-Variance,0.006492657674546931
2023-10-31,Combined Min-Variance,0.005736421597181278
2023-11-01,Combined Min-Variance,0.004184421453399196
2023-11-02,Combined Min-Variance,0.014502115310031321
2023-11-03,Combined Min-Variance,0.0015371448818402703
2023-11-06,Combined Min-Variance,0.0009689301820405974
2023-11-07,Combined Min-Variance,0.0013889915991057173
2023-11-08,Combined Min-Variance,-0.0008366150479961635
2023-11-09,Combined Min-Variance,-0.00979618395253137
2023-11-10,Combined Min-Variance,0.005157737604645735
2023-11-13,Combined Min-Variance,0.003156412635123836
2023-11-14,Combined Min-Variance,0.007003496707952971
2023-11-15,Combined Min-Variance,0.003434236117622831
2023-11-16,Combined Min-Variance,-0.014564737816514987
2023-11-17,Combined Min-Variance,7.83520113417529e-05
2023-11-20,Combined Min-Variance,0.00385012897773536
2023-11-21,Combined Min-Variance,0.002972497718144747
2023-11-22,Combined Min-Variance,-0.0005460032018630417
2023-11-24,Combined Min-Variance,0.0045517179259613755
2023-11-27,Combined Min-Variance,0.0001757542329617375
2023-11-28,Combined Min-Variance,-0.0001649926843605486
2023-11-29,Combined Min-Variance,-0.001755836575596717
2023-11-30,Combined Min-Variance,0.008823139772197095
2023-12-01,Combined Min-Variance,0.0036850832327750185
2023-12-04,Combined Min-Variance,0.00217314341430207
2023-12-05,Combined Min-Variance,0.003566036609848967
2023-12-06,Combined Min-Variance,-0.002724594797501299
2023-12-07,Combined Min-Variance,6.4583054267597145e-06
2023-12-08,Combined Min-Variance,-0.0014661782291372294
2023-12-11,Combined Min-Variance,0.005140232159828135
2023-12-12,Combined Min-Variance,0.003716834511273763
2023-12-13,Combined Min-Variance,0.015074480877428551
2023-12-14,Combined Min-Variance,-0.0027816908175877014
2023-12-15,Combined Min-Variance,-0.00500880213998996
2023-12-18,Combined Min-Variance,0.003947834895142244
2023-12-19,Combined Min-Variance,0.0036138553948651137
2023-12-20,Combined Min-Variance,-0.012078302893569105
2023-12-21,Combined Min-Variance,0.007652327028218876
2023-12-22,Combined Min-Variance,0.0064365372483136864
2023-12-26,Combined Min-Variance,0.0025159700404983718
2023-12-27,Combined Min-Variance,0.004092502331465189
2023-12-28,Combined Min-Variance,0.001629216511360755
2023-12-29,Combined Min-Variance,-0.0002937134714347708
2021-01-04,Combined Max-Sharpe,-0.0031303039253684183
2021-01-05,Combined Max-Sharpe,0.04868077784633925
2021-01-06,Combined Max-Sharpe,0.08779240813072567
2021-01-07,Combined Max-Sharpe,0.04134542315970103
2021-01-08,Combined Max-Sharpe,0.015845745030836723
2021-01-11,Combined Max-Sharpe,-0.04284651258465494
2021-01-12,Combined Max-Sharpe,-0.026130973930815832
2021-01-13,Combined Max-Sharpe,0.06162879498869551
2021-01-14,Combined Max-Sharpe,0.026616096192388267
2021-01-15,Combined Max-Sharpe,-0.04519482049607283
2021-01-19,Combined Max-Sharpe,-0.009569350724216809
2021-01-20,Combined Max-Sharpe,0.0011460652386335569
2021-01-21,Combined Max-Sharpe,-0.08349811079572021
2021-01-22,Combined Max-Sharpe,0.0420929334991472
2021-01-25,Combined Max-Sharpe,0.0007204975678995122
2021-01-26,Combined Max-Sharpe,-1.066094814150282e-05
2021-01-27,Combined Max-Sharpe,-0.05396469719203534
2021-01-28,Combined Max-Sharpe,0.07427339384665291
2021-01-29,Combined Max-Sharpe,0.012832424794485878
2021-02-01,Combined Max-Sharpe,0.019943860907462717
2021-02-02,Combined Max-Sharpe,0.04162675622298089
2021-02-03,Combined Max-Sharpe,0.024941665704685693
2021-02-04,Combined Max-Sharpe,-0.010788689544083518
2021-02-05,Combined Max-Sharpe,0.027808856496070296
2021-02-08,Combined Max-Sharpe,0.10082938126684941
2021-02-09,Combined Max-Sharpe,0.002458827806203859
2021-02-10,Combined Max-Sharpe,-0.0004676406208225358
2021-02-11,Combined Max-Sharpe,0.04931060290103917
2021-02-12,Combined Max-Sharpe,0.019906047373062515
2021-02-16,Combined Max-Sharpe,0.012881835467701153
2021-02-17,Combined Max-Sharpe,0.021241938313540706
2021-02-18,Combined Max-Sharpe,-0.0038387810717480197
2021-02-19,Combined Max-Sharpe,0.04086409524620546
2021-02-22,Combined Max-Sharpe,-0.04320905298687952
2021-02-23,Combined Max-Sharpe,-0.07537176207025
2021-02-24,Combined Max-Sharpe,0.022274911672894887
2021-02-25,Combined Max-Sharpe,-0.055715985342792304
2021-02-26,Combined Max-Sharpe,0.0079566654780488
2021-03-01,Combined Max-Sharpe,0.04814220778025386
2021-03-02,Combined Max-Sharpe,-0.017032797142519058
2021-03-03,Combined Max-Sharpe,0.01104065055608921
2021-03-04,Combined Max-Sharpe,-0.029997106989005345
2021-03-05,Combined Max-Sharpe,0.01977818611599683
2021-03-08,Combined Max-Sharpe,-0.0038609078848778535
2021-03-09,Combined Max-Sharpe,0.03503703449794949
2021-03-10,Combined Max-Sharpe,0.0032781475440962164
2021-03-11,Combined Max-Sharpe,0.016224700073989032
2021-03-12,Combined Max-Sharpe,-0.012749717963878405
2021-03-15,Combined Max-Sharpe,-0.035493657122509646
2021-03-16,Combined Max-Sharpe,0.03231595284279498
2021-03-17,Combined Max-Sharpe,0.022199331840681073
2021-03-18,Combined Max-Sharpe,-0.020798684486273453
2021-03-19,Combined Max-Sharpe,0.007858692326657691
2021-03-22,Combined Max-Sharpe,-0.023026588274166544
2021-03-23,Combined Max-Sharpe,-0.0003164617040867739
2021-03-24,Combined Max-Sharpe,-0.02301646984586439
2021-03-25,Combined Max-Sharpe,0.003491201137832944
2021-03-26,Combined Max-Sharpe,0.05257614628807448
2021-03-29,Combined Max-Sharpe,0.014829429607708864
2021-03-30,Combined Max-Sharpe,0.009022615212869997
2021-03-31,Combined Max-Sharpe,0.0014601910077723028
2021-04-01,Combined Max-Sharpe,0.0020045859019161734
2021-04-05,Combined Max-Sharpe,0.00461577427638751
2021-04-06,Combined Max-Sharpe,-0.005138480929940961
2021-04-07,Combined Max-Sharpe,-0.01969163822178289
2021-04-08,Combined Max-Sharpe,0.02073494609021817
2021-04-09,Combined Max-Sharpe,0.001060015759992882
2021-04-12,Combined Max-Sharpe,0.006828962225320415
2021-04-13,Combined Max-Sharpe,0.024001567891485595
2021-04-14,Combined Max-Sharpe,-0.0023503803478716963
2021-04-15,Combined Max-Sharpe,0.016358959027673065
2021-04-16,Combined Max-Sharpe,-0.01270911820425205
2021-04-19,Combined Max-Sharpe,-0.008691623327618777
2021-04-20,Combined Max-Sharpe,0.0015700442740302582
2021-04-21,Combined Max-Sharpe,-0.007941041574166089
2021-04-22,Combined Max-Sharpe,-0.023144152942142837
2021-04-23,Combined Max-Sharpe,0.007273313554678534
2021-04-26,Combined Max-Sharpe,0.039227997582782816
2021-04-27,Combined Max-Sharpe,0.023068284867326896
2021-04-28,Combined Max-Sharpe,0.004141800308041753
2021-04-29,Combined Max-Sharpe,-0.0006155622445994449
2021-04-30,Combined Max-Sharpe,0.0195015086079846
2021-05-03,Combined Max-Sharpe,0.012396390813290307
2021-05-04,Combined Max-Sharpe,-0.011083303037874963
2021-05-05,Combined Max-Sharpe,0.02832653418827528
2021-05-06,Combined Max-Sharpe,0.008726877008139903
2021-05-07,Combined Max-Sharpe,0.008468997600339017
2021-05-10,Combined Max-Sharpe,-0.014486881997286061
2021-05-11,Combined Max-Sharpe,-0.0005971693084735135
2021-05-12,Combined Max-Sharpe,-0.03946086363145835
2021-05-13,Combined Max-Sharpe,0.026008797165153204
2021-05-14,Combined Max-Sharpe,0.008922748146431049
2021-05-17,Combined Max-Sharpe,-0.012419694606696063
2021-05-18,Combined Max-Sharpe,-0.007779645623005449
2021-05-19,Combined Max-Sharpe,-0.04220532851650584
2021-05-20,Combined Max-Sharpe,0.0332235005303419
2021-05-21,Combined Max-Sharpe,-0.021585966557588293
2021-05-24,Combined Max-Sharpe,0.035889786281424765
2021-05-25,Combined Max-Sharpe,-0.005131985083140788
2021-05-26,Combined Max-Sharpe,0.015700937977091673
2021-05-27,Combined Max-Sharpe,-0.009092231328406182
2021-05-28,Combined Max-Sharpe,-0.011070784923788273
2021-06-01,Combined Max-Sharpe,0.002652760918974609
2021-06-02,Combined Max-Sharpe,-0.0010972294665295363
2021-06-03,Combined Max-Sharpe,0.006701157071305662
2021-06-04,Combined Max-Sharpe,-0.0021854924671400287
2021-06-07,Combined Max-Sharpe,-0.007417060441922936
2021-06-08,Combined Max-Sharpe,-0.0015095041332666077
2021-06-09,Combined Max-Sharpe,-0.007116238724441113
2021-06-10,Combined Max-Sharpe,-0.008342537196353408
2021-06-11,Combined Max-Sharpe,-0.0033435188768458843
2021-06-14,Combined Max-Sharpe,-0.005056455384120844
2021-06-15,Combined Max-Sharpe,-0.003287248638538534
2021-06-16,Combined Max-Sharpe,-0.015103283594638788
2021-06-17,Combined Max-Sharpe,-0.012872377872397924
2021-06-18,Combined Max-Sharpe,-0.011036412691680018
2021-06-21,Combined Max-Sharpe,0.0023504051599612637
2021-06-22,Combined Max-Sharpe,-0.0016558572371382701
2021-06-23,Combined Max-Sharpe,0.006301375660210065
2021-06-24,Combined Max-Sharpe,0.015499718065618815
2021-06-25,Combined Max-Sharpe,-0.007258303538547804
2021-06-28,Combined Max-Sharpe,0.0011139574768469162
2021-06-29,Combined Max-Sharpe,0.018369978168335868
2021-06-30,Combined Max-Sharpe,0.004504533168417379
2021-07-01,Combined Max-Sharpe,-0.0015576121105866049
2021-07-02,Combined Max-Sharpe,0.005262451165545317
2021-07-06,Combined Max-Sharpe,-0.0006561688829998134
2021-07-07,Combined Max-Sharpe,-0.00047092720678213276
2021-07-08,Combined Max-Sharpe,-0.012810220997068304
2021-07-09,Combined Max-Sharpe,0.018645329488894316
2021-07-12,Combined Max-Sharpe,0.006481155783371457
2021-07-13,Combined Max-Sharpe,-0.012629597063204084
2021-07-14,Combined Max-Sharpe,-0.00041097187303687195
2021-07-15,Combined Max-Sharpe,-0.00569046114590835
2021-07-16,Combined Max-Sharpe,-0.014263605109909662
2021-07-19,Combined Max-Sharpe,-0.015178532425041247
2021-07-20,Combined Max-Sharpe,0.013928420583113492
2021-07-21,Combined Max-Sharpe,0.012882333245232023
2021-07-22,Combined Max-Sharpe,0.0022892573987755155
2021-07-23,Combined Max-Sharpe,0.008504911999917672
2021-07-26,Combined Max-Sharpe,0.003724530910487174
2021-07-27,Combined Max-Sharpe,-0.00429622910416976
2021-07-28,Combined Max-Sharpe,0.002960329342129766
2021-07-29,Combined Max-Sharpe,0.007436124939093611
2021-07-30,Combined Max-Sharpe,8.909436987131463e-06
2021-08-02,Combined Max-Sharpe,-0.0031717150731991866
2021-08-03,Combined Max-Sharpe,0.005672199323865308
2021-08-04,Combined Max-Sharpe,-0.002044064614435721
2021-08-05,Combined Max-Sharpe,0.006938423173058807
2021-08-06,Combined Max-Sharpe,0.0026970985708490835
2021-08-09,Combined Max-Sharpe,0.01097958863080541
2021-08-10,Combined Max-Sharpe,0.013349864306489174
2021-08-11,Combined Max-Sharpe,0.00731060054963785
2021-08-12,Combined Max-Sharpe,0.006023145697451063
2021-08-13,Combined Max-Sharpe,0.0035748462313849256
2021-08-16,Combined Max-Sharpe,-0.0010133939894040461
2021-08-17,Combined Max-Sharpe,-0.010248893163820572
2021-08-18,Combined Max-Sharpe,-0.00365384426218706
2021-08-19,Combined Max-Sharpe,-0.0010741686578042255
2021-08-20,Combined Max-Sharpe,0.010944081311204338
2021-08-23,Combined Max-Sharpe,0.007990542903088071
2021-08-24,Combined Max-Sharpe,-0.0005650845168350951
2021-08-25,Combined Max-Sharpe,0.0010063356679508974
2021-08-26,Combined Max-Sharpe,-0.008381292312524793
2021-08-27,Combined Max-Sharpe,0.013308792795433191
2021-08-30,Combined Max-Sharpe,0.0007898431881555269
2021-08-31,Combined Max-Sharpe,-0.00046559095579878245
2021-09-01,Combined Max-Sharpe,0.007483569903944856
2021-09-02,Combined Max-Sharpe,0.0042924913019763405
2021-09-03,Combined Max-Sharpe,-0.002540857264424398
2021-09-07,Combined Max-Sharpe,-0.016269278421049863
2021-09-08,Combined Max-Sharpe,-0.0007797665337657732
2021-09-09,Combined Max-Sharpe,-0.006809088161488725
2021-09-10,Combined Max-Sharpe,-0.005190243712351146
2021-09-13,Combined Max-Sharpe,-0.00562094322086234
2021-09-14,Combined Max-Sharpe,-0.009115238088925663
2021-09-15,Combined Max-Sharpe,0.008639933400953943
2021-09-16,Combined Max-Sharpe,-0.007691899214284564
2021-09-17,Combined Max-Sharpe,-0.018885931040889543
2021-09-20,Combined Max-Sharpe,-0.0210964321679408
2021-09-21,Combined Max-Sharpe,-0.006220184583439564
2021-09-22,Combined Max-Sharpe,0.013090445997823292
2021-09-23,Combined Max-Sharpe,0.007143256964564823
2021-09-24,Combined Max-Sharpe,-0.00828490783726407
2021-09-27,Combined Max-Sharpe,-0.005224423197127405
2021-09-28,Combined Max-Sharpe,-0.007617739064141558
2021-09-29,Combined Max-Sharpe,0.00144534209349897
2021-09-30,Combined Max-Sharpe,-0.011958861601232985
2021-10-01,Combined Max-Sharpe,0.01461368717529429
2021-10-04,Combined Max-Sharpe,-0.007561582399185519
2021-10-05,Combined Max-Sharpe,0.006798050049211972
2021-10-06,Combined Max-Sharpe,0.00854411769737172
2021-10-07,Combined Max-Sharpe,0.004524481946669062
2021-10-08,Combined Max-Sharpe,-0.0013099981913098418
2021-10-11,Combined Max-Sharpe,-0.0029268097754205228
2021-10-12,Combined Max-Sharpe,0.01103670763196504
2021-10-13,Combined Max-Sharpe,0.011382571297632222
2021-10-14,Combined Max-Sharpe,0.019846799496000326
2021-10-15,Combined Max-Sharpe,-0.0021646497249468207
2021-10-18,Combined Max-Sharpe,0.006020895345532107
2021-10-19,Combined Max-Sharpe,0.0005204204848592319
2021-10-20,Combined Max-Sharpe,0.003992677459697804
2021-10-21,Combined Max-Sharpe,-0.0039981480562034655
2021-10-22,Combined Max-Sharpe,0.011257264108596371
2021-10-25,Combined Max-Sharpe,0.010183407062282837
2021-10-26,Combined Max-Sharpe,0.00825876975077423
2021-10-27,Combined Max-Sharpe,-0.023484728721648352
2021-10-28,Combined Max-Sharpe,0.023360169881654482
2021-10-29,Combined Max-Sharpe,0.00402670610924731
2021-11-01,Combined Max-Sharpe,0.004715317887237048
2021-11-02,Combined Max-Sharpe,0.011202673074362566
2021-11-03,Combined Max-Sharpe,-0.0035017071484394415
2021-11-04,Combined Max-Sharpe,0.0023440629837302995
2021-11-05,Combined Max-Sharpe,-0.016479240760617676
2021-11-08,Combined Max-Sharpe,0.010668990579891704
2021-11-09,Combined Max-Sharpe,-0.00020548299000608785
2021-11-10,Combined Max-Sharpe,-0.007230564223977094
2021-11-11,Combined Max-Sharpe,0.006818869888493695
2021-11-12,Combined Max-Sharpe,0.002323724259920286
2021-11-15,Combined Max-Sharpe,0.00214050028568145
2021-11-16,Combined Max-Sharpe,-0.007061454806730705
2021-11-17,Combined Max-Sharpe,-0.005034146414618799
2021-11-18,Combined Max-Sharpe,0.006330020604161156
2021-11-19,Combined Max-Sharpe,-0.007911823259515742
2021-11-22,Combined Max-Sharpe,0.0010582225980212022
2021-11-23,Combined Max-Sharpe,0.011963963866104432
2021-11-24,Combined Max-Sharpe,0.004578511266463802
2021-11-26,Combined Max-Sharpe,-0.030846106072467232
2021-11-29,Combined Max-Sharpe,0.01349049406927386
2021-11-30,Combined Max-Sharpe,-0.016447495935960153
2021-12-01,Combined Max-Sharpe,-0.010333388374362058
2021-12-02,Combined Max-Sharpe,0.02801301586460221
2021-12-03,Combined Max-Sharpe,-0.010610425030544905
2021-12-06,Combined Max-Sharpe,0.007747869780941894
2021-12-07,Combined Max-Sharpe,0.020553920901672938
2021-12-08,Combined Max-Sharpe,-0.0012473670810276378
2021-12-09,Combined Max-Sharpe,-0.009632291440496085
2021-12-10,Combined Max-Sharpe,0.004243300438758129
2021-12-13,Combined Max-Sharpe,-0.008600946401100994
2021-12-14,Combined Max-Sharpe,0.002264018335900158
2021-12-15,Combined Max-Sharpe,0.021816371412900437
2021-12-16,Combined Max-Sharpe,-0.0010718972788786958
2021-12-17,Combined Max-Sharpe,-0.014717200271130718
2021-12-20,Combined Max-Sharpe,-0.003235597018864704
2021-12-21,Combined Max-Sharpe,0.009093480255482185
2021-12-22,Combined Max-Sharpe,0.009571058462577428
2021-12-23,Combined Max-Sharpe,0.002254844603497639
2021-12-27,Combined Max-Sharpe,0.019908588515930015
2021-12-28,Combined Max-Sharpe,-0.004201655690326147
2021-12-29,Combined Max-Sharpe,0.00014305246524440028
2021-12-30,Combined Max-Sharpe,-0.003410661226889473
2021-12-31,Combined Max-Sharpe,-0.000943758859897556
2022-01-03,Combined Max-Sharpe,-0.009368324731150686
2022-01-04,Combined Max-Sharpe,0.0008395248586984887
2022-01-05,Combined Max-Sharpe,-0.008971906353065173
2022-01-06,Combined Max-Sharpe,0.003202759236595537
2022-01-07,Combined Max-Sharpe,-0.015526082603707195
2022-01-10,Combined Max-Sharpe,0.003085173934818532
2022-01-11,Combined Max-Sharpe,0.008415340734123613
2022-01-12,Combined Max-Sharpe,0.010366478340850728
2022-01-13,Combined Max-Sharpe,-0.013789119828687805
2022-01-14,Combined Max-Sharpe,0.00024851972337141767
2022-01-18,Combined Max-Sharpe,-0.012158759289893038
2022-01-19,Combined Max-Sharpe,-0.012548714756959331
2022-01-20,Combined Max-Sharpe,-0.01790991221689024
2022-01-21,Combined Max-Sharpe,-0.01257799399776156
2022-01-24,Combined Max-Sharpe,-0.0015307945462217582
2022-01-25,Combined Max-Sharpe,-0.00028879156099762297
2022-01-26,Combined Max-Sharpe,-0.008981088835433707
2022-01-27,Combined Max-Sharpe,-0.0022362645671775323
2022-01-28,Combined Max-Sharpe,0.03251561987515128
2022-01-31,Combined Max-Sharpe,0.006969674268923403
2022-02-01,Combined Max-Sharpe,0.007115446617757511
2022-02-02,Combined Max-Sharpe,0.02640707413499428
2022-02-03,Combined Max-Sharpe,-0.0065893525690948525
2022-02-04,Combined Max-Sharpe,-0.0020723002474465225
2022-02-07,Combined Max-Sharpe,0.005845364226783091
2022-02-08,Combined Max-Sharpe,0.00205119383812957
2022-02-09,Combined Max-Sharpe,0.019944923929323396
2022-02-10,Combined Max-Sharpe,-0.018324341716513967
2022-02-11,Combined Max-Sharpe,-0.005925165133362734
2022-02-14,Combined Max-Sharpe,-0.007610789860747293
2022-02-15,Combined Max-Sharpe,0.0023248485670094455
2022-02-16,Combined Max-Sharpe,0.0011416288755072756
2022-02-17,Combined Max-Sharpe,-0.015082075833743661
2022-02-18,Combined Max-Sharpe,-0.00876889144497389
2022-02-22,Combined Max-Sharpe,-0.005625114617120049
2022-02-23,Combined Max-Sharpe,0.009213038238508147
2022-02-24,Combined Max-Sharpe,0.0006942382507771403
2022-02-25,Combined Max-Sharpe,0.0353782775871343
2022-02-28,Combined Max-Sharpe,-0.002578923849452695
2022-03-01,Combined Max-Sharpe,0.006077456319381572
2022-03-02,Combined Max-Sharpe,0.018167319019010333
2022-03-03,Combined Max-Sharpe,0.008889272702839793
2022-03-04,Combined Max-Sharpe,0.008496287255234266
2022-03-07,Combined Max-Sharpe,-0.0094668209964821
2022-03-08,Combined Max-Sharpe,-0.022036536754110585
2022-03-09,Combined Max-Sharpe,0.008261552678688843
2022-03-10,Combined Max-Sharpe,0.006747057383793537
2022-03-11,Combined Max-Sharpe,-0.006716635245205163
2022-03-14,Combined Max-Sharpe,-0.009636908157793162
2022-03-15,Combined Max-Sharpe,0.0060886742486548195
2022-03-16,Combined Max-Sharpe,0.006547792988898254
2022-03-17,Combined Max-Sharpe,0.01969105807995728
2022-03-18,Combined Max-Sharpe,0.006748258722668314
2022-03-21,Combined Max-Sharpe,0.014214831319933481
2022-03-22,Combined Max-Sharpe,0.006495218016440067
2022-03-23,Combined Max-Sharpe,0.00018589395695313904
2022-03-24,Combined Max-Sharpe,0.019013541190335874
2022-03-25,Combined Max-Sharpe,0.010950838969186978
2022-03-28,Combined Max-Sharpe,0.0016413588121143683
2022-03-29,Combined Max-Sharpe,0.010254380241548313
2022-03-30,Combined Max-Sharpe,0.0011750887999806038
2022-03-31,Combined Max-Sharpe,-0.012049214455624454
2022-04-01,Combined Max-Sharpe,0.009358713079262873
2022-04-04,Combined Max-Sharpe,-0.0030988644485457476
2022-04-05,Combined Max-Sharpe,-0.0034512366549471368
2022-04-06,Combined Max-Sharpe,0.015069300787140279
2022-04-07,Combined Max-Sharpe,0.01559162478294206
2022-04-08,Combined Max-Sharpe,0.004167335466532793
2022-04-11,Combined Max-Sharpe,-0.026836544671901677
2022-04-12,Combined Max-Sharpe,0.004462098532021348
2022-04-13,Combined Max-Sharpe,-0.007425391437152468
2022-04-14,Combined Max-Sharpe,0.006670304990029672
2022-04-18,Combined Max-Sharpe,0.001668768929271796
2022-04-19,Combined Max-Sharpe,-0.004306341934162563
2022-04-20,Combined Max-Sharpe,0.004753137816210907
2022-04-21,Combined Max-Sharpe,-0.01705411498478557
2022-04-22,Combined Max-Sharpe,-0.025767686405823786
2022-04-25,Combined Max-Sharpe,-0.006995773800442435
2022-04-26,Combined Max-Sharpe,-0.01100849387189844
2022-04-27,Combined Max-Sharpe,0.001834340955660623
2022-04-28,Combined Max-Sharpe,0.017655613843388686
2022-04-29,Combined Max-Sharpe,-0.05392505611850383
2022-05-02,Combined Max-Sharpe,-0.013154599334103035
2022-05-03,Combined Max-Sharpe,0.008362145217985291
2022-05-04,Combined Max-Sharpe,0.017498252507152805
2022-05-05,Combined Max-Sharpe,-0.02373721942079389
2022-05-06,Combined Max-Sharpe,-0.0007465203661218183
2022-05-09,Combined Max-Sharpe,-0.05250642158534484
2022-05-10,Combined Max-Sharpe,-0.00855899254870936
2022-05-11,Combined Max-Sharpe,-0.0012708037305775742
2022-05-12,Combined Max-Sharpe,0.00584807670422555
2022-05-13,Combined Max-Sharpe,0.01615537051443886
2022-05-16,Combined Max-Sharpe,0.004208987815862817
2022-05-17,Combined Max-Sharpe,0.007685248085914984
2022-05-18,Combined Max-Sharpe,-0.031656863516121736
2022-05-19,Combined Max-Sharpe,0.0007917992648590407
2022-05-20,Combined Max-Sharpe,0.0021098136613044655
2022-05-23,Combined Max-Sharpe,0.015306271207920004
2022-05-24,Combined Max-Sharpe,0.003014571800052303
2022-05-25,Combined Max-Sharpe,0.010709293875047769
2022-05-26,Combined Max-Sharpe,0.009347174359039385
2022-05-27,Combined Max-Sharpe,0.019138813268372627
2022-05-31,Combined Max-Sharpe,-0.015376586622233807
2022-06-01,Combined Max-Sharpe,0.0003538704200898835
2022-06-02,Combined Max-Sharpe,0.0017776520415658094
2022-06-03,Combined Max-Sharpe,0.0021646838934737222
2022-06-06,Combined Max-Sharpe,-0.0029666085498971768
2022-06-07,Combined Max-Sharpe,0.013297831029181265
2022-06-08,Combined Max-Sharpe,-0.007523272643590465
2022-06-09,Combined Max-Sharpe,-0.02479726040320883
2022-06-10,Combined Max-Sharpe,-0.012714877519431235
2022-06-13,Combined Max-Sharpe,-0.04168507295870812
2022-06-14,Combined Max-Sharpe,-0.007628484415913801
2022-06-15,Combined Max-Sharpe,-0.004827921184045544
2022-06-16,Combined Max-Sharpe,-0.02076314302135358
2022-06-17,Combined Max-Sharpe,-0.019675059106396407
2022-06-21,Combined Max-Sharpe,0.03571988710343472
2022-06-22,Combined Max-Sharpe,-0.0034386384015226462
2022-06-23,Combined Max-Sharpe,0.003429362437625009
2022-06-24,Combined Max-Sharpe,0.018065833388386496
2022-06-27,Combined Max-Sharpe,0.012028626445123588
2022-06-28,Combined Max-Sharpe,0.0014518708319662783
2022-06-29,Combined Max-Sharpe,-0.00596172945063276
2022-06-30,Combined Max-Sharpe,-0.006382909689135281
2022-07-01,Combined Max-Sharpe,0.013626242746960091
2022-07-05,Combined Max-Sharpe,-0.012958385871473205
2022-07-06,Combined Max-Sharpe,-0.0034278849129909836
2022-07-07,Combined Max-Sharpe,0.004024154712769162
2022-07-08,Combined Max-Sharpe,0.0003612908851617911
2022-07-11,Combined Max-Sharpe,0.0002697226311692415
2022-07-12,Combined Max-Sharpe,-0.008235486564948193
2022-07-13,Combined Max-Sharpe,-0.003096681243352581
2022-07-14,Combined Max-Sharpe,-0.0021521287018369754
2022-07-15,Combined Max-Sharpe,0.01629205093185901
2022-07-18,Combined Max-Sharpe,-0.011761892100134702
2022-07-19,Combined Max-Sharpe,0.010659163426459423
2022-07-20,Combined Max-Sharpe,-0.007910252948234687
2022-07-21,Combined Max-Sharpe,-0.003601916912701354
2022-07-22,Combined Max-Sharpe,0.003289374240858624
2022-07-25,Combined Max-Sharpe,0.01796994236338684
2022-07-26,Combined Max-Sharpe,0.0007316273397826917
2022-07-27,Combined Max-Sharpe,0.0027013059126583558
2022-07-28,Combined Max-Sharpe,0.004579539177450368
2022-07-29,Combined Max-Sharpe,-0.000806169341655746
2022-08-01,Combined Max-Sharpe,-0.012529324793243552
2022-08-02,Combined Max-Sharpe,-0.005945230976812586
2022-08-03,Combined Max-Sharpe,-0.00889031449748192
2022-08-04,Combined Max-Sharpe,-0.01653294177250558
2022-08-05,Combined Max-Sharpe,0.00453976896019926
2022-08-08,Combined Max-Sharpe,0.006989359050486294
2022-08-09,Combined Max-Sharpe,0.014344901404667185
2022-08-10,Combined Max-Sharpe,0.0033496203890805744
2022-08-11,Combined Max-Sharpe,0.012989612404522104
2022-08-12,Combined Max-Sharpe,0.006317882729853907
2022-08-15,Combined Max-Sharpe,-0.007514390597920323
2022-08-16,Combined Max-Sharpe,0.0005627498441439474
2022-08-17,Combined Max-Sharpe,-0.000922460435841274
2022-08-18,Combined Max-Sharpe,0.010853983875941282
2022-08-19,Combined Max-Sharpe,0.017130680369026444
2022-08-22,Combined Max-Sharpe,-0.01389308584134916
2022-08-23,Combined Max-Sharpe,0.014601249805442881
2022-08-24,Combined Max-Sharpe,0.0024726723562195486
2022-08-25,Combined Max-Sharpe,0.005459555182135064
2022-08-26,Combined Max-Sharpe,-0.013502458257753295
2022-08-29,Combined Max-Sharpe,0.00495959473266812
2022-08-30,Combined Max-Sharpe,-0.018017302697542155
2022-08-31,Combined Max-Sharpe,-0.010996337522145256
2022-09-01,Combined Max-Sharpe,-0.0008315178687871277
2022-09-02,Combined Max-Sharpe,-0.00031726089827749425
2022-09-06,Combined Max-Sharpe,-0.007827272550077959
2022-09-07,Combined Max-Sharpe,0.0017669235161394377
2022-09-08,Combined Max-Sharpe,-0.0007156419119861612
2022-09-09,Combined Max-Sharpe,0.01210809570229609
2022-09-12,Combined Max-Sharpe,0.009255660984246093
2022-09-13,Combined Max-Sharpe,-0.02382094655881533
2022-09-14,Combined Max-Sharpe,0.020911904438422096
2022-09-15,Combined Max-Sharpe,-0.019864291893972912
2022-09-16,Combined Max-Sharpe,-0.0061808351329307645
2022-09-19,Combined Max-Sharpe,0.00434135027786409
2022-09-20,Combined Max-Sharpe,-0.008991596860119555
2022-09-21,Combined Max-Sharpe,-0.01537833521782556
2022-09-22,Combined Max-Sharpe,-0.0010866207874373549
2022-09-23,Combined Max-Sharpe,-0.03370361009034034
2022-09-26,Combined Max-Sharpe,-0.01852728190072398
2022-09-27,Combined Max-Sharpe,-0.0030000503423387318
2022-09-28,Combined Max-Sharpe,0.028801099165958785
2022-09-29,Combined Max-Sharpe,-0.014430411851320069
2022-09-30,Combined Max-Sharpe,-0.017800151667663435
2022-10-03,Combined Max-Sharpe,0.03706016731980103
2022-10-04,Combined Max-Sharpe,0.029126488990819772
2022-10-05,Combined Max-Sharpe,0.01209744466300189
2022-10-06,Combined Max-Sharpe,0.00011045052183071471
2022-10-07,Combined Max-Sharpe,-0.009860015361195403
2022-10-10,Combined Max-Sharpe,-0.01644461753592716
2022-10-11,Combined Max-Sharpe,0.007126519015818395
2022-10-12,Combined Max-Sharpe,-0.0023408668896066514
2022-10-13,Combined Max-Sharpe,0.036601095101974374
2022-10-14,Combined Max-Sharpe,-0.010025158980929916
2022-10-17,Combined Max-Sharpe,0.010522606176841656
2022-10-18,Combined Max-Sharpe,0.003913492498041293
2022-10-19,Combined Max-Sharpe,0.001848728299803459
2022-10-20,Combined Max-Sharpe,0.0009793912262431848
2022-10-21,Combined Max-Sharpe,0.02910127849990211
2022-10-24,Combined Max-Sharpe,0.013749689757550077
2022-10-25,Combined Max-Sharpe,-0.001274385745656626
2022-10-26,Combined Max-Sharpe,0.016563670112839952
2022-10-27,Combined Max-Sharpe,0.0029665679006350035
2022-10-28,Combined Max-Sharpe,-0.01705396523434566
2022-10-31,Combined Max-Sharpe,-0.0012644826456915648
2022-11-01,Combined Max-Sharpe,0.007929837278958168
2022-11-02,Combined Max-Sharpe,-0.017638866188964458
2022-11-03,Combined Max-Sharpe,0.0015550681118686929
2022-11-04,Combined Max-Sharpe,0.010922474542692033
2022-11-07,Combined Max-Sharpe,0.02275782800753273
2022-11-08,Combined Max-Sharpe,0.021653201718997015
2022-11-09,Combined Max-Sharpe,-0.02609664053213258
2022-11-10,Combined Max-Sharpe,0.01272101663217374
2022-11-11,Combined Max-Sharpe,0.005703460789930944
2022-11-14,Combined Max-Sharpe,0.0020340903941424115
2022-11-15,Combined Max-Sharpe,0.0027700333419856476
2022-11-16,Combined Max-Sharpe,-0.005197673536706636
2022-11-17,Combined Max-Sharpe,0.005586803785373533
2022-11-18,Combined Max-Sharpe,0.0008312842483591276
2022-11-21,Combined Max-Sharpe,-0.0009487146723996804
2022-11-22,Combined Max-Sharpe,0.014504215299115891
2022-11-23,Combined Max-Sharpe,-0.00928232315536026
2022-11-25,Combined Max-Sharpe,-0.000859934980740358
2022-11-28,Combined Max-Sharpe,-0.014631966854093152
2022-11-29,Combined Max-Sharpe,0.0027448395526660494
2022-11-30,Combined Max-Sharpe,0.013657201503115965
2022-12-01,Combined Max-Sharpe,-0.0029842391993775553
2022-12-02,Combined Max-Sharpe,-0.0008445991757734841
2022-12-05,Combined Max-Sharpe,-0.007794882936025951
2022-12-06,Combined Max-Sharpe,-0.013163702986985399
2022-12-07,Combined Max-Sharpe,0.006411200588584676
2022-12-08,Combined Max-Sharpe,0.0028589226194348522
2022-12-09,Combined Max-Sharpe,-0.018015262291139582
2022-12-12,Combined Max-Sharpe,0.005970898232299619
2022-12-13,Combined Max-Sharpe,0.004165890797100441
2022-12-14,Combined Max-Sharpe,0.0020071111785368505
2022-12-15,Combined Max-Sharpe,-0.015024548681751156
2022-12-16,Combined Max-Sharpe,-0.00287210690384613
2022-12-19,Combined Max-Sharpe,-6.975200437499301e-06
2022-12-20,Combined Max-Sharpe,0.001840472515266376
2022-12-21,Combined Max-Sharpe,0.011329638824261974
2022-12-22,Combined Max-Sharpe,-0.006455100253662959
2022-12-23,Combined Max-Sharpe,0.008221276632977295
2022-12-27,Combined Max-Sharpe,0.0033592230872097712
2022-12-28,Combined Max-Sharpe,-0.011972563665614912
2022-12-29,Combined Max-Sharpe,0.002659573036332286
2022-12-30,Combined Max-Sharpe,0.00233113889014684
2023-01-03,Combined Max-Sharpe,-0.010042244941947387
2023-01-04,Combined Max-Sharpe,0.006518449620465688
2023-01-05,Combined Max-Sharpe,0.016217797199581722
2023-01-06,Combined Max-Sharpe,0.012724202033123057
2023-01-09,Combined Max-Sharpe,-0.029546199854258
2023-01-10,Combined Max-Sharpe,0.006633053650904592
2023-01-11,Combined Max-Sharpe,0.004163028166650204
2023-01-12,Combined Max-Sharpe,0.010104711041162793
2023-01-13,Combined Max-Sharpe,0.002127116529382019
2023-01-17,Combined Max-Sharpe,-0.01178087994135395
2023-01-18,Combined Max-Sharpe,-0.015585052909001678
2023-01-19,Combined Max-Sharpe,0.00952852668975661
2023-01-20,Combined Max-Sharpe,0.006438424044401784
2023-01-23,Combined Max-Sharpe,-0.0023915995521359367
2023-01-24,Combined Max-Sharpe,-0.008482010100877176
2023-01-25,Combined Max-Sharpe,-0.0010975124879637835
2023-01-26,Combined Max-Sharpe,0.0028874820879916047
2023-01-27,Combined Max-Sharpe,-0.014243683111937081
2023-01-30,Combined Max-Sharpe,-0.0033481474373067096
2023-01-31,Combined Max-Sharpe,0.014225357892154582
2023-02-01,Combined Max-Sharpe,0.0004286968610772981
2023-02-02,Combined Max-Sharpe,-0.025827874154899656
2023-02-03,Combined Max-Sharpe,-0.002578267506649832
2023-02-06,Combined Max-Sharpe,-0.0008126856029768799
2023-02-07,Combined Max-Sharpe,0.014513388609256326
2023-02-08,Combined Max-Sharpe,0.002404161633753202
2023-02-09,Combined Max-Sharpe,-0.002583534075815352
2023-02-10,Combined Max-Sharpe,0.019359675648801197
2023-02-13,Combined Max-Sharpe,0.008331192474943985
2023-02-14,Combined Max-Sharpe,-0.00149730543647855
2023-02-15,Combined Max-Sharpe,-0.009837528946207074
2023-02-16,Combined Max-Sharpe,-0.008007019376693543
2023-02-17,Combined Max-Sharpe,0.008018341809543073
2023-02-21,Combined Max-Sharpe,-0.008216675238498937
2023-02-22,Combined Max-Sharpe,-0.0035954565350332845
2023-02-23,Combined Max-Sharpe,0.00597292310237609
2023-02-24,Combined Max-Sharpe,-0.005221169809271765
2023-02-27,Combined Max-Sharpe,-0.001584263092516466
2023-02-28,Combined Max-Sharpe,-0.01520121518725416
2023-03-01,Combined Max-Sharpe,0.0028763633505833855
2023-03-02,Combined Max-Sharpe,0.003902329324905949
2023-03-03,Combined Max-Sharpe,0.005503133528333968
2023-03-06,Combined Max-Sharpe,0.025162381548003696
2023-03-07,Combined Max-Sharpe,-0.004947535385452847
2023-03-08,Combined Max-Sharpe,-0.017271252281958232
2023-03-09,Combined Max-Sharpe,-0.009522238825181464
2023-03-10,Combined Max-Sharpe,-0.0018273947851106765
2023-03-13,Combined Max-Sharpe,-0.01369633293416472
2023-03-14,Combined Max-Sharpe,0.015122205692613327
2023-03-15,Combined Max-Sharpe,-0.008103443600998456
2023-03-16,Combined Max-Sharpe,-0.00012072053786287315
2023-03-17,Combined Max-Sharpe,-0.026347414063264536
2023-03-20,Combined Max-Sharpe,0.020006232433647624
2023-03-21,Combined Max-Sharpe,0.005689223874801206
2023-03-22,Combined Max-Sharpe,-0.014793075423153593
2023-03-23,Combined Max-Sharpe,-0.0004999740395665369
2023-03-24,Combined Max-Sharpe,0.006193297318833211
2023-03-27,Combined Max-Sharpe,0.015772301325147405
2023-03-28,Combined Max-Sharpe,-0.001128421040245179
2023-03-29,Combined Max-Sharpe,-8.714379561827453e-05
2023-03-30,Combined Max-Sharpe,0.007297105466401078
2023-03-31,Combined Max-Sharpe,0.006852856268404618
2023-04-03,Combined Max-Sharpe,0.021045350222389125
2023-04-04,Combined Max-Sharpe,-0.00796518168260219
2023-04-05,Combined Max-Sharpe,0.020388840766535788
2023-04-06,Combined Max-Sharpe,-0.0028664217058199694
2023-04-10,Combined Max-Sharpe,-0.0025223313312637023
2023-04-11,Combined Max-Sharpe,0.00010885721437086982
2023-04-12,Combined Max-Sharpe,0.0028003388763898854
2023-04-13,Combined Max-Sharpe,0.012330431102024699
2023-04-14,Combined Max-Sharpe,-0.0008918378612141097
2023-04-17,Combined Max-Sharpe,0.0008353907711900108
2023-04-18,Combined Max-Sharpe,0.004400842203780101
2023-04-19,Combined Max-Sharpe,-0.0011239920766275345
2023-04-20,Combined Max-Sharpe,0.0018984812752065893
2023-04-21,Combined Max-Sharpe,0.012701521391621888
2023-04-24,Combined Max-Sharpe,0.006029167262308266
2023-04-25,Combined Max-Sharpe,-0.006122430129114611
2023-04-26,Combined Max-Sharpe,-0.02169547651078081
2023-04-27,Combined Max-Sharpe,0.008584085574454163
2023-04-28,Combined Max-Sharpe,-0.0020577856239462422
2023-05-01,Combined Max-Sharpe,-0.005701460638165662
2023-05-02,Combined Max-Sharpe,-0.011728617620718739
2023-05-03,Combined Max-Sharpe,-0.009008965374414556
2023-05-04,Combined Max-Sharpe,-0.006213969164150281
2023-05-05,Combined Max-Sharpe,0.01804464903028992
2023-05-08,Combined Max-Sharpe,-0.006554959489218448
2023-05-09,Combined Max-Sharpe,-0.0008714536635478385
2023-05-10,Combined Max-Sharpe,-0.001754988869366697
2023-05-11,Combined Max-Sharpe,-0.010958382402106738
2023-05-12,Combined Max-Sharpe,0.0004064625232982085
2023-05-15,Combined Max-Sharpe,0.005193171560470089
2023-05-16,Combined Max-Sharpe,-0.01190408038703456
2023-05-17,Combined Max-Sharpe,0.01275165832915351
2023-05-18,Combined Max-Sharpe,0.0029668728035717904
2023-05-19,Combined Max-Sharpe,-0.001514450278415774
2023-05-22,Combined Max-Sharpe,0.0019826777328277086
2023-05-23,Combined Max-Sharpe,-0.004541268641508335
2023-05-24,Combined Max-Sharpe,-0.012587796060454327
2023-05-25,Combined Max-Sharpe,0.00017962156988919316
2023-05-26,Combined Max-Sharpe,0.009530105655791186
2023-05-30,Combined Max-Sharpe,7.578433379529443e-05
2023-05-31,Combined Max-Sharpe,-0.00571396640174779
2023-06-01,Combined Max-Sharpe,0.016638581487328406
2023-06-02,Combined Max-Sharpe,0.013008699133463728
2023-06-05,Combined Max-Sharpe,-0.009542698751620652
2023-06-06,Combined Max-Sharpe,-0.004465337336213057
2023-06-07,Combined Max-Sharpe,-0.007106880461556707
2023-06-08,Combined Max-Sharpe,0.011927438343212856
2023-06-09,Combined Max-Sharpe,0.005030205570005792
2023-06-12,Combined Max-Sharpe,0.000574903644605457
2023-06-13,Combined Max-Sharpe,0.0052740545410818376
2023-06-14,Combined Max-Sharpe,-0.011343137057504577
2023-06-15,Combined Max-Sharpe,0.004841065713056427
2023-06-16,Combined Max-Sharpe,0.0019246997824784009
2023-06-20,Combined Max-Sharpe,-0.0032922451210538207
2023-06-21,Combined Max-Sharpe,0.006138173611983439
2023-06-22,Combined Max-Sharpe,0.005584493726188779
2023-06-23,Combined Max-Sharpe,-0.0024151015312535236
2023-06-26,Combined Max-Sharpe,-0.009295727319124498
2023-06-27,Combined Max-Sharpe,0.007441154358755326
2023-06-28,Combined Max-Sharpe,-0.0013258091624048338
2023-06-29,Combined Max-Sharpe,0.007342070419628539
2023-06-30,Combined Max-Sharpe,0.016957882699176613
2023-07-03,Combined Max-Sharpe,-0.010310078491923353
2023-07-05,Combined Max-Sharpe,-0.0009542342279764235
2023-07-06,Combined Max-Sharpe,-0.011128159406574828
2023-07-07,Combined Max-Sharpe,-0.004013186034920426
2023-07-10,Combined Max-Sharpe,0.014650432129026388
2023-07-11,Combined Max-Sharpe,-0.0005543114884583944
2023-07-12,Combined Max-Sharpe,0.0014292969961826108
2023-07-13,Combined Max-Sharpe,0.015086248229154208
2023-07-14,Combined Max-Sharpe,-0.0064016495927843795
2023-07-17,Combined Max-Sharpe,-0.001365404714718346
2023-07-18,Combined Max-Sharpe,0.004445247870705339
2023-07-19,Combined Max-Sharpe,-0.004452958641527845
2023-07-20,Combined Max-Sharpe,0.010189379714264323
2023-07-21,Combined Max-Sharpe,-0.0004033811834453357
2023-07-24,Combined Max-Sharpe,-0.007323342325859732
2023-07-25,Combined Max-Sharpe,0.026837527266916503
2023-07-26,Combined Max-Sharpe,-0.009583468891357118
2023-07-27,Combined Max-Sharpe,-0.0014224987916016925
2023-07-28,Combined Max-Sharpe,0.0005529190085524138
2023-07-31,Combined Max-Sharpe,-0.0009580752118510437
2023-08-01,Combined Max-Sharpe,-0.008394978632275191
2023-08-02,Combined Max-Sharpe,-0.013443775355086549
2023-08-03,Combined Max-Sharpe,0.00042920391117841155
2023-08-04,Combined Max-Sharpe,0.00029865431916269993
2023-08-07,Combined Max-Sharpe,0.014503663561604695
2023-08-08,Combined Max-Sharpe,-0.0033375185260241373
2023-08-09,Combined Max-Sharpe,-0.010809512206069419
2023-08-10,Combined Max-Sharpe,0.00135164611340601
2023-08-11,Combined Max-Sharpe,0.004344238900526641
2023-08-14,Combined Max-Sharpe,0.01618915016178721
2023-08-15,Combined Max-Sharpe,-0.010067616264336325
2023-08-16,Combined Max-Sharpe,-0.008166767592584258
2023-08-17,Combined Max-Sharpe,-0.022237695875822968
2023-08-18,Combined Max-Sharpe,0.004279298280984409
2023-08-21,Combined Max-Sharpe,0.00943217691745867
2023-08-22,Combined Max-Sharpe,-0.011678526254925938
2023-08-23,Combined Max-Sharpe,0.024756711469181812
2023-08-24,Combined Max-Sharpe,-0.015918668904066922
2023-08-25,Combined Max-Sharpe,0.003009203150322667
2023-08-28,Combined Max-Sharpe,0.007022591452088486
2023-08-29,Combined Max-Sharpe,0.021174655263710214
2023-08-30,Combined Max-Sharpe,-0.003992837633870476
2023-08-31,Combined Max-Sharpe,-0.005526020775971188
2023-09-01,Combined Max-Sharpe,-0.0031145866544494308
2023-09-05,Combined Max-Sharpe,-0.012027628040878511
2023-09-06,Combined Max-Sharpe,-0.008678574089134264
2023-09-07,Combined Max-Sharpe,-0.0009486839936992723
2023-09-08,Combined Max-Sharpe,0.0004968773939348371
2023-09-11,Combined Max-Sharpe,0.0033238121414072667
2023-09-12,Combined Max-Sharpe,0.005836415412916347
2023-09-13,Combined Max-Sharpe,-0.005784978047236246
2023-09-14,Combined Max-Sharpe,0.01277591705181488
2023-09-15,Combined Max-Sharpe,-0.007419619705561126
2023-09-18,Combined Max-Sharpe,0.006376836382954944
2023-09-19,Combined Max-Sharpe,-0.003594969802856465
2023-09-20,Combined Max-Sharpe,-0.009821398656571095
2023-09-21,Combined Max-Sharpe,-0.015558948567247474
2023-09-22,Combined Max-Sharpe,-0.004091541489817713
2023-09-25,Combined Max-Sharpe,0.004309104132209343
2023-09-26,Combined Max-Sharpe,-0.008697875980301303
2023-09-27,Combined Max-Sharpe,0.0032832857074639975
2023-09-28,Combined Max-Sharpe,0.010940084545167365
2023-09-29,Combined Max-Sharpe,-0.009556235480604903
2023-10-02,Combined Max-Sharpe,-0.0035980239661591875
2023-10-03,Combined Max-Sharpe,-0.015477387949261914
2023-10-04,Combined Max-Sharpe,0.007925427907689213
2023-10-05,Combined Max-Sharpe,0.0030282704250502576
2023-10-06,Combined Max-Sharpe,0.017445290777978358
2023-10-09,Combined Max-Sharpe,-0.004763107144215216
2023-10-10,Combined Max-Sharpe,0.004367750433896873
2023-10-11,Combined Max-Sharpe,0.015880644320968126
2023-10-12,Combined Max-Sharpe,-0.007184286763954627
2023-10-13,Combined Max-Sharpe,-0.011839805783246077
2023-10-16,Combined Max-Sharpe,0.006968973344079206
2023-10-17,Combined Max-Sharpe,-0.005159044876408092
2023-10-18,Combined Max-Sharpe,-0.02076042887829081
2023-10-19,Combined Max-Sharpe,-0.007042465444522259
2023-10-20,Combined Max-Sharpe,-0.0016087968641048831
2023-10-23,Combined Max-Sharpe,0.012134514290778546
2023-10-24,Combined Max-Sharpe,0.03080877988038912
2023-10-25,Combined Max-Sharpe,-0.017377801075733525
2023-10-26,Combined Max-Sharpe,-0.015624479625362118
2023-10-27,Combined Max-Sharpe,-0.019156877560370905
2023-10-30,Combined Max-Sharpe,0.01886661398999001
2023-10-31,Combined Max-Sharpe,-0.0106808809811069
2023-11-01,Combined Max-Sharpe,0.0035514871866260097
2023-11-02,Combined Max-Sharpe,0.0057963611961510805
2023-11-03,Combined Max-Sharpe,0.013853696562821885
2023-11-06,Combined Max-Sharpe,0.02000298326764361
2023-11-07,Combined Max-Sharpe,0.0014265321776729763
2023-11-08,Combined Max-Sharpe,0.012237802643424233
2023-11-09,Combined Max-Sharpe,-0.005548654102594166
2023-11-10,Combined Max-Sharpe,0.016943219387307543
2023-11-13,Combined Max-Sharpe,0.0036365530932168572
2023-11-14,Combined Max-Sharpe,0.01042377332082653
2023-11-15,Combined Max-Sharpe,-0.004207353525578146
2023-11-16,Combined Max-Sharpe,0.004269439467261344
2023-11-17,Combined Max-Sharpe,0.0008688395049276415
2023-11-20,Combined Max-Sharpe,0.004709587137952124
2023-11-21,Combined Max-Sharpe,-0.006838417337215268
2023-11-22,Combined Max-Sharpe,-0.004783465165727814
2023-11-24,Combined Max-Sharpe,-0.0012909288205211317
2023-11-27,Combined Max-Sharpe,0.0008489824297101911
2023-11-28,Combined Max-Sharpe,-0.006228498840706551
2023-11-29,Combined Max-Sharpe,0.0005411693469595638
2023-11-30,Combined Max-Sharpe,0.005878082624345641
2023-12-01,Combined Max-Sharpe,0.005810525579059728
2023-12-04,Combined Max-Sharpe,-0.001895524973455058
2023-12-05,Combined Max-Sharpe,0.003584284879806777
2023-12-06,Combined Max-Sharpe,-0.00788829471290263
2023-12-07,Combined Max-Sharpe,0.0040844158055651555
2023-12-08,Combined Max-Sharpe,0.01184234187467616
2023-12-11,Combined Max-Sharpe,-0.011146200022856786
2023-12-12,Combined Max-Sharpe,0.013025353043944407
2023-12-13,Combined Max-Sharpe,0.004605297316984927
2023-12-14,Combined Max-Sharpe,-0.0034220666766183487
2023-12-15,Combined Max-Sharpe,0.004261589082764904
2023-12-18,Combined Max-Sharpe,0.01142055885414706
2023-12-19,Combined Max-Sharpe,0.0067945362709998765
2023-12-20,Combined Max-Sharpe,-0.014276028422045724
2023-12-21,Combined Max-Sharpe,0.01956870255718217
2023-12-22,Combined Max-Sharpe,0.0006466724085384009
2023-12-26,Combined Max-Sharpe,0.0028188215550366933
2023-12-27,Combined Max-Sharpe,0.012157584185825984
2023-12-28,Combined Max-Sharpe,-0.0009196890289225125
2023-12-29,Combined Max-Sharpe,-0.005153202508029586
2021-01-04,Combined Risk-Parity,-0.005491593368244866
2021-01-05,Combined Risk-Parity,0.012951136817451175
2021-01-06,Combined Risk-Parity,0.02902525827853908
2021-01-07,Combined Risk-Parity,0.009462911840677653
2021-01-08,Combined Risk-Parity,0.0017895405071617653
2021-01-11,Combined Risk-Parity,-0.016062289224796206
2021-01-12,Combined Risk-Parity,-0.00265164298890579
2021-01-13,Combined Risk-Parity,0.010015387527544125
2021-01-14,Combined Risk-Parity,0.004153717118180631
2021-01-15,Combined Risk-Parity,-0.011062566564620152
2021-01-19,Combined Risk-Parity,0.007223621238823078
2021-01-20,Combined Risk-Parity,0.007974487454707075
2021-01-21,Combined Risk-Parity,-0.020840691777394428
2021-01-22,Combined Risk-Parity,0.0049193690753588145
2021-01-25,Combined Risk-Parity,0.000335442411085316
2021-01-26,Combined Risk-Parity,-0.003549823344666061
2021-01-27,Combined Risk-Parity,-0.030911385479132338
2021-01-28,Combined Risk-Parity,0.019249426382715762
2021-01-29,Combined Risk-Parity,-0.00752196168798189
2021-02-01,Combined Risk-Parity,0.00865346028825933
2021-02-02,Combined Risk-Parity,0.01818239565346745
2021-02-03,Combined Risk-Parity,0.003958857473873365
2021-02-04,Combined Risk-Parity,0.004469796534155034
2021-02-05,Combined Risk-Parity,0.01638311373396952
2021-02-08,Combined Risk-Parity,0.018482594805062
2021-02-09,Combined Risk-Parity,0.005352873718085108
2021-02-10,Combined Risk-Parity,0.004365156361798137
2021-02-11,Combined Risk-Parity,0.008169406346358762
2021-02-12,Combined Risk-Parity,0.009302013351588798
2021-02-16,Combined Risk-Parity,-0.002782769929923265
2021-02-17,Combined Risk-Parity,0.007280063075438632
2021-02-18,Combined Risk-Parity,-0.0035003354705168796
2021-02-19,Combined Risk-Parity,0.00416435856345926
2021-02-22,Combined Risk-Parity,-0.007064507055309309
2021-02-23,Combined Risk-Parity,-0.018821019694945894
2021-02-24,Combined Risk-Parity,0.012942162707569281
2021-02-25,Combined Risk-Parity,-0.020415991448665523
2021-02-26,Combined Risk-Parity,-0.011916711899767764
2021-03-01,Combined Risk-Parity,0.023488303615504004
2021-03-02,Combined Risk-Parity,-0.0031398285161295192
2021-03-03,Combined Risk-Parity,-0.0045911247181589085
2021-03-04,Combined Risk-Parity,-0.008698423225565284
2021-03-05,Combined Risk-Parity,0.014200836985166611
2021-03-08,Combined Risk-Parity,0.0024108790925254885
2021-03-09,Combined Risk-Parity,0.012221171437616704
2021-03-10,Combined Risk-Parity,0.004328425858082483
2021-03-11,Combined Risk-Parity,0.004564865239963138
2021-03-12,Combined Risk-Parity,0.00341893270348263
2021-03-15,Combined Risk-Parity,0.0029006261099680285
2021-03-16,Combined Risk-Parity,0.006673882944586354
2021-03-17,Combined Risk-Parity,0.00335441807884907
2021-03-18,Combined Risk-Parity,-0.012679859253405819
2021-03-19,Combined Risk-Parity,-0.0013510594357294854
2021-03-22,Combined Risk-Parity,0.0029623690141502065
2021-03-23,Combined Risk-Parity,-0.004291635744654961
2021-03-24,Combined Risk-Parity,-0.011413789811986307
2021-03-25,Combined Risk-Parity,0.00506270600785884
2021-03-26,Combined Risk-Parity,0.02718831171898463
2021-03-29,Combined Risk-Parity,0.007279092452545749
2021-03-30,Combined Risk-Parity,-0.0030013650261025565
2021-03-31,Combined Risk-Parity,0.007678451362177584
2021-04-01,Combined Risk-Parity,0.012254156813639994
2021-04-05,Combined Risk-Parity,0.016988515603169108
2021-04-06,Combined Risk-Parity,0.003211754259599401
2021-04-07,Combined Risk-Parity,-0.007894177071206963
2021-04-08,Combined Risk-Parity,0.005163540103766731
2021-04-09,Combined Risk-Parity,2.156242602655722e-05
2021-04-12,Combined Risk-Parity,0.00030117001217879206
2021-04-13,Combined Risk-Parity,0.012622265129542141
2021-04-14,Combined Risk-Parity,0.0026365636117768325
2021-04-15,Combined Risk-Parity,0.01628352669067841
2021-04-16,Combined Risk-Parity,0.007883898242456692
2021-04-19,Combined Risk-Parity,-0.00896258761345842
2021-04-20,Combined Risk-Parity,-0.00073897767305898
2021-04-21,Combined Risk-Parity,0.003683400591606951
2021-04-22,Combined Risk-Parity,-0.011478736948968105
2021-04-23,Combined Risk-Parity,0.004709032527402766
2021-04-26,Combined Risk-Parity,0.01289926625395943
2021-04-27,Combined Risk-Parity,0.003704451666658452
2021-04-28,Combined Risk-Parity,-0.0012883314085521732
2021-04-29,Combined Risk-Parity,0.0062854248091293915
2021-04-30,Combined Risk-Parity,0.0030266773659977752
2021-05-03,Combined Risk-Parity,0.010412169620336226
2021-05-04,Combined Risk-Parity,-0.004846926806661184
2021-05-05,Combined Risk-Parity,0.0203960892943786
2021-05-06,Combined Risk-Parity,0.014364934329566235
2021-05-07,Combined Risk-Parity,0.004247558162700394
2021-05-10,Combined Risk-Parity,-0.006927860283173608
2021-05-11,Combined Risk-Parity,0.002075595209402219
2021-05-12,Combined Risk-Parity,-0.028498322816084564
2021-05-13,Combined Risk-Parity,0.013696095510160688
2021-05-14,Combined Risk-Parity,0.01383138532440491
2021-05-17,Combined Risk-Parity,-0.004064025795140454
2021-05-18,Combined Risk-Parity,-0.004514932714301704
2021-05-19,Combined Risk-Parity,-0.02573468643542318
2021-05-20,Combined Risk-Parity,0.020244606541149453
2021-05-21,Combined Risk-Parity,-0.009855232367458902
2021-05-24,Combined Risk-Parity,0.023207863536543066
2021-05-25,Combined Risk-Parity,-0.0041830811849590584
2021-05-26,Combined Risk-Parity,0.007543592863142343
2021-05-27,Combined Risk-Parity,-0.0028410745669248958
2021-05-28,Combined Risk-Parity,-0.0035538054926524208
2021-06-01,Combined Risk-Parity,-0.00027417411962254773
2021-06-02,Combined Risk-Parity,0.0039737879068326406
2021-06-03,Combined Risk-Parity,0.003942153552443985
2021-06-04,Combined Risk-Parity,0.0024632513008996117
2021-06-07,Combined Risk-Parity,-0.005910427420697072
2021-06-08,Combined Risk-Parity,-0.003769205879782447
2021-06-09,Combined Risk-Parity,0.0032135640059253795
2021-06-10,Combined Risk-Parity,0.0026878144722771347
2021-06-11,Combined Risk-Parity,-0.002194977379852656
2021-06-14,Combined Risk-Parity,0.0005765406559248387
2021-06-15,Combined Risk-Parity,-0.0022219707059667653
2021-06-16,Combined Risk-Parity,-0.012709135545999
2021-06-17,Combined Risk-Parity,-0.00364379310628027
2021-06-18,Combined Risk-Parity,-0.016518927944501757
2021-06-21,Combined Risk-Parity,0.003278001632576627
2021-06-22,Combined Risk-Parity,-0.001349331033039043
2021-06-23,Combined Risk-Parity,-0.00010849588984493223
2021-06-24,Combined Risk-Parity,0.009511121734663687
2021-06-25,Combined Risk-Parity,0.0032001562676149094
2021-06-28,Combined Risk-Parity,0.0020562317417794273
2021-06-29,Combined Risk-Parity,0.0029985618998837615
2021-06-30,Combined Risk-Parity,0.003959478683458293
2021-07-01,Combined Risk-Parity,0.0027476259219268873
2021-07-02,Combined Risk-Parity,0.0045859583105310655
2021-07-06,Combined Risk-Parity,-0.003950514865574599
2021-07-07,Combined Risk-Parity,0.0008829059857614016
2021-07-08,Combined Risk-Parity,-0.008481730491558972
2021-07-09,Combined Risk-Parity,0.010947883754778683
2021-07-12,Combined Risk-Parity,0.002635303242652028
2021-07-13,Combined Risk-Parity,-0.005177825194580089
2021-07-14,Combined Risk-Parity,0.001463069933506738
2021-07-15,Combined Risk-Parity,-0.0012508349133808789
2021-07-16,Combined Risk-Parity,-0.006309971467261872
2021-07-19,Combined Risk-Parity,-0.01646968765298308
2021-07-20,Combined Risk-Parity,0.006710280858163926
2021-07-21,Combined Risk-Parity,0.009274557953710223
2021-07-22,Combined Risk-Parity,0.0006781312718116739
2021-07-23,Combined Risk-Parity,0.008213782215244615
2021-07-26,Combined Risk-Parity,0.004484925894849303
2021-07-27,Combined Risk-Parity,0.00104798778210269
2021-07-28,Combined Risk-Parity,0.001934014252903384
2021-07-29,Combined Risk-Parity,0.004917206279856496
2021-07-30,Combined Risk-Parity,-0.002659715022711111
2021-08-02,Combined Risk-Parity,-0.0011234245241515913
2021-08-03,Combined Risk-Parity,0.0038229096203914134
2021-08-04,Combined Risk-Parity,-0.0050997940884479455
2021-08-05,Combined Risk-Parity,0.005261719288194524
2021-08-06,Combined Risk-Parity,0.0024213044645444415
2021-08-09,Combined Risk-Parity,0.001053750364370225
2021-08-10,Combined Risk-Parity,0.004767124087795305
2021-08-11,Combined Risk-Parity,0.009753197277499352
2021-08-12,Combined Risk-Parity,0.0013566214115156821
2021-08-13,Combined Risk-Parity,0.007232503019250891
2021-08-16,Combined Risk-Parity,-0.00016912344571504145
2021-08-17,Combined Risk-Parity,-0.005184750799387469
2021-08-18,Combined Risk-Parity,-0.010887485264410305
2021-08-19,Combined Risk-Parity,0.0015071127872057423
2021-08-20,Combined Risk-Parity,0.006986307828052278
2021-08-23,Combined Risk-Parity,0.0062543573446117075
2021-08-24,Combined Risk-Parity,-0.0038868093507698435
2021-08-25,Combined Risk-Parity,0.00015868362637344222
2021-08-26,Combined Risk-Parity,-0.008365359613810427
2021-08-27,Combined Risk-Parity,0.010875663298421899
2021-08-30,Combined Risk-Parity,-0.00036901431170913027
2021-08-31,Combined Risk-Parity,0.0023564478888572363
2021-09-01,Combined Risk-Parity,0.002906593786607451
2021-09-02,Combined Risk-Parity,0.006215366285287804
2021-09-03,Combined Risk-Parity,-0.00046266877277306804
2021-09-07,Combined Risk-Parity,-0.01850620567515066
2021-09-08,Combined Risk-Parity,0.0013889233778110529
2021-09-09,Combined Risk-Parity,-0.007576879040953567
2021-09-10,Combined Risk-Parity,-0.006331943537062815
2021-09-13,Combined Risk-Parity,0.0005638275070965582
2021-09-14,Combined Risk-Parity,-0.005492429732740357
2021-09-15,Combined Risk-Parity,0.006983090927498528
2021-09-16,Combined Risk-Parity,-0.005578026012021885
2021-09-17,Combined Risk-Parity,-0.01186119770024886
2021-09-20,Combined Risk-Parity,-0.0184002927093775
2021-09-21,Combined Risk-Parity,-0.004749057187157819
2021-09-22,Combined Risk-Parity,0.010128309059952486
2021-09-23,Combined Risk-Parity,0.008001421645824465
2021-09-24,Combined Risk-Parity,-0.0059827435639066015
2021-09-27,Combined Risk-Parity,-0.0026351754620186386
2021-09-28,Combined Risk-Parity,-0.011137943764140066
2021-09-29,Combined Risk-Parity,0.006711313376004674
2021-09-30,Combined Risk-Parity,-0.007220637122160821
2021-10-01,Combined Risk-Parity,0.013567216300348676
2021-10-04,Combined Risk-Parity,-0.0022574893947663655
2021-10-05,Combined Risk-Parity,0.0054167856522820785
2021-10-06,Combined Risk-Parity,0.003969344328497702
2021-10-07,Combined Risk-Parity,0.00648761388340888
2021-10-08,Combined Risk-Parity,-0.0028400551418233146
2021-10-11,Combined Risk-Parity,-0.007509227330292771
2021-10-12,Combined Risk-Parity,-0.0005913849682798264
2021-10-13,Combined Risk-Parity,0.004899702951669745
2021-10-14,Combined Risk-Parity,0.012210915214317351
2021-10-15,Combined Risk-Parity,0.003508448836904641
2021-10-18,Combined Risk-Parity,-0.0014097201748269534
2021-10-19,Combined Risk-Parity,0.010982451191328867
2021-10-20,Combined Risk-Parity,0.0115522905238813
2021-10-21,Combined Risk-Parity,0.0015813846508984028
2021-10-22,Combined Risk-Parity,0.0011518364947175111
2021-10-25,Combined Risk-Parity,0.005097300787946588
2021-10-26,Combined Risk-Parity,0.0039484515399786915
2021-10-27,Combined Risk-Parity,-0.016307795862881072
2021-10-28,Combined Risk-Parity,0.010728217057710907
2021-10-29,Combined Risk-Parity,-0.0016197325898028424
2021-11-01,Combined Risk-Parity,0.005145854666299561
2021-11-02,Combined Risk-Parity,0.005960857678803636
2021-11-03,Combined Risk-Parity,0.004902176779502877
2021-11-04,Combined Risk-Parity,0.0023921709007691423
2021-11-05,Combined Risk-Parity,-0.00017535851404702085
2021-11-08,Combined Risk-Parity,0.003753197204892628
2021-11-09,Combined Risk-Parity,0.0023808521875257616
2021-11-10,Combined Risk-Parity,-0.005090437784425766
2021-11-11,Combined Risk-Parity,0.0008866405149464273
2021-11-12,Combined Risk-Parity,0.0014134637113746647
2021-11-15,Combined Risk-Parity,-0.0020786262636655257
2021-11-16,Combined Risk-Parity,-0.004309820604542723
2021-11-17,Combined Risk-Parity,-0.004043441604221237
2021-11-18,Combined Risk-Parity,-0.004504551461470031
2021-11-19,Combined Risk-Parity,-0.00392957518797591
2021-11-22,Combined Risk-Parity,-0.0013191046649833893
2021-11-23,Combined Risk-Parity,0.006992080844189277
2021-11-24,Combined Risk-Parity,0.00038528092942539575
2021-11-26,Combined Risk-Parity,-0.020170220676456203
2021-11-29,Combined Risk-Parity,0.00713300857284338
2021-11-30,Combined Risk-Parity,-0.0213536405073776
2021-12-01,Combined Risk-Parity,-0.011548843373023495
2021-12-02,Combined Risk-Parity,0.018992261992612742
2021-12-03,Combined Risk-Parity,-0.0003144734480751266
2021-12-06,Combined Risk-Parity,0.014052814316017011
2021-12-07,Combined Risk-Parity,0.011187309973165676
2021-12-08,Combined Risk-Parity,0.0013929803853835827
2021-12-09,Combined Risk-Parity,-0.008021997951712913
2021-12-10,Combined Risk-Parity,0.0044200346691553
2021-12-13,Combined Risk-Parity,-0.004004399961546557
2021-12-14,Combined Risk-Parity,-0.0019390129674751854
2021-12-15,Combined Risk-Parity,0.011694454495917397
2021-12-16,Combined Risk-Parity,0.004878832787186295
2021-12-17,Combined Risk-Parity,-0.011988934726596633
2021-12-20,Combined Risk-Parity,-0.004604447155003867
2021-12-21,Combined Risk-Parity,0.011047891686790604
2021-12-22,Combined Risk-Parity,0.005824990976750795
2021-12-23,Combined Risk-Parity,0.005767530025413131
2021-12-27,Combined Risk-Parity,0.011699483114449235
2021-12-28,Combined Risk-Parity,0.00020850240086459917
2021-12-29,Combined Risk-Parity,0.00031451524093554286
2021-12-30,Combined Risk-Parity,6.029421199061041e-05
2021-12-31,Combined Risk-Parity,-0.0016367862388096464
2022-01-03,Combined Risk-Parity,0.002710637396464626
2022-01-04,Combined Risk-Parity,0.003897511176138724
2022-01-05,Combined Risk-Parity,-0.010733943715453666
2022-01-06,Combined Risk-Parity,-0.0011650954393969772
2022-01-07,Combined Risk-Parity,0.00023478678652453708
2022-01-10,Combined Risk-Parity,-0.006936999139720261
2022-01-11,Combined Risk-Parity,0.007673149669167071
2022-01-12,Combined Risk-Parity,0.004815039502712316
2022-01-13,Combined Risk-Parity,-0.005379091288284104
2022-01-14,Combined Risk-Parity,0.0004411669236036183
2022-01-18,Combined Risk-Parity,-0.009590165287212637
2022-01-19,Combined Risk-Parity,-0.004873997610307388
2022-01-20,Combined Risk-Parity,-0.01175956772853292
2022-01-21,Combined Risk-Parity,-0.013290829468115418
2022-01-24,Combined Risk-Parity,-0.0003324862525840486
2022-01-25,Combined Risk-Parity,-0.0044999018539193265
2022-01-26,Combined Risk-Parity,-0.010340160732055924
2022-01-27,Combined Risk-Parity,-0.0028573368493970347
2022-01-28,Combined Risk-Parity,0.018043370958650773
2022-01-31,Combined Risk-Parity,0.01268523488435164
2022-02-01,Combined Risk-Parity,0.0067899653279777095
2022-02-02,Combined Risk-Parity,0.008210002945001047
2022-02-03,Combined Risk-Parity,-0.007456143262035415
2022-02-04,Combined Risk-Parity,0.0006499912542724069
2022-02-07,Combined Risk-Parity,0.0037594674573072596
2022-02-08,Combined Risk-Parity,0.003008475887220485
2022-02-09,Combined Risk-Parity,0.010448046942696099
2022-02-10,Combined Risk-Parity,-0.01834166749380367
2022-02-11,Combined Risk-Parity,-0.010065207130872602
2022-02-14,Combined Risk-Parity,-0.006081571904225685
2022-02-15,Combined Risk-Parity,0.00914190837811233
2022-02-16,Combined Risk-Parity,-0.0013724092141174638
2022-02-17,Combined Risk-Parity,-0.014636318140380447
2022-02-18,Combined Risk-Parity,-0.00714099822234078
2022-02-22,Combined Risk-Parity,-0.0035054396570956972
2022-02-23,Combined Risk-Parity,-0.010414736566294071
2022-02-24,Combined Risk-Parity,0.004729841032440173
2022-02-25,Combined Risk-Parity,0.0263113083591327
2022-02-28,Combined Risk-Parity,-0.0001399923548896058
2022-03-01,Combined Risk-Parity,-0.009162507497134176
2022-03-02,Combined Risk-Parity,0.015643815905946625
2022-03-03,Combined Risk-Parity,0.0018487257058095792
2022-03-04,Combined Risk-Parity,0.0011202101278687418
2022-03-07,Combined Risk-Parity,-0.013519801045257018
2022-03-08,Combined Risk-Parity,-0.0067696721698546685
2022-03-09,Combined Risk-Parity,0.013516030476367616
2022-03-10,Combined Risk-Parity,-0.002137660329543072
2022-03-11,Combined Risk-Parity,-0.007049663270675328
2022-03-14,Combined Risk-Parity,-0.006104214374202112
2022-03-15,Combined Risk-Parity,0.008917353829471491
2022-03-16,Combined Risk-Parity,0.01366660793820245
2022-03-17,Combined Risk-Parity,0.012888316777971203
2022-03-18,Combined Risk-Parity,0.004285864730896111
2022-03-21,Combined Risk-Parity,0.003383784404852777
2022-03-22,Combined Risk-Parity,0.007358389836951311
2022-03-23,Combined Risk-Parity,-0.007984779640018156
2022-03-24,Combined Risk-Parity,0.009530725010032822
2022-03-25,Combined Risk-Parity,0.008620793980740792
2022-03-28,Combined Risk-Parity,0.0029421277536203373
2022-03-29,Combined Risk-Parity,0.012440210649118306
2022-03-30,Combined Risk-Parity,-0.0016859066095408584
2022-03-31,Combined Risk-Parity,-0.013126584680010413
2022-04-01,Combined Risk-Parity,0.00879113967505658
2022-04-04,Combined Risk-Parity,0.0007792228972695911
2022-04-05,Combined Risk-Parity,-0.007702417630471633
2022-04-06,Combined Risk-Parity,0.0003769472447874805
2022-04-07,Combined Risk-Parity,0.0033325102885551072
2022-04-08,Combined Risk-Parity,0.002259158371528479
2022-04-11,Combined Risk-Parity,-0.014325893815041318
2022-04-12,Combined Risk-Parity,0.0006216546040276349
2022-04-13,Combined Risk-Parity,0.008317649734654695
2022-04-14,Combined Risk-Parity,-0.0017547643685281856
2022-04-18,Combined Risk-Parity,-0.0004865281045621474
2022-04-19,Combined Risk-Parity,0.011055695338116815
2022-04-20,Combined Risk-Parity,0.002397567226462659
2022-04-21,Combined Risk-Parity,-0.01152548855277348
2022-04-22,Combined Risk-Parity,-0.020522249227843223
2022-04-25,Combined Risk-Parity,-0.0022259771244453157
2022-04-26,Combined Risk-Parity,-0.019767819485556004
2022-04-27,Combined Risk-Parity,0.0012552208177374496
2022-04-28,Combined Risk-Parity,0.015573729995165344
2022-04-29,Combined Risk-Parity,-0.03387738133856099
2022-05-02,Combined Risk-Parity,0.0007344816366735968
2022-05-03,Combined Risk-Parity,0.0045558521902133355
2022-05-04,Combined Risk-Parity,0.030791612480009407
2022-05-05,Combined Risk-Parity,-0.024065861932879865
2022-05-06,Combined Risk-Parity,-0.0028468666350497554
2022-05-09,Combined Risk-Parity,-0.03380573950720039
2022-05-10,Combined Risk-Parity,-0.0045277471801420804
2022-05-11,Combined Risk-Parity,-0.006636357208466468
2022-05-12,Combined Risk-Parity,0.001021325563386821
2022-05-13,Combined Risk-Parity,0.01987558104463682
2022-05-16,Combined Risk-Parity,-5.9640185175096846e-05
2022-05-17,Combined Risk-Parity,0.014965641807155953
2022-05-18,Combined Risk-Parity,-0.027314712992143428
2022-05-19,Combined Risk-Parity,0.0002441853163095214
2022-05-20,Combined Risk-Parity,0.001328778110029107
2022-05-23,Combined Risk-Parity,0.014807675205470711
2022-05-24,Combined Risk-Parity,0.006403442880139543
2022-05-25,Combined Risk-Parity,0.006116116576652814
2022-05-26,Combined Risk-Parity,0.007681027078454301
2022-05-27,Combined Risk-Parity,0.014757411837991757
2022-05-31,Combined Risk-Parity,-0.00725259102096087
2022-06-01,Combined Risk-Parity,-0.009102364340430666
2022-06-02,Combined Risk-Parity,0.01164153158840888
2022-06-03,Combined Risk-Parity,-0.008353686407806255
2022-06-06,Combined Risk-Parity,0.000789963380190836
2022-06-07,Combined Risk-Parity,0.007915239023650161
2022-06-08,Combined Risk-Parity,-0.012580567696557639
2022-06-09,Combined Risk-Parity,-0.02130906351571414
2022-06-10,Combined Risk-Parity,-0.021807063885990702
2022-06-13,Combined Risk-Parity,-0.04245600921482638
2022-06-14,Combined Risk-Parity,-0.008620657903289523
2022-06-15,Combined Risk-Parity,0.011682297527286261
2022-06-16,Combined Risk-Parity,-0.027053540963522013
2022-06-17,Combined Risk-Parity,-0.001696945898344796
2022-06-21,Combined Risk-Parity,0.02098560914744845
2022-06-22,Combined Risk-Parity,-0.0019783517828417395
2022-06-23,Combined Risk-Parity,0.008985851146632712
2022-06-24,Combined Risk-Parity,0.024506437613244114
2022-06-27,Combined Risk-Parity,-0.0025305940693700155
2022-06-28,Combined Risk-Parity,-0.01124208517906845
2022-06-29,Combined Risk-Parity,-0.0031416527543139425
2022-06-30,Combined Risk-Parity,-0.0062211548586352874
2022-07-01,Combined Risk-Parity,0.011151677451299373
2022-07-05,Combined Risk-Parity,-0.008026830112777899
2022-07-06,Combined Risk-Parity,0.0015148825610380228
2022-07-07,Combined Risk-Parity,0.010981849168416154
2022-07-08,Combined Risk-Parity,-0.0033154845097375096
2022-07-11,Combined Risk-Parity,-0.007341120692449768
2022-07-12,Combined Risk-Parity,-0.005687318679124539
2022-07-13,Combined Risk-Parity,-0.0008495229137616782
2022-07-14,Combined Risk-Parity,-0.0027095025549510733
2022-07-15,Combined Risk-Parity,0.01578970374605802
2022-07-18,Combined Risk-Parity,0.00013831431221415606
2022-07-19,Combined Risk-Parity,0.021548667651036475
2022-07-20,Combined Risk-Parity,-0.004085633466440604
2022-07-21,Combined Risk-Parity,0.004914339700920469
2022-07-22,Combined Risk-Parity,-0.002460326051149894
2022-07-25,Combined Risk-Parity,-0.0028058862207685394
2022-07-26,Combined Risk-Parity,-0.0024017413003145425
2022-07-27,Combined Risk-Parity,0.013796216091889014
2022-07-28,Combined Risk-Parity,0.014508892308285592
2022-07-29,Combined Risk-Parity,0.006197350577823878
2022-08-01,Combined Risk-Parity,-0.0032353360503416754
2022-08-02,Combined Risk-Parity,-0.009538914301057935
2022-08-03,Combined Risk-Parity,0.006121975067736479
2022-08-04,Combined Risk-Parity,-0.002168465896114316
2022-08-05,Combined Risk-Parity,0.0028613065435917156
2022-08-08,Combined Risk-Parity,0.0024996229245699345
2022-08-09,Combined Risk-Parity,-0.0011786380741150924
2022-08-10,Combined Risk-Parity,0.015842600577554468
2022-08-11,Combined Risk-Parity,0.003973293697632872
2022-08-12,Combined Risk-Parity,0.014509032975119638
2022-08-15,Combined Risk-Parity,0.00403248671167841
2022-08-16,Combined Risk-Parity,0.0044342446384857985
2022-08-17,Combined Risk-Parity,-0.0069986614808314985
2022-08-18,Combined Risk-Parity,0.0008443571696428937
2022-08-19,Combined Risk-Parity,-0.012522345653250867
2022-08-22,Combined Risk-Parity,-0.014804226129866135
2022-08-23,Combined Risk-Parity,0.0004213098248973034
2022-08-24,Combined Risk-Parity,0.0009476830468768075
2022-08-25,Combined Risk-Parity,0.011184999837029613
2022-08-26,Combined Risk-Parity,-0.027895971349692857
2022-08-29,Combined Risk-Parity,-0.00035280787947797104
2022-08-30,Combined Risk-Parity,-0.012930313757224563
2022-08-31,Combined Risk-Parity,-0.005792137965776022
2022-09-01,Combined Risk-Parity,0.005326793378693651
2022-09-02,Combined Risk-Parity,-0.008843424306589598
2022-09-06,Combined Risk-Parity,-0.007316951819539651
2022-09-07,Combined Risk-Parity,0.01901111372305632
2022-09-08,Combined Risk-Parity,0.004107529340431361
2022-09-09,Combined Risk-Parity,0.01550297429423561
2022-09-12,Combined Risk-Parity,0.007822424021664696
2022-09-13,Combined Risk-Parity,-0.038268642319488996
2022-09-14,Combined Risk-Parity,0.004655182652965982
2022-09-15,Combined Risk-Parity,-0.016794157426733104
2022-09-16,Combined Risk-Parity,-0.0031976293849952583
2022-09-19,Combined Risk-Parity,0.006422152702148103
2022-09-20,Combined Risk-Parity,-0.014058740803706253
2022-09-21,Combined Risk-Parity,-0.01746562622184097
2022-09-22,Combined Risk-Parity,-0.0007030424538028289
2022-09-23,Combined Risk-Parity,-0.017987076150335523
2022-09-26,Combined Risk-Parity,-0.014079515843112168
2022-09-27,Combined Risk-Parity,-0.006098508613549341
2022-09-28,Combined Risk-Parity,0.019236712058571623
2022-09-29,Combined Risk-Parity,-0.01683469404199754
2022-09-30,Combined Risk-Parity,-0.01464204018675319
2022-10-03,Combined Risk-Parity,0.029672910590875165
2022-10-04,Combined Risk-Parity,0.026288105521235828
2022-10-05,Combined Risk-Parity,-0.0052339974937818945
2022-10-06,Combined Risk-Parity,-0.012554318801586946
2022-10-07,Combined Risk-Parity,-0.019681912150030154
2022-10-10,Combined Risk-Parity,-0.005854709284473474
2022-10-11,Combined Risk-Parity,-0.001505835204845444
2022-10-12,Combined Risk-Parity,-0.0069307095040781475
2022-10-13,Combined Risk-Parity,0.02468016603276489
2022-10-14,Combined Risk-Parity,-0.014621257849295365
2022-10-17,Combined Risk-Parity,0.01790127359382248
2022-10-18,Combined Risk-Parity,0.010358272319899425
2022-10-19,Combined Risk-Parity,-0.010194323246656997
2022-10-20,Combined Risk-Parity,-0.004422786277690665
2022-10-21,Combined Risk-Parity,0.021652956753548194
2022-10-24,Combined Risk-Parity,0.007805967506816003
2022-10-25,Combined Risk-Parity,0.017305295524524
2022-10-26,Combined Risk-Parity,0.008314387428126964
2022-10-27,Combined Risk-Parity,-0.001463649836181061
2022-10-28,Combined Risk-Parity,0.02305316191931
2022-10-31,Combined Risk-Parity,-0.006479960271640416
2022-11-01,Combined Risk-Parity,0.0009724778900100454
2022-11-02,Combined Risk-Parity,-0.01627046860715378
2022-11-03,Combined Risk-Parity,-0.0017741190973803332
2022-11-04,Combined Risk-Parity,0.02013079285833018
2022-11-07,Combined Risk-Parity,0.005694408336140284
2022-11-08,Combined Risk-Parity,-0.0018693021224225922
2022-11-09,Combined Risk-Parity,-0.02820778957176192
2022-11-10,Combined Risk-Parity,0.05165071776497847
2022-11-11,Combined Risk-Parity,0.0049123047531084004
2022-11-14,Combined Risk-Parity,-0.006004484985997333
2022-11-15,Combined Risk-Parity,0.009395099976816881
2022-11-16,Combined Risk-Parity,-0.007757166904157193
2022-11-17,Combined Risk-Parity,-0.0014965686160991333
2022-11-18,Combined Risk-Parity,0.006447994209218534
2022-11-21,Combined Risk-Parity,0.0011055794898724041
2022-11-22,Combined Risk-Parity,0.014951469363062683
2022-11-23,Combined Risk-Parity,0.006047025786878395
2022-11-25,Combined Risk-Parity,0.0009943620439215501
2022-11-28,Combined Risk-Parity,-0.016528179009742988
2022-11-29,Combined Risk-Parity,0.004774806246552668
2022-11-30,Combined Risk-Parity,0.022558754369886375
2022-12-01,Combined Risk-Parity,-0.0014560003532188108
2022-12-02,Combined Risk-Parity,0.0021691084016160394
2022-12-05,Combined Risk-Parity,-0.014330159939081533
2022-12-06,Combined Risk-Parity,-0.008545959613119722
2022-12-07,Combined Risk-Parity,-0.001346126928827881
2022-12-08,Combined Risk-Parity,0.0069826471081843745
2022-12-09,Combined Risk-Parity,-0.010226520806208405
2022-12-12,Combined Risk-Parity,0.013851844101994488
2022-12-13,Combined Risk-Parity,0.008417600896811702
2022-12-14,Combined Risk-Parity,-0.007074113884809551
2022-12-15,Combined Risk-Parity,-0.019503595475353352
2022-12-16,Combined Risk-Parity,-0.014159624854576208
2022-12-19,Combined Risk-Parity,-0.007178771646498832
2022-12-20,Combined Risk-Parity,0.005253667019532456
2022-12-21,Combined Risk-Parity,0.014066318395113329
2022-12-22,Combined Risk-Parity,-0.0073712374496799965
2022-12-23,Combined Risk-Parity,0.006670841998241297
2022-12-27,Combined Risk-Parity,0.000904238661616252
2022-12-28,Combined Risk-Parity,-0.01320403523293119
2022-12-29,Combined Risk-Parity,0.010483213534146305
2022-12-30,Combined Risk-Parity,-0.0019551232098709934
2023-01-03,Combined Risk-Parity,0.002658062438987069
2023-01-04,Combined Risk-Parity,0.017106995799567867
2023-01-05,Combined Risk-Parity,-0.00624171620143022
2023-01-06,Combined Risk-Parity,0.021526839289520948
2023-01-09,Combined Risk-Parity,-0.0013290544779362445
2023-01-10,Combined Risk-Parity,0.0063248742855750465
2023-01-11,Combined Risk-Parity,0.009816069706465662
2023-01-12,Combined Risk-Parity,0.005782911411786466
2023-01-13,Combined Risk-Parity,0.005504170353194145
2023-01-17,Combined Risk-Parity,-0.005357166332793303
2023-01-18,Combined Risk-Parity,-0.018953079434586854
2023-01-19,Combined Risk-Parity,-0.003524575894541564
2023-01-20,Combined Risk-Parity,0.01659539491475011
2023-01-23,Combined Risk-Parity,0.008584390433791333
2023-01-24,Combined Risk-Parity,-0.0055653164033229036
2023-01-25,Combined Risk-Parity,0.0040599536923625395
2023-01-26,Combined Risk-Parity,0.004951010055217185
2023-01-27,Combined Risk-Parity,-0.0009343166836387133
2023-01-30,Combined Risk-Parity,-0.010747570603307017
2023-01-31,Combined Risk-Parity,0.011716042398985417
2023-02-01,Combined Risk-Parity,0.0033630883636618213
2023-02-02,Combined Risk-Parity,-0.003199678669044346
2023-02-03,Combined Risk-Parity,-0.009804267779435267
2023-02-06,Combined Risk-Parity,-0.004052503376643988
2023-02-07,Combined Risk-Parity,0.010977570225055982
2023-02-08,Combined Risk-Parity,-0.00961676519892658
2023-02-09,Combined Risk-Parity,-0.012302919060514374
2023-02-10,Combined Risk-Parity,0.00929939936125712
2023-02-13,Combined Risk-Parity,0.007333168592842202
2023-02-14,Combined Risk-Parity,-0.0008286415323637305
2023-02-15,Combined Risk-Parity,0.005255334748371342
2023-02-16,Combined Risk-Parity,-0.01492974178950152
2023-02-17,Combined Risk-Parity,0.004982559827374761
2023-02-21,Combined Risk-Parity,-0.015083251264513584
2023-02-22,Combined Risk-Parity,-0.005865988222225308
2023-02-23,Combined Risk-Parity,0.0017639444932294672
2023-02-24,Combined Risk-Parity,-0.010192798836051155
2023-02-27,Combined Risk-Parity,0.0005252685043990358
2023-02-28,Combined Risk-Parity,-0.0062042939726510565
2023-03-01,Combined Risk-Parity,0.0006163146515445871
2023-03-02,Combined Risk-Parity,0.008598866473205673
2023-03-03,Combined Risk-Parity,0.009002004129676434
2023-03-06,Combined Risk-Parity,-7.67553915183058e-05
2023-03-07,Combined Risk-Parity,-0.016034292245483726
2023-03-08,Combined Risk-Parity,-0.001381625120134782
2023-03-09,Combined Risk-Parity,-0.019608258539159176
2023-03-10,Combined Risk-Parity,-0.010558296648425482
2023-03-13,Combined Risk-Parity,0.0026540192753786497
2023-03-14,Combined Risk-Parity,0.012843033472504588
2023-03-15,Combined Risk-Parity,-0.009782712332428289
2023-03-16,Combined Risk-Parity,0.010664214848864276
2023-03-17,Combined Risk-Parity,-0.006601181549121088
2023-03-20,Combined Risk-Parity,0.008587382159413372
2023-03-21,Combined Risk-Parity,0.011056113014281985
2023-03-22,Combined Risk-Parity,-0.021827097305126216
2023-03-23,Combined Risk-Parity,0.0047136830552981755
2023-03-24,Combined Risk-Parity,0.0073506572275035395
2023-03-27,Combined Risk-Parity,0.0029764382243499064
2023-03-28,Combined Risk-Parity,0.003922503595941736
2023-03-29,Combined Risk-Parity,0.014690270642572539
2023-03-30,Combined Risk-Parity,0.003863980382507524
2023-03-31,Combined Risk-Parity,0.012347307520720944
2023-04-03,Combined Risk-Parity,0.00660020633756204
2023-04-04,Combined Risk-Parity,-0.002050685682762509
2023-04-05,Combined Risk-Parity,0.007140077111543726
2023-04-06,Combined Risk-Parity,-0.0003027367082357559
2023-04-10,Combined Risk-Parity,0.0036018937710438612
2023-04-11,Combined Risk-Parity,0.0024141927202196095
2023-04-12,Combined Risk-Parity,-0.0016348472865501855
2023-04-13,Combined Risk-Parity,0.008393336355293046
2023-04-14,Combined Risk-Parity,-0.004327537877955916
2023-04-17,Combined Risk-Parity,0.002280452155125542
2023-04-18,Combined Risk-Parity,0.0009535887776319225
2023-04-19,Combined Risk-Parity,-0.0033046261108190134
2023-04-20,Combined Risk-Parity,-0.00779364335345934
2023-04-21,Combined Risk-Parity,-0.002041430308733224
2023-04-24,Combined Risk-Parity,0.0011835600472477274
2023-04-25,Combined Risk-Parity,-0.009203131144563675
2023-04-26,Combined Risk-Parity,-0.014381977973343962
2023-04-27,Combined Risk-Parity,0.012492645765680332
2023-04-28,Combined Risk-Parity,0.007088819471294932
2023-05-01,Combined Risk-Parity,-0.0038563206838889263
2023-05-02,Combined Risk-Parity,-0.013151799594568879
2023-05-03,Combined Risk-Parity,-0.009250622791516044
2023-05-04,Combined Risk-Parity,-0.004400534638644652
2023-05-05,Combined Risk-Parity,0.015889881802854815
2023-05-08,Combined Risk-Parity,-0.004173089015608935
2023-05-09,Combined Risk-Parity,-0.0024287222726045474
2023-05-10,Combined Risk-Parity,-0.0014839562869744193
2023-05-11,Combined Risk-Parity,-0.0086956197330866
2023-05-12,Combined Risk-Parity,0.0004186021537070522
2023-05-15,Combined Risk-Parity,0.002741856924309197
2023-05-16,Combined Risk-Parity,-0.01461677719293596
2023-05-17,Combined Risk-Parity,0.009589331146298839
2023-05-18,Combined Risk-Parity,0.002084704341212074
2023-05-19,Combined Risk-Parity,-0.001037087557766922
2023-05-22,Combined Risk-Parity,0.0005592677964131494
2023-05-23,Combined Risk-Parity,-0.005341564336234771
2023-05-24,Combined Risk-Parity,-0.01046240109258684
2023-05-25,Combined Risk-Parity,-0.0055383873374754275
2023-05-26,Combined Risk-Parity,0.005982734759124101
2023-05-30,Combined Risk-Parity,-0.0017771439140330044
2023-05-31,Combined Risk-Parity,-0.0022466430955314
2023-06-01,Combined Risk-Parity,0.0018752780148107756
2023-06-02,Combined Risk-Parity,0.01907634651612028
2023-06-05,Combined Risk-Parity,-0.00824168471070005
2023-06-06,Combined Risk-Parity,0.004155532509903748
2023-06-07,Combined Risk-Parity,0.004671947347408865
2023-06-08,Combined Risk-Parity,0.004686645745800142
2023-06-09,Combined Risk-Parity,-0.0038672398564674735
2023-06-12,Combined Risk-Parity,0.0027305274604479874
2023-06-13,Combined Risk-Parity,0.0060385890641272465
2023-06-14,Combined Risk-Parity,-0.004385339107293079
2023-06-15,Combined Risk-Parity,0.01016240641041697
2023-06-16,Combined Risk-Parity,0.0021036894121892564
2023-06-20,Combined Risk-Parity,-0.008194665720416577
2023-06-21,Combined Risk-Parity,0.004362469121768681
2023-06-22,Combined Risk-Parity,-0.0034290466565927904
2023-06-23,Combined Risk-Parity,-0.0005679373438187145
2023-06-26,Combined Risk-Parity,0.006174426966998903
2023-06-27,Combined Risk-Parity,0.006432085718298845
2023-06-28,Combined Risk-Parity,-0.005233673691205304
2023-06-29,Combined Risk-Parity,0.007647717702795796
2023-06-30,Combined Risk-Parity,0.015371236437472855
2023-07-03,Combined Risk-Parity,0.004490576424191056
2023-07-05,Combined Risk-Parity,-0.003381201651273343
2023-07-06,Combined Risk-Parity,-0.012812876444201173
2023-07-07,Combined Risk-Parity,-0.0004412018987370635
2023-07-10,Combined Risk-Parity,0.004971335020891587
2023-07-11,Combined Risk-Parity,0.011670262154603392
2023-07-12,Combined Risk-Parity,0.005577082411895319
2023-07-13,Combined Risk-Parity,0.021857893945063395
2023-07-14,Combined Risk-Parity,-0.009968827896855277
2023-07-17,Combined Risk-Parity,-0.005236057374105584
2023-07-18,Combined Risk-Parity,0.004546585519997082
2023-07-19,Combined Risk-Parity,0.008848341079843537
2023-07-20,Combined Risk-Parity,0.005223074893824167
2023-07-21,Combined Risk-Parity,0.005044903451079798
2023-07-24,Combined Risk-Parity,0.0002970449616225972
2023-07-25,Combined Risk-Parity,0.0016858732043027011
2023-07-26,Combined Risk-Parity,0.0033022976798739714
2023-07-27,Combined Risk-Parity,-0.004414745720107994
2023-07-28,Combined Risk-Parity,0.0036984557690277796
2023-07-31,Combined Risk-Parity,0.0005967766063819341
2023-08-01,Combined Risk-Parity,-0.0037421071270682883
2023-08-02,Combined Risk-Parity,-0.013391413121969004
2023-08-03,Combined Risk-Parity,-0.006355396696686875
2023-08-04,Combined Risk-Parity,-0.0027557050560037145
2023-08-07,Combined Risk-Parity,0.008831903547339134
2023-08-08,Combined Risk-Parity,-0.0008650243871287278
2023-08-09,Combined Risk-Parity,-0.0005459372364043987
2023-08-10,Combined Risk-Parity,-0.00012174230160961975
2023-08-11,Combined Risk-Parity,0.002754469540317892
2023-08-14,Combined Risk-Parity,0.0005401494172416878
2023-08-15,Combined Risk-Parity,-0.013074798759015276
2023-08-16,Combined Risk-Parity,-0.009527690487257864
2023-08-17,Combined Risk-Parity,-0.011539804192769782
2023-08-18,Combined Risk-Parity,0.0019758514724166894
2023-08-21,Combined Risk-Parity,-0.002396737127265216
2023-08-22,Combined Risk-Parity,-0.005364218086744688
2023-08-23,Combined Risk-Parity,0.009361604949187977
2023-08-24,Combined Risk-Parity,-0.011029082966482164
2023-08-25,Combined Risk-Parity,0.0042547700800021244
2023-08-28,Combined Risk-Parity,0.005674044427405114
2023-08-29,Combined Risk-Parity,0.014558646222384813
2023-08-30,Combined Risk-Parity,-0.0007215532025102877
2023-08-31,Combined Risk-Parity,-0.006916273815370641
2023-09-01,Combined Risk-Parity,0.0018267864102085292
2023-09-05,Combined Risk-Parity,-0.008994015466993015
2023-09-06,Combined Risk-Parity,-0.0035045748112081197
2023-09-07,Combined Risk-Parity,0.0028410821771777516
2023-09-08,Combined Risk-Parity,0.003092325388477502
2023-09-11,Combined Risk-Parity,0.00017181101871750206
2023-09-12,Combined Risk-Parity,0.003911474319306052
2023-09-13,Combined Risk-Parity,0.0006098054892691023
2023-09-14,Combined Risk-Parity,0.012862599834791003
2023-09-15,Combined Risk-Parity,-0.006956157919580508
2023-09-18,Combined Risk-Parity,0.001699888589096982
2023-09-19,Combined Risk-Parity,-0.0019186579337135607
2023-09-20,Combined Risk-Parity,-0.0037612697156907027
2023-09-21,Combined Risk-Parity,-0.01716115243929804
2023-09-22,Combined Risk-Parity,-0.0028817214994077355
2023-09-25,Combined Risk-Parity,0.0020549937768034833
2023-09-26,Combined Risk-Parity,-0.010388013143689529
2023-09-27,Combined Risk-Parity,-0.001856507340044774
2023-09-28,Combined Risk-Parity,0.00454023271362042
2023-09-29,Combined Risk-Parity,-0.0016988481237556112
2023-10-02,Combined Risk-Parity,-0.01522542801390267
2023-10-03,Combined Risk-Parity,-0.007073607445784278
2023-10-04,Combined Risk-Parity,0.001170726286972934
2023-10-05,Combined Risk-Parity,-0.0032560842994411605
2023-10-06,Combined Risk-Parity,0.009268102115852609
2023-10-09,Combined Risk-Parity,0.005474464647727715
2023-10-10,Combined Risk-Parity,0.006701281254128042
2023-10-11,Combined Risk-Parity,0.0025556820141690176
2023-10-12,Combined Risk-Parity,-0.008038102735208623
2023-10-13,Combined Risk-Parity,0.00285869650284368
2023-10-16,Combined Risk-Parity,0.011148018580487466
2023-10-17,Combined Risk-Parity,0.0010839356103942192
2023-10-18,Combined Risk-Parity,-0.012108593458064955
2023-10-19,Combined Risk-Parity,-0.006964113789495643
2023-10-20,Combined Risk-Parity,-0.00447713142009192
2023-10-23,Combined Risk-Parity,-0.001045481298861031
2023-10-24,Combined Risk-Parity,0.010126083616677953
2023-10-25,Combined Risk-Parity,-0.008115416997756319
2023-10-26,Combined Risk-Parity,-0.0013173416521615679
2023-10-27,Combined Risk-Parity,-0.012509892082924362
2023-10-30,Combined Risk-Parity,0.009335748904424603
2023-10-31,Combined Risk-Parity,0.005451879094588937
2023-11-01,Combined Risk-Parity,0.0061370744271166565
2023-11-02,Combined Risk-Parity,0.020280618152843276
2023-11-03,Combined Risk-Parity,0.009938605803216094
2023-11-06,Combined Risk-Parity,-0.0012515589497175015
2023-11-07,Combined Risk-Parity,-0.004315991936880774
2023-11-08,Combined Risk-Parity,-0.0007805842727478538
2023-11-09,Combined Risk-Parity,-0.008146742899890206
2023-11-10,Combined Risk-Parity,0.009817853809926235
2023-11-13,Combined Risk-Parity,-0.001977430487206659
2023-11-14,Combined Risk-Parity,0.01675915811209557
2023-11-15,Combined Risk-Parity,0.007309494836092031
2023-11-16,Combined Risk-Parity,-0.0030648406738815422
2023-11-17,Combined Risk-Parity,0.002288146540268085
2023-11-20,Combined Risk-Parity,0.002690745379606829
2023-11-21,Combined Risk-Parity,-0.005322579367314803
2023-11-22,Combined Risk-Parity,0.005115822534628245
2023-11-24,Combined Risk-Parity,0.0033077362733269187
2023-11-27,Combined Risk-Parity,-0.0018141044653775503
2023-11-28,Combined Risk-Parity,0.002173747628834868
2023-11-29,Combined Risk-Parity,0.003290423312357427
2023-11-30,Combined Risk-Parity,0.006815579704380945
2023-12-01,Combined Risk-Parity,0.009320917660062898
2023-12-04,Combined Risk-Parity,0.0016310063989880782
2023-12-05,Combined Risk-Parity,-0.001737224291622856
2023-12-06,Combined Risk-Parity,3.590729320230378e-05
2023-12-07,Combined Risk-Parity,0.004723722912176754
2023-12-08,Combined Risk-Parity,0.00598761297479036
2023-12-11,Combined Risk-Parity,0.0003237966327707851
2023-12-12,Combined Risk-Parity,0.0014769193205940224
2023-12-13,Combined Risk-Parity,0.02099942937722029
2023-12-14,Combined Risk-Parity,0.010039736796078157
2023-12-15,Combined Risk-Parity,-0.007328754868130578
2023-12-18,Combined Risk-Parity,-0.00012810004356314823
2023-12-19,Combined Risk-Parity,0.005298777073760072
2023-12-20,Combined Risk-Parity,-0.011039971614378738
2023-12-21,Combined Risk-Parity,0.009221554502677648
2023-12-22,Combined Risk-Parity,0.004498669976167297
2023-12-26,Combined Risk-Parity,0.0028154622116661667
2023-12-27,Combined Risk-Parity,0.006267275699360052
2023-12-28,Combined Risk-Parity,0.0007151141317660857
2023-12-29,Combined Risk-Parity,-0.0036335967556152876
2021-01-04,Equity Max-Sharpe + Sentiment Tilt,-0.005970787813410939
2021-01-05,Equity Max-Sharpe + Sentiment Tilt,0.006372599703829905
2021-01-06,Equity Max-Sharpe + Sentiment Tilt,-0.012702302256922836
2021-01-07,Equity Max-Sharpe + Sentiment Tilt,0.02220610925824547
2021-01-08,Equity Max-Sharpe + Sentiment Tilt,-5.24551827019242e-05
2021-01-11,Equity Max-Sharpe + Sentiment Tilt,-0.0037336589096215894
2021-01-12,Equity Max-Sharpe + Sentiment Tilt,-0.017598441956777865
2021-01-13,Equity Max-Sharpe + Sentiment Tilt,-0.000740229747192145
2021-01-14,Equity Max-Sharpe + Sentiment Tilt,-0.01506884571200057
2021-01-15,Equity Max-Sharpe + Sentiment Tilt,-0.004924182886675153
2021-01-19,Equity Max-Sharpe + Sentiment Tilt,0.009827926208095448
2021-01-20,Equity Max-Sharpe + Sentiment Tilt,0.02800763007936278
2021-01-21,Equity Max-Sharpe + Sentiment Tilt,-0.000972290907744291
2021-01-22,Equity Max-Sharpe + Sentiment Tilt,-0.005629190540770457
2021-01-25,Equity Max-Sharpe + Sentiment Tilt,0.0013509732977846094
2021-01-26,Equity Max-Sharpe + Sentiment Tilt,-0.008630663422604233
2021-01-27,Equity Max-Sharpe + Sentiment Tilt,-0.03969762445516547
2021-01-28,Equity Max-Sharpe + Sentiment Tilt,0.02074679296146155
2021-01-29,Equity Max-Sharpe + Sentiment Tilt,-0.006213984812538506
2021-02-01,Equity Max-Sharpe + Sentiment Tilt,0.004243766955288632
2021-02-02,Equity Max-Sharpe + Sentiment Tilt,0.02346707031668567
2021-02-03,Equity Max-Sharpe + Sentiment Tilt,-0.012135987788022082
2021-02-04,Equity Max-Sharpe + Sentiment Tilt,-0.007107333808498997
2021-02-05,Equity Max-Sharpe + Sentiment Tilt,0.0026140988817764214
2021-02-08,Equity Max-Sharpe + Sentiment Tilt,0.02550235183268807
2021-02-09,Equity Max-Sharpe + Sentiment Tilt,-0.01840423315592306
2021-02-10,Equity Max-Sharpe + Sentiment Tilt,0.0023399339767089158
2021-02-11,Equity Max-Sharpe + Sentiment Tilt,0.0022566897967103796
2021-02-12,Equity Max-Sharpe + Sentiment Tilt,0.0018485857496217506
2021-02-16,Equity Max-Sharpe + Sentiment Tilt,-0.003266395846114751
2021-02-17,Equity Max-Sharpe + Sentiment Tilt,-0.013698634795467488
2021-02-18,Equity Max-Sharpe + Sentiment Tilt,-0.0008885151443318294
2021-02-19,Equity Max-Sharpe + Sentiment Tilt,-0.0010004473098360615
2021-02-22,Equity Max-Sharpe + Sentiment Tilt,-0.018964260829549256
2021-02-23,Equity Max-Sharpe + Sentiment Tilt,-0.01211502816981277
2021-02-24,Equity Max-Sharpe + Sentiment Tilt,0.016363619627943925
2021-02-25,Equity Max-Sharpe + Sentiment Tilt,-0.03505609503246957
2021-02-26,Equity Max-Sharpe + Sentiment Tilt,0.005210768034570658
2021-03-01,Equity Max-Sharpe + Sentiment Tilt,0.018276635965582815
2021-03-02,Equity Max-Sharpe + Sentiment Tilt,-0.006958168947102413
2021-03-03,Equity Max-Sharpe + Sentiment Tilt,-0.02012897941896443
2021-03-04,Equity Max-Sharpe + Sentiment Tilt,-0.01823118920343884
2021-03-05,Equity Max-Sharpe + Sentiment Tilt,0.014806742886480647
2021-03-08,Equity Max-Sharpe + Sentiment Tilt,-0.027716849669365773
2021-03-09,Equity Max-Sharpe + Sentiment Tilt,0.01895826795549414
2021-03-10,Equity Max-Sharpe + Sentiment Tilt,0.0022529858432937372
2021-03-11,Equity Max-Sharpe + Sentiment Tilt,0.016727751663305108
2021-03-12,Equity Max-Sharpe + Sentiment Tilt,0.011268265886969837
2021-03-15,Equity Max-Sharpe + Sentiment Tilt,-0.0070363188569369595
2021-03-16,Equity Max-Sharpe + Sentiment Tilt,0.002686193863315778
2021-03-17,Equity Max-Sharpe + Sentiment Tilt,-0.0021277699711483174
2021-03-18,Equity Max-Sharpe + Sentiment Tilt,-0.011715388725483503
2021-03-19,Equity Max-Sharpe + Sentiment Tilt,-0.002999697470933188
2021-03-22,Equity Max-Sharpe + Sentiment Tilt,0.010701387180823394
2021-03-23,Equity Max-Sharpe + Sentiment Tilt,-0.00946495936397448
2021-03-24,Equity Max-Sharpe + Sentiment Tilt,-0.005255954974783675
2021-03-25,Equity Max-Sharpe + Sentiment Tilt,0.008946282480404863
2021-03-26,Equity Max-Sharpe + Sentiment Tilt,0.026206342720482712
2021-03-29,Equity Max-Sharpe + Sentiment Tilt,0.00547312208480584
2021-03-30,Equity Max-Sharpe + Sentiment Tilt,0.0053549998800209945
2021-03-31,Equity Max-Sharpe + Sentiment Tilt,0.0037109053413096438
2021-04-01,Equity Max-Sharpe + Sentiment Tilt,0.008024582662811244
2021-04-05,Equity Max-Sharpe + Sentiment Tilt,0.002568192869477003
2021-04-06,Equity Max-Sharpe + Sentiment Tilt,-0.0003238761365361514
2021-04-07,Equity Max-Sharpe + Sentiment Tilt,-0.003098483149905438
2021-04-08,Equity Max-Sharpe + Sentiment Tilt,0.0024280442717742393
2021-04-09,Equity Max-Sharpe + Sentiment Tilt,0.006014953880510497
2021-04-12,Equity Max-Sharpe + Sentiment Tilt,0.0030882910153283197
2021-04-13,Equity Max-Sharpe + Sentiment Tilt,-0.003645995662030728
2021-04-14,Equity Max-Sharpe + Sentiment Tilt,0.0005404006163099888
2021-04-15,Equity Max-Sharpe + Sentiment Tilt,0.008322567326874931
2021-04-16,Equity Max-Sharpe + Sentiment Tilt,-0.000908215818519851
2021-04-19,Equity Max-Sharpe + Sentiment Tilt,-0.001663092135000675
2021-04-20,Equity Max-Sharpe + Sentiment Tilt,-0.010940233470614232
2021-04-21,Equity Max-Sharpe + Sentiment Tilt,0.010623221111966924
2021-04-22,Equity Max-Sharpe + Sentiment Tilt,-0.012225244332570799
2021-04-23,Equity Max-Sharpe + Sentiment Tilt,0.01046132471946991
2021-04-26,Equity Max-Sharpe + Sentiment Tilt,0.006120817034397612
2021-04-27,Equity Max-Sharpe + Sentiment Tilt,0.008666518769313574
2021-04-28,Equity Max-Sharpe + Sentiment Tilt,0.00489372346313256
2021-04-29,Equity Max-Sharpe + Sentiment Tilt,0.008510294771541891
2021-04-30,Equity Max-Sharpe + Sentiment Tilt,-0.005635260887815664
2021-05-03,Equity Max-Sharpe + Sentiment Tilt,0.005678047589081071
2021-05-04,Equity Max-Sharpe + Sentiment Tilt,0.002609961489123505
2021-05-05,Equity Max-Sharpe + Sentiment Tilt,0.005978100962590887
2021-05-06,Equity Max-Sharpe + Sentiment Tilt,0.0053358383075827204
2021-05-07,Equity Max-Sharpe + Sentiment Tilt,0.009966034789521006
2021-05-10,Equity Max-Sharpe + Sentiment Tilt,-0.004310479618991359
2021-05-11,Equity Max-Sharpe + Sentiment Tilt,-0.010277588716764544
2021-05-12,Equity Max-Sharpe + Sentiment Tilt,-0.015219859802638295
2021-05-13,Equity Max-Sharpe + Sentiment Tilt,0.012227660555959391
2021-05-14,Equity Max-Sharpe + Sentiment Tilt,0.011209274037871295
2021-05-17,Equity Max-Sharpe + Sentiment Tilt,0.0057853832906434675
2021-05-18,Equity Max-Sharpe + Sentiment Tilt,-0.008885592396607496
2021-05-19,Equity Max-Sharpe + Sentiment Tilt,0.0030975390985054944
2021-05-20,Equity Max-Sharpe + Sentiment Tilt,0.008310390591760586
2021-05-21,Equity Max-Sharpe + Sentiment Tilt,0.002399110392466152
2021-05-24,Equity Max-Sharpe + Sentiment Tilt,0.009020627649712615
2021-05-25,Equity Max-Sharpe + Sentiment Tilt,-0.005576838710521478
2021-05-26,Equity Max-Sharpe + Sentiment Tilt,0.004684300110667182
2021-05-27,Equity Max-Sharpe + Sentiment Tilt,0.0005088224337627306
2021-05-28,Equity Max-Sharpe + Sentiment Tilt,0.007782052892709475
2021-06-01,Equity Max-Sharpe + Sentiment Tilt,0.009765399007133354
2021-06-02,Equity Max-Sharpe + Sentiment Tilt,-0.005393555512373571
2021-06-03,Equity Max-Sharpe + Sentiment Tilt,0.004706688626280377
2021-06-04,Equity Max-Sharpe + Sentiment Tilt,0.006813691459002571
2021-06-07,Equity Max-Sharpe + Sentiment Tilt,-0.0004662331805139506
2021-06-08,Equity Max-Sharpe + Sentiment Tilt,0.00020793610726427156
2021-06-09,Equity Max-Sharpe + Sentiment Tilt,-0.015355975706868693
2021-06-10,Equity Max-Sharpe + Sentiment Tilt,-0.003081396232914889
2021-06-11,Equity Max-Sharpe + Sentiment Tilt,0.0008276696726713779
2021-06-14,Equity Max-Sharpe + Sentiment Tilt,-0.007987659492865486
2021-06-15,Equity Max-Sharpe + Sentiment Tilt,-0.005664666189609902
2021-06-16,Equity Max-Sharpe + Sentiment Tilt,-0.010222085534021503
2021-06-17,Equity Max-Sharpe + Sentiment Tilt,-0.01324593461884029
2021-06-18,Equity Max-Sharpe + Sentiment Tilt,-0.0068542949830823615
2021-06-21,Equity Max-Sharpe + Sentiment Tilt,0.020628686318839656
2021-06-22,Equity Max-Sharpe + Sentiment Tilt,0.0019646330645713837
2021-06-23,Equity Max-Sharpe + Sentiment Tilt,-0.0010443033379601736
2021-06-24,Equity Max-Sharpe + Sentiment Tilt,0.0112452011828393
2021-06-25,Equity Max-Sharpe + Sentiment Tilt,-0.0007701824422064858
2021-06-28,Equity Max-Sharpe + Sentiment Tilt,0.0013048218170243155
2021-06-29,Equity Max-Sharpe + Sentiment Tilt,0.006210572321870951
2021-06-30,Equity Max-Sharpe + Sentiment Tilt,0.0037787407254474535
2021-07-01,Equity Max-Sharpe + Sentiment Tilt,0.0019152567991584052
2021-07-02,Equity Max-Sharpe + Sentiment Tilt,0.004758011744649303
2021-07-06,Equity Max-Sharpe + Sentiment Tilt,-0.0018142921689588089
2021-07-07,Equity Max-Sharpe + Sentiment Tilt,0.0011650854364932315
2021-07-08,Equity Max-Sharpe + Sentiment Tilt,-0.011335346366811005
2021-07-09,Equity Max-Sharpe + Sentiment Tilt,0.01883990237453308
2021-07-12,Equity Max-Sharpe + Sentiment Tilt,0.00908674649048211
2021-07-13,Equity Max-Sharpe + Sentiment Tilt,-0.011911079233200571
2021-07-14,Equity Max-Sharpe + Sentiment Tilt,-0.001168846335390242
2021-07-15,Equity Max-Sharpe + Sentiment Tilt,-0.00459621213289457
2021-07-16,Equity Max-Sharpe + Sentiment Tilt,-0.01456657942513959
2021-07-19,Equity Max-Sharpe + Sentiment Tilt,-0.012946100667173926
2021-07-20,Equity Max-Sharpe + Sentiment Tilt,0.015750093171034533
2021-07-21,Equity Max-Sharpe + Sentiment Tilt,0.009703681204155502
2021-07-22,Equity Max-Sharpe + Sentiment Tilt,0.0023249803927989665
2021-07-23,Equity Max-Sharpe + Sentiment Tilt,0.007313545120861827
2021-07-26,Equity Max-Sharpe + Sentiment Tilt,0.0026421330693714926
2021-07-27,Equity Max-Sharpe + Sentiment Tilt,-0.005472923208254213
2021-07-28,Equity Max-Sharpe + Sentiment Tilt,0.0034699821883818083
2021-07-29,Equity Max-Sharpe + Sentiment Tilt,0.008494822127186047
2021-07-30,Equity Max-Sharpe + Sentiment Tilt,-0.0017188884139832609
2021-08-02,Equity Max-Sharpe + Sentiment Tilt,-0.0034069800230829613
2021-08-03,Equity Max-Sharpe + Sentiment Tilt,0.0089214536017387
2021-08-04,Equity Max-Sharpe + Sentiment Tilt,-0.004269920462587466
2021-08-05,Equity Max-Sharpe + Sentiment Tilt,0.0046613627071164
2021-08-06,Equity Max-Sharpe + Sentiment Tilt,0.0020285176023482
2021-08-09,Equity Max-Sharpe + Sentiment Tilt,0.009277590744567221
2021-08-10,Equity Max-Sharpe + Sentiment Tilt,0.01672072540835198
2021-08-11,Equity Max-Sharpe + Sentiment Tilt,0.006648805384981172
2021-08-12,Equity Max-Sharpe + Sentiment Tilt,0.007559429669557328
2021-08-13,Equity Max-Sharpe + Sentiment Tilt,0.0006781214759300474
2021-08-16,Equity Max-Sharpe + Sentiment Tilt,-2.7571663661481254e-05
2021-08-17,Equity Max-Sharpe + Sentiment Tilt,-0.00975834387226358
2021-08-18,Equity Max-Sharpe + Sentiment Tilt,-0.00407881673128976
2021-08-19,Equity Max-Sharpe + Sentiment Tilt,-0.003404925184804031
2021-08-20,Equity Max-Sharpe + Sentiment Tilt,0.009333870529967208
2021-08-23,Equity Max-Sharpe + Sentiment Tilt,0.010073231334056784
2021-08-24,Equity Max-Sharpe + Sentiment Tilt,0.003243690065630721
2021-08-25,Equity Max-Sharpe + Sentiment Tilt,-0.0007836549120699655
2021-08-26,Equity Max-Sharpe + Sentiment Tilt,-0.006852027325786788
2021-08-27,Equity Max-Sharpe + Sentiment Tilt,0.011569696951128921
2021-08-30,Equity Max-Sharpe + Sentiment Tilt,0.0029221955935596774
2021-08-31,Equity Max-Sharpe + Sentiment Tilt,-0.0029405944196117
2021-09-01,Equity Max-Sharpe + Sentiment Tilt,0.005240930867811986
2021-09-02,Equity Max-Sharpe + Sentiment Tilt,0.0024642982369254165
2021-09-03,Equity Max-Sharpe + Sentiment Tilt,-0.002858122153102475
2021-09-07,Equity Max-Sharpe + Sentiment Tilt,-0.008463483995114525
2021-09-08,Equity Max-Sharpe + Sentiment Tilt,-0.0008841637898040615
2021-09-09,Equity Max-Sharpe + Sentiment Tilt,-0.008136405503957122
2021-09-10,Equity Max-Sharpe + Sentiment Tilt,-0.0024227103400047407
2021-09-13,Equity Max-Sharpe + Sentiment Tilt,-0.004318338060351456
2021-09-14,Equity Max-Sharpe + Sentiment Tilt,-0.011054707119771086
2021-09-15,Equity Max-Sharpe + Sentiment Tilt,0.007194928140765261
2021-09-16,Equity Max-Sharpe + Sentiment Tilt,-0.006305753427363744
2021-09-17,Equity Max-Sharpe + Sentiment Tilt,-0.01915491104099676
2021-09-20,Equity Max-Sharpe + Sentiment Tilt,-0.017766708573582847
2021-09-21,Equity Max-Sharpe + Sentiment Tilt,-0.0034342263348507897
2021-09-22,Equity Max-Sharpe + Sentiment Tilt,0.0065519074090082344
2021-09-23,Equity Max-Sharpe + Sentiment Tilt,0.006170137528668269
2021-09-24,Equity Max-Sharpe + Sentiment Tilt,-0.005623705762068536
2021-09-27,Equity Max-Sharpe + Sentiment Tilt,-0.004080714264482315
2021-09-28,Equity Max-Sharpe + Sentiment Tilt,-0.006846794541514945
2021-09-29,Equity Max-Sharpe + Sentiment Tilt,-0.00028506739930727514
2021-09-30,Equity Max-Sharpe + Sentiment Tilt,-0.014069909302919894
2021-10-01,Equity Max-Sharpe + Sentiment Tilt,0.008266869224105685
2021-10-04,Equity Max-Sharpe + Sentiment Tilt,-0.009253581669714279
2021-10-05,Equity Max-Sharpe + Sentiment Tilt,0.007985057389917593
2021-10-06,Equity Max-Sharpe + Sentiment Tilt,0.007478530934401416
2021-10-07,Equity Max-Sharpe + Sentiment Tilt,0.005892005410883616
2021-10-08,Equity Max-Sharpe + Sentiment Tilt,-0.0012308146034241206
2021-10-11,Equity Max-Sharpe + Sentiment Tilt,-0.0036751158075971077
2021-10-12,Equity Max-Sharpe + Sentiment Tilt,0.012389581877958846
2021-10-13,Equity Max-Sharpe + Sentiment Tilt,0.010253726927362117
2021-10-14,Equity Max-Sharpe + Sentiment Tilt,0.021714629646069464
2021-10-15,Equity Max-Sharpe + Sentiment Tilt,-0.00247856658674445
2021-10-18,Equity Max-Sharpe + Sentiment Tilt,0.007046913434235611
2021-10-19,Equity Max-Sharpe + Sentiment Tilt,0.0005111262837619908
2021-10-20,Equity Max-Sharpe + Sentiment Tilt,0.0015535310440445507
2021-10-21,Equity Max-Sharpe + Sentiment Tilt,-0.002321957169084369
2021-10-22,Equity Max-Sharpe + Sentiment Tilt,0.011379619200487905
2021-10-25,Equity Max-Sharpe + Sentiment Tilt,0.012192532227596167
2021-10-26,Equity Max-Sharpe + Sentiment Tilt,0.01226755600274609
2021-10-27,Equity Max-Sharpe + Sentiment Tilt,-0.018502623500777617
2021-10-28,Equity Max-Sharpe + Sentiment Tilt,0.020491827373432855
2021-10-29,Equity Max-Sharpe + Sentiment Tilt,0.004379353601644215
2021-11-01,Equity Max-Sharpe + Sentiment Tilt,0.0048965497797436985
2021-11-02,Equity Max-Sharpe + Sentiment Tilt,0.01022857031087223
2021-11-03,Equity Max-Sharpe + Sentiment Tilt,-0.0043579488020987055
2021-11-04,Equity Max-Sharpe + Sentiment Tilt,0.005192983918419676
2021-11-05,Equity Max-Sharpe + Sentiment Tilt,-0.01718505468006397
2021-11-08,Equity Max-Sharpe + Sentiment Tilt,0.010460436907872864
2021-11-09,Equity Max-Sharpe + Sentiment Tilt,-0.0038070622643710406
2021-11-10,Equity Max-Sharpe + Sentiment Tilt,-0.006234101314742329
2021-11-11,Equity Max-Sharpe + Sentiment Tilt,0.007842562860627896
2021-11-12,Equity Max-Sharpe + Sentiment Tilt,0.0030781911503813928
2021-11-15,Equity Max-Sharpe + Sentiment Tilt,0.001721786750278791
2021-11-16,Equity Max-Sharpe + Sentiment Tilt,-0.00345358546882486
2021-11-17,Equity Max-Sharpe + Sentiment Tilt,-0.00801736517821124
2021-11-18,Equity Max-Sharpe + Sentiment Tilt,0.009018754861884078
2021-11-19,Equity Max-Sharpe + Sentiment Tilt,-0.009399980148170275
2021-11-22,Equity Max-Sharpe + Sentiment Tilt,0.004342367899880866
2021-11-23,Equity Max-Sharpe + Sentiment Tilt,0.013049163877326464
2021-11-24,Equity Max-Sharpe + Sentiment Tilt,0.004327132846159529
2021-11-26,Equity Max-Sharpe + Sentiment Tilt,-0.029064419462077516
2021-11-29,Equity Max-Sharpe + Sentiment Tilt,0.012041956022252777
2021-11-30,Equity Max-Sharpe + Sentiment Tilt,-0.016487589012182377
2021-12-01,Equity Max-Sharpe + Sentiment Tilt,-0.010233124616068021
2021-12-02,Equity Max-Sharpe + Sentiment Tilt,0.025700983778385665
2021-12-03,Equity Max-Sharpe + Sentiment Tilt,-0.007735955359812212
2021-12-06,Equity Max-Sharpe + Sentiment Tilt,0.00662388893442975
2021-12-07,Equity Max-Sharpe + Sentiment Tilt,0.022134150402963577
2021-12-08,Equity Max-Sharpe + Sentiment Tilt,-0.001986465238886894
2021-12-09,Equity Max-Sharpe + Sentiment Tilt,-0.007532760090476975
2021-12-10,Equity Max-Sharpe + Sentiment Tilt,0.005152995049008224
2021-12-13,Equity Max-Sharpe + Sentiment Tilt,-0.00635319528234464
2021-12-14,Equity Max-Sharpe + Sentiment Tilt,0.002573662793291759
2021-12-15,Equity Max-Sharpe + Sentiment Tilt,0.018578425518180314
2021-12-16,Equity Max-Sharpe + Sentiment Tilt,0.0008811485047192811
2021-12-17,Equity Max-Sharpe + Sentiment Tilt,-0.01360949194291663
2021-12-20,Equity Max-Sharpe + Sentiment Tilt,-0.0049852215500635014
2021-12-21,Equity Max-Sharpe + Sentiment Tilt,0.00902949017818606
2021-12-22,Equity Max-Sharpe + Sentiment Tilt,0.009265358587985722
2021-12-23,Equity Max-Sharpe + Sentiment Tilt,-4.3454276096944245e-05
2021-12-27,Equity Max-Sharpe + Sentiment Tilt,0.01939962221999099
2021-12-28,Equity Max-Sharpe + Sentiment Tilt,-0.0028494229981857176
2021-12-29,Equity Max-Sharpe + Sentiment Tilt,0.0013656930556999142
2021-12-30,Equity Max-Sharpe + Sentiment Tilt,-0.0040977958992930805
2021-12-31,Equity Max-Sharpe + Sentiment Tilt,-0.0003598469214868447
2022-01-03,Equity Max-Sharpe + Sentiment Tilt,-0.008253016449240539
2022-01-04,Equity Max-Sharpe + Sentiment Tilt,0.0008706669802013024
2022-01-05,Equity Max-Sharpe + Sentiment Tilt,-0.007367226390269419
2022-01-06,Equity Max-Sharpe + Sentiment Tilt,0.0018357936905833365
2022-01-07,Equity Max-Sharpe + Sentiment Tilt,-0.013981653608643618
2022-01-10,Equity Max-Sharpe + Sentiment Tilt,0.00291560301945081
2022-01-11,Equity Max-Sharpe + Sentiment Tilt,0.007297990966585247
2022-01-12,Equity Max-Sharpe + Sentiment Tilt,0.0084274865148613
2022-01-13,Equity Max-Sharpe + Sentiment Tilt,-0.013875661958203491
2022-01-14,Equity Max-Sharpe + Sentiment Tilt,-0.000910540309455668
2022-01-18,Equity Max-Sharpe + Sentiment Tilt,-0.01226323939261547
2022-01-19,Equity Max-Sharpe + Sentiment Tilt,-0.01141435327513339
2022-01-20,Equity Max-Sharpe + Sentiment Tilt,-0.01714933122076301
2022-01-21,Equity Max-Sharpe + Sentiment Tilt,-0.011879724903117006
2022-01-24,Equity Max-Sharpe + Sentiment Tilt,-0.00045063065925613453
2022-01-25,Equity Max-Sharpe + Sentiment Tilt,-0.00026796314847430145
2022-01-26,Equity Max-Sharpe + Sentiment Tilt,-0.009829805513539566
2022-01-27,Equity Max-Sharpe + Sentiment Tilt,-0.0011787750074586981
2022-01-28,Equity Max-Sharpe + Sentiment Tilt,0.03249634824734258
2022-01-31,Equity Max-Sharpe + Sentiment Tilt,0.008079526410782144
2022-02-01,Equity Max-Sharpe + Sentiment Tilt,0.005823693841771684
2022-02-02,Equity Max-Sharpe + Sentiment Tilt,0.027175192974204378
2022-02-03,Equity Max-Sharpe + Sentiment Tilt,-0.008066324195981137
2022-02-04,Equity Max-Sharpe + Sentiment Tilt,-0.003308771314614197
2022-02-07,Equity Max-Sharpe + Sentiment Tilt,0.00408122290859023
2022-02-08,Equity Max-Sharpe + Sentiment Tilt,0.002423702029749406
2022-02-09,Equity Max-Sharpe + Sentiment Tilt,0.01968068469604627
2022-02-10,Equity Max-Sharpe + Sentiment Tilt,-0.019547297493025657
2022-02-11,Equity Max-Sharpe + Sentiment Tilt,-0.0056630542033120216
2022-02-14,Equity Max-Sharpe + Sentiment Tilt,-0.007016557697094679
2022-02-15,Equity Max-Sharpe + Sentiment Tilt,0.0016650126328836305
2022-02-16,Equity Max-Sharpe + Sentiment Tilt,0.0015154661711813714
2022-02-17,Equity Max-Sharpe + Sentiment Tilt,-0.014297624736441177
2022-02-18,Equity Max-Sharpe + Sentiment Tilt,-0.008851318398872522
2022-02-22,Equity Max-Sharpe + Sentiment Tilt,-0.006724082714798621
2022-02-23,Equity Max-Sharpe + Sentiment Tilt,0.008758097059619434
2022-02-24,Equity Max-Sharpe + Sentiment Tilt,0.0012173310311268863
2022-02-25,Equity Max-Sharpe + Sentiment Tilt,0.03483859444617353
2022-02-28,Equity Max-Sharpe + Sentiment Tilt,-0.004723244103152501
2022-03-01,Equity Max-Sharpe + Sentiment Tilt,0.006405691273707835
2022-03-02,Equity Max-Sharpe + Sentiment Tilt,0.01855777405054991
2022-03-03,Equity Max-Sharpe + Sentiment Tilt,0.007944144959618142
2022-03-04,Equity Max-Sharpe + Sentiment Tilt,0.011201911911762332
2022-03-07,Equity Max-Sharpe + Sentiment Tilt,-0.008307338583580095
2022-03-08,Equity Max-Sharpe + Sentiment Tilt,-0.022032029725529735
2022-03-09,Equity Max-Sharpe + Sentiment Tilt,0.006480018614423337
2022-03-10,Equity Max-Sharpe + Sentiment Tilt,0.00866625930660328
2022-03-11,Equity Max-Sharpe + Sentiment Tilt,-0.007354099757531644
2022-03-14,Equity Max-Sharpe + Sentiment Tilt,-0.011119710337080752
2022-03-15,Equity Max-Sharpe + Sentiment Tilt,0.006350357176763726
2022-03-16,Equity Max-Sharpe + Sentiment Tilt,0.005824013964456682
2022-03-17,Equity Max-Sharpe + Sentiment Tilt,0.020833995453678436
2022-03-18,Equity Max-Sharpe + Sentiment Tilt,0.007012663437289768
2022-03-21,Equity Max-Sharpe + Sentiment Tilt,0.014748713965658855
2022-03-22,Equity Max-Sharpe + Sentiment Tilt,0.0016386192793537916
2022-03-23,Equity Max-Sharpe + Sentiment Tilt,0.0011714527945176857
2022-03-24,Equity Max-Sharpe + Sentiment Tilt,0.017836750039271827
2022-03-25,Equity Max-Sharpe + Sentiment Tilt,0.011307687432358103
2022-03-28,Equity Max-Sharpe + Sentiment Tilt,0.0010091432807125573
2022-03-29,Equity Max-Sharpe + Sentiment Tilt,0.008546645470943994
2022-03-30,Equity Max-Sharpe + Sentiment Tilt,0.001052900589428281
2022-03-31,Equity Max-Sharpe + Sentiment Tilt,-0.011168927379388866
2022-04-01,Equity Max-Sharpe + Sentiment Tilt,0.009432793831451233
2022-04-04,Equity Max-Sharpe + Sentiment Tilt,-0.0030608071005664103
2022-04-05,Equity Max-Sharpe + Sentiment Tilt,-0.0029703836947820817
2022-04-06,Equity Max-Sharpe + Sentiment Tilt,0.01659024092172009
2022-04-07,Equity Max-Sharpe + Sentiment Tilt,0.013615230672804679
2022-04-08,Equity Max-Sharpe + Sentiment Tilt,0.004763249771666953
2022-04-11,Equity Max-Sharpe + Sentiment Tilt,-0.02523819778036193
2022-04-12,Equity Max-Sharpe + Sentiment Tilt,0.003526812447994752
2022-04-13,Equity Max-Sharpe + Sentiment Tilt,-0.0070746994059191085
2022-04-14,Equity Max-Sharpe + Sentiment Tilt,0.007126026665201852
2022-04-18,Equity Max-Sharpe + Sentiment Tilt,0.0016636772128663913
2022-04-19,Equity Max-Sharpe + Sentiment Tilt,-0.00506735346968519
2022-04-20,Equity Max-Sharpe + Sentiment Tilt,0.00437621184659507
2022-04-21,Equity Max-Sharpe + Sentiment Tilt,-0.016572710963018673
2022-04-22,Equity Max-Sharpe + Sentiment Tilt,-0.02714909914152628
2022-04-25,Equity Max-Sharpe + Sentiment Tilt,-0.006558121561310041
2022-04-26,Equity Max-Sharpe + Sentiment Tilt,-0.009916648016649517
2022-04-27,Equity Max-Sharpe + Sentiment Tilt,0.00142596180131271
2022-04-28,Equity Max-Sharpe + Sentiment Tilt,0.018035579648254207
2022-04-29,Equity Max-Sharpe + Sentiment Tilt,-0.053109667880315535
2022-05-02,Equity Max-Sharpe + Sentiment Tilt,-0.01356302356684028
2022-05-03,Equity Max-Sharpe + Sentiment Tilt,0.00836477650283015
2022-05-04,Equity Max-Sharpe + Sentiment Tilt,0.01723091626970278
2022-05-05,Equity Max-Sharpe + Sentiment Tilt,-0.025146738794469777
2022-05-06,Equity Max-Sharpe + Sentiment Tilt,-0.0017008219487635824
2022-05-09,Equity Max-Sharpe + Sentiment Tilt,-0.051687813198255
2022-05-10,Equity Max-Sharpe + Sentiment Tilt,-0.008397459223861536
2022-05-11,Equity Max-Sharpe + Sentiment Tilt,-0.0019442249346694356
2022-05-12,Equity Max-Sharpe + Sentiment Tilt,0.005552152450335369
2022-05-13,Equity Max-Sharpe + Sentiment Tilt,0.015273625003090058
2022-05-16,Equity Max-Sharpe + Sentiment Tilt,0.0032538223805964874
2022-05-17,Equity Max-Sharpe + Sentiment Tilt,0.0084489119485032
2022-05-18,Equity Max-Sharpe + Sentiment Tilt,-0.03190137666055273
2022-05-19,Equity Max-Sharpe + Sentiment Tilt,0.0010435273569030653
2022-05-20,Equity Max-Sharpe + Sentiment Tilt,0.0018811521689352552
2022-05-23,Equity Max-Sharpe + Sentiment Tilt,0.015788323161520113
2022-05-24,Equity Max-Sharpe + Sentiment Tilt,0.0025825156807881135
2022-05-25,Equity Max-Sharpe + Sentiment Tilt,0.011299776700389454
2022-05-26,Equity Max-Sharpe + Sentiment Tilt,0.009701598942446672
2022-05-27,Equity Max-Sharpe + Sentiment Tilt,0.019358051772824944
2022-05-31,Equity Max-Sharpe + Sentiment Tilt,-0.015918422245108785
2022-06-01,Equity Max-Sharpe + Sentiment Tilt,0.00011666018983359134
2022-06-02,Equity Max-Sharpe + Sentiment Tilt,0.002219848863855565
2022-06-03,Equity Max-Sharpe + Sentiment Tilt,0.0022571113203227163
2022-06-06,Equity Max-Sharpe + Sentiment Tilt,-0.0030613382138099158
2022-06-07,Equity Max-Sharpe + Sentiment Tilt,0.01362442126935432
2022-06-08,Equity Max-Sharpe + Sentiment Tilt,-0.007078095159096666
2022-06-09,Equity Max-Sharpe + Sentiment Tilt,-0.024745820988343718
2022-06-10,Equity Max-Sharpe + Sentiment Tilt,-0.012942282365414583
2022-06-13,Equity Max-Sharpe + Sentiment Tilt,-0.04123603974004237
2022-06-14,Equity Max-Sharpe + Sentiment Tilt,-0.007780690275373025
2022-06-15,Equity Max-Sharpe + Sentiment Tilt,-0.004518160458550745
2022-06-16,Equity Max-Sharpe + Sentiment Tilt,-0.020345270676881785
2022-06-17,Equity Max-Sharpe + Sentiment Tilt,-0.019629860220148156
2022-06-21,Equity Max-Sharpe + Sentiment Tilt,0.035922677063623655
2022-06-22,Equity Max-Sharpe + Sentiment Tilt,-0.0027281389371687326
2022-06-23,Equity Max-Sharpe + Sentiment Tilt,0.00296063607503784
2022-06-24,Equity Max-Sharpe + Sentiment Tilt,0.018340555778759978
2022-06-27,Equity Max-Sharpe + Sentiment Tilt,0.011737840952479402
2022-06-28,Equity Max-Sharpe + Sentiment Tilt,0.001123961964512981
2022-06-29,Equity Max-Sharpe + Sentiment Tilt,-0.005607236472412916
2022-06-30,Equity Max-Sharpe + Sentiment Tilt,-0.00661159816330155
2022-07-01,Equity Max-Sharpe + Sentiment Tilt,0.013506130923904854
2022-07-05,Equity Max-Sharpe + Sentiment Tilt,-0.012808591813548938
2022-07-06,Equity Max-Sharpe + Sentiment Tilt,-0.0034587074383740945
2022-07-07,Equity Max-Sharpe + Sentiment Tilt,0.0035725851055329826
2022-07-08,Equity Max-Sharpe + Sentiment Tilt,0.0005556120958850594
2022-07-11,Equity Max-Sharpe + Sentiment Tilt,0.0004148128491890626
2022-07-12,Equity Max-Sharpe + Sentiment Tilt,-0.007921963409423145
2022-07-13,Equity Max-Sharpe + Sentiment Tilt,-0.0032197711928784773
2022-07-14,Equity Max-Sharpe + Sentiment Tilt,-0.002019415651814073
2022-07-15,Equity Max-Sharpe + Sentiment Tilt,0.016223171774988734
2022-07-18,Equity Max-Sharpe + Sentiment Tilt,-0.012209565015287416
2022-07-19,Equity Max-Sharpe + Sentiment Tilt,0.010244619463035091
2022-07-20,Equity Max-Sharpe + Sentiment Tilt,-0.008165484631709918
2022-07-21,Equity Max-Sharpe + Sentiment Tilt,-0.00340751412897515
2022-07-22,Equity Max-Sharpe + Sentiment Tilt,0.003517764657676674
2022-07-25,Equity Max-Sharpe + Sentiment Tilt,0.017576573218197156
2022-07-26,Equity Max-Sharpe + Sentiment Tilt,0.0011488928378530446
2022-07-27,Equity Max-Sharpe + Sentiment Tilt,0.0025641534163288212
2022-07-28,Equity Max-Sharpe + Sentiment Tilt,0.004653175055207201
2022-07-29,Equity Max-Sharpe + Sentiment Tilt,-0.0018316335357382249
2022-08-01,Equity Max-Sharpe + Sentiment Tilt,-0.012623962413553907
2022-08-02,Equity Max-Sharpe + Sentiment Tilt,-0.006016711578977903
2022-08-03,Equity Max-Sharpe + Sentiment Tilt,-0.009294935470186519
2022-08-04,Equity Max-Sharpe + Sentiment Tilt,-0.01683369639181492
2022-08-05,Equity Max-Sharpe + Sentiment Tilt,0.004854178213908749
2022-08-08,Equity Max-Sharpe + Sentiment Tilt,0.006866334836096896
2022-08-09,Equity Max-Sharpe + Sentiment Tilt,0.014398805178035767
2022-08-10,Equity Max-Sharpe + Sentiment Tilt,0.0032845920697078027
2022-08-11,Equity Max-Sharpe + Sentiment Tilt,0.013217390227985166
2022-08-12,Equity Max-Sharpe + Sentiment Tilt,0.006314834088391834
2022-08-15,Equity Max-Sharpe + Sentiment Tilt,-0.007767214647908022
2022-08-16,Equity Max-Sharpe + Sentiment Tilt,0.000457806431117313
2022-08-17,Equity Max-Sharpe + Sentiment Tilt,-0.0006996063076298752
2022-08-18,Equity Max-Sharpe + Sentiment Tilt,0.011014933147094069
2022-08-19,Equity Max-Sharpe + Sentiment Tilt,0.016851883897716954
2022-08-22,Equity Max-Sharpe + Sentiment Tilt,-0.013743003846938377
2022-08-23,Equity Max-Sharpe + Sentiment Tilt,0.014988933328119177
2022-08-24,Equity Max-Sharpe + Sentiment Tilt,0.0025946671272612906
2022-08-25,Equity Max-Sharpe + Sentiment Tilt,0.0054352667416224685
2022-08-26,Equity Max-Sharpe + Sentiment Tilt,-0.013337799535631798
2022-08-29,Equity Max-Sharpe + Sentiment Tilt,0.00494748293071094
2022-08-30,Equity Max-Sharpe + Sentiment Tilt,-0.018170711948839104
2022-08-31,Equity Max-Sharpe + Sentiment Tilt,-0.0111394251339146
2022-09-01,Equity Max-Sharpe + Sentiment Tilt,-0.002066815544481224
2022-09-02,Equity Max-Sharpe + Sentiment Tilt,0.00035035787918661384
2022-09-06,Equity Max-Sharpe + Sentiment Tilt,-0.008320025224095716
2022-09-07,Equity Max-Sharpe + Sentiment Tilt,0.0008668645491880434
2022-09-08,Equity Max-Sharpe + Sentiment Tilt,-0.0007203141255982461
2022-09-09,Equity Max-Sharpe + Sentiment Tilt,0.012661252032214217
2022-09-12,Equity Max-Sharpe + Sentiment Tilt,0.009639928219730427
2022-09-13,Equity Max-Sharpe + Sentiment Tilt,-0.02368329415035801
2022-09-14,Equity Max-Sharpe + Sentiment Tilt,0.021433958781146966
2022-09-15,Equity Max-Sharpe + Sentiment Tilt,-0.020153325060030924
2022-09-16,Equity Max-Sharpe + Sentiment Tilt,-0.00672870879210243
2022-09-19,Equity Max-Sharpe + Sentiment Tilt,0.004290788500154687
2022-09-20,Equity Max-Sharpe + Sentiment Tilt,-0.008867174119413351
2022-09-21,Equity Max-Sharpe + Sentiment Tilt,-0.015433485394498082
2022-09-22,Equity Max-Sharpe + Sentiment Tilt,-0.001571763490653292
2022-09-23,Equity Max-Sharpe + Sentiment Tilt,-0.03511906479835879
2022-09-26,Equity Max-Sharpe + Sentiment Tilt,-0.018510420619141113
2022-09-27,Equity Max-Sharpe + Sentiment Tilt,-0.0025687053478612772
2022-09-28,Equity Max-Sharpe + Sentiment Tilt,0.029706767929799354
2022-09-29,Equity Max-Sharpe + Sentiment Tilt,-0.013574049318844652
2022-09-30,Equity Max-Sharpe + Sentiment Tilt,-0.017544178806739176
2022-10-03,Equity Max-Sharpe + Sentiment Tilt,0.03720846860559176
2022-10-04,Equity Max-Sharpe + Sentiment Tilt,0.029206360198463614
2022-10-05,Equity Max-Sharpe + Sentiment Tilt,0.012209781750628586
2022-10-06,Equity Max-Sharpe + Sentiment Tilt,0.0008492042282053796
2022-10-07,Equity Max-Sharpe + Sentiment Tilt,-0.009890437769372495
2022-10-10,Equity Max-Sharpe + Sentiment Tilt,-0.01725527984245794
2022-10-11,Equity Max-Sharpe + Sentiment Tilt,0.00648555507675843
2022-10-12,Equity Max-Sharpe + Sentiment Tilt,-0.002022539542327019
2022-10-13,Equity Max-Sharpe + Sentiment Tilt,0.03680524910451724
2022-10-14,Equity Max-Sharpe + Sentiment Tilt,-0.010271255751868767
2022-10-17,Equity Max-Sharpe + Sentiment Tilt,0.01050360108392715
2022-10-18,Equity Max-Sharpe + Sentiment Tilt,0.00400170340431771
2022-10-19,Equity Max-Sharpe + Sentiment Tilt,0.002083251616776571
2022-10-20,Equity Max-Sharpe + Sentiment Tilt,0.0010474931176153877
2022-10-21,Equity Max-Sharpe + Sentiment Tilt,0.0291746110083384
2022-10-24,Equity Max-Sharpe + Sentiment Tilt,0.013301335624822686
2022-10-25,Equity Max-Sharpe + Sentiment Tilt,-0.0011015830586331584
2022-10-26,Equity Max-Sharpe + Sentiment Tilt,0.016584552420888483
2022-10-27,Equity Max-Sharpe + Sentiment Tilt,0.0027222446546672184
2022-10-28,Equity Max-Sharpe + Sentiment Tilt,-0.01659012641174143
2022-10-31,Equity Max-Sharpe + Sentiment Tilt,-0.0010441867517167064
2022-11-01,Equity Max-Sharpe + Sentiment Tilt,0.007870941487991077
2022-11-02,Equity Max-Sharpe + Sentiment Tilt,-0.017505214949528225
2022-11-03,Equity Max-Sharpe + Sentiment Tilt,0.0012242417945823312
2022-11-04,Equity Max-Sharpe + Sentiment Tilt,0.01090317314457591
2022-11-07,Equity Max-Sharpe + Sentiment Tilt,0.022904380491058876
2022-11-08,Equity Max-Sharpe + Sentiment Tilt,0.022239318611852084
2022-11-09,Equity Max-Sharpe + Sentiment Tilt,-0.025699832917108048
2022-11-10,Equity Max-Sharpe + Sentiment Tilt,0.012585015084677477
2022-11-11,Equity Max-Sharpe + Sentiment Tilt,0.005176300997416914
2022-11-14,Equity Max-Sharpe + Sentiment Tilt,0.002044423803655115
2022-11-15,Equity Max-Sharpe + Sentiment Tilt,0.0026307564474061912
2022-11-16,Equity Max-Sharpe + Sentiment Tilt,-0.004956047594440881
2022-11-17,Equity Max-Sharpe + Sentiment Tilt,0.005693543723817454
2022-11-18,Equity Max-Sharpe + Sentiment Tilt,0.0009362391882887493
2022-11-21,Equity Max-Sharpe + Sentiment Tilt,-0.0007887960624527474
2022-11-22,Equity Max-Sharpe + Sentiment Tilt,0.014168338641506826
2022-11-23,Equity Max-Sharpe + Sentiment Tilt,-0.009328507986888598
2022-11-25,Equity Max-Sharpe + Sentiment Tilt,-0.0008249704355077519
2022-11-28,Equity Max-Sharpe + Sentiment Tilt,-0.014364140017930531
2022-11-29,Equity Max-Sharpe + Sentiment Tilt,0.0025813767067297717
2022-11-30,Equity Max-Sharpe + Sentiment Tilt,0.013700908795951608
2022-12-01,Equity Max-Sharpe + Sentiment Tilt,-0.0030302512576537845
2022-12-02,Equity Max-Sharpe + Sentiment Tilt,-0.0008497178917004951
2022-12-05,Equity Max-Sharpe + Sentiment Tilt,-0.007916351404592896
2022-12-06,Equity Max-Sharpe + Sentiment Tilt,-0.01331435310377641
2022-12-07,Equity Max-Sharpe + Sentiment Tilt,0.006334109045706992
2022-12-08,Equity Max-Sharpe + Sentiment Tilt,0.0027446203294540367
2022-12-09,Equity Max-Sharpe + Sentiment Tilt,-0.017970324323126195
2022-12-12,Equity Max-Sharpe + Sentiment Tilt,0.0061417505818454
2022-12-13,Equity Max-Sharpe + Sentiment Tilt,0.004308561677847472
2022-12-14,Equity Max-Sharpe + Sentiment Tilt,0.002053669552214789
2022-12-15,Equity Max-Sharpe + Sentiment Tilt,-0.01496388101231764
2022-12-16,Equity Max-Sharpe + Sentiment Tilt,-0.0029447084815294048
2022-12-19,Equity Max-Sharpe + Sentiment Tilt,1.267698920824861e-05
2022-12-20,Equity Max-Sharpe + Sentiment Tilt,0.0017957921428770115
2022-12-21,Equity Max-Sharpe + Sentiment Tilt,0.011452237156183003
2022-12-22,Equity Max-Sharpe + Sentiment Tilt,-0.006613817336213683
2022-12-23,Equity Max-Sharpe + Sentiment Tilt,0.008463025552621385
2022-12-27,Equity Max-Sharpe + Sentiment Tilt,0.003393386256635723
2022-12-28,Equity Max-Sharpe + Sentiment Tilt,-0.012175739809020494
2022-12-29,Equity Max-Sharpe + Sentiment Tilt,0.002600163162952326
2022-12-30,Equity Max-Sharpe + Sentiment Tilt,0.0024123015423714133
2023-01-03,Equity Max-Sharpe + Sentiment Tilt,-0.010448946432038968
2023-01-04,Equity Max-Sharpe + Sentiment Tilt,0.006435175105671854
2023-01-05,Equity Max-Sharpe + Sentiment Tilt,0.016299302011618378
2023-01-06,Equity Max-Sharpe + Sentiment Tilt,0.012795497249908756
2023-01-09,Equity Max-Sharpe + Sentiment Tilt,-0.029172034538573803
2023-01-10,Equity Max-Sharpe + Sentiment Tilt,0.006660151224695483
2023-01-11,Equity Max-Sharpe + Sentiment Tilt,0.00420082442823901
2023-01-12,Equity Max-Sharpe + Sentiment Tilt,0.010311047943690758
2023-01-13,Equity Max-Sharpe + Sentiment Tilt,0.0020298378310158313
2023-01-17,Equity Max-Sharpe + Sentiment Tilt,-0.011667975353596873
2023-01-18,Equity Max-Sharpe + Sentiment Tilt,-0.015540654250545318
2023-01-19,Equity Max-Sharpe + Sentiment Tilt,0.009597391092781246
2023-01-20,Equity Max-Sharpe + Sentiment Tilt,0.006653715156027357
2023-01-23,Equity Max-Sharpe + Sentiment Tilt,-0.0024424420918239672
2023-01-24,Equity Max-Sharpe + Sentiment Tilt,-0.00849902580022371
2023-01-25,Equity Max-Sharpe + Sentiment Tilt,-0.0011060284688432307
2023-01-26,Equity Max-Sharpe + Sentiment Tilt,0.003552415435030639
2023-01-27,Equity Max-Sharpe + Sentiment Tilt,-0.014242577922859892
2023-01-30,Equity Max-Sharpe + Sentiment Tilt,-0.00374688509324472
2023-01-31,Equity Max-Sharpe + Sentiment Tilt,0.014274816593749268
2023-02-01,Equity Max-Sharpe + Sentiment Tilt,0.0003936740420273314
2023-02-02,Equity Max-Sharpe + Sentiment Tilt,-0.02628830852368245
2023-02-03,Equity Max-Sharpe + Sentiment Tilt,-0.002276105515699136
2023-02-06,Equity Max-Sharpe + Sentiment Tilt,-0.0003977501859772703
2023-02-07,Equity Max-Sharpe + Sentiment Tilt,0.014233300381700675
2023-02-08,Equity Max-Sharpe + Sentiment Tilt,0.002694646483504438
2023-02-09,Equity Max-Sharpe + Sentiment Tilt,-0.0022843481166659263
2023-02-10,Equity Max-Sharpe + Sentiment Tilt,0.019252827559810275
2023-02-13,Equity Max-Sharpe + Sentiment Tilt,0.00850592374295795
2023-02-14,Equity Max-Sharpe + Sentiment Tilt,-0.0021843546005481723
2023-02-15,Equity Max-Sharpe + Sentiment Tilt,-0.00925121278136729
2023-02-16,Equity Max-Sharpe + Sentiment Tilt,-0.008117391147863725
2023-02-17,Equity Max-Sharpe + Sentiment Tilt,0.00881925799236864
2023-02-21,Equity Max-Sharpe + Sentiment Tilt,-0.007889855404059905
2023-02-22,Equity Max-Sharpe + Sentiment Tilt,-0.003299016970770137
2023-02-23,Equity Max-Sharpe + Sentiment Tilt,0.006132954300617037
2023-02-24,Equity Max-Sharpe + Sentiment Tilt,-0.0052701347799308145
2023-02-27,Equity Max-Sharpe + Sentiment Tilt,-0.0017172033264937839
2023-02-28,Equity Max-Sharpe + Sentiment Tilt,-0.015703986790400342
2023-03-01,Equity Max-Sharpe + Sentiment Tilt,0.0031402799901322337
2023-03-02,Equity Max-Sharpe + Sentiment Tilt,0.003913223128221115
2023-03-03,Equity Max-Sharpe + Sentiment Tilt,0.005422172039751436
2023-03-06,Equity Max-Sharpe + Sentiment Tilt,0.025322077737471305
2023-03-07,Equity Max-Sharpe + Sentiment Tilt,-0.005069387117531472
2023-03-08,Equity Max-Sharpe + Sentiment Tilt,-0.017522771805399143
2023-03-09,Equity Max-Sharpe + Sentiment Tilt,-0.009363118657616895
2023-03-10,Equity Max-Sharpe + Sentiment Tilt,-0.0020227415509268547
2023-03-13,Equity Max-Sharpe + Sentiment Tilt,-0.013838661612024315
2023-03-14,Equity Max-Sharpe + Sentiment Tilt,0.014985889167477751
2023-03-15,Equity Max-Sharpe + Sentiment Tilt,-0.008737799756410862
2023-03-16,Equity Max-Sharpe + Sentiment Tilt,-0.00027261058552699197
2023-03-17,Equity Max-Sharpe + Sentiment Tilt,-0.02607165630600683
2023-03-20,Equity Max-Sharpe + Sentiment Tilt,0.019990872819869984
2023-03-21,Equity Max-Sharpe + Sentiment Tilt,0.006415621514278786
2023-03-22,Equity Max-Sharpe + Sentiment Tilt,-0.014865303767426353
2023-03-23,Equity Max-Sharpe + Sentiment Tilt,-0.0008586711474321967
2023-03-24,Equity Max-Sharpe + Sentiment Tilt,0.005985529094563177
2023-03-27,Equity Max-Sharpe + Sentiment Tilt,0.01618324830671875
2023-03-28,Equity Max-Sharpe + Sentiment Tilt,-0.0011696413257967376
2023-03-29,Equity Max-Sharpe + Sentiment Tilt,0.00011830529025055273
2023-03-30,Equity Max-Sharpe + Sentiment Tilt,0.007322105987900335
2023-03-31,Equity Max-Sharpe + Sentiment Tilt,0.006578248935598295
2023-04-03,Equity Max-Sharpe + Sentiment Tilt,0.02158608972191594
2023-04-04,Equity Max-Sharpe + Sentiment Tilt,-0.007897826144477827
2023-04-05,Equity Max-Sharpe + Sentiment Tilt,0.02037689422133732
2023-04-06,Equity Max-Sharpe + Sentiment Tilt,-0.0029585808970164977
2023-04-10,Equity Max-Sharpe + Sentiment Tilt,-0.0024260940887942195
2023-04-11,Equity Max-Sharpe + Sentiment Tilt,0.00016850272731617805
2023-04-12,Equity Max-Sharpe + Sentiment Tilt,0.0028872276677146323
2023-04-13,Equity Max-Sharpe + Sentiment Tilt,0.012252240701348276
2023-04-14,Equity Max-Sharpe + Sentiment Tilt,-0.0008247554054774026
2023-04-17,Equity Max-Sharpe + Sentiment Tilt,0.0006496217797398681
2023-04-18,Equity Max-Sharpe + Sentiment Tilt,0.00455589276760402
2023-04-19,Equity Max-Sharpe + Sentiment Tilt,-0.0012130405709215764
2023-04-20,Equity Max-Sharpe + Sentiment Tilt,0.0017540755425988362
2023-04-21,Equity Max-Sharpe + Sentiment Tilt,0.012478655172926937
2023-04-24,Equity Max-Sharpe + Sentiment Tilt,0.0061906659494615785
2023-04-25,Equity Max-Sharpe + Sentiment Tilt,-0.006082566077177196
2023-04-26,Equity Max-Sharpe + Sentiment Tilt,-0.021608439117918744
2023-04-27,Equity Max-Sharpe + Sentiment Tilt,0.008781864368681523
2023-04-28,Equity Max-Sharpe + Sentiment Tilt,-0.0017287812316041633
2023-05-01,Equity Max-Sharpe + Sentiment Tilt,0.006294831807954858
2023-05-02,Equity Max-Sharpe + Sentiment Tilt,0.003091444753252491
2023-05-03,Equity Max-Sharpe + Sentiment Tilt,-0.013616044691148809
2023-05-04,Equity Max-Sharpe + Sentiment Tilt,-0.010278466092875811
2023-05-05,Equity Max-Sharpe + Sentiment Tilt,0.009879015705386886
2023-05-08,Equity Max-Sharpe + Sentiment Tilt,0.003482570233526301
2023-05-09,Equity Max-Sharpe + Sentiment Tilt,-0.00392407760043208
2023-05-10,Equity Max-Sharpe + Sentiment Tilt,-0.0028850808639505486
2023-05-11,Equity Max-Sharpe + Sentiment Tilt,-0.0032265214940834118
2023-05-12,Equity Max-Sharpe + Sentiment Tilt,-0.0032203074167694344
2023-05-15,Equity Max-Sharpe + Sentiment Tilt,0.005831693900167545
2023-05-16,Equity Max-Sharpe + Sentiment Tilt,-0.006827481049664717
2023-05-17,Equity Max-Sharpe + Sentiment Tilt,0.0029505677018459215
2023-05-18,Equity Max-Sharpe + Sentiment Tilt,0.00012475864892776112
2023-05-19,Equity Max-Sharpe + Sentiment Tilt,0.005511979277629546
2023-05-22,Equity Max-Sharpe + Sentiment Tilt,-0.00799148596483857
2023-05-23,Equity Max-Sharpe + Sentiment Tilt,-0.014199254209565557
2023-05-24,Equity Max-Sharpe + Sentiment Tilt,-0.0001410513208902238
2023-05-25,Equity Max-Sharpe + Sentiment Tilt,-0.008378158527661791
2023-05-26,Equity Max-Sharpe + Sentiment Tilt,-0.0030833443209721317
2023-05-30,Equity Max-Sharpe + Sentiment Tilt,-0.011293415956609409
2023-05-31,Equity Max-Sharpe + Sentiment Tilt,0.0024317206235100744
2023-06-01,Equity Max-Sharpe + Sentiment Tilt,0.021170443151235358
2023-06-02,Equity Max-Sharpe + Sentiment Tilt,0.010346080652748979
2023-06-05,Equity Max-Sharpe + Sentiment Tilt,-0.005763734999999437
2023-06-06,Equity Max-Sharpe + Sentiment Tilt,-0.008291310108674375
2023-06-07,Equity Max-Sharpe + Sentiment Tilt,-0.005712682365606429
2023-06-08,Equity Max-Sharpe + Sentiment Tilt,0.011542747356538983
2023-06-09,Equity Max-Sharpe + Sentiment Tilt,0.002984385935141433
2023-06-12,Equity Max-Sharpe + Sentiment Tilt,-0.0003881311432410354
2023-06-13,Equity Max-Sharpe + Sentiment Tilt,0.007097825971902519
2023-06-14,Equity Max-Sharpe + Sentiment Tilt,-0.004749137787646931
2023-06-15,Equity Max-Sharpe + Sentiment Tilt,0.005255046456415598
2023-06-16,Equity Max-Sharpe + Sentiment Tilt,0.00328481553467378
2023-06-20,Equity Max-Sharpe + Sentiment Tilt,-0.003631721052973954
2023-06-21,Equity Max-Sharpe + Sentiment Tilt,0.0053073482580193706
2023-06-22,Equity Max-Sharpe + Sentiment Tilt,0.007398405416935066
2023-06-23,Equity Max-Sharpe + Sentiment Tilt,-0.003264125527715775
2023-06-26,Equity Max-Sharpe + Sentiment Tilt,-0.00761495711930223
2023-06-27,Equity Max-Sharpe + Sentiment Tilt,0.0072177575703273895
2023-06-28,Equity Max-Sharpe + Sentiment Tilt,0.0030448917547371253
2023-06-29,Equity Max-Sharpe + Sentiment Tilt,0.00600975102056788
2023-06-30,Equity Max-Sharpe + Sentiment Tilt,0.019211867331923333
2023-07-03,Equity Max-Sharpe + Sentiment Tilt,-0.008928341446117127
2023-07-05,Equity Max-Sharpe + Sentiment Tilt,-0.000412703765032453
2023-07-06,Equity Max-Sharpe + Sentiment Tilt,-0.012224533365913339
2023-07-07,Equity Max-Sharpe + Sentiment Tilt,-0.004562734390685695
2023-07-10,Equity Max-Sharpe + Sentiment Tilt,0.0130611179581201
2023-07-11,Equity Max-Sharpe + Sentiment Tilt,-0.00011242196060682721
2023-07-12,Equity Max-Sharpe + Sentiment Tilt,0.0007209127800793633
2023-07-13,Equity Max-Sharpe + Sentiment Tilt,0.002055760220435904
2023-07-14,Equity Max-Sharpe + Sentiment Tilt,-0.0023093436828935062
2023-07-17,Equity Max-Sharpe + Sentiment Tilt,0.0012227774369791848
2023-07-18,Equity Max-Sharpe + Sentiment Tilt,0.003267471083350232
2023-07-19,Equity Max-Sharpe + Sentiment Tilt,-0.006082105631156159
2023-07-20,Equity Max-Sharpe + Sentiment Tilt,0.011052598128145727
2023-07-21,Equity Max-Sharpe + Sentiment Tilt,-0.0009804989655935912
2023-07-24,Equity Max-Sharpe + Sentiment Tilt,-0.003629192813529091
2023-07-25,Equity Max-Sharpe + Sentiment Tilt,0.02926886399248935
2023-07-26,Equity Max-Sharpe + Sentiment Tilt,-0.011458486479730528
2023-07-27,Equity Max-Sharpe + Sentiment Tilt,-0.0017219539178770925
2023-07-28,Equity Max-Sharpe + Sentiment Tilt,0.0015037230232270342
2023-07-31,Equity Max-Sharpe + Sentiment Tilt,0.00021098059809811424
2023-08-01,Equity Max-Sharpe + Sentiment Tilt,-0.009514418443834325
2023-08-02,Equity Max-Sharpe + Sentiment Tilt,-0.011175398667970071
2023-08-03,Equity Max-Sharpe + Sentiment Tilt,0.0030757850385366675
2023-08-04,Equity Max-Sharpe + Sentiment Tilt,0.003010187741425509
2023-08-07,Equity Max-Sharpe + Sentiment Tilt,0.013574102209038003
2023-08-08,Equity Max-Sharpe + Sentiment Tilt,-0.005916989125953501
2023-08-09,Equity Max-Sharpe + Sentiment Tilt,-0.011862686241279083
2023-08-10,Equity Max-Sharpe + Sentiment Tilt,0.0029146422738113554
2023-08-11,Equity Max-Sharpe + Sentiment Tilt,0.0046403387228336436
2023-08-14,Equity Max-Sharpe + Sentiment Tilt,0.017579321938346684
2023-08-15,Equity Max-Sharpe + Sentiment Tilt,-0.008402665967970915
2023-08-16,Equity Max-Sharpe + Sentiment Tilt,-0.004147894099751014
2023-08-17,Equity Max-Sharpe + Sentiment Tilt,-0.011286644384649717
2023-08-18,Equity Max-Sharpe + Sentiment Tilt,0.0038131055592427886
2023-08-21,Equity Max-Sharpe + Sentiment Tilt,0.013642531546848849
2023-08-22,Equity Max-Sharpe + Sentiment Tilt,-0.012611410005496156
2023-08-23,Equity Max-Sharpe + Sentiment Tilt,0.024789649110697153
2023-08-24,Equity Max-Sharpe + Sentiment Tilt,-0.01606122059882639
2023-08-25,Equity Max-Sharpe + Sentiment Tilt,0.0020512071427488394
2023-08-28,Equity Max-Sharpe + Sentiment Tilt,0.00956481156894197
2023-08-29,Equity Max-Sharpe + Sentiment Tilt,0.015449247406311704
2023-08-30,Equity Max-Sharpe + Sentiment Tilt,-0.001333346747596264
2023-08-31,Equity Max-Sharpe + Sentiment Tilt,-0.002887079731807978
2023-09-01,Equity Max-Sharpe + Sentiment Tilt,-0.0012109931852783181
2023-09-05,Equity Max-Sharpe + Sentiment Tilt,-0.012231437331423721
2023-09-06,Equity Max-Sharpe + Sentiment Tilt,-0.009442633242901333
2023-09-07,Equity Max-Sharpe + Sentiment Tilt,-0.001403452825989221
2023-09-08,Equity Max-Sharpe + Sentiment Tilt,0.0004031089112586388
2023-09-11,Equity Max-Sharpe + Sentiment Tilt,0.006335749521448239
2023-09-12,Equity Max-Sharpe + Sentiment Tilt,0.003074512446968717
2023-09-13,Equity Max-Sharpe + Sentiment Tilt,-0.006544746418407078
2023-09-14,Equity Max-Sharpe + Sentiment Tilt,0.011901261906674503
2023-09-15,Equity Max-Sharpe + Sentiment Tilt,-0.010469238214702623
2023-09-18,Equity Max-Sharpe + Sentiment Tilt,0.004951682623316945
2023-09-19,Equity Max-Sharpe + Sentiment Tilt,-0.0049423094608862525
2023-09-20,Equity Max-Sharpe + Sentiment Tilt,-0.010656213256605445
2023-09-21,Equity Max-Sharpe + Sentiment Tilt,-0.014749147634971855
2023-09-22,Equity Max-Sharpe + Sentiment Tilt,-0.004503923706964077
2023-09-25,Equity Max-Sharpe + Sentiment Tilt,0.0036076792207685037
2023-09-26,Equity Max-Sharpe + Sentiment Tilt,-0.009702981271158045
2023-09-27,Equity Max-Sharpe + Sentiment Tilt,0.0016269562399114188
2023-09-28,Equity Max-Sharpe + Sentiment Tilt,0.009531517556160374
2023-09-29,Equity Max-Sharpe + Sentiment Tilt,-0.010458894898796877
2023-10-02,Equity Max-Sharpe + Sentiment Tilt,-0.004275256256112441
2023-10-03,Equity Max-Sharpe + Sentiment Tilt,-0.012699150733827266
2023-10-04,Equity Max-Sharpe + Sentiment Tilt,0.007226487789121193
2023-10-05,Equity Max-Sharpe + Sentiment Tilt,0.003830208484619561
2023-10-06,Equity Max-Sharpe + Sentiment Tilt,0.01866634330891118
2023-10-09,Equity Max-Sharpe + Sentiment Tilt,-0.002573328598454261
2023-10-10,Equity Max-Sharpe + Sentiment Tilt,0.006328924476565049
2023-10-11,Equity Max-Sharpe + Sentiment Tilt,0.015911166307390007
2023-10-12,Equity Max-Sharpe + Sentiment Tilt,-0.007582944137517539
2023-10-13,Equity Max-Sharpe + Sentiment Tilt,-0.01363843141084313
2023-10-16,Equity Max-Sharpe + Sentiment Tilt,0.0031386909510322317
2023-10-17,Equity Max-Sharpe + Sentiment Tilt,-0.004686572993227253
2023-10-18,Equity Max-Sharpe + Sentiment Tilt,-0.02273567792837481
2023-10-19,Equity Max-Sharpe + Sentiment Tilt,-0.007757480302193523
2023-10-20,Equity Max-Sharpe + Sentiment Tilt,-0.005125807883138135
2023-10-23,Equity Max-Sharpe + Sentiment Tilt,0.009362786206095623
2023-10-24,Equity Max-Sharpe + Sentiment Tilt,0.03409639528983968
2023-10-25,Equity Max-Sharpe + Sentiment Tilt,-0.01922506567308243
2023-10-26,Equity Max-Sharpe + Sentiment Tilt,-0.015225142930944712
2023-10-27,Equity Max-Sharpe + Sentiment Tilt,-0.017913778034700765
2023-10-30,Equity Max-Sharpe + Sentiment Tilt,0.01992849141605437
2023-10-31,Equity Max-Sharpe + Sentiment Tilt,-0.011304962301088602
2023-11-01,Equity Max-Sharpe + Sentiment Tilt,0.003521038798481
2023-11-02,Equity Max-Sharpe + Sentiment Tilt,0.009711687500532157
2023-11-03,Equity Max-Sharpe + Sentiment Tilt,0.01350418725593524
2023-11-06,Equity Max-Sharpe + Sentiment Tilt,0.01891826418750035
2023-11-07,Equity Max-Sharpe + Sentiment Tilt,0.00145645807091152
2023-11-08,Equity Max-Sharpe + Sentiment Tilt,0.012159571246443474
2023-11-09,Equity Max-Sharpe + Sentiment Tilt,-0.0038672733722972816
2023-11-10,Equity Max-Sharpe + Sentiment Tilt,0.01808451231389817
2023-11-13,Equity Max-Sharpe + Sentiment Tilt,0.004806162219087468
2023-11-14,Equity Max-Sharpe + Sentiment Tilt,0.012634926376826058
2023-11-15,Equity Max-Sharpe + Sentiment Tilt,-0.006992440653387136
2023-11-16,Equity Max-Sharpe + Sentiment Tilt,0.004492454682636676
2023-11-17,Equity Max-Sharpe + Sentiment Tilt,0.002717063745227407
2023-11-20,Equity Max-Sharpe + Sentiment Tilt,0.006770153655993145
2023-11-21,Equity Max-Sharpe + Sentiment Tilt,-0.0029224202092128565
2023-11-22,Equity Max-Sharpe + Sentiment Tilt,-0.008608836044535275
2023-11-24,Equity Max-Sharpe + Sentiment Tilt,-0.001484010389428028
2023-11-27,Equity Max-Sharpe + Sentiment Tilt,0.0024842993956019463
2023-11-28,Equity Max-Sharpe + Sentiment Tilt,-0.006593265688903024
2023-11-29,Equity Max-Sharpe + Sentiment Tilt,0.00035039969652884626
2023-11-30,Equity Max-Sharpe + Sentiment Tilt,0.007411073294196371
2023-12-01,Equity Max-Sharpe + Sentiment Tilt,0.002741853868724678
2023-12-04,Equity Max-Sharpe + Sentiment Tilt,-0.012487003682589292
2023-12-05,Equity Max-Sharpe + Sentiment Tilt,-0.002318534939141396
2023-12-06,Equity Max-Sharpe + Sentiment Tilt,-0.006340234821427026
2023-12-07,Equity Max-Sharpe + Sentiment Tilt,0.00433965074216678
2023-12-08,Equity Max-Sharpe + Sentiment Tilt,0.009871460243343106
2023-12-11,Equity Max-Sharpe + Sentiment Tilt,-0.002421801971702239
2023-12-12,Equity Max-Sharpe + Sentiment Tilt,0.014949257465677993
2023-12-13,Equity Max-Sharpe + Sentiment Tilt,0.0015869345837997504
2023-12-14,Equity Max-Sharpe + Sentiment Tilt,-0.004428642905446456
2023-12-15,Equity Max-Sharpe + Sentiment Tilt,0.009203406781157462
2023-12-18,Equity Max-Sharpe + Sentiment Tilt,0.008381497056633146
2023-12-19,Equity Max-Sharpe + Sentiment Tilt,0.009648984872253021
2023-12-20,Equity Max-Sharpe + Sentiment Tilt,-0.02123441858089103
2023-12-21,Equity Max-Sharpe + Sentiment Tilt,0.021426000835151296
2023-12-22,Equity Max-Sharpe + Sentiment Tilt,-0.0004892001989309294
2023-12-26,Equity Max-Sharpe + Sentiment Tilt,0.007162833325826559
2023-12-27,Equity Max-Sharpe + Sentiment Tilt,0.0035233997181072637
2023-12-28,Equity Max-Sharpe + Sentiment Tilt,0.0015952603019036493
2023-12-29,Equity Max-Sharpe + Sentiment Tilt,-0.0030277127430093417
