date,fund,ticker,weight
2021-01-04,Equity Min-Variance,ABBV,0.06771734967615914
2021-02-01,Equity Min-Variance,ABBV,0.06363230739035038
2021-03-01,Equity Min-Variance,ABBV,0.06457605776175256
2021-04-01,Equity Min-Variance,ABBV,0.043440677142255774
2021-05-03,Equity Min-Variance,ABBV,0.027694694187785546
2021-06-01,Equity Min-Variance,ABBV,0.02
2021-07-01,Equity Min-Variance,ABBV,0.02
2021-08-02,Equity Min-Variance,ABBV,0.02
2021-09-01,Equity Min-Variance,ABBV,0.02
2021-10-01,Equity Min-Variance,ABBV,0.02
2021-11-01,Equity Min-Variance,ABBV,0.02
2021-12-01,Equity Min-Variance,ABBV,0.02
2022-01-03,Equity Min-Variance,ABBV,0.02
2022-02-01,Equity Min-Variance,ABBV,0.02
2022-03-01,Equity Min-Variance,ABBV,0.02
2022-04-01,Equity Min-Variance,ABBV,0.02
2022-05-02,Equity Min-Variance,ABBV,0.02
2022-06-01,Equity Min-Variance,ABBV,0.02
2022-07-01,Equity Min-Variance,ABBV,0.02
2022-08-01,Equity Min-Variance,ABBV,0.02
2022-09-01,Equity Min-Variance,ABBV,0.02
2022-10-03,Equity Min-Variance,ABBV,0.02
2022-11-01,Equity Min-Variance,ABBV,0.02
2022-12-01,Equity Min-Variance,ABBV,0.02
2023-01-03,Equity Min-Variance,ABBV,0.02
2023-02-01,Equity Min-Variance,ABBV,0.02
2023-03-01,Equity Min-Variance,ABBV,0.02
2023-04-03,Equity Min-Variance,ABBV,0.02
2023-05-01,Equity Min-Variance,ABBV,0.02
2023-06-01,Equity Min-Variance,ABBV,0.02
2023-07-03,Equity Min-Variance,ABBV,0.02
2023-08-01,Equity Min-Variance,ABBV,0.02
2023-09-01,Equity Min-Variance,ABBV,0.02
2023-10-02,Equity Min-Variance,ABBV,0.02
2023-11-01,Equity Min-Variance,ABBV,0.02
2023-12-01,Equity Min-Variance,ABBV,0.02
2021-01-04,Equity Min-Variance,ABT,0.02289577536993191
2021-02-01,Equity Min-Variance,ABT,0.026238300984734033
2021-03-01,Equity Min-Variance,ABT,0.027819735882682845
2021-04-01,Equity Min-Variance,ABT,0.03809438985510645
2021-05-03,Equity Min-Variance,ABT,0.026396651027145265
2021-06-01,Equity Min-Variance,ABT,0.02
2021-07-01,Equity Min-Variance,ABT,0.02
2021-08-02,Equity Min-Variance,ABT,0.02
2021-09-01,Equity Min-Variance,ABT,0.02
2021-10-01,Equity Min-Variance,ABT,0.02
2021-11-01,Equity Min-Variance,ABT,0.02
2021-12-01,Equity Min-Variance,ABT,0.02
2022-01-03,Equity Min-Variance,ABT,0.02
2022-02-01,Equity Min-Variance,ABT,0.02
2022-03-01,Equity Min-Variance,ABT,0.02
2022-04-01,Equity Min-Variance,ABT,0.02
2022-05-02,Equity Min-Variance,ABT,0.02
2022-06-01,Equity Min-Variance,ABT,0.02
2022-07-01,Equity Min-Variance,ABT,0.02
2022-08-01,Equity Min-Variance,ABT,0.02
2022-09-01,Equity Min-Variance,ABT,0.02
2022-10-03,Equity Min-Variance,ABT,0.02
2022-11-01,Equity Min-Variance,ABT,0.02
2022-12-01,Equity Min-Variance,ABT,0.02
2023-01-03,Equity Min-Variance,ABT,0.02
2023-02-01,Equity Min-Variance,ABT,0.02
2023-03-01,Equity Min-Variance,ABT,0.02
2023-04-03,Equity Min-Variance,ABT,0.02
2023-05-01,Equity Min-Variance,ABT,0.02
2023-06-01,Equity Min-Variance,ABT,0.02
2023-07-03,Equity Min-Variance,ABT,0.02
2023-08-01,Equity Min-Variance,ABT,0.02
2023-09-01,Equity Min-Variance,ABT,0.02
2023-10-02,Equity Min-Variance,ABT,0.02
2023-11-01,Equity Min-Variance,ABT,0.02
2023-12-01,Equity Min-Variance,ABT,0.02
2021-01-04,Equity Min-Variance,ADBE,1.1292878922642027e-17
2021-02-01,Equity Min-Variance,ADBE,0.0
2021-03-01,Equity Min-Variance,ADBE,0.0
2021-04-01,Equity Min-Variance,ADBE,0.02123480056710128
2021-05-03,Equity Min-Variance,ADBE,0.025256351589905218
2021-06-01,Equity Min-Variance,ADBE,0.02
2021-07-01,Equity Min-Variance,ADBE,0.02
2021-08-02,Equity Min-Variance,ADBE,0.02
2021-09-01,Equity Min-Variance,ADBE,0.02
2021-10-01,Equity Min-Variance,ADBE,0.02
2021-11-01,Equity Min-Variance,ADBE,0.02
2021-12-01,Equity Min-Variance,ADBE,0.02
2022-01-03,Equity Min-Variance,ADBE,0.02
2022-02-01,Equity Min-Variance,ADBE,0.02
2022-03-01,Equity Min-Variance,ADBE,0.02
2022-04-01,Equity Min-Variance,ADBE,0.02
2022-05-02,Equity Min-Variance,ADBE,0.02
2022-06-01,Equity Min-Variance,ADBE,0.02
2022-07-01,Equity Min-Variance,ADBE,0.02
2022-08-01,Equity Min-Variance,ADBE,0.02
2022-09-01,Equity Min-Variance,ADBE,0.02
2022-10-03,Equity Min-Variance,ADBE,0.02
2022-11-01,Equity Min-Variance,ADBE,0.02
2022-12-01,Equity Min-Variance,ADBE,0.02
2023-01-03,Equity Min-Variance,ADBE,0.02
2023-02-01,Equity Min-Variance,ADBE,0.02
2023-03-01,Equity Min-Variance,ADBE,0.02
2023-04-03,Equity Min-Variance,ADBE,0.02
2023-05-01,Equity Min-Variance,ADBE,0.02
2023-06-01,Equity Min-Variance,ADBE,0.02
2023-07-03,Equity Min-Variance,ADBE,0.02
2023-08-01,Equity Min-Variance,ADBE,0.02
2023-09-01,Equity Min-Variance,ADBE,0.02
2023-10-02,Equity Min-Variance,ADBE,0.02
2023-11-01,Equity Min-Variance,ADBE,0.02
2023-12-01,Equity Min-Variance,ADBE,0.02
2021-01-04,Equity Min-Variance,AEP,0.04032375508095339
2021-02-01,Equity Min-Variance,AEP,0.04145547585591246
2021-03-01,Equity Min-Variance,AEP,0.04141775796603012
2021-04-01,Equity Min-Variance,AEP,0.03128977008768597
2021-05-03,Equity Min-Variance,AEP,0.02792616571602405
2021-06-01,Equity Min-Variance,AEP,0.02
2021-07-01,Equity Min-Variance,AEP,0.02
2021-08-02,Equity Min-Variance,AEP,0.02
2021-09-01,Equity Min-Variance,AEP,0.02
2021-10-01,Equity Min-Variance,AEP,0.02
2021-11-01,Equity Min-Variance,AEP,0.02
2021-12-01,Equity Min-Variance,AEP,0.02
2022-01-03,Equity Min-Variance,AEP,0.02
2022-02-01,Equity Min-Variance,AEP,0.02
2022-03-01,Equity Min-Variance,AEP,0.02
2022-04-01,Equity Min-Variance,AEP,0.02
2022-05-02,Equity Min-Variance,AEP,0.02
2022-06-01,Equity Min-Variance,AEP,0.02
2022-07-01,Equity Min-Variance,AEP,0.02
2022-08-01,Equity Min-Variance,AEP,0.02
2022-09-01,Equity Min-Variance,AEP,0.02
2022-10-03,Equity Min-Variance,AEP,0.02
2022-11-01,Equity Min-Variance,AEP,0.02
2022-12-01,Equity Min-Variance,AEP,0.02
2023-01-03,Equity Min-Variance,AEP,0.02
2023-02-01,Equity Min-Variance,AEP,0.02
2023-03-01,Equity Min-Variance,AEP,0.02
2023-04-03,Equity Min-Variance,AEP,0.02
2023-05-01,Equity Min-Variance,AEP,0.02
2023-06-01,Equity Min-Variance,AEP,0.02
2023-07-03,Equity Min-Variance,AEP,0.02
2023-08-01,Equity Min-Variance,AEP,0.02
2023-09-01,Equity Min-Variance,AEP,0.02
2023-10-02,Equity Min-Variance,AEP,0.02
2023-11-01,Equity Min-Variance,AEP,0.02
2023-12-01,Equity Min-Variance,AEP,0.02
2021-01-04,Equity Min-Variance,AMD,0.0
2021-02-01,Equity Min-Variance,AMD,9.985272770737214e-19
2021-03-01,Equity Min-Variance,AMD,0.0
2021-04-01,Equity Min-Variance,AMD,0.007799019191332284
2021-05-03,Equity Min-Variance,AMD,0.02085834028146958
2021-06-01,Equity Min-Variance,AMD,0.02
2021-07-01,Equity Min-Variance,AMD,0.02
2021-08-02,Equity Min-Variance,AMD,0.02
2021-09-01,Equity Min-Variance,AMD,0.02
2021-10-01,Equity Min-Variance,AMD,0.02
2021-11-01,Equity Min-Variance,AMD,0.02
2021-12-01,Equity Min-Variance,AMD,0.02
2022-01-03,Equity Min-Variance,AMD,0.02
2022-02-01,Equity Min-Variance,AMD,0.02
2022-03-01,Equity Min-Variance,AMD,0.02
2022-04-01,Equity Min-Variance,AMD,0.02
2022-05-02,Equity Min-Variance,AMD,0.02
2022-06-01,Equity Min-Variance,AMD,0.02
2022-07-01,Equity Min-Variance,AMD,0.02
2022-08-01,Equity Min-Variance,AMD,0.02
2022-09-01,Equity Min-Variance,AMD,0.02
2022-10-03,Equity Min-Variance,AMD,0.02
2022-11-01,Equity Min-Variance,AMD,0.02
2022-12-01,Equity Min-Variance,AMD,0.02
2023-01-03,Equity Min-Variance,AMD,0.02
2023-02-01,Equity Min-Variance,AMD,0.02
2023-03-01,Equity Min-Variance,AMD,0.02
2023-04-03,Equity Min-Variance,AMD,0.02
2023-05-01,Equity Min-Variance,AMD,0.02
2023-06-01,Equity Min-Variance,AMD,0.02
2023-07-03,Equity Min-Variance,AMD,0.02
2023-08-01,Equity Min-Variance,AMD,0.02
2023-09-01,Equity Min-Variance,AMD,0.02
2023-10-02,Equity Min-Variance,AMD,0.02
2023-11-01,Equity Min-Variance,AMD,0.02
2023-12-01,Equity Min-Variance,AMD,0.02
2021-01-04,Equity Min-Variance,AMGN,0.03519596956656262
2021-02-01,Equity Min-Variance,AMGN,0.03605873071276273
2021-03-01,Equity Min-Variance,AMGN,0.039515437533457896
2021-04-01,Equity Min-Variance,AMGN,0.040053434886778476
2021-05-03,Equity Min-Variance,AMGN,0.02741642624922442
2021-06-01,Equity Min-Variance,AMGN,0.02
2021-07-01,Equity Min-Variance,AMGN,0.02
2021-08-02,Equity Min-Variance,AMGN,0.02
2021-09-01,Equity Min-Variance,AMGN,0.02
2021-10-01,Equity Min-Variance,AMGN,0.02
2021-11-01,Equity Min-Variance,AMGN,0.02
2021-12-01,Equity Min-Variance,AMGN,0.02
2022-01-03,Equity Min-Variance,AMGN,0.02
2022-02-01,Equity Min-Variance,AMGN,0.02
2022-03-01,Equity Min-Variance,AMGN,0.02
2022-04-01,Equity Min-Variance,AMGN,0.02
2022-05-02,Equity Min-Variance,AMGN,0.02
2022-06-01,Equity Min-Variance,AMGN,0.02
2022-07-01,Equity Min-Variance,AMGN,0.02
2022-08-01,Equity Min-Variance,AMGN,0.02
2022-09-01,Equity Min-Variance,AMGN,0.02
2022-10-03,Equity Min-Variance,AMGN,0.02
2022-11-01,Equity Min-Variance,AMGN,0.02
2022-12-01,Equity Min-Variance,AMGN,0.02
2023-01-03,Equity Min-Variance,AMGN,0.02
2023-02-01,Equity Min-Variance,AMGN,0.02
2023-03-01,Equity Min-Variance,AMGN,0.02
2023-04-03,Equity Min-Variance,AMGN,0.02
2023-05-01,Equity Min-Variance,AMGN,0.02
2023-06-01,Equity Min-Variance,AMGN,0.02
2023-07-03,Equity Min-Variance,AMGN,0.02
2023-08-01,Equity Min-Variance,AMGN,0.02
2023-09-01,Equity Min-Variance,AMGN,0.02
2023-10-02,Equity Min-Variance,AMGN,0.02
2023-11-01,Equity Min-Variance,AMGN,0.02
2023-12-01,Equity Min-Variance,AMGN,0.02
2021-01-04,Equity Min-Variance,AMT,7.687912217728415e-18
2021-02-01,Equity Min-Variance,AMT,0.0
2021-03-01,Equity Min-Variance,AMT,5.704095842008194e-19
2021-04-01,Equity Min-Variance,AMT,0.02132823508946899
2021-05-03,Equity Min-Variance,AMT,0.025277604208117806
2021-06-01,Equity Min-Variance,AMT,0.02
2021-07-01,Equity Min-Variance,AMT,0.02
2021-08-02,Equity Min-Variance,AMT,0.02
2021-09-01,Equity Min-Variance,AMT,0.02
2021-10-01,Equity Min-Variance,AMT,0.02
2021-11-01,Equity Min-Variance,AMT,0.02
2021-12-01,Equity Min-Variance,AMT,0.02
2022-01-03,Equity Min-Variance,AMT,0.02
2022-02-01,Equity Min-Variance,AMT,0.02
2022-03-01,Equity Min-Variance,AMT,0.02
2022-04-01,Equity Min-Variance,AMT,0.02
2022-05-02,Equity Min-Variance,AMT,0.02
2022-06-01,Equity Min-Variance,AMT,0.02
2022-07-01,Equity Min-Variance,AMT,0.02
2022-08-01,Equity Min-Variance,AMT,0.02
2022-09-01,Equity Min-Variance,AMT,0.02
2022-10-03,Equity Min-Variance,AMT,0.02
2022-11-01,Equity Min-Variance,AMT,0.02
2022-12-01,Equity Min-Variance,AMT,0.02
2023-01-03,Equity Min-Variance,AMT,0.02
2023-02-01,Equity Min-Variance,AMT,0.02
2023-03-01,Equity Min-Variance,AMT,0.02
2023-04-03,Equity Min-Variance,AMT,0.02
2023-05-01,Equity Min-Variance,AMT,0.02
2023-06-01,Equity Min-Variance,AMT,0.02
2023-07-03,Equity Min-Variance,AMT,0.02
2023-08-01,Equity Min-Variance,AMT,0.02
2023-09-01,Equity Min-Variance,AMT,0.02
2023-10-02,Equity Min-Variance,AMT,0.02
2023-11-01,Equity Min-Variance,AMT,0.02
2023-12-01,Equity Min-Variance,AMT,0.02
2021-01-04,Equity Min-Variance,BA,7.734462083067394e-19
2021-02-01,Equity Min-Variance,BA,2.5153590123162932e-18
2021-03-01,Equity Min-Variance,BA,9.993315705500962e-19
2021-04-01,Equity Min-Variance,BA,5.716406185268255e-19
2021-05-03,Equity Min-Variance,BA,5.204170427930421e-18
2021-06-01,Equity Min-Variance,BA,0.02
2021-07-01,Equity Min-Variance,BA,0.02
2021-08-02,Equity Min-Variance,BA,0.02
2021-09-01,Equity Min-Variance,BA,0.02
2021-10-01,Equity Min-Variance,BA,0.02
2021-11-01,Equity Min-Variance,BA,0.02
2021-12-01,Equity Min-Variance,BA,0.02
2022-01-03,Equity Min-Variance,BA,0.02
2022-02-01,Equity Min-Variance,BA,0.02
2022-03-01,Equity Min-Variance,BA,0.02
2022-04-01,Equity Min-Variance,BA,0.02
2022-05-02,Equity Min-Variance,BA,0.02
2022-06-01,Equity Min-Variance,BA,0.02
2022-07-01,Equity Min-Variance,BA,0.02
2022-08-01,Equity Min-Variance,BA,0.02
2022-09-01,Equity Min-Variance,BA,0.02
2022-10-03,Equity Min-Variance,BA,0.02
2022-11-01,Equity Min-Variance,BA,0.02
2022-12-01,Equity Min-Variance,BA,0.02
2023-01-03,Equity Min-Variance,BA,0.02
2023-02-01,Equity Min-Variance,BA,0.02
2023-03-01,Equity Min-Variance,BA,0.02
2023-04-03,Equity Min-Variance,BA,0.02
2023-05-01,Equity Min-Variance,BA,0.02
2023-06-01,Equity Min-Variance,BA,0.02
2023-07-03,Equity Min-Variance,BA,0.02
2023-08-01,Equity Min-Variance,BA,0.02
2023-09-01,Equity Min-Variance,BA,0.02
2023-10-02,Equity Min-Variance,BA,0.02
2023-11-01,Equity Min-Variance,BA,0.02
2023-12-01,Equity Min-Variance,BA,0.02
2021-01-04,Equity Min-Variance,CAT,0.0040257046558979884
2021-02-01,Equity Min-Variance,CAT,0.006737200032669482
2021-03-01,Equity Min-Variance,CAT,0.008976110947210241
2021-04-01,Equity Min-Variance,CAT,0.008797218488791508
2021-05-03,Equity Min-Variance,CAT,0.01595097119570037
2021-06-01,Equity Min-Variance,CAT,0.02
2021-07-01,Equity Min-Variance,CAT,0.02
2021-08-02,Equity Min-Variance,CAT,0.02
2021-09-01,Equity Min-Variance,CAT,0.02
2021-10-01,Equity Min-Variance,CAT,0.02
2021-11-01,Equity Min-Variance,CAT,0.02
2021-12-01,Equity Min-Variance,CAT,0.02
2022-01-03,Equity Min-Variance,CAT,0.02
2022-02-01,Equity Min-Variance,CAT,0.02
2022-03-01,Equity Min-Variance,CAT,0.02
2022-04-01,Equity Min-Variance,CAT,0.02
2022-05-02,Equity Min-Variance,CAT,0.02
2022-06-01,Equity Min-Variance,CAT,0.02
2022-07-01,Equity Min-Variance,CAT,0.02
2022-08-01,Equity Min-Variance,CAT,0.02
2022-09-01,Equity Min-Variance,CAT,0.02
2022-10-03,Equity Min-Variance,CAT,0.02
2022-11-01,Equity Min-Variance,CAT,0.02
2022-12-01,Equity Min-Variance,CAT,0.02
2023-01-03,Equity Min-Variance,CAT,0.02
2023-02-01,Equity Min-Variance,CAT,0.02
2023-03-01,Equity Min-Variance,CAT,0.02
2023-04-03,Equity Min-Variance,CAT,0.02
2023-05-01,Equity Min-Variance,CAT,0.02
2023-06-01,Equity Min-Variance,CAT,0.02
2023-07-03,Equity Min-Variance,CAT,0.02
2023-08-01,Equity Min-Variance,CAT,0.02
2023-09-01,Equity Min-Variance,CAT,0.02
2023-10-02,Equity Min-Variance,CAT,0.02
2023-11-01,Equity Min-Variance,CAT,0.02
2023-12-01,Equity Min-Variance,CAT,0.02
2021-01-04,Equity Min-Variance,CCI,0.0008766001966924028
2021-02-01,Equity Min-Variance,CCI,0.004799751025189539
2021-03-01,Equity Min-Variance,CCI,0.008470007570268863
2021-04-01,Equity Min-Variance,CCI,0.02753292419639448
2021-05-03,Equity Min-Variance,CCI,0.0256360468283715
2021-06-01,Equity Min-Variance,CCI,0.02
2021-07-01,Equity Min-Variance,CCI,0.02
2021-08-02,Equity Min-Variance,CCI,0.02
2021-09-01,Equity Min-Variance,CCI,0.02
2021-10-01,Equity Min-Variance,CCI,0.02
2021-11-01,Equity Min-Variance,CCI,0.02
2021-12-01,Equity Min-Variance,CCI,0.02
2022-01-03,Equity Min-Variance,CCI,0.02
2022-02-01,Equity Min-Variance,CCI,0.02
2022-03-01,Equity Min-Variance,CCI,0.02
2022-04-01,Equity Min-Variance,CCI,0.02
2022-05-02,Equity Min-Variance,CCI,0.02
2022-06-01,Equity Min-Variance,CCI,0.02
2022-07-01,Equity Min-Variance,CCI,0.02
2022-08-01,Equity Min-Variance,CCI,0.02
2022-09-01,Equity Min-Variance,CCI,0.02
2022-10-03,Equity Min-Variance,CCI,0.02
2022-11-01,Equity Min-Variance,CCI,0.02
2022-12-01,Equity Min-Variance,CCI,0.02
2023-01-03,Equity Min-Variance,CCI,0.02
2023-02-01,Equity Min-Variance,CCI,0.02
2023-03-01,Equity Min-Variance,CCI,0.02
2023-04-03,Equity Min-Variance,CCI,0.02
2023-05-01,Equity Min-Variance,CCI,0.02
2023-06-01,Equity Min-Variance,CCI,0.02
2023-07-03,Equity Min-Variance,CCI,0.02
2023-08-01,Equity Min-Variance,CCI,0.02
2023-09-01,Equity Min-Variance,CCI,0.02
2023-10-02,Equity Min-Variance,CCI,0.02
2023-11-01,Equity Min-Variance,CCI,0.02
2023-12-01,Equity Min-Variance,CCI,0.02
2021-01-04,Equity Min-Variance,CMCSA,0.02169718111535053
2021-02-01,Equity Min-Variance,CMCSA,0.021270533990384078
2021-03-01,Equity Min-Variance,CMCSA,0.021644286594288485
2021-04-01,Equity Min-Variance,CMCSA,0.0177371688128005
2021-05-03,Equity Min-Variance,CMCSA,0.02088680462106421
2021-06-01,Equity Min-Variance,CMCSA,0.02
2021-07-01,Equity Min-Variance,CMCSA,0.02
2021-08-02,Equity Min-Variance,CMCSA,0.02
2021-09-01,Equity Min-Variance,CMCSA,0.02
2021-10-01,Equity Min-Variance,CMCSA,0.02
2021-11-01,Equity Min-Variance,CMCSA,0.02
2021-12-01,Equity Min-Variance,CMCSA,0.02
2022-01-03,Equity Min-Variance,CMCSA,0.02
2022-02-01,Equity Min-Variance,CMCSA,0.02
2022-03-01,Equity Min-Variance,CMCSA,0.02
2022-04-01,Equity Min-Variance,CMCSA,0.02
2022-05-02,Equity Min-Variance,CMCSA,0.02
2022-06-01,Equity Min-Variance,CMCSA,0.02
2022-07-01,Equity Min-Variance,CMCSA,0.02
2022-08-01,Equity Min-Variance,CMCSA,0.02
2022-09-01,Equity Min-Variance,CMCSA,0.02
2022-10-03,Equity Min-Variance,CMCSA,0.02
2022-11-01,Equity Min-Variance,CMCSA,0.02
2022-12-01,Equity Min-Variance,CMCSA,0.02
2023-01-03,Equity Min-Variance,CMCSA,0.02
2023-02-01,Equity Min-Variance,CMCSA,0.02
2023-03-01,Equity Min-Variance,CMCSA,0.02
2023-04-03,Equity Min-Variance,CMCSA,0.02
2023-05-01,Equity Min-Variance,CMCSA,0.02
2023-06-01,Equity Min-Variance,CMCSA,0.02
2023-07-03,Equity Min-Variance,CMCSA,0.02
2023-08-01,Equity Min-Variance,CMCSA,0.02
2023-09-01,Equity Min-Variance,CMCSA,0.02
2023-10-02,Equity Min-Variance,CMCSA,0.02
2023-11-01,Equity Min-Variance,CMCSA,0.02
2023-12-01,Equity Min-Variance,CMCSA,0.02
2021-01-04,Equity Min-Variance,COP,0.0
2021-02-01,Equity Min-Variance,COP,3.1730996606523934e-18
2021-03-01,Equity Min-Variance,COP,5.156655916776431e-19
2021-04-01,Equity Min-Variance,COP,0.0
2021-05-03,Equity Min-Variance,COP,0.005852066656357352
2021-06-01,Equity Min-Variance,COP,0.02
2021-07-01,Equity Min-Variance,COP,0.02
2021-08-02,Equity Min-Variance,COP,0.02
2021-09-01,Equity Min-Variance,COP,0.02
2021-10-01,Equity Min-Variance,COP,0.02
2021-11-01,Equity Min-Variance,COP,0.02
2021-12-01,Equity Min-Variance,COP,0.02
2022-01-03,Equity Min-Variance,COP,0.02
2022-02-01,Equity Min-Variance,COP,0.02
2022-03-01,Equity Min-Variance,COP,0.02
2022-04-01,Equity Min-Variance,COP,0.02
2022-05-02,Equity Min-Variance,COP,0.02
2022-06-01,Equity Min-Variance,COP,0.02
2022-07-01,Equity Min-Variance,COP,0.02
2022-08-01,Equity Min-Variance,COP,0.02
2022-09-01,Equity Min-Variance,COP,0.02
2022-10-03,Equity Min-Variance,COP,0.02
2022-11-01,Equity Min-Variance,COP,0.02
2022-12-01,Equity Min-Variance,COP,0.02
2023-01-03,Equity Min-Variance,COP,0.02
2023-02-01,Equity Min-Variance,COP,0.02
2023-03-01,Equity Min-Variance,COP,0.02
2023-04-03,Equity Min-Variance,COP,0.02
2023-05-01,Equity Min-Variance,COP,0.02
2023-06-01,Equity Min-Variance,COP,0.02
2023-07-03,Equity Min-Variance,COP,0.02
2023-08-01,Equity Min-Variance,COP,0.02
2023-09-01,Equity Min-Variance,COP,0.02
2023-10-02,Equity Min-Variance,COP,0.02
2023-11-01,Equity Min-Variance,COP,0.02
2023-12-01,Equity Min-Variance,COP,0.02
2021-01-04,Equity Min-Variance,CVX,0.0
2021-02-01,Equity Min-Variance,CVX,3.773764920018908e-18
2021-03-01,Equity Min-Variance,CVX,1.2352361930093045e-18
2021-04-01,Equity Min-Variance,CVX,0.0017733228282802757
2021-05-03,Equity Min-Variance,CVX,0.011815938001500412
2021-06-01,Equity Min-Variance,CVX,0.02
2021-07-01,Equity Min-Variance,CVX,0.02
2021-08-02,Equity Min-Variance,CVX,0.02
2021-09-01,Equity Min-Variance,CVX,0.02
2021-10-01,Equity Min-Variance,CVX,0.02
2021-11-01,Equity Min-Variance,CVX,0.02
2021-12-01,Equity Min-Variance,CVX,0.02
2022-01-03,Equity Min-Variance,CVX,0.02
2022-02-01,Equity Min-Variance,CVX,0.02
2022-03-01,Equity Min-Variance,CVX,0.02
2022-04-01,Equity Min-Variance,CVX,0.02
2022-05-02,Equity Min-Variance,CVX,0.02
2022-06-01,Equity Min-Variance,CVX,0.02
2022-07-01,Equity Min-Variance,CVX,0.02
2022-08-01,Equity Min-Variance,CVX,0.02
2022-09-01,Equity Min-Variance,CVX,0.02
2022-10-03,Equity Min-Variance,CVX,0.02
2022-11-01,Equity Min-Variance,CVX,0.02
2022-12-01,Equity Min-Variance,CVX,0.02
2023-01-03,Equity Min-Variance,CVX,0.02
2023-02-01,Equity Min-Variance,CVX,0.02
2023-03-01,Equity Min-Variance,CVX,0.02
2023-04-03,Equity Min-Variance,CVX,0.02
2023-05-01,Equity Min-Variance,CVX,0.02
2023-06-01,Equity Min-Variance,CVX,0.02
2023-07-03,Equity Min-Variance,CVX,0.02
2023-08-01,Equity Min-Variance,CVX,0.02
2023-09-01,Equity Min-Variance,CVX,0.02
2023-10-02,Equity Min-Variance,CVX,0.02
2023-11-01,Equity Min-Variance,CVX,0.02
2023-12-01,Equity Min-Variance,CVX,0.02
2021-01-04,Equity Min-Variance,D,2.720897349217732e-17
2021-02-01,Equity Min-Variance,D,0.0004502507017550815
2021-03-01,Equity Min-Variance,D,0.0
2021-04-01,Equity Min-Variance,D,0.03905581391858871
2021-05-03,Equity Min-Variance,D,0.029338752929980814
2021-06-01,Equity Min-Variance,D,0.02
2021-07-01,Equity Min-Variance,D,0.02
2021-08-02,Equity Min-Variance,D,0.02
2021-09-01,Equity Min-Variance,D,0.02
2021-10-01,Equity Min-Variance,D,0.02
2021-11-01,Equity Min-Variance,D,0.02
2021-12-01,Equity Min-Variance,D,0.02
2022-01-03,Equity Min-Variance,D,0.02
2022-02-01,Equity Min-Variance,D,0.02
2022-03-01,Equity Min-Variance,D,0.02
2022-04-01,Equity Min-Variance,D,0.02
2022-05-02,Equity Min-Variance,D,0.02
2022-06-01,Equity Min-Variance,D,0.02
2022-07-01,Equity Min-Variance,D,0.02
2022-08-01,Equity Min-Variance,D,0.02
2022-09-01,Equity Min-Variance,D,0.02
2022-10-03,Equity Min-Variance,D,0.02
2022-11-01,Equity Min-Variance,D,0.02
2022-12-01,Equity Min-Variance,D,0.02
2023-01-03,Equity Min-Variance,D,0.02
2023-02-01,Equity Min-Variance,D,0.02
2023-03-01,Equity Min-Variance,D,0.02
2023-04-03,Equity Min-Variance,D,0.02
2023-05-01,Equity Min-Variance,D,0.02
2023-06-01,Equity Min-Variance,D,0.02
2023-07-03,Equity Min-Variance,D,0.02
2023-08-01,Equity Min-Variance,D,0.02
2023-09-01,Equity Min-Variance,D,0.02
2023-10-02,Equity Min-Variance,D,0.02
2023-11-01,Equity Min-Variance,D,0.02
2023-12-01,Equity Min-Variance,D,0.02
2021-01-04,Equity Min-Variance,DD,0.0
2021-02-01,Equity Min-Variance,DD,3.0181491576850463e-18
2021-03-01,Equity Min-Variance,DD,0.0
2021-04-01,Equity Min-Variance,DD,0.0010648800875119543
2021-05-03,Equity Min-Variance,DD,0.015077318351594036
2021-06-01,Equity Min-Variance,DD,0.02
2021-07-01,Equity Min-Variance,DD,0.02
2021-08-02,Equity Min-Variance,DD,0.02
2021-09-01,Equity Min-Variance,DD,0.02
2021-10-01,Equity Min-Variance,DD,0.02
2021-11-01,Equity Min-Variance,DD,0.02
2021-12-01,Equity Min-Variance,DD,0.02
2022-01-03,Equity Min-Variance,DD,0.02
2022-02-01,Equity Min-Variance,DD,0.02
2022-03-01,Equity Min-Variance,DD,0.02
2022-04-01,Equity Min-Variance,DD,0.02
2022-05-02,Equity Min-Variance,DD,0.02
2022-06-01,Equity Min-Variance,DD,0.02
2022-07-01,Equity Min-Variance,DD,0.02
2022-08-01,Equity Min-Variance,DD,0.02
2022-09-01,Equity Min-Variance,DD,0.02
2022-10-03,Equity Min-Variance,DD,0.02
2022-11-01,Equity Min-Variance,DD,0.02
2022-12-01,Equity Min-Variance,DD,0.02
2023-01-03,Equity Min-Variance,DD,0.02
2023-02-01,Equity Min-Variance,DD,0.02
2023-03-01,Equity Min-Variance,DD,0.02
2023-04-03,Equity Min-Variance,DD,0.02
2023-05-01,Equity Min-Variance,DD,0.02
2023-06-01,Equity Min-Variance,DD,0.02
2023-07-03,Equity Min-Variance,DD,0.02
2023-08-01,Equity Min-Variance,DD,0.02
2023-09-01,Equity Min-Variance,DD,0.02
2023-10-02,Equity Min-Variance,DD,0.02
2023-11-01,Equity Min-Variance,DD,0.02
2023-12-01,Equity Min-Variance,DD,0.02
2021-01-04,Equity Min-Variance,DIS,0.0025092164988224155
2021-02-01,Equity Min-Variance,DIS,0.0031206788959892116
2021-03-01,Equity Min-Variance,DIS,0.002979981376945698
2021-04-01,Equity Min-Variance,DIS,0.015221425366623792
2021-05-03,Equity Min-Variance,DIS,0.017329043586527478
2021-06-01,Equity Min-Variance,DIS,0.02
2021-07-01,Equity Min-Variance,DIS,0.02
2021-08-02,Equity Min-Variance,DIS,0.02
2021-09-01,Equity Min-Variance,DIS,0.02
2021-10-01,Equity Min-Variance,DIS,0.02
2021-11-01,Equity Min-Variance,DIS,0.02
2021-12-01,Equity Min-Variance,DIS,0.02
2022-01-03,Equity Min-Variance,DIS,0.02
2022-02-01,Equity Min-Variance,DIS,0.02
2022-03-01,Equity Min-Variance,DIS,0.02
2022-04-01,Equity Min-Variance,DIS,0.02
2022-05-02,Equity Min-Variance,DIS,0.02
2022-06-01,Equity Min-Variance,DIS,0.02
2022-07-01,Equity Min-Variance,DIS,0.02
2022-08-01,Equity Min-Variance,DIS,0.02
2022-09-01,Equity Min-Variance,DIS,0.02
2022-10-03,Equity Min-Variance,DIS,0.02
2022-11-01,Equity Min-Variance,DIS,0.02
2022-12-01,Equity Min-Variance,DIS,0.02
2023-01-03,Equity Min-Variance,DIS,0.02
2023-02-01,Equity Min-Variance,DIS,0.02
2023-03-01,Equity Min-Variance,DIS,0.02
2023-04-03,Equity Min-Variance,DIS,0.02
2023-05-01,Equity Min-Variance,DIS,0.02
2023-06-01,Equity Min-Variance,DIS,0.02
2023-07-03,Equity Min-Variance,DIS,0.02
2023-08-01,Equity Min-Variance,DIS,0.02
2023-09-01,Equity Min-Variance,DIS,0.02
2023-10-02,Equity Min-Variance,DIS,0.02
2023-11-01,Equity Min-Variance,DIS,0.02
2023-12-01,Equity Min-Variance,DIS,0.02
2021-01-04,Equity Min-Variance,DOW,0.0
2021-02-01,Equity Min-Variance,DOW,3.036430737089737e-18
2021-03-01,Equity Min-Variance,DOW,1.3549885144133914e-19
2021-04-01,Equity Min-Variance,DOW,3.2526065174565133e-19
2021-05-03,Equity Min-Variance,DOW,0.009296746632341587
2021-06-01,Equity Min-Variance,DOW,0.02
2021-07-01,Equity Min-Variance,DOW,0.02
2021-08-02,Equity Min-Variance,DOW,0.02
2021-09-01,Equity Min-Variance,DOW,0.02
2021-10-01,Equity Min-Variance,DOW,0.02
2021-11-01,Equity Min-Variance,DOW,0.02
2021-12-01,Equity Min-Variance,DOW,0.02
2022-01-03,Equity Min-Variance,DOW,0.02
2022-02-01,Equity Min-Variance,DOW,0.02
2022-03-01,Equity Min-Variance,DOW,0.02
2022-04-01,Equity Min-Variance,DOW,0.02
2022-05-02,Equity Min-Variance,DOW,0.02
2022-06-01,Equity Min-Variance,DOW,0.02
2022-07-01,Equity Min-Variance,DOW,0.02
2022-08-01,Equity Min-Variance,DOW,0.02
2022-09-01,Equity Min-Variance,DOW,0.02
2022-10-03,Equity Min-Variance,DOW,0.02
2022-11-01,Equity Min-Variance,DOW,0.02
2022-12-01,Equity Min-Variance,DOW,0.02
2023-01-03,Equity Min-Variance,DOW,0.02
2023-02-01,Equity Min-Variance,DOW,0.02
2023-03-01,Equity Min-Variance,DOW,0.02
2023-04-03,Equity Min-Variance,DOW,0.02
2023-05-01,Equity Min-Variance,DOW,0.02
2023-06-01,Equity Min-Variance,DOW,0.02
2023-07-03,Equity Min-Variance,DOW,0.02
2023-08-01,Equity Min-Variance,DOW,0.02
2023-09-01,Equity Min-Variance,DOW,0.02
2023-10-02,Equity Min-Variance,DOW,0.02
2023-11-01,Equity Min-Variance,DOW,0.02
2023-12-01,Equity Min-Variance,DOW,0.02
2021-01-04,Equity Min-Variance,DUK,1.7997756063259374e-17
2021-02-01,Equity Min-Variance,DUK,0.0038369418796995913
2021-03-01,Equity Min-Variance,DUK,0.0030257496649213986
2021-04-01,Equity Min-Variance,DUK,0.03197260989765354
2021-05-03,Equity Min-Variance,DUK,0.027186428107937404
2021-06-01,Equity Min-Variance,DUK,0.02
2021-07-01,Equity Min-Variance,DUK,0.02
2021-08-02,Equity Min-Variance,DUK,0.02
2021-09-01,Equity Min-Variance,DUK,0.02
2021-10-01,Equity Min-Variance,DUK,0.02
2021-11-01,Equity Min-Variance,DUK,0.02
2021-12-01,Equity Min-Variance,DUK,0.02
2022-01-03,Equity Min-Variance,DUK,0.02
2022-02-01,Equity Min-Variance,DUK,0.02
2022-03-01,Equity Min-Variance,DUK,0.02
2022-04-01,Equity Min-Variance,DUK,0.02
2022-05-02,Equity Min-Variance,DUK,0.02
2022-06-01,Equity Min-Variance,DUK,0.02
2022-07-01,Equity Min-Variance,DUK,0.02
2022-08-01,Equity Min-Variance,DUK,0.02
2022-09-01,Equity Min-Variance,DUK,0.02
2022-10-03,Equity Min-Variance,DUK,0.02
2022-11-01,Equity Min-Variance,DUK,0.02
2022-12-01,Equity Min-Variance,DUK,0.02
2023-01-03,Equity Min-Variance,DUK,0.02
2023-02-01,Equity Min-Variance,DUK,0.02
2023-03-01,Equity Min-Variance,DUK,0.02
2023-04-03,Equity Min-Variance,DUK,0.02
2023-05-01,Equity Min-Variance,DUK,0.02
2023-06-01,Equity Min-Variance,DUK,0.02
2023-07-03,Equity Min-Variance,DUK,0.02
2023-08-01,Equity Min-Variance,DUK,0.02
2023-09-01,Equity Min-Variance,DUK,0.02
2023-10-02,Equity Min-Variance,DUK,0.02
2023-11-01,Equity Min-Variance,DUK,0.02
2023-12-01,Equity Min-Variance,DUK,0.02
2021-01-04,Equity Min-Variance,EA,0.08233464045055161
2021-02-01,Equity Min-Variance,EA,0.08152982525521581
2021-03-01,Equity Min-Variance,EA,0.08024487680139172
2021-04-01,Equity Min-Variance,EA,0.054449868348214144
2021-05-03,Equity Min-Variance,EA,0.03032740539088264
2021-06-01,Equity Min-Variance,EA,0.02
2021-07-01,Equity Min-Variance,EA,0.02
2021-08-02,Equity Min-Variance,EA,0.02
2021-09-01,Equity Min-Variance,EA,0.02
2021-10-01,Equity Min-Variance,EA,0.02
2021-11-01,Equity Min-Variance,EA,0.02
2021-12-01,Equity Min-Variance,EA,0.02
2022-01-03,Equity Min-Variance,EA,0.02
2022-02-01,Equity Min-Variance,EA,0.02
2022-03-01,Equity Min-Variance,EA,0.02
2022-04-01,Equity Min-Variance,EA,0.02
2022-05-02,Equity Min-Variance,EA,0.02
2022-06-01,Equity Min-Variance,EA,0.02
2022-07-01,Equity Min-Variance,EA,0.02
2022-08-01,Equity Min-Variance,EA,0.02
2022-09-01,Equity Min-Variance,EA,0.02
2022-10-03,Equity Min-Variance,EA,0.02
2022-11-01,Equity Min-Variance,EA,0.02
2022-12-01,Equity Min-Variance,EA,0.02
2023-01-03,Equity Min-Variance,EA,0.02
2023-02-01,Equity Min-Variance,EA,0.02
2023-03-01,Equity Min-Variance,EA,0.02
2023-04-03,Equity Min-Variance,EA,0.02
2023-05-01,Equity Min-Variance,EA,0.02
2023-06-01,Equity Min-Variance,EA,0.02
2023-07-03,Equity Min-Variance,EA,0.02
2023-08-01,Equity Min-Variance,EA,0.02
2023-09-01,Equity Min-Variance,EA,0.02
2023-10-02,Equity Min-Variance,EA,0.02
2023-11-01,Equity Min-Variance,EA,0.02
2023-12-01,Equity Min-Variance,EA,0.02
2021-01-04,Equity Min-Variance,GE,0.0
2021-02-01,Equity Min-Variance,GE,1.805429222919809e-18
2021-03-01,Equity Min-Variance,GE,0.0
2021-04-01,Equity Min-Variance,GE,4.566813023715895e-18
2021-05-03,Equity Min-Variance,GE,0.010413684270029838
2021-06-01,Equity Min-Variance,GE,0.02
2021-07-01,Equity Min-Variance,GE,0.02
2021-08-02,Equity Min-Variance,GE,0.02
2021-09-01,Equity Min-Variance,GE,0.02
2021-10-01,Equity Min-Variance,GE,0.02
2021-11-01,Equity Min-Variance,GE,0.02
2021-12-01,Equity Min-Variance,GE,0.02
2022-01-03,Equity Min-Variance,GE,0.02
2022-02-01,Equity Min-Variance,GE,0.02
2022-03-01,Equity Min-Variance,GE,0.02
2022-04-01,Equity Min-Variance,GE,0.02
2022-05-02,Equity Min-Variance,GE,0.02
2022-06-01,Equity Min-Variance,GE,0.02
2022-07-01,Equity Min-Variance,GE,0.02
2022-08-01,Equity Min-Variance,GE,0.02
2022-09-01,Equity Min-Variance,GE,0.02
2022-10-03,Equity Min-Variance,GE,0.02
2022-11-01,Equity Min-Variance,GE,0.02
2022-12-01,Equity Min-Variance,GE,0.02
2023-01-03,Equity Min-Variance,GE,0.02
2023-02-01,Equity Min-Variance,GE,0.02
2023-03-01,Equity Min-Variance,GE,0.02
2023-04-03,Equity Min-Variance,GE,0.02
2023-05-01,Equity Min-Variance,GE,0.02
2023-06-01,Equity Min-Variance,GE,0.02
2023-07-03,Equity Min-Variance,GE,0.02
2023-08-01,Equity Min-Variance,GE,0.02
2023-09-01,Equity Min-Variance,GE,0.02
2023-10-02,Equity Min-Variance,GE,0.02
2023-11-01,Equity Min-Variance,GE,0.02
2023-12-01,Equity Min-Variance,GE,0.02
2021-01-04,Equity Min-Variance,GILD,0.09898535422400773
2021-02-01,Equity Min-Variance,GILD,0.09547814061166524
2021-03-01,Equity Min-Variance,GILD,0.09108108628594512
2021-04-01,Equity Min-Variance,GILD,0.04440339860835793
2021-05-03,Equity Min-Variance,GILD,0.02811398292678593
2021-06-01,Equity Min-Variance,GILD,0.02
2021-07-01,Equity Min-Variance,GILD,0.02
2021-08-02,Equity Min-Variance,GILD,0.02
2021-09-01,Equity Min-Variance,GILD,0.02
2021-10-01,Equity Min-Variance,GILD,0.02
2021-11-01,Equity Min-Variance,GILD,0.02
2021-12-01,Equity Min-Variance,GILD,0.02
2022-01-03,Equity Min-Variance,GILD,0.02
2022-02-01,Equity Min-Variance,GILD,0.02
2022-03-01,Equity Min-Variance,GILD,0.02
2022-04-01,Equity Min-Variance,GILD,0.02
2022-05-02,Equity Min-Variance,GILD,0.02
2022-06-01,Equity Min-Variance,GILD,0.02
2022-07-01,Equity Min-Variance,GILD,0.02
2022-08-01,Equity Min-Variance,GILD,0.02
2022-09-01,Equity Min-Variance,GILD,0.02
2022-10-03,Equity Min-Variance,GILD,0.02
2022-11-01,Equity Min-Variance,GILD,0.02
2022-12-01,Equity Min-Variance,GILD,0.02
2023-01-03,Equity Min-Variance,GILD,0.02
2023-02-01,Equity Min-Variance,GILD,0.02
2023-03-01,Equity Min-Variance,GILD,0.02
2023-04-03,Equity Min-Variance,GILD,0.02
2023-05-01,Equity Min-Variance,GILD,0.02
2023-06-01,Equity Min-Variance,GILD,0.02
2023-07-03,Equity Min-Variance,GILD,0.02
2023-08-01,Equity Min-Variance,GILD,0.02
2023-09-01,Equity Min-Variance,GILD,0.02
2023-10-02,Equity Min-Variance,GILD,0.02
2023-11-01,Equity Min-Variance,GILD,0.02
2023-12-01,Equity Min-Variance,GILD,0.02
2021-01-04,Equity Min-Variance,GS,0.0
2021-02-01,Equity Min-Variance,GS,3.566697075492454e-18
2021-03-01,Equity Min-Variance,GS,0.0
2021-04-01,Equity Min-Variance,GS,0.005634045857424292
2021-05-03,Equity Min-Variance,GS,0.015065159487026141
2021-06-01,Equity Min-Variance,GS,0.02
2021-07-01,Equity Min-Variance,GS,0.02
2021-08-02,Equity Min-Variance,GS,0.02
2021-09-01,Equity Min-Variance,GS,0.02
2021-10-01,Equity Min-Variance,GS,0.02
2021-11-01,Equity Min-Variance,GS,0.02
2021-12-01,Equity Min-Variance,GS,0.02
2022-01-03,Equity Min-Variance,GS,0.02
2022-02-01,Equity Min-Variance,GS,0.02
2022-03-01,Equity Min-Variance,GS,0.02
2022-04-01,Equity Min-Variance,GS,0.02
2022-05-02,Equity Min-Variance,GS,0.02
2022-06-01,Equity Min-Variance,GS,0.02
2022-07-01,Equity Min-Variance,GS,0.02
2022-08-01,Equity Min-Variance,GS,0.02
2022-09-01,Equity Min-Variance,GS,0.02
2022-10-03,Equity Min-Variance,GS,0.02
2022-11-01,Equity Min-Variance,GS,0.02
2022-12-01,Equity Min-Variance,GS,0.02
2023-01-03,Equity Min-Variance,GS,0.02
2023-02-01,Equity Min-Variance,GS,0.02
2023-03-01,Equity Min-Variance,GS,0.02
2023-04-03,Equity Min-Variance,GS,0.02
2023-05-01,Equity Min-Variance,GS,0.02
2023-06-01,Equity Min-Variance,GS,0.02
2023-07-03,Equity Min-Variance,GS,0.02
2023-08-01,Equity Min-Variance,GS,0.02
2023-09-01,Equity Min-Variance,GS,0.02
2023-10-02,Equity Min-Variance,GS,0.02
2023-11-01,Equity Min-Variance,GS,0.02
2023-12-01,Equity Min-Variance,GS,0.02
2021-01-04,Equity Min-Variance,INTC,0.0
2021-02-01,Equity Min-Variance,INTC,1.8540500892096002e-18
2021-03-01,Equity Min-Variance,INTC,0.0
2021-04-01,Equity Min-Variance,INTC,0.01636929827043202
2021-05-03,Equity Min-Variance,INTC,0.020727036734204052
2021-06-01,Equity Min-Variance,INTC,0.02
2021-07-01,Equity Min-Variance,INTC,0.02
2021-08-02,Equity Min-Variance,INTC,0.02
2021-09-01,Equity Min-Variance,INTC,0.02
2021-10-01,Equity Min-Variance,INTC,0.02
2021-11-01,Equity Min-Variance,INTC,0.02
2021-12-01,Equity Min-Variance,INTC,0.02
2022-01-03,Equity Min-Variance,INTC,0.02
2022-02-01,Equity Min-Variance,INTC,0.02
2022-03-01,Equity Min-Variance,INTC,0.02
2022-04-01,Equity Min-Variance,INTC,0.02
2022-05-02,Equity Min-Variance,INTC,0.02
2022-06-01,Equity Min-Variance,INTC,0.02
2022-07-01,Equity Min-Variance,INTC,0.02
2022-08-01,Equity Min-Variance,INTC,0.02
2022-09-01,Equity Min-Variance,INTC,0.02
2022-10-03,Equity Min-Variance,INTC,0.02
2022-11-01,Equity Min-Variance,INTC,0.02
2022-12-01,Equity Min-Variance,INTC,0.02
2023-01-03,Equity Min-Variance,INTC,0.02
2023-02-01,Equity Min-Variance,INTC,0.02
2023-03-01,Equity Min-Variance,INTC,0.02
2023-04-03,Equity Min-Variance,INTC,0.02
2023-05-01,Equity Min-Variance,INTC,0.02
2023-06-01,Equity Min-Variance,INTC,0.02
2023-07-03,Equity Min-Variance,INTC,0.02
2023-08-01,Equity Min-Variance,INTC,0.02
2023-09-01,Equity Min-Variance,INTC,0.02
2023-10-02,Equity Min-Variance,INTC,0.02
2023-11-01,Equity Min-Variance,INTC,0.02
2023-12-01,Equity Min-Variance,INTC,0.02
2021-01-04,Equity Min-Variance,KO,0.03780556319640367
2021-02-01,Equity Min-Variance,KO,0.03791134005012767
2021-03-01,Equity Min-Variance,KO,0.03684859680169427
2021-04-01,Equity Min-Variance,KO,0.022170806871874844
2021-05-03,Equity Min-Variance,KO,0.022190309035638067
2021-06-01,Equity Min-Variance,KO,0.02
2021-07-01,Equity Min-Variance,KO,0.02
2021-08-02,Equity Min-Variance,KO,0.02
2021-09-01,Equity Min-Variance,KO,0.02
2021-10-01,Equity Min-Variance,KO,0.02
2021-11-01,Equity Min-Variance,KO,0.02
2021-12-01,Equity Min-Variance,KO,0.02
2022-01-03,Equity Min-Variance,KO,0.02
2022-02-01,Equity Min-Variance,KO,0.02
2022-03-01,Equity Min-Variance,KO,0.02
2022-04-01,Equity Min-Variance,KO,0.02
2022-05-02,Equity Min-Variance,KO,0.02
2022-06-01,Equity Min-Variance,KO,0.02
2022-07-01,Equity Min-Variance,KO,0.02
2022-08-01,Equity Min-Variance,KO,0.02
2022-09-01,Equity Min-Variance,KO,0.02
2022-10-03,Equity Min-Variance,KO,0.02
2022-11-01,Equity Min-Variance,KO,0.02
2022-12-01,Equity Min-Variance,KO,0.02
2023-01-03,Equity Min-Variance,KO,0.02
2023-02-01,Equity Min-Variance,KO,0.02
2023-03-01,Equity Min-Variance,KO,0.02
2023-04-03,Equity Min-Variance,KO,0.02
2023-05-01,Equity Min-Variance,KO,0.02
2023-06-01,Equity Min-Variance,KO,0.02
2023-07-03,Equity Min-Variance,KO,0.02
2023-08-01,Equity Min-Variance,KO,0.02
2023-09-01,Equity Min-Variance,KO,0.02
2023-10-02,Equity Min-Variance,KO,0.02
2023-11-01,Equity Min-Variance,KO,0.02
2023-12-01,Equity Min-Variance,KO,0.02
2021-01-04,Equity Min-Variance,MMM,0.041158398066412645
2021-02-01,Equity Min-Variance,MMM,0.04463625724787156
2021-03-01,Equity Min-Variance,MMM,0.04260256201818925
2021-04-01,Equity Min-Variance,MMM,0.03280347022933971
2021-05-03,Equity Min-Variance,MMM,0.02278937609896937
2021-06-01,Equity Min-Variance,MMM,0.02
2021-07-01,Equity Min-Variance,MMM,0.02
2021-08-02,Equity Min-Variance,MMM,0.02
2021-09-01,Equity Min-Variance,MMM,0.02
2021-10-01,Equity Min-Variance,MMM,0.02
2021-11-01,Equity Min-Variance,MMM,0.02
2021-12-01,Equity Min-Variance,MMM,0.02
2022-01-03,Equity Min-Variance,MMM,0.02
2022-02-01,Equity Min-Variance,MMM,0.02
2022-03-01,Equity Min-Variance,MMM,0.02
2022-04-01,Equity Min-Variance,MMM,0.02
2022-05-02,Equity Min-Variance,MMM,0.02
2022-06-01,Equity Min-Variance,MMM,0.02
2022-07-01,Equity Min-Variance,MMM,0.02
2022-08-01,Equity Min-Variance,MMM,0.02
2022-09-01,Equity Min-Variance,MMM,0.02
2022-10-03,Equity Min-Variance,MMM,0.02
2022-11-01,Equity Min-Variance,MMM,0.02
2022-12-01,Equity Min-Variance,MMM,0.02
2023-01-03,Equity Min-Variance,MMM,0.02
2023-02-01,Equity Min-Variance,MMM,0.02
2023-03-01,Equity Min-Variance,MMM,0.02
2023-04-03,Equity Min-Variance,MMM,0.02
2023-05-01,Equity Min-Variance,MMM,0.02
2023-06-01,Equity Min-Variance,MMM,0.02
2023-07-03,Equity Min-Variance,MMM,0.02
2023-08-01,Equity Min-Variance,MMM,0.02
2023-09-01,Equity Min-Variance,MMM,0.02
2023-10-02,Equity Min-Variance,MMM,0.02
2023-11-01,Equity Min-Variance,MMM,0.02
2023-12-01,Equity Min-Variance,MMM,0.02
2021-01-04,Equity Min-Variance,MRK,0.06504073873003843
2021-02-01,Equity Min-Variance,MRK,0.0629452617074978
2021-03-01,Equity Min-Variance,MRK,0.06035431245966387
2021-04-01,Equity Min-Variance,MRK,0.03910512214906717
2021-05-03,Equity Min-Variance,MRK,0.027869607832538414
2021-06-01,Equity Min-Variance,MRK,0.02
2021-07-01,Equity Min-Variance,MRK,0.02
2021-08-02,Equity Min-Variance,MRK,0.02
2021-09-01,Equity Min-Variance,MRK,0.02
2021-10-01,Equity Min-Variance,MRK,0.02
2021-11-01,Equity Min-Variance,MRK,0.02
2021-12-01,Equity Min-Variance,MRK,0.02
2022-01-03,Equity Min-Variance,MRK,0.02
2022-02-01,Equity Min-Variance,MRK,0.02
2022-03-01,Equity Min-Variance,MRK,0.02
2022-04-01,Equity Min-Variance,MRK,0.02
2022-05-02,Equity Min-Variance,MRK,0.02
2022-06-01,Equity Min-Variance,MRK,0.02
2022-07-01,Equity Min-Variance,MRK,0.02
2022-08-01,Equity Min-Variance,MRK,0.02
2022-09-01,Equity Min-Variance,MRK,0.02
2022-10-03,Equity Min-Variance,MRK,0.02
2022-11-01,Equity Min-Variance,MRK,0.02
2022-12-01,Equity Min-Variance,MRK,0.02
2023-01-03,Equity Min-Variance,MRK,0.02
2023-02-01,Equity Min-Variance,MRK,0.02
2023-03-01,Equity Min-Variance,MRK,0.02
2023-04-03,Equity Min-Variance,MRK,0.02
2023-05-01,Equity Min-Variance,MRK,0.02
2023-06-01,Equity Min-Variance,MRK,0.02
2023-07-03,Equity Min-Variance,MRK,0.02
2023-08-01,Equity Min-Variance,MRK,0.02
2023-09-01,Equity Min-Variance,MRK,0.02
2023-10-02,Equity Min-Variance,MRK,0.02
2023-11-01,Equity Min-Variance,MRK,0.02
2023-12-01,Equity Min-Variance,MRK,0.02
2021-01-04,Equity Min-Variance,MS,0.0
2021-02-01,Equity Min-Variance,MS,3.0302827168026842e-18
2021-03-01,Equity Min-Variance,MS,1.5645538000353008e-18
2021-04-01,Equity Min-Variance,MS,1.3552527156068805e-18
2021-05-03,Equity Min-Variance,MS,0.013221572987890976
2021-06-01,Equity Min-Variance,MS,0.02
2021-07-01,Equity Min-Variance,MS,0.02
2021-08-02,Equity Min-Variance,MS,0.02
2021-09-01,Equity Min-Variance,MS,0.02
2021-10-01,Equity Min-Variance,MS,0.02
2021-11-01,Equity Min-Variance,MS,0.02
2021-12-01,Equity Min-Variance,MS,0.02
2022-01-03,Equity Min-Variance,MS,0.02
2022-02-01,Equity Min-Variance,MS,0.02
2022-03-01,Equity Min-Variance,MS,0.02
2022-04-01,Equity Min-Variance,MS,0.02
2022-05-02,Equity Min-Variance,MS,0.02
2022-06-01,Equity Min-Variance,MS,0.02
2022-07-01,Equity Min-Variance,MS,0.02
2022-08-01,Equity Min-Variance,MS,0.02
2022-09-01,Equity Min-Variance,MS,0.02
2022-10-03,Equity Min-Variance,MS,0.02
2022-11-01,Equity Min-Variance,MS,0.02
2022-12-01,Equity Min-Variance,MS,0.02
2023-01-03,Equity Min-Variance,MS,0.02
2023-02-01,Equity Min-Variance,MS,0.02
2023-03-01,Equity Min-Variance,MS,0.02
2023-04-03,Equity Min-Variance,MS,0.02
2023-05-01,Equity Min-Variance,MS,0.02
2023-06-01,Equity Min-Variance,MS,0.02
2023-07-03,Equity Min-Variance,MS,0.02
2023-08-01,Equity Min-Variance,MS,0.02
2023-09-01,Equity Min-Variance,MS,0.02
2023-10-02,Equity Min-Variance,MS,0.02
2023-11-01,Equity Min-Variance,MS,0.02
2023-12-01,Equity Min-Variance,MS,0.02
2021-01-04,Equity Min-Variance,NEE,0.0004489689232833774
2021-02-01,Equity Min-Variance,NEE,0.0
2021-03-01,Equity Min-Variance,NEE,0.0
2021-04-01,Equity Min-Variance,NEE,0.02191843531496144
2021-05-03,Equity Min-Variance,NEE,0.025329872302007433
2021-06-01,Equity Min-Variance,NEE,0.02
2021-07-01,Equity Min-Variance,NEE,0.02
2021-08-02,Equity Min-Variance,NEE,0.02
2021-09-01,Equity Min-Variance,NEE,0.02
2021-10-01,Equity Min-Variance,NEE,0.02
2021-11-01,Equity Min-Variance,NEE,0.02
2021-12-01,Equity Min-Variance,NEE,0.02
2022-01-03,Equity Min-Variance,NEE,0.02
2022-02-01,Equity Min-Variance,NEE,0.02
2022-03-01,Equity Min-Variance,NEE,0.02
2022-04-01,Equity Min-Variance,NEE,0.02
2022-05-02,Equity Min-Variance,NEE,0.02
2022-06-01,Equity Min-Variance,NEE,0.02
2022-07-01,Equity Min-Variance,NEE,0.02
2022-08-01,Equity Min-Variance,NEE,0.02
2022-09-01,Equity Min-Variance,NEE,0.02
2022-10-03,Equity Min-Variance,NEE,0.02
2022-11-01,Equity Min-Variance,NEE,0.02
2022-12-01,Equity Min-Variance,NEE,0.02
2023-01-03,Equity Min-Variance,NEE,0.02
2023-02-01,Equity Min-Variance,NEE,0.02
2023-03-01,Equity Min-Variance,NEE,0.02
2023-04-03,Equity Min-Variance,NEE,0.02
2023-05-01,Equity Min-Variance,NEE,0.02
2023-06-01,Equity Min-Variance,NEE,0.02
2023-07-03,Equity Min-Variance,NEE,0.02
2023-08-01,Equity Min-Variance,NEE,0.02
2023-09-01,Equity Min-Variance,NEE,0.02
2023-10-02,Equity Min-Variance,NEE,0.02
2023-11-01,Equity Min-Variance,NEE,0.02
2023-12-01,Equity Min-Variance,NEE,0.02
2021-01-04,Equity Min-Variance,NEM,0.10645523364818944
2021-02-01,Equity Min-Variance,NEM,0.10147410953426984
2021-03-01,Equity Min-Variance,NEM,0.09900876129183721
2021-04-01,Equity Min-Variance,NEM,0.046512198892457064
2021-05-03,Equity Min-Variance,NEM,0.02936648864598075
2021-06-01,Equity Min-Variance,NEM,0.02
2021-07-01,Equity Min-Variance,NEM,0.02
2021-08-02,Equity Min-Variance,NEM,0.02
2021-09-01,Equity Min-Variance,NEM,0.02
2021-10-01,Equity Min-Variance,NEM,0.02
2021-11-01,Equity Min-Variance,NEM,0.02
2021-12-01,Equity Min-Variance,NEM,0.02
2022-01-03,Equity Min-Variance,NEM,0.02
2022-02-01,Equity Min-Variance,NEM,0.02
2022-03-01,Equity Min-Variance,NEM,0.02
2022-04-01,Equity Min-Variance,NEM,0.02
2022-05-02,Equity Min-Variance,NEM,0.02
2022-06-01,Equity Min-Variance,NEM,0.02
2022-07-01,Equity Min-Variance,NEM,0.02
2022-08-01,Equity Min-Variance,NEM,0.02
2022-09-01,Equity Min-Variance,NEM,0.02
2022-10-03,Equity Min-Variance,NEM,0.02
2022-11-01,Equity Min-Variance,NEM,0.02
2022-12-01,Equity Min-Variance,NEM,0.02
2023-01-03,Equity Min-Variance,NEM,0.02
2023-02-01,Equity Min-Variance,NEM,0.02
2023-03-01,Equity Min-Variance,NEM,0.02
2023-04-03,Equity Min-Variance,NEM,0.02
2023-05-01,Equity Min-Variance,NEM,0.02
2023-06-01,Equity Min-Variance,NEM,0.02
2023-07-03,Equity Min-Variance,NEM,0.02
2023-08-01,Equity Min-Variance,NEM,0.02
2023-09-01,Equity Min-Variance,NEM,0.02
2023-10-02,Equity Min-Variance,NEM,0.02
2023-11-01,Equity Min-Variance,NEM,0.02
2023-12-01,Equity Min-Variance,NEM,0.02
2021-01-04,Equity Min-Variance,NKE,0.023853004481245572
2021-02-01,Equity Min-Variance,NKE,0.02351054005056485
2021-03-01,Equity Min-Variance,NKE,0.024694134152966715
2021-04-01,Equity Min-Variance,NKE,0.025279123406324534
2021-05-03,Equity Min-Variance,NKE,0.022858282370194275
2021-06-01,Equity Min-Variance,NKE,0.02
2021-07-01,Equity Min-Variance,NKE,0.02
2021-08-02,Equity Min-Variance,NKE,0.02
2021-09-01,Equity Min-Variance,NKE,0.02
2021-10-01,Equity Min-Variance,NKE,0.02
2021-11-01,Equity Min-Variance,NKE,0.02
2021-12-01,Equity Min-Variance,NKE,0.02
2022-01-03,Equity Min-Variance,NKE,0.02
2022-02-01,Equity Min-Variance,NKE,0.02
2022-03-01,Equity Min-Variance,NKE,0.02
2022-04-01,Equity Min-Variance,NKE,0.02
2022-05-02,Equity Min-Variance,NKE,0.02
2022-06-01,Equity Min-Variance,NKE,0.02
2022-07-01,Equity Min-Variance,NKE,0.02
2022-08-01,Equity Min-Variance,NKE,0.02
2022-09-01,Equity Min-Variance,NKE,0.02
2022-10-03,Equity Min-Variance,NKE,0.02
2022-11-01,Equity Min-Variance,NKE,0.02
2022-12-01,Equity Min-Variance,NKE,0.02
2023-01-03,Equity Min-Variance,NKE,0.02
2023-02-01,Equity Min-Variance,NKE,0.02
2023-03-01,Equity Min-Variance,NKE,0.02
2023-04-03,Equity Min-Variance,NKE,0.02
2023-05-01,Equity Min-Variance,NKE,0.02
2023-06-01,Equity Min-Variance,NKE,0.02
2023-07-03,Equity Min-Variance,NKE,0.02
2023-08-01,Equity Min-Variance,NKE,0.02
2023-09-01,Equity Min-Variance,NKE,0.02
2023-10-02,Equity Min-Variance,NKE,0.02
2023-11-01,Equity Min-Variance,NKE,0.02
2023-12-01,Equity Min-Variance,NKE,0.02
2021-01-04,Equity Min-Variance,NUE,0.0
2021-02-01,Equity Min-Variance,NUE,2.3657775198486247e-18
2021-03-01,Equity Min-Variance,NUE,0.0
2021-04-01,Equity Min-Variance,NUE,0.005579768938936655
2021-05-03,Equity Min-Variance,NUE,0.01287392210082474
2021-06-01,Equity Min-Variance,NUE,0.02
2021-07-01,Equity Min-Variance,NUE,0.02
2021-08-02,Equity Min-Variance,NUE,0.02
2021-09-01,Equity Min-Variance,NUE,0.02
2021-10-01,Equity Min-Variance,NUE,0.02
2021-11-01,Equity Min-Variance,NUE,0.02
2021-12-01,Equity Min-Variance,NUE,0.02
2022-01-03,Equity Min-Variance,NUE,0.02
2022-02-01,Equity Min-Variance,NUE,0.02
2022-03-01,Equity Min-Variance,NUE,0.02
2022-04-01,Equity Min-Variance,NUE,0.02
2022-05-02,Equity Min-Variance,NUE,0.02
2022-06-01,Equity Min-Variance,NUE,0.02
2022-07-01,Equity Min-Variance,NUE,0.02
2022-08-01,Equity Min-Variance,NUE,0.02
2022-09-01,Equity Min-Variance,NUE,0.02
2022-10-03,Equity Min-Variance,NUE,0.02
2022-11-01,Equity Min-Variance,NUE,0.02
2022-12-01,Equity Min-Variance,NUE,0.02
2023-01-03,Equity Min-Variance,NUE,0.02
2023-02-01,Equity Min-Variance,NUE,0.02
2023-03-01,Equity Min-Variance,NUE,0.02
2023-04-03,Equity Min-Variance,NUE,0.02
2023-05-01,Equity Min-Variance,NUE,0.02
2023-06-01,Equity Min-Variance,NUE,0.02
2023-07-03,Equity Min-Variance,NUE,0.02
2023-08-01,Equity Min-Variance,NUE,0.02
2023-09-01,Equity Min-Variance,NUE,0.02
2023-10-02,Equity Min-Variance,NUE,0.02
2023-11-01,Equity Min-Variance,NUE,0.02
2023-12-01,Equity Min-Variance,NUE,0.02
2021-01-04,Equity Min-Variance,NVDA,0.0
2021-02-01,Equity Min-Variance,NVDA,3.4893670087438005e-18
2021-03-01,Equity Min-Variance,NVDA,0.0
2021-04-01,Equity Min-Variance,NVDA,4.336808689942018e-18
2021-05-03,Equity Min-Variance,NVDA,0.02059010067214023
2021-06-01,Equity Min-Variance,NVDA,0.02
2021-07-01,Equity Min-Variance,NVDA,0.02
2021-08-02,Equity Min-Variance,NVDA,0.02
2021-09-01,Equity Min-Variance,NVDA,0.02
2021-10-01,Equity Min-Variance,NVDA,0.02
2021-11-01,Equity Min-Variance,NVDA,0.02
2021-12-01,Equity Min-Variance,NVDA,0.02
2022-01-03,Equity Min-Variance,NVDA,0.02
2022-02-01,Equity Min-Variance,NVDA,0.02
2022-03-01,Equity Min-Variance,NVDA,0.02
2022-04-01,Equity Min-Variance,NVDA,0.02
2022-05-02,Equity Min-Variance,NVDA,0.02
2022-06-01,Equity Min-Variance,NVDA,0.02
2022-07-01,Equity Min-Variance,NVDA,0.02
2022-08-01,Equity Min-Variance,NVDA,0.02
2022-09-01,Equity Min-Variance,NVDA,0.02
2022-10-03,Equity Min-Variance,NVDA,0.02
2022-11-01,Equity Min-Variance,NVDA,0.02
2022-12-01,Equity Min-Variance,NVDA,0.02
2023-01-03,Equity Min-Variance,NVDA,0.02
2023-02-01,Equity Min-Variance,NVDA,0.02
2023-03-01,Equity Min-Variance,NVDA,0.02
2023-04-03,Equity Min-Variance,NVDA,0.02
2023-05-01,Equity Min-Variance,NVDA,0.02
2023-06-01,Equity Min-Variance,NVDA,0.02
2023-07-03,Equity Min-Variance,NVDA,0.02
2023-08-01,Equity Min-Variance,NVDA,0.02
2023-09-01,Equity Min-Variance,NVDA,0.02
2023-10-02,Equity Min-Variance,NVDA,0.02
2023-11-01,Equity Min-Variance,NVDA,0.02
2023-12-01,Equity Min-Variance,NVDA,0.02
2021-01-04,Equity Min-Variance,O,0.0
2021-02-01,Equity Min-Variance,O,4.095324265009564e-18
2021-03-01,Equity Min-Variance,O,0.0
2021-04-01,Equity Min-Variance,O,0.007543407298239663
2021-05-03,Equity Min-Variance,O,0.019670259340675036
2021-06-01,Equity Min-Variance,O,0.02
2021-07-01,Equity Min-Variance,O,0.02
2021-08-02,Equity Min-Variance,O,0.02
2021-09-01,Equity Min-Variance,O,0.02
2021-10-01,Equity Min-Variance,O,0.02
2021-11-01,Equity Min-Variance,O,0.02
2021-12-01,Equity Min-Variance,O,0.02
2022-01-03,Equity Min-Variance,O,0.02
2022-02-01,Equity Min-Variance,O,0.02
2022-03-01,Equity Min-Variance,O,0.02
2022-04-01,Equity Min-Variance,O,0.02
2022-05-02,Equity Min-Variance,O,0.02
2022-06-01,Equity Min-Variance,O,0.02
2022-07-01,Equity Min-Variance,O,0.02
2022-08-01,Equity Min-Variance,O,0.02
2022-09-01,Equity Min-Variance,O,0.02
2022-10-03,Equity Min-Variance,O,0.02
2022-11-01,Equity Min-Variance,O,0.02
2022-12-01,Equity Min-Variance,O,0.02
2023-01-03,Equity Min-Variance,O,0.02
2023-02-01,Equity Min-Variance,O,0.02
2023-03-01,Equity Min-Variance,O,0.02
2023-04-03,Equity Min-Variance,O,0.02
2023-05-01,Equity Min-Variance,O,0.02
2023-06-01,Equity Min-Variance,O,0.02
2023-07-03,Equity Min-Variance,O,0.02
2023-08-01,Equity Min-Variance,O,0.02
2023-09-01,Equity Min-Variance,O,0.02
2023-10-02,Equity Min-Variance,O,0.02
2023-11-01,Equity Min-Variance,O,0.02
2023-12-01,Equity Min-Variance,O,0.02
2021-01-04,Equity Min-Variance,OXY,0.0
2021-02-01,Equity Min-Variance,OXY,0.0
2021-03-01,Equity Min-Variance,OXY,4.793954934737958e-19
2021-04-01,Equity Min-Variance,OXY,4.3189389462942283e-19
2021-05-03,Equity Min-Variance,OXY,1.3758392580931164e-18
2021-06-01,Equity Min-Variance,OXY,0.02
2021-07-01,Equity Min-Variance,OXY,0.02
2021-08-02,Equity Min-Variance,OXY,0.02
2021-09-01,Equity Min-Variance,OXY,0.02
2021-10-01,Equity Min-Variance,OXY,0.02
2021-11-01,Equity Min-Variance,OXY,0.02
2021-12-01,Equity Min-Variance,OXY,0.02
2022-01-03,Equity Min-Variance,OXY,0.02
2022-02-01,Equity Min-Variance,OXY,0.02
2022-03-01,Equity Min-Variance,OXY,0.02
2022-04-01,Equity Min-Variance,OXY,0.02
2022-05-02,Equity Min-Variance,OXY,0.02
2022-06-01,Equity Min-Variance,OXY,0.02
2022-07-01,Equity Min-Variance,OXY,0.02
2022-08-01,Equity Min-Variance,OXY,0.02
2022-09-01,Equity Min-Variance,OXY,0.02
2022-10-03,Equity Min-Variance,OXY,0.02
2022-11-01,Equity Min-Variance,OXY,0.02
2022-12-01,Equity Min-Variance,OXY,0.02
2023-01-03,Equity Min-Variance,OXY,0.02
2023-02-01,Equity Min-Variance,OXY,0.02
2023-03-01,Equity Min-Variance,OXY,0.02
2023-04-03,Equity Min-Variance,OXY,0.02
2023-05-01,Equity Min-Variance,OXY,0.02
2023-06-01,Equity Min-Variance,OXY,0.02
2023-07-03,Equity Min-Variance,OXY,0.02
2023-08-01,Equity Min-Variance,OXY,0.02
2023-09-01,Equity Min-Variance,OXY,0.02
2023-10-02,Equity Min-Variance,OXY,0.02
2023-11-01,Equity Min-Variance,OXY,0.02
2023-12-01,Equity Min-Variance,OXY,0.02
2021-01-04,Equity Min-Variance,PLD,0.0
2021-02-01,Equity Min-Variance,PLD,1.6189078149898182e-18
2021-03-01,Equity Min-Variance,PLD,0.0
2021-04-01,Equity Min-Variance,PLD,0.009405112511701653
2021-05-03,Equity Min-Variance,PLD,0.022222710660728954
2021-06-01,Equity Min-Variance,PLD,0.02
2021-07-01,Equity Min-Variance,PLD,0.02
2021-08-02,Equity Min-Variance,PLD,0.02
2021-09-01,Equity Min-Variance,PLD,0.02
2021-10-01,Equity Min-Variance,PLD,0.02
2021-11-01,Equity Min-Variance,PLD,0.02
2021-12-01,Equity Min-Variance,PLD,0.02
2022-01-03,Equity Min-Variance,PLD,0.02
2022-02-01,Equity Min-Variance,PLD,0.02
2022-03-01,Equity Min-Variance,PLD,0.02
2022-04-01,Equity Min-Variance,PLD,0.02
2022-05-02,Equity Min-Variance,PLD,0.02
2022-06-01,Equity Min-Variance,PLD,0.02
2022-07-01,Equity Min-Variance,PLD,0.02
2022-08-01,Equity Min-Variance,PLD,0.02
2022-09-01,Equity Min-Variance,PLD,0.02
2022-10-03,Equity Min-Variance,PLD,0.02
2022-11-01,Equity Min-Variance,PLD,0.02
2022-12-01,Equity Min-Variance,PLD,0.02
2023-01-03,Equity Min-Variance,PLD,0.02
2023-02-01,Equity Min-Variance,PLD,0.02
2023-03-01,Equity Min-Variance,PLD,0.02
2023-04-03,Equity Min-Variance,PLD,0.02
2023-05-01,Equity Min-Variance,PLD,0.02
2023-06-01,Equity Min-Variance,PLD,0.02
2023-07-03,Equity Min-Variance,PLD,0.02
2023-08-01,Equity Min-Variance,PLD,0.02
2023-09-01,Equity Min-Variance,PLD,0.02
2023-10-02,Equity Min-Variance,PLD,0.02
2023-11-01,Equity Min-Variance,PLD,0.02
2023-12-01,Equity Min-Variance,PLD,0.02
2021-01-04,Equity Min-Variance,PSA,0.05612268234593255
2021-02-01,Equity Min-Variance,PSA,0.05529942773911442
2021-03-01,Equity Min-Variance,PSA,0.05686260878800924
2021-04-01,Equity Min-Variance,PSA,0.04652364630221803
2021-05-03,Equity Min-Variance,PSA,0.02792934360469573
2021-06-01,Equity Min-Variance,PSA,0.02
2021-07-01,Equity Min-Variance,PSA,0.02
2021-08-02,Equity Min-Variance,PSA,0.02
2021-09-01,Equity Min-Variance,PSA,0.02
2021-10-01,Equity Min-Variance,PSA,0.02
2021-11-01,Equity Min-Variance,PSA,0.02
2021-12-01,Equity Min-Variance,PSA,0.02
2022-01-03,Equity Min-Variance,PSA,0.02
2022-02-01,Equity Min-Variance,PSA,0.02
2022-03-01,Equity Min-Variance,PSA,0.02
2022-04-01,Equity Min-Variance,PSA,0.02
2022-05-02,Equity Min-Variance,PSA,0.02
2022-06-01,Equity Min-Variance,PSA,0.02
2022-07-01,Equity Min-Variance,PSA,0.02
2022-08-01,Equity Min-Variance,PSA,0.02
2022-09-01,Equity Min-Variance,PSA,0.02
2022-10-03,Equity Min-Variance,PSA,0.02
2022-11-01,Equity Min-Variance,PSA,0.02
2022-12-01,Equity Min-Variance,PSA,0.02
2023-01-03,Equity Min-Variance,PSA,0.02
2023-02-01,Equity Min-Variance,PSA,0.02
2023-03-01,Equity Min-Variance,PSA,0.02
2023-04-03,Equity Min-Variance,PSA,0.02
2023-05-01,Equity Min-Variance,PSA,0.02
2023-06-01,Equity Min-Variance,PSA,0.02
2023-07-03,Equity Min-Variance,PSA,0.02
2023-08-01,Equity Min-Variance,PSA,0.02
2023-09-01,Equity Min-Variance,PSA,0.02
2023-10-02,Equity Min-Variance,PSA,0.02
2023-11-01,Equity Min-Variance,PSA,0.02
2023-12-01,Equity Min-Variance,PSA,0.02
2021-01-04,Equity Min-Variance,QCOM,0.0
2021-02-01,Equity Min-Variance,QCOM,0.0
2021-03-01,Equity Min-Variance,QCOM,0.0
2021-04-01,Equity Min-Variance,QCOM,0.006357963346454363
2021-05-03,Equity Min-Variance,QCOM,0.017466238317516626
2021-06-01,Equity Min-Variance,QCOM,0.02
2021-07-01,Equity Min-Variance,QCOM,0.02
2021-08-02,Equity Min-Variance,QCOM,0.02
2021-09-01,Equity Min-Variance,QCOM,0.02
2021-10-01,Equity Min-Variance,QCOM,0.02
2021-11-01,Equity Min-Variance,QCOM,0.02
2021-12-01,Equity Min-Variance,QCOM,0.02
2022-01-03,Equity Min-Variance,QCOM,0.02
2022-02-01,Equity Min-Variance,QCOM,0.02
2022-03-01,Equity Min-Variance,QCOM,0.02
2022-04-01,Equity Min-Variance,QCOM,0.02
2022-05-02,Equity Min-Variance,QCOM,0.02
2022-06-01,Equity Min-Variance,QCOM,0.02
2022-07-01,Equity Min-Variance,QCOM,0.02
2022-08-01,Equity Min-Variance,QCOM,0.02
2022-09-01,Equity Min-Variance,QCOM,0.02
2022-10-03,Equity Min-Variance,QCOM,0.02
2022-11-01,Equity Min-Variance,QCOM,0.02
2022-12-01,Equity Min-Variance,QCOM,0.02
2023-01-03,Equity Min-Variance,QCOM,0.02
2023-02-01,Equity Min-Variance,QCOM,0.02
2023-03-01,Equity Min-Variance,QCOM,0.02
2023-04-03,Equity Min-Variance,QCOM,0.02
2023-05-01,Equity Min-Variance,QCOM,0.02
2023-06-01,Equity Min-Variance,QCOM,0.02
2023-07-03,Equity Min-Variance,QCOM,0.02
2023-08-01,Equity Min-Variance,QCOM,0.02
2023-09-01,Equity Min-Variance,QCOM,0.02
2023-10-02,Equity Min-Variance,QCOM,0.02
2023-11-01,Equity Min-Variance,QCOM,0.02
2023-12-01,Equity Min-Variance,QCOM,0.02
2021-01-04,Equity Min-Variance,SBUX,0.0
2021-02-01,Equity Min-Variance,SBUX,0.0
2021-03-01,Equity Min-Variance,SBUX,0.0
2021-04-01,Equity Min-Variance,SBUX,0.01096224270541975
2021-05-03,Equity Min-Variance,SBUX,0.01944314193415121
2021-06-01,Equity Min-Variance,SBUX,0.02
2021-07-01,Equity Min-Variance,SBUX,0.02
2021-08-02,Equity Min-Variance,SBUX,0.02
2021-09-01,Equity Min-Variance,SBUX,0.02
2021-10-01,Equity Min-Variance,SBUX,0.02
2021-11-01,Equity Min-Variance,SBUX,0.02
2021-12-01,Equity Min-Variance,SBUX,0.02
2022-01-03,Equity Min-Variance,SBUX,0.02
2022-02-01,Equity Min-Variance,SBUX,0.02
2022-03-01,Equity Min-Variance,SBUX,0.02
2022-04-01,Equity Min-Variance,SBUX,0.02
2022-05-02,Equity Min-Variance,SBUX,0.02
2022-06-01,Equity Min-Variance,SBUX,0.02
2022-07-01,Equity Min-Variance,SBUX,0.02
2022-08-01,Equity Min-Variance,SBUX,0.02
2022-09-01,Equity Min-Variance,SBUX,0.02
2022-10-03,Equity Min-Variance,SBUX,0.02
2022-11-01,Equity Min-Variance,SBUX,0.02
2022-12-01,Equity Min-Variance,SBUX,0.02
2023-01-03,Equity Min-Variance,SBUX,0.02
2023-02-01,Equity Min-Variance,SBUX,0.02
2023-03-01,Equity Min-Variance,SBUX,0.02
2023-04-03,Equity Min-Variance,SBUX,0.02
2023-05-01,Equity Min-Variance,SBUX,0.02
2023-06-01,Equity Min-Variance,SBUX,0.02
2023-07-03,Equity Min-Variance,SBUX,0.02
2023-08-01,Equity Min-Variance,SBUX,0.02
2023-09-01,Equity Min-Variance,SBUX,0.02
2023-10-02,Equity Min-Variance,SBUX,0.02
2023-11-01,Equity Min-Variance,SBUX,0.02
2023-12-01,Equity Min-Variance,SBUX,0.02
2021-01-04,Equity Min-Variance,SHW,0.009994276647794745
2021-02-01,Equity Min-Variance,SHW,0.013145577099044172
2021-03-01,Equity Min-Variance,SHW,0.014094523780353094
2021-04-01,Equity Min-Variance,SHW,0.02276659266251183
2021-05-03,Equity Min-Variance,SHW,0.02660557975959376
2021-06-01,Equity Min-Variance,SHW,0.02
2021-07-01,Equity Min-Variance,SHW,0.02
2021-08-02,Equity Min-Variance,SHW,0.02
2021-09-01,Equity Min-Variance,SHW,0.02
2021-10-01,Equity Min-Variance,SHW,0.02
2021-11-01,Equity Min-Variance,SHW,0.02
2021-12-01,Equity Min-Variance,SHW,0.02
2022-01-03,Equity Min-Variance,SHW,0.02
2022-02-01,Equity Min-Variance,SHW,0.02
2022-03-01,Equity Min-Variance,SHW,0.02
2022-04-01,Equity Min-Variance,SHW,0.02
2022-05-02,Equity Min-Variance,SHW,0.02
2022-06-01,Equity Min-Variance,SHW,0.02
2022-07-01,Equity Min-Variance,SHW,0.02
2022-08-01,Equity Min-Variance,SHW,0.02
2022-09-01,Equity Min-Variance,SHW,0.02
2022-10-03,Equity Min-Variance,SHW,0.02
2022-11-01,Equity Min-Variance,SHW,0.02
2022-12-01,Equity Min-Variance,SHW,0.02
2023-01-03,Equity Min-Variance,SHW,0.02
2023-02-01,Equity Min-Variance,SHW,0.02
2023-03-01,Equity Min-Variance,SHW,0.02
2023-04-03,Equity Min-Variance,SHW,0.02
2023-05-01,Equity Min-Variance,SHW,0.02
2023-06-01,Equity Min-Variance,SHW,0.02
2023-07-03,Equity Min-Variance,SHW,0.02
2023-08-01,Equity Min-Variance,SHW,0.02
2023-09-01,Equity Min-Variance,SHW,0.02
2023-10-02,Equity Min-Variance,SHW,0.02
2023-11-01,Equity Min-Variance,SHW,0.02
2023-12-01,Equity Min-Variance,SHW,0.02
2021-01-04,Equity Min-Variance,SLB,0.0
2021-02-01,Equity Min-Variance,SLB,1.859615228245799e-18
2021-03-01,Equity Min-Variance,SLB,0.0
2021-04-01,Equity Min-Variance,SLB,1.8996910108736165e-19
2021-05-03,Equity Min-Variance,SLB,3.903127820947816e-18
2021-06-01,Equity Min-Variance,SLB,0.02
2021-07-01,Equity Min-Variance,SLB,0.02
2021-08-02,Equity Min-Variance,SLB,0.02
2021-09-01,Equity Min-Variance,SLB,0.02
2021-10-01,Equity Min-Variance,SLB,0.02
2021-11-01,Equity Min-Variance,SLB,0.02
2021-12-01,Equity Min-Variance,SLB,0.02
2022-01-03,Equity Min-Variance,SLB,0.02
2022-02-01,Equity Min-Variance,SLB,0.02
2022-03-01,Equity Min-Variance,SLB,0.02
2022-04-01,Equity Min-Variance,SLB,0.02
2022-05-02,Equity Min-Variance,SLB,0.02
2022-06-01,Equity Min-Variance,SLB,0.02
2022-07-01,Equity Min-Variance,SLB,0.02
2022-08-01,Equity Min-Variance,SLB,0.02
2022-09-01,Equity Min-Variance,SLB,0.02
2022-10-03,Equity Min-Variance,SLB,0.02
2022-11-01,Equity Min-Variance,SLB,0.02
2022-12-01,Equity Min-Variance,SLB,0.02
2023-01-03,Equity Min-Variance,SLB,0.02
2023-02-01,Equity Min-Variance,SLB,0.02
2023-03-01,Equity Min-Variance,SLB,0.02
2023-04-03,Equity Min-Variance,SLB,0.02
2023-05-01,Equity Min-Variance,SLB,0.02
2023-06-01,Equity Min-Variance,SLB,0.02
2023-07-03,Equity Min-Variance,SLB,0.02
2023-08-01,Equity Min-Variance,SLB,0.02
2023-09-01,Equity Min-Variance,SLB,0.02
2023-10-02,Equity Min-Variance,SLB,0.02
2023-11-01,Equity Min-Variance,SLB,0.02
2023-12-01,Equity Min-Variance,SLB,0.02
2021-01-04,Equity Min-Variance,SO,0.0
2021-02-01,Equity Min-Variance,SO,0.0
2021-03-01,Equity Min-Variance,SO,0.0
2021-04-01,Equity Min-Variance,SO,0.018163101280108018
2021-05-03,Equity Min-Variance,SO,0.02462064463817939
2021-06-01,Equity Min-Variance,SO,0.02
2021-07-01,Equity Min-Variance,SO,0.02
2021-08-02,Equity Min-Variance,SO,0.02
2021-09-01,Equity Min-Variance,SO,0.02
2021-10-01,Equity Min-Variance,SO,0.02
2021-11-01,Equity Min-Variance,SO,0.02
2021-12-01,Equity Min-Variance,SO,0.02
2022-01-03,Equity Min-Variance,SO,0.02
2022-02-01,Equity Min-Variance,SO,0.02
2022-03-01,Equity Min-Variance,SO,0.02
2022-04-01,Equity Min-Variance,SO,0.02
2022-05-02,Equity Min-Variance,SO,0.02
2022-06-01,Equity Min-Variance,SO,0.02
2022-07-01,Equity Min-Variance,SO,0.02
2022-08-01,Equity Min-Variance,SO,0.02
2022-09-01,Equity Min-Variance,SO,0.02
2022-10-03,Equity Min-Variance,SO,0.02
2022-11-01,Equity Min-Variance,SO,0.02
2022-12-01,Equity Min-Variance,SO,0.02
2023-01-03,Equity Min-Variance,SO,0.02
2023-02-01,Equity Min-Variance,SO,0.02
2023-03-01,Equity Min-Variance,SO,0.02
2023-04-03,Equity Min-Variance,SO,0.02
2023-05-01,Equity Min-Variance,SO,0.02
2023-06-01,Equity Min-Variance,SO,0.02
2023-07-03,Equity Min-Variance,SO,0.02
2023-08-01,Equity Min-Variance,SO,0.02
2023-09-01,Equity Min-Variance,SO,0.02
2023-10-02,Equity Min-Variance,SO,0.02
2023-11-01,Equity Min-Variance,SO,0.02
2023-12-01,Equity Min-Variance,SO,0.02
2021-01-04,Equity Min-Variance,T,0.031905435505558015
2021-02-01,Equity Min-Variance,T,0.03408435833503543
2021-03-01,Equity Min-Variance,T,0.03177742864756338
2021-04-01,Equity Min-Variance,T,0.031364032856684605
2021-05-03,Equity Min-Variance,T,0.024308004367394012
2021-06-01,Equity Min-Variance,T,0.02
2021-07-01,Equity Min-Variance,T,0.02
2021-08-02,Equity Min-Variance,T,0.02
2021-09-01,Equity Min-Variance,T,0.02
2021-10-01,Equity Min-Variance,T,0.02
2021-11-01,Equity Min-Variance,T,0.02
2021-12-01,Equity Min-Variance,T,0.02
2022-01-03,Equity Min-Variance,T,0.02
2022-02-01,Equity Min-Variance,T,0.02
2022-03-01,Equity Min-Variance,T,0.02
2022-04-01,Equity Min-Variance,T,0.02
2022-05-02,Equity Min-Variance,T,0.02
2022-06-01,Equity Min-Variance,T,0.02
2022-07-01,Equity Min-Variance,T,0.02
2022-08-01,Equity Min-Variance,T,0.02
2022-09-01,Equity Min-Variance,T,0.02
2022-10-03,Equity Min-Variance,T,0.02
2022-11-01,Equity Min-Variance,T,0.02
2022-12-01,Equity Min-Variance,T,0.02
2023-01-03,Equity Min-Variance,T,0.02
2023-02-01,Equity Min-Variance,T,0.02
2023-03-01,Equity Min-Variance,T,0.02
2023-04-03,Equity Min-Variance,T,0.02
2023-05-01,Equity Min-Variance,T,0.02
2023-06-01,Equity Min-Variance,T,0.02
2023-07-03,Equity Min-Variance,T,0.02
2023-08-01,Equity Min-Variance,T,0.02
2023-09-01,Equity Min-Variance,T,0.02
2023-10-02,Equity Min-Variance,T,0.02
2023-11-01,Equity Min-Variance,T,0.02
2023-12-01,Equity Min-Variance,T,0.02
2021-01-04,Equity Min-Variance,TMUS,0.034537486595005266
2021-02-01,Equity Min-Variance,TMUS,0.03228197746374521
2021-03-01,Equity Min-Variance,TMUS,0.03321198492875342
2021-04-01,Equity Min-Variance,TMUS,0.03291880416390596
2021-05-03,Equity Min-Variance,TMUS,0.0230632527940474
2021-06-01,Equity Min-Variance,TMUS,0.02
2021-07-01,Equity Min-Variance,TMUS,0.02
2021-08-02,Equity Min-Variance,TMUS,0.02
2021-09-01,Equity Min-Variance,TMUS,0.02
2021-10-01,Equity Min-Variance,TMUS,0.02
2021-11-01,Equity Min-Variance,TMUS,0.02
2021-12-01,Equity Min-Variance,TMUS,0.02
2022-01-03,Equity Min-Variance,TMUS,0.02
2022-02-01,Equity Min-Variance,TMUS,0.02
2022-03-01,Equity Min-Variance,TMUS,0.02
2022-04-01,Equity Min-Variance,TMUS,0.02
2022-05-02,Equity Min-Variance,TMUS,0.02
2022-06-01,Equity Min-Variance,TMUS,0.02
2022-07-01,Equity Min-Variance,TMUS,0.02
2022-08-01,Equity Min-Variance,TMUS,0.02
2022-09-01,Equity Min-Variance,TMUS,0.02
2022-10-03,Equity Min-Variance,TMUS,0.02
2022-11-01,Equity Min-Variance,TMUS,0.02
2022-12-01,Equity Min-Variance,TMUS,0.02
2023-01-03,Equity Min-Variance,TMUS,0.02
2023-02-01,Equity Min-Variance,TMUS,0.02
2023-03-01,Equity Min-Variance,TMUS,0.02
2023-04-03,Equity Min-Variance,TMUS,0.02
2023-05-01,Equity Min-Variance,TMUS,0.02
2023-06-01,Equity Min-Variance,TMUS,0.02
2023-07-03,Equity Min-Variance,TMUS,0.02
2023-08-01,Equity Min-Variance,TMUS,0.02
2023-09-01,Equity Min-Variance,TMUS,0.02
2023-10-02,Equity Min-Variance,TMUS,0.02
2023-11-01,Equity Min-Variance,TMUS,0.02
2023-12-01,Equity Min-Variance,TMUS,0.02
2021-01-04,Equity Min-Variance,TTWO,0.07551890684393635
2021-02-01,Equity Min-Variance,TTWO,0.07292841956421252
2021-03-01,Equity Min-Variance,TTWO,0.07159788675516714
2021-04-01,Equity Min-Variance,TTWO,0.054684887366853084
2021-05-03,Equity Min-Variance,TTWO,0.03047211158634282
2021-06-01,Equity Min-Variance,TTWO,0.02
2021-07-01,Equity Min-Variance,TTWO,0.02
2021-08-02,Equity Min-Variance,TTWO,0.02
2021-09-01,Equity Min-Variance,TTWO,0.02
2021-10-01,Equity Min-Variance,TTWO,0.02
2021-11-01,Equity Min-Variance,TTWO,0.02
2021-12-01,Equity Min-Variance,TTWO,0.02
2022-01-03,Equity Min-Variance,TTWO,0.02
2022-02-01,Equity Min-Variance,TTWO,0.02
2022-03-01,Equity Min-Variance,TTWO,0.02
2022-04-01,Equity Min-Variance,TTWO,0.02
2022-05-02,Equity Min-Variance,TTWO,0.02
2022-06-01,Equity Min-Variance,TTWO,0.02
2022-07-01,Equity Min-Variance,TTWO,0.02
2022-08-01,Equity Min-Variance,TTWO,0.02
2022-09-01,Equity Min-Variance,TTWO,0.02
2022-10-03,Equity Min-Variance,TTWO,0.02
2022-11-01,Equity Min-Variance,TTWO,0.02
2022-12-01,Equity Min-Variance,TTWO,0.02
2023-01-03,Equity Min-Variance,TTWO,0.02
2023-02-01,Equity Min-Variance,TTWO,0.02
2023-03-01,Equity Min-Variance,TTWO,0.02
2023-04-03,Equity Min-Variance,TTWO,0.02
2023-05-01,Equity Min-Variance,TTWO,0.02
2023-06-01,Equity Min-Variance,TTWO,0.02
2023-07-03,Equity Min-Variance,TTWO,0.02
2023-08-01,Equity Min-Variance,TTWO,0.02
2023-09-01,Equity Min-Variance,TTWO,0.02
2023-10-02,Equity Min-Variance,TTWO,0.02
2023-11-01,Equity Min-Variance,TTWO,0.02
2023-12-01,Equity Min-Variance,TTWO,0.02
2021-01-04,Equity Min-Variance,UPS,0.042281380996963686
2021-02-01,Equity Min-Variance,UPS,0.04225924475844106
2021-03-01,Equity Min-Variance,UPS,0.04582894686845449
2021-04-01,Equity Min-Variance,UPS,0.02390990792492226
2021-05-03,Equity Min-Variance,UPS,0.02237150510362455
2021-06-01,Equity Min-Variance,UPS,0.02
2021-07-01,Equity Min-Variance,UPS,0.02
2021-08-02,Equity Min-Variance,UPS,0.02
2021-09-01,Equity Min-Variance,UPS,0.02
2021-10-01,Equity Min-Variance,UPS,0.02
2021-11-01,Equity Min-Variance,UPS,0.02
2021-12-01,Equity Min-Variance,UPS,0.02
2022-01-03,Equity Min-Variance,UPS,0.02
2022-02-01,Equity Min-Variance,UPS,0.02
2022-03-01,Equity Min-Variance,UPS,0.02
2022-04-01,Equity Min-Variance,UPS,0.02
2022-05-02,Equity Min-Variance,UPS,0.02
2022-06-01,Equity Min-Variance,UPS,0.02
2022-07-01,Equity Min-Variance,UPS,0.02
2022-08-01,Equity Min-Variance,UPS,0.02
2022-09-01,Equity Min-Variance,UPS,0.02
2022-10-03,Equity Min-Variance,UPS,0.02
2022-11-01,Equity Min-Variance,UPS,0.02
2022-12-01,Equity Min-Variance,UPS,0.02
2023-01-03,Equity Min-Variance,UPS,0.02
2023-02-01,Equity Min-Variance,UPS,0.02
2023-03-01,Equity Min-Variance,UPS,0.02
2023-04-03,Equity Min-Variance,UPS,0.02
2023-05-01,Equity Min-Variance,UPS,0.02
2023-06-01,Equity Min-Variance,UPS,0.02
2023-07-03,Equity Min-Variance,UPS,0.02
2023-08-01,Equity Min-Variance,UPS,0.02
2023-09-01,Equity Min-Variance,UPS,0.02
2023-10-02,Equity Min-Variance,UPS,0.02
2023-11-01,Equity Min-Variance,UPS,0.02
2023-12-01,Equity Min-Variance,UPS,0.02
2021-01-04,Equity Min-Variance,USB,0.0
2021-02-01,Equity Min-Variance,USB,1.7523730956814743e-18
2021-03-01,Equity Min-Variance,USB,1.2808185685745218e-18
2021-04-01,Equity Min-Variance,USB,0.0037847959237815787
2021-05-03,Equity Min-Variance,USB,0.010934671549036018
2021-06-01,Equity Min-Variance,USB,0.02
2021-07-01,Equity Min-Variance,USB,0.02
2021-08-02,Equity Min-Variance,USB,0.02
2021-09-01,Equity Min-Variance,USB,0.02
2021-10-01,Equity Min-Variance,USB,0.02
2021-11-01,Equity Min-Variance,USB,0.02
2021-12-01,Equity Min-Variance,USB,0.02
2022-01-03,Equity Min-Variance,USB,0.02
2022-02-01,Equity Min-Variance,USB,0.02
2022-03-01,Equity Min-Variance,USB,0.02
2022-04-01,Equity Min-Variance,USB,0.02
2022-05-02,Equity Min-Variance,USB,0.02
2022-06-01,Equity Min-Variance,USB,0.02
2022-07-01,Equity Min-Variance,USB,0.02
2022-08-01,Equity Min-Variance,USB,0.02
2022-09-01,Equity Min-Variance,USB,0.02
2022-10-03,Equity Min-Variance,USB,0.02
2022-11-01,Equity Min-Variance,USB,0.02
2022-12-01,Equity Min-Variance,USB,0.02
2023-01-03,Equity Min-Variance,USB,0.02
2023-02-01,Equity Min-Variance,USB,0.02
2023-03-01,Equity Min-Variance,USB,0.02
2023-04-03,Equity Min-Variance,USB,0.02
2023-05-01,Equity Min-Variance,USB,0.02
2023-06-01,Equity Min-Variance,USB,0.02
2023-07-03,Equity Min-Variance,USB,0.02
2023-08-01,Equity Min-Variance,USB,0.02
2023-09-01,Equity Min-Variance,USB,0.02
2023-10-02,Equity Min-Variance,USB,0.02
2023-11-01,Equity Min-Variance,USB,0.02
2023-12-01,Equity Min-Variance,USB,0.02
2021-01-04,Equity Min-Variance,V,0.0
2021-02-01,Equity Min-Variance,V,0.0
2021-03-01,Equity Min-Variance,V,0.0
2021-04-01,Equity Min-Variance,V,0.007300547781732636
2021-05-03,Equity Min-Variance,V,0.0203814091799509
2021-06-01,Equity Min-Variance,V,0.02
2021-07-01,Equity Min-Variance,V,0.02
2021-08-02,Equity Min-Variance,V,0.02
2021-09-01,Equity Min-Variance,V,0.02
2021-10-01,Equity Min-Variance,V,0.02
2021-11-01,Equity Min-Variance,V,0.02
2021-12-01,Equity Min-Variance,V,0.02
2022-01-03,Equity Min-Variance,V,0.02
2022-02-01,Equity Min-Variance,V,0.02
2022-03-01,Equity Min-Variance,V,0.02
2022-04-01,Equity Min-Variance,V,0.02
2022-05-02,Equity Min-Variance,V,0.02
2022-06-01,Equity Min-Variance,V,0.02
2022-07-01,Equity Min-Variance,V,0.02
2022-08-01,Equity Min-Variance,V,0.02
2022-09-01,Equity Min-Variance,V,0.02
2022-10-03,Equity Min-Variance,V,0.02
2022-11-01,Equity Min-Variance,V,0.02
2022-12-01,Equity Min-Variance,V,0.02
2023-01-03,Equity Min-Variance,V,0.02
2023-02-01,Equity Min-Variance,V,0.02
2023-03-01,Equity Min-Variance,V,0.02
2023-04-03,Equity Min-Variance,V,0.02
2023-05-01,Equity Min-Variance,V,0.02
2023-06-01,Equity Min-Variance,V,0.02
2023-07-03,Equity Min-Variance,V,0.02
2023-08-01,Equity Min-Variance,V,0.02
2023-09-01,Equity Min-Variance,V,0.02
2023-10-02,Equity Min-Variance,V,0.02
2023-11-01,Equity Min-Variance,V,0.02
2023-12-01,Equity Min-Variance,V,0.02
2021-01-04,Equity Min-Variance,WFC,0.0
2021-02-01,Equity Min-Variance,WFC,2.7040644925124868e-18
2021-03-01,Equity Min-Variance,WFC,0.0
2021-04-01,Equity Min-Variance,WFC,0.0022073992853093066
2021-05-03,Equity Min-Variance,WFC,0.00868651646762721
2021-06-01,Equity Min-Variance,WFC,0.02
2021-07-01,Equity Min-Variance,WFC,0.02
2021-08-02,Equity Min-Variance,WFC,0.02
2021-09-01,Equity Min-Variance,WFC,0.02
2021-10-01,Equity Min-Variance,WFC,0.02
2021-11-01,Equity Min-Variance,WFC,0.02
2021-12-01,Equity Min-Variance,WFC,0.02
2022-01-03,Equity Min-Variance,WFC,0.02
2022-02-01,Equity Min-Variance,WFC,0.02
2022-03-01,Equity Min-Variance,WFC,0.02
2022-04-01,Equity Min-Variance,WFC,0.02
2022-05-02,Equity Min-Variance,WFC,0.02
2022-06-01,Equity Min-Variance,WFC,0.02
2022-07-01,Equity Min-Variance,WFC,0.02
2022-08-01,Equity Min-Variance,WFC,0.02
2022-09-01,Equity Min-Variance,WFC,0.02
2022-10-03,Equity Min-Variance,WFC,0.02
2022-11-01,Equity Min-Variance,WFC,0.02
2022-12-01,Equity Min-Variance,WFC,0.02
2023-01-03,Equity Min-Variance,WFC,0.02
2023-02-01,Equity Min-Variance,WFC,0.02
2023-03-01,Equity Min-Variance,WFC,0.02
2023-04-03,Equity Min-Variance,WFC,0.02
2023-05-01,Equity Min-Variance,WFC,0.02
2023-06-01,Equity Min-Variance,WFC,0.02
2023-07-03,Equity Min-Variance,WFC,0.02
2023-08-01,Equity Min-Variance,WFC,0.02
2023-09-01,Equity Min-Variance,WFC,0.02
2023-10-02,Equity Min-Variance,WFC,0.02
2023-11-01,Equity Min-Variance,WFC,0.02
2023-12-01,Equity Min-Variance,WFC,0.02
2021-01-04,Equity Min-Variance,WMT,0.09831637718430644
2021-02-01,Equity Min-Variance,WMT,0.09491534911374801
2021-03-01,Equity Min-Variance,WMT,0.09336716512245301
2021-04-01,Equity Min-Variance,WMT,0.06148633128639332
2021-05-03,Equity Min-Variance,WMT,0.031280932058082425
2021-06-01,Equity Min-Variance,WMT,0.02
2021-07-01,Equity Min-Variance,WMT,0.02
2021-08-02,Equity Min-Variance,WMT,0.02
2021-09-01,Equity Min-Variance,WMT,0.02
2021-10-01,Equity Min-Variance,WMT,0.02
2021-11-01,Equity Min-Variance,WMT,0.02
2021-12-01,Equity Min-Variance,WMT,0.02
2022-01-03,Equity Min-Variance,WMT,0.02
2022-02-01,Equity Min-Variance,WMT,0.02
2022-03-01,Equity Min-Variance,WMT,0.02
2022-04-01,Equity Min-Variance,WMT,0.02
2022-05-02,Equity Min-Variance,WMT,0.02
2022-06-01,Equity Min-Variance,WMT,0.02
2022-07-01,Equity Min-Variance,WMT,0.02
2022-08-01,Equity Min-Variance,WMT,0.02
2022-09-01,Equity Min-Variance,WMT,0.02
2022-10-03,Equity Min-Variance,WMT,0.02
2022-11-01,Equity Min-Variance,WMT,0.02
2022-12-01,Equity Min-Variance,WMT,0.02
2023-01-03,Equity Min-Variance,WMT,0.02
2023-02-01,Equity Min-Variance,WMT,0.02
2023-03-01,Equity Min-Variance,WMT,0.02
2023-04-03,Equity Min-Variance,WMT,0.02
2023-05-01,Equity Min-Variance,WMT,0.02
2023-06-01,Equity Min-Variance,WMT,0.02
2023-07-03,Equity Min-Variance,WMT,0.02
2023-08-01,Equity Min-Variance,WMT,0.02
2023-09-01,Equity Min-Variance,WMT,0.02
2023-10-02,Equity Min-Variance,WMT,0.02
2023-11-01,Equity Min-Variance,WMT,0.02
2023-12-01,Equity Min-Variance,WMT,0.02
2021-01-04,Equity Min-Variance,XOM,0.0
2021-02-01,Equity Min-Variance,XOM,6.3114107221845934e-18
2021-03-01,Equity Min-Variance,XOM,0.0
2021-04-01,Equity Min-Variance,XOM,1.9485991368140676e-18
2021-05-03,Equity Min-Variance,XOM,0.009610527612194102
2021-06-01,Equity Min-Variance,XOM,0.02
2021-07-01,Equity Min-Variance,XOM,0.02
2021-08-02,Equity Min-Variance,XOM,0.02
2021-09-01,Equity Min-Variance,XOM,0.02
2021-10-01,Equity Min-Variance,XOM,0.02
2021-11-01,Equity Min-Variance,XOM,0.02
2021-12-01,Equity Min-Variance,XOM,0.02
2022-01-03,Equity Min-Variance,XOM,0.02
2022-02-01,Equity Min-Variance,XOM,0.02
2022-03-01,Equity Min-Variance,XOM,0.02
2022-04-01,Equity Min-Variance,XOM,0.02
2022-05-02,Equity Min-Variance,XOM,0.02
2022-06-01,Equity Min-Variance,XOM,0.02
2022-07-01,Equity Min-Variance,XOM,0.02
2022-08-01,Equity Min-Variance,XOM,0.02
2022-09-01,Equity Min-Variance,XOM,0.02
2022-10-03,Equity Min-Variance,XOM,0.02
2022-11-01,Equity Min-Variance,XOM,0.02
2022-12-01,Equity Min-Variance,XOM,0.02
2023-01-03,Equity Min-Variance,XOM,0.02
2023-02-01,Equity Min-Variance,XOM,0.02
2023-03-01,Equity Min-Variance,XOM,0.02
2023-04-03,Equity Min-Variance,XOM,0.02
2023-05-01,Equity Min-Variance,XOM,0.02
2023-06-01,Equity Min-Variance,XOM,0.02
2023-07-03,Equity Min-Variance,XOM,0.02
2023-08-01,Equity Min-Variance,XOM,0.02
2023-09-01,Equity Min-Variance,XOM,0.02
2023-10-02,Equity Min-Variance,XOM,0.02
2023-11-01,Equity Min-Variance,XOM,0.02
2023-12-01,Equity Min-Variance,XOM,0.02
2021-01-04,Equity Max-Sharpe,ABBV,1.0390764661099659e-16
2021-02-01,Equity Max-Sharpe,ABBV,0.003807218166581458
2021-03-01,Equity Max-Sharpe,ABBV,0.0
2021-04-01,Equity Max-Sharpe,ABBV,0.11348197271793027
2021-05-03,Equity Max-Sharpe,ABBV,0.13349132905237604
2021-06-01,Equity Max-Sharpe,ABBV,9.730818271549751e-17
2021-07-01,Equity Max-Sharpe,ABBV,0.0
2021-08-02,Equity Max-Sharpe,ABBV,0.002945027329032109
2021-09-01,Equity Max-Sharpe,ABBV,0.022633364168565748
2021-10-01,Equity Max-Sharpe,ABBV,0.008554940210290842
2021-11-01,Equity Max-Sharpe,ABBV,0.0510466329813245
2021-12-01,Equity Max-Sharpe,ABBV,0.0
2022-01-03,Equity Max-Sharpe,ABBV,5.23638921264012e-17
2022-02-01,Equity Max-Sharpe,ABBV,0.11338790994788764
2022-03-01,Equity Max-Sharpe,ABBV,0.18099205596528475
2022-04-01,Equity Max-Sharpe,ABBV,0.29922115728431997
2022-05-02,Equity Max-Sharpe,ABBV,0.19761181394220917
2022-06-01,Equity Max-Sharpe,ABBV,0.255280193622863
2022-07-01,Equity Max-Sharpe,ABBV,0.46786793914006364
2022-08-01,Equity Max-Sharpe,ABBV,0.2411470566227555
2022-09-01,Equity Max-Sharpe,ABBV,0.0791388613911278
2022-10-03,Equity Max-Sharpe,ABBV,0.535312345726471
2022-11-01,Equity Max-Sharpe,ABBV,0.17525601165222318
2022-12-01,Equity Max-Sharpe,ABBV,0.061686539617782365
2023-01-03,Equity Max-Sharpe,ABBV,0.0
2023-02-01,Equity Max-Sharpe,ABBV,0.0
2023-03-01,Equity Max-Sharpe,ABBV,0.0
2023-04-03,Equity Max-Sharpe,ABBV,0.0
2023-05-01,Equity Max-Sharpe,ABBV,3.9148262114585323e-16
2023-06-01,Equity Max-Sharpe,ABBV,1.509624653194858e-16
2023-07-03,Equity Max-Sharpe,ABBV,1.332093347734201e-16
2023-08-01,Equity Max-Sharpe,ABBV,3.2220029467420285e-16
2023-09-01,Equity Max-Sharpe,ABBV,5.596144083097583e-16
2023-10-02,Equity Max-Sharpe,ABBV,2.25865858934472e-16
2023-11-01,Equity Max-Sharpe,ABBV,0.0
2023-12-01,Equity Max-Sharpe,ABBV,0.0
2021-01-04,Equity Max-Sharpe,ABT,1.3681670309574884e-16
2021-02-01,Equity Max-Sharpe,ABT,6.463960981242741e-19
2021-03-01,Equity Max-Sharpe,ABT,7.227991765022637e-18
2021-04-01,Equity Max-Sharpe,ABT,0.06537366171150145
2021-05-03,Equity Max-Sharpe,ABT,0.0
2021-06-01,Equity Max-Sharpe,ABT,1.2126081245708074e-16
2021-07-01,Equity Max-Sharpe,ABT,0.021150530490182343
2021-08-02,Equity Max-Sharpe,ABT,3.239106261972848e-17
2021-09-01,Equity Max-Sharpe,ABT,0.0
2021-10-01,Equity Max-Sharpe,ABT,0.0019162586924581118
2021-11-01,Equity Max-Sharpe,ABT,0.08545084266000796
2021-12-01,Equity Max-Sharpe,ABT,0.019633876066790283
2022-01-03,Equity Max-Sharpe,ABT,0.07268381117201142
2022-02-01,Equity Max-Sharpe,ABT,2.7885058830255465e-17
2022-03-01,Equity Max-Sharpe,ABT,0.0
2022-04-01,Equity Max-Sharpe,ABT,5.2868706843668566e-17
2022-05-02,Equity Max-Sharpe,ABT,7.12485983033175e-17
2022-06-01,Equity Max-Sharpe,ABT,0.0
2022-07-01,Equity Max-Sharpe,ABT,0.0
2022-08-01,Equity Max-Sharpe,ABT,1.936677746890411e-17
2022-09-01,Equity Max-Sharpe,ABT,0.0
2022-10-03,Equity Max-Sharpe,ABT,3.2019431591080336e-17
2022-11-01,Equity Max-Sharpe,ABT,0.0
2022-12-01,Equity Max-Sharpe,ABT,5.4601491481362487e-17
2023-01-03,Equity Max-Sharpe,ABT,1.6096109550136213e-16
2023-02-01,Equity Max-Sharpe,ABT,0.0
2023-03-01,Equity Max-Sharpe,ABT,0.0
2023-04-03,Equity Max-Sharpe,ABT,0.0
2023-05-01,Equity Max-Sharpe,ABT,0.0
2023-06-01,Equity Max-Sharpe,ABT,0.0
2023-07-03,Equity Max-Sharpe,ABT,0.0
2023-08-01,Equity Max-Sharpe,ABT,2.699557764370507e-17
2023-09-01,Equity Max-Sharpe,ABT,3.8502780650751617e-16
2023-10-02,Equity Max-Sharpe,ABT,6.12768472601623e-17
2023-11-01,Equity Max-Sharpe,ABT,0.0
2023-12-01,Equity Max-Sharpe,ABT,1.3302055924702192e-17
2021-01-04,Equity Max-Sharpe,ADBE,0.0
2021-02-01,Equity Max-Sharpe,ADBE,1.1615616064487915e-16
2021-03-01,Equity Max-Sharpe,ADBE,5.645127684615636e-17
2021-04-01,Equity Max-Sharpe,ADBE,0.0
2021-05-03,Equity Max-Sharpe,ADBE,0.0
2021-06-01,Equity Max-Sharpe,ADBE,5.64792084323961e-17
2021-07-01,Equity Max-Sharpe,ADBE,0.0
2021-08-02,Equity Max-Sharpe,ADBE,0.006675914675682448
2021-09-01,Equity Max-Sharpe,ADBE,1.384352142838759e-16
2021-10-01,Equity Max-Sharpe,ADBE,1.0551711981905196e-16
2021-11-01,Equity Max-Sharpe,ADBE,0.0
2021-12-01,Equity Max-Sharpe,ADBE,0.0
2022-01-03,Equity Max-Sharpe,ADBE,1.7641089824510523e-17
2022-02-01,Equity Max-Sharpe,ADBE,8.990237196412117e-17
2022-03-01,Equity Max-Sharpe,ADBE,8.104098443726768e-17
2022-04-01,Equity Max-Sharpe,ADBE,4.142468894056663e-17
2022-05-02,Equity Max-Sharpe,ADBE,1.2712261773419116e-16
2022-06-01,Equity Max-Sharpe,ADBE,3.988204937743331e-17
2022-07-01,Equity Max-Sharpe,ADBE,5.449929456071796e-17
2022-08-01,Equity Max-Sharpe,ADBE,2.5889539300136456e-17
2022-09-01,Equity Max-Sharpe,ADBE,0.0
2022-10-03,Equity Max-Sharpe,ADBE,1.3183452119483862e-16
2022-11-01,Equity Max-Sharpe,ADBE,0.0
2022-12-01,Equity Max-Sharpe,ADBE,0.0
2023-01-03,Equity Max-Sharpe,ADBE,0.0
2023-02-01,Equity Max-Sharpe,ADBE,0.0
2023-03-01,Equity Max-Sharpe,ADBE,0.0
2023-04-03,Equity Max-Sharpe,ADBE,9.88304584600573e-17
2023-05-01,Equity Max-Sharpe,ADBE,3.2821909865173636e-17
2023-06-01,Equity Max-Sharpe,ADBE,7.815168254433404e-17
2023-07-03,Equity Max-Sharpe,ADBE,2.1664101595040468e-17
2023-08-01,Equity Max-Sharpe,ADBE,0.0
2023-09-01,Equity Max-Sharpe,ADBE,2.2560443198458727e-16
2023-10-02,Equity Max-Sharpe,ADBE,0.0
2023-11-01,Equity Max-Sharpe,ADBE,5.853718874994848e-17
2023-12-01,Equity Max-Sharpe,ADBE,0.09081020304101663
2021-01-04,Equity Max-Sharpe,AEP,0.0
2021-02-01,Equity Max-Sharpe,AEP,3.166224051700516e-17
2021-03-01,Equity Max-Sharpe,AEP,0.0
2021-04-01,Equity Max-Sharpe,AEP,6.353129769208258e-17
2021-05-03,Equity Max-Sharpe,AEP,0.0
2021-06-01,Equity Max-Sharpe,AEP,0.0
2021-07-01,Equity Max-Sharpe,AEP,0.0
2021-08-02,Equity Max-Sharpe,AEP,0.0
2021-09-01,Equity Max-Sharpe,AEP,0.0
2021-10-01,Equity Max-Sharpe,AEP,0.0
2021-11-01,Equity Max-Sharpe,AEP,0.0
2021-12-01,Equity Max-Sharpe,AEP,0.0
2022-01-03,Equity Max-Sharpe,AEP,0.0
2022-02-01,Equity Max-Sharpe,AEP,0.0
2022-03-01,Equity Max-Sharpe,AEP,0.036896110748910214
2022-04-01,Equity Max-Sharpe,AEP,0.0
2022-05-02,Equity Max-Sharpe,AEP,0.0
2022-06-01,Equity Max-Sharpe,AEP,0.1174331685885733
2022-07-01,Equity Max-Sharpe,AEP,0.0
2022-08-01,Equity Max-Sharpe,AEP,1.4402614613074592e-17
2022-09-01,Equity Max-Sharpe,AEP,2.1883598566727913e-16
2022-10-03,Equity Max-Sharpe,AEP,1.0511190951058344e-16
2022-11-01,Equity Max-Sharpe,AEP,0.0
2022-12-01,Equity Max-Sharpe,AEP,0.0
2023-01-03,Equity Max-Sharpe,AEP,0.0
2023-02-01,Equity Max-Sharpe,AEP,0.0
2023-03-01,Equity Max-Sharpe,AEP,0.0
2023-04-03,Equity Max-Sharpe,AEP,0.0
2023-05-01,Equity Max-Sharpe,AEP,0.0
2023-06-01,Equity Max-Sharpe,AEP,0.0
2023-07-03,Equity Max-Sharpe,AEP,8.22394042272518e-17
2023-08-01,Equity Max-Sharpe,AEP,2.0042891844213508e-16
2023-09-01,Equity Max-Sharpe,AEP,1.0569587018439038e-16
2023-10-02,Equity Max-Sharpe,AEP,8.087376934205572e-17
2023-11-01,Equity Max-Sharpe,AEP,3.3490569893890405e-17
2023-12-01,Equity Max-Sharpe,AEP,0.0
2021-01-04,Equity Max-Sharpe,AMD,0.0
2021-02-01,Equity Max-Sharpe,AMD,9.763015657612491e-17
2021-03-01,Equity Max-Sharpe,AMD,8.46205639393792e-18
2021-04-01,Equity Max-Sharpe,AMD,6.58877243805159e-17
2021-05-03,Equity Max-Sharpe,AMD,1.0168679463601203e-16
2021-06-01,Equity Max-Sharpe,AMD,0.0
2021-07-01,Equity Max-Sharpe,AMD,0.03614885638803422
2021-08-02,Equity Max-Sharpe,AMD,0.0
2021-09-01,Equity Max-Sharpe,AMD,0.0
2021-10-01,Equity Max-Sharpe,AMD,3.019111448523977e-19
2021-11-01,Equity Max-Sharpe,AMD,0.011827502382799266
2021-12-01,Equity Max-Sharpe,AMD,0.0
2022-01-03,Equity Max-Sharpe,AMD,1.7713934069224233e-16
2022-02-01,Equity Max-Sharpe,AMD,0.0
2022-03-01,Equity Max-Sharpe,AMD,0.0
2022-04-01,Equity Max-Sharpe,AMD,0.0
2022-05-02,Equity Max-Sharpe,AMD,0.0
2022-06-01,Equity Max-Sharpe,AMD,0.04004335514072936
2022-07-01,Equity Max-Sharpe,AMD,2.687432583665165e-17
2022-08-01,Equity Max-Sharpe,AMD,6.592441394892761e-17
2022-09-01,Equity Max-Sharpe,AMD,1.5101588402707663e-16
2022-10-03,Equity Max-Sharpe,AMD,1.1488080048947632e-17
2022-11-01,Equity Max-Sharpe,AMD,0.0
2022-12-01,Equity Max-Sharpe,AMD,6.542792766752178e-17
2023-01-03,Equity Max-Sharpe,AMD,2.9549556939196315e-16
2023-02-01,Equity Max-Sharpe,AMD,0.0
2023-03-01,Equity Max-Sharpe,AMD,8.066879245078608e-17
2023-04-03,Equity Max-Sharpe,AMD,0.0
2023-05-01,Equity Max-Sharpe,AMD,0.0
2023-06-01,Equity Max-Sharpe,AMD,0.0
2023-07-03,Equity Max-Sharpe,AMD,3.2730741863488664e-17
2023-08-01,Equity Max-Sharpe,AMD,0.0
2023-09-01,Equity Max-Sharpe,AMD,0.0
2023-10-02,Equity Max-Sharpe,AMD,0.0
2023-11-01,Equity Max-Sharpe,AMD,0.0
2023-12-01,Equity Max-Sharpe,AMD,0.0
2021-01-04,Equity Max-Sharpe,AMGN,0.0
2021-02-01,Equity Max-Sharpe,AMGN,2.117319114936222e-17
2021-03-01,Equity Max-Sharpe,AMGN,0.0
2021-04-01,Equity Max-Sharpe,AMGN,3.7983982894646416e-17
2021-05-03,Equity Max-Sharpe,AMGN,0.0
2021-06-01,Equity Max-Sharpe,AMGN,3.385388791516427e-17
2021-07-01,Equity Max-Sharpe,AMGN,0.0
2021-08-02,Equity Max-Sharpe,AMGN,0.0
2021-09-01,Equity Max-Sharpe,AMGN,0.0
2021-10-01,Equity Max-Sharpe,AMGN,0.0
2021-11-01,Equity Max-Sharpe,AMGN,1.2686560750205495e-18
2021-12-01,Equity Max-Sharpe,AMGN,1.191880375603997e-16
2022-01-03,Equity Max-Sharpe,AMGN,1.5098677427953546e-16
2022-02-01,Equity Max-Sharpe,AMGN,0.0
2022-03-01,Equity Max-Sharpe,AMGN,8.367328819353423e-17
2022-04-01,Equity Max-Sharpe,AMGN,0.0
2022-05-02,Equity Max-Sharpe,AMGN,8.97737605211956e-17
2022-06-01,Equity Max-Sharpe,AMGN,0.0
2022-07-01,Equity Max-Sharpe,AMGN,1.610729191982056e-16
2022-08-01,Equity Max-Sharpe,AMGN,0.0
2022-09-01,Equity Max-Sharpe,AMGN,0.06270204400519
2022-10-03,Equity Max-Sharpe,AMGN,0.0
2022-11-01,Equity Max-Sharpe,AMGN,0.39094495671433455
2022-12-01,Equity Max-Sharpe,AMGN,0.2716348864913957
2023-01-03,Equity Max-Sharpe,AMGN,0.029000018439661386
2023-02-01,Equity Max-Sharpe,AMGN,0.0
2023-03-01,Equity Max-Sharpe,AMGN,4.553213930698705e-17
2023-04-03,Equity Max-Sharpe,AMGN,0.0
2023-05-01,Equity Max-Sharpe,AMGN,0.0
2023-06-01,Equity Max-Sharpe,AMGN,1.1379545666103556e-17
2023-07-03,Equity Max-Sharpe,AMGN,9.049893508588395e-17
2023-08-01,Equity Max-Sharpe,AMGN,0.0
2023-09-01,Equity Max-Sharpe,AMGN,0.0
2023-10-02,Equity Max-Sharpe,AMGN,0.0917989473867803
2023-11-01,Equity Max-Sharpe,AMGN,0.0
2023-12-01,Equity Max-Sharpe,AMGN,0.0
2021-01-04,Equity Max-Sharpe,AMT,0.0
2021-02-01,Equity Max-Sharpe,AMT,0.0
2021-03-01,Equity Max-Sharpe,AMT,6.604502227657182e-18
2021-04-01,Equity Max-Sharpe,AMT,4.1270652449027706e-17
2021-05-03,Equity Max-Sharpe,AMT,4.936045438968392e-17
2021-06-01,Equity Max-Sharpe,AMT,0.0
2021-07-01,Equity Max-Sharpe,AMT,3.1609765971340804e-17
2021-08-02,Equity Max-Sharpe,AMT,1.4944406278379353e-16
2021-09-01,Equity Max-Sharpe,AMT,4.161701553792558e-17
2021-10-01,Equity Max-Sharpe,AMT,0.0
2021-11-01,Equity Max-Sharpe,AMT,0.0
2021-12-01,Equity Max-Sharpe,AMT,2.5687028776409137e-18
2022-01-03,Equity Max-Sharpe,AMT,1.9107555823473982e-16
2022-02-01,Equity Max-Sharpe,AMT,7.187367143115937e-17
2022-03-01,Equity Max-Sharpe,AMT,0.0
2022-04-01,Equity Max-Sharpe,AMT,6.623939925278378e-18
2022-05-02,Equity Max-Sharpe,AMT,0.0
2022-06-01,Equity Max-Sharpe,AMT,6.098139259793825e-17
2022-07-01,Equity Max-Sharpe,AMT,0.0
2022-08-01,Equity Max-Sharpe,AMT,0.0
2022-09-01,Equity Max-Sharpe,AMT,0.0
2022-10-03,Equity Max-Sharpe,AMT,7.002684327168623e-19
2022-11-01,Equity Max-Sharpe,AMT,3.881279437280132e-17
2022-12-01,Equity Max-Sharpe,AMT,1.2697077514797742e-17
2023-01-03,Equity Max-Sharpe,AMT,9.697788940784124e-17
2023-02-01,Equity Max-Sharpe,AMT,0.0
2023-03-01,Equity Max-Sharpe,AMT,8.204447767830631e-17
2023-04-03,Equity Max-Sharpe,AMT,0.0
2023-05-01,Equity Max-Sharpe,AMT,1.7317851371589693e-16
2023-06-01,Equity Max-Sharpe,AMT,8.923939434034812e-18
2023-07-03,Equity Max-Sharpe,AMT,4.51774133896963e-17
2023-08-01,Equity Max-Sharpe,AMT,0.0
2023-09-01,Equity Max-Sharpe,AMT,3.19182870832576e-17
2023-10-02,Equity Max-Sharpe,AMT,5.3284943880312343e-17
2023-11-01,Equity Max-Sharpe,AMT,0.0
2023-12-01,Equity Max-Sharpe,AMT,0.0
2021-01-04,Equity Max-Sharpe,BA,0.0
2021-02-01,Equity Max-Sharpe,BA,0.0
2021-03-01,Equity Max-Sharpe,BA,6.835915054202859e-17
2021-04-01,Equity Max-Sharpe,BA,4.492340584467135e-17
2021-05-03,Equity Max-Sharpe,BA,0.0
2021-06-01,Equity Max-Sharpe,BA,0.0
2021-07-01,Equity Max-Sharpe,BA,1.7845743025266356e-16
2021-08-02,Equity Max-Sharpe,BA,0.0
2021-09-01,Equity Max-Sharpe,BA,0.0
2021-10-01,Equity Max-Sharpe,BA,8.285960392286636e-17
2021-11-01,Equity Max-Sharpe,BA,0.0
2021-12-01,Equity Max-Sharpe,BA,6.60309503849896e-17
2022-01-03,Equity Max-Sharpe,BA,2.0805968595518898e-17
2022-02-01,Equity Max-Sharpe,BA,0.0
2022-03-01,Equity Max-Sharpe,BA,0.0
2022-04-01,Equity Max-Sharpe,BA,0.0
2022-05-02,Equity Max-Sharpe,BA,7.73642722931815e-17
2022-06-01,Equity Max-Sharpe,BA,0.0
2022-07-01,Equity Max-Sharpe,BA,1.0656044998664058e-16
2022-08-01,Equity Max-Sharpe,BA,6.206327002053249e-18
2022-09-01,Equity Max-Sharpe,BA,9.884191022744593e-17
2022-10-03,Equity Max-Sharpe,BA,1.3168593416300163e-17
2022-11-01,Equity Max-Sharpe,BA,1.4611126572018345e-18
2022-12-01,Equity Max-Sharpe,BA,0.0
2023-01-03,Equity Max-Sharpe,BA,0.0
2023-02-01,Equity Max-Sharpe,BA,0.0
2023-03-01,Equity Max-Sharpe,BA,0.0
2023-04-03,Equity Max-Sharpe,BA,1.2311125095714057e-17
2023-05-01,Equity Max-Sharpe,BA,8.658478509329862e-17
2023-06-01,Equity Max-Sharpe,BA,0.04494016660605932
2023-07-03,Equity Max-Sharpe,BA,2.1445506667961243e-16
2023-08-01,Equity Max-Sharpe,BA,0.0
2023-09-01,Equity Max-Sharpe,BA,6.349845514863612e-17
2023-10-02,Equity Max-Sharpe,BA,0.0
2023-11-01,Equity Max-Sharpe,BA,5.011315456159602e-17
2023-12-01,Equity Max-Sharpe,BA,2.3453449871188538e-17
2021-01-04,Equity Max-Sharpe,CAT,2.032031704523549e-16
2021-02-01,Equity Max-Sharpe,CAT,0.0
2021-03-01,Equity Max-Sharpe,CAT,0.29924407018854865
2021-04-01,Equity Max-Sharpe,CAT,0.027972919270536474
2021-05-03,Equity Max-Sharpe,CAT,0.15017413128310594
2021-06-01,Equity Max-Sharpe,CAT,0.12160562143594139
2021-07-01,Equity Max-Sharpe,CAT,0.0
2021-08-02,Equity Max-Sharpe,CAT,1.102215827551234e-17
2021-09-01,Equity Max-Sharpe,CAT,2.713853749477849e-17
2021-10-01,Equity Max-Sharpe,CAT,0.0
2021-11-01,Equity Max-Sharpe,CAT,2.681297510982523e-17
2021-12-01,Equity Max-Sharpe,CAT,5.311239457500539e-18
2022-01-03,Equity Max-Sharpe,CAT,1.555013409834433e-16
2022-02-01,Equity Max-Sharpe,CAT,0.0
2022-03-01,Equity Max-Sharpe,CAT,0.0
2022-04-01,Equity Max-Sharpe,CAT,0.0
2022-05-02,Equity Max-Sharpe,CAT,0.0
2022-06-01,Equity Max-Sharpe,CAT,0.0
2022-07-01,Equity Max-Sharpe,CAT,0.0
2022-08-01,Equity Max-Sharpe,CAT,0.0
2022-09-01,Equity Max-Sharpe,CAT,5.3268789417188346e-17
2022-10-03,Equity Max-Sharpe,CAT,4.2472128995233425e-17
2022-11-01,Equity Max-Sharpe,CAT,0.0
2022-12-01,Equity Max-Sharpe,CAT,8.938879567945142e-17
2023-01-03,Equity Max-Sharpe,CAT,2.900829743273244e-16
2023-02-01,Equity Max-Sharpe,CAT,1.8684217105919106e-17
2023-03-01,Equity Max-Sharpe,CAT,0.0
2023-04-03,Equity Max-Sharpe,CAT,0.0
2023-05-01,Equity Max-Sharpe,CAT,6.389093472935807e-17
2023-06-01,Equity Max-Sharpe,CAT,0.0
2023-07-03,Equity Max-Sharpe,CAT,1.2799976121706896e-17
2023-08-01,Equity Max-Sharpe,CAT,0.0
2023-09-01,Equity Max-Sharpe,CAT,0.0
2023-10-02,Equity Max-Sharpe,CAT,0.0160677780447036
2023-11-01,Equity Max-Sharpe,CAT,1.5520793906604894e-17
2023-12-01,Equity Max-Sharpe,CAT,4.884972569943881e-17
2021-01-04,Equity Max-Sharpe,CCI,2.6316613397289234e-17
2021-02-01,Equity Max-Sharpe,CCI,0.0
2021-03-01,Equity Max-Sharpe,CCI,0.0
2021-04-01,Equity Max-Sharpe,CCI,0.0
2021-05-03,Equity Max-Sharpe,CCI,0.0
2021-06-01,Equity Max-Sharpe,CCI,1.255314039950849e-16
2021-07-01,Equity Max-Sharpe,CCI,3.61431812581804e-17
2021-08-02,Equity Max-Sharpe,CCI,0.0
2021-09-01,Equity Max-Sharpe,CCI,4.0723232134922066e-17
2021-10-01,Equity Max-Sharpe,CCI,0.0
2021-11-01,Equity Max-Sharpe,CCI,1.7049931457973355e-16
2021-12-01,Equity Max-Sharpe,CCI,0.0
2022-01-03,Equity Max-Sharpe,CCI,9.964318983600077e-17
2022-02-01,Equity Max-Sharpe,CCI,1.7319316373668042e-17
2022-03-01,Equity Max-Sharpe,CCI,0.0
2022-04-01,Equity Max-Sharpe,CCI,0.0
2022-05-02,Equity Max-Sharpe,CCI,0.0
2022-06-01,Equity Max-Sharpe,CCI,0.0
2022-07-01,Equity Max-Sharpe,CCI,0.0
2022-08-01,Equity Max-Sharpe,CCI,7.243205397594912e-17
2022-09-01,Equity Max-Sharpe,CCI,0.0
2022-10-03,Equity Max-Sharpe,CCI,2.6538112379074065e-16
2022-11-01,Equity Max-Sharpe,CCI,0.0
2022-12-01,Equity Max-Sharpe,CCI,1.2088486879015533e-16
2023-01-03,Equity Max-Sharpe,CCI,0.0
2023-02-01,Equity Max-Sharpe,CCI,1.9226318192161877e-17
2023-03-01,Equity Max-Sharpe,CCI,4.746510091841752e-17
2023-04-03,Equity Max-Sharpe,CCI,0.0
2023-05-01,Equity Max-Sharpe,CCI,0.0
2023-06-01,Equity Max-Sharpe,CCI,0.0
2023-07-03,Equity Max-Sharpe,CCI,1.4639733449342874e-16
2023-08-01,Equity Max-Sharpe,CCI,2.0094382883935022e-17
2023-09-01,Equity Max-Sharpe,CCI,0.0
2023-10-02,Equity Max-Sharpe,CCI,0.0
2023-11-01,Equity Max-Sharpe,CCI,7.346826753811223e-17
2023-12-01,Equity Max-Sharpe,CCI,0.0
2021-01-04,Equity Max-Sharpe,CMCSA,3.5922198179425066e-17
2021-02-01,Equity Max-Sharpe,CMCSA,0.0
2021-03-01,Equity Max-Sharpe,CMCSA,1.0446908578389517e-16
2021-04-01,Equity Max-Sharpe,CMCSA,4.800034918229499e-17
2021-05-03,Equity Max-Sharpe,CMCSA,0.0
2021-06-01,Equity Max-Sharpe,CMCSA,0.0
2021-07-01,Equity Max-Sharpe,CMCSA,0.0
2021-08-02,Equity Max-Sharpe,CMCSA,0.0
2021-09-01,Equity Max-Sharpe,CMCSA,2.7609224404770268e-17
2021-10-01,Equity Max-Sharpe,CMCSA,8.830732841739423e-17
2021-11-01,Equity Max-Sharpe,CMCSA,4.597461298965841e-17
2021-12-01,Equity Max-Sharpe,CMCSA,0.0
2022-01-03,Equity Max-Sharpe,CMCSA,0.0
2022-02-01,Equity Max-Sharpe,CMCSA,5.710195010188717e-17
2022-03-01,Equity Max-Sharpe,CMCSA,7.362415946581074e-17
2022-04-01,Equity Max-Sharpe,CMCSA,3.75544455670967e-18
2022-05-02,Equity Max-Sharpe,CMCSA,0.0
2022-06-01,Equity Max-Sharpe,CMCSA,4.726493893063242e-17
2022-07-01,Equity Max-Sharpe,CMCSA,9.343166772542962e-18
2022-08-01,Equity Max-Sharpe,CMCSA,7.870347872142706e-17
2022-09-01,Equity Max-Sharpe,CMCSA,1.0925025108330677e-16
2022-10-03,Equity Max-Sharpe,CMCSA,1.0540709324050445e-16
2022-11-01,Equity Max-Sharpe,CMCSA,0.0
2022-12-01,Equity Max-Sharpe,CMCSA,0.0
2023-01-03,Equity Max-Sharpe,CMCSA,2.938628861599861e-18
2023-02-01,Equity Max-Sharpe,CMCSA,8.247574414981893e-17
2023-03-01,Equity Max-Sharpe,CMCSA,1.0893269155594682e-16
2023-04-03,Equity Max-Sharpe,CMCSA,7.735367833474419e-17
2023-05-01,Equity Max-Sharpe,CMCSA,1.8488789717874038e-16
2023-06-01,Equity Max-Sharpe,CMCSA,1.0624450180432528e-16
2023-07-03,Equity Max-Sharpe,CMCSA,0.0
2023-08-01,Equity Max-Sharpe,CMCSA,1.975200918424575e-16
2023-09-01,Equity Max-Sharpe,CMCSA,4.186848468950518e-18
2023-10-02,Equity Max-Sharpe,CMCSA,5.618587447198373e-18
2023-11-01,Equity Max-Sharpe,CMCSA,1.0366439689037001e-16
2023-12-01,Equity Max-Sharpe,CMCSA,5.171623486002013e-17
2021-01-04,Equity Max-Sharpe,COP,0.0
2021-02-01,Equity Max-Sharpe,COP,3.6735082364035593e-17
2021-03-01,Equity Max-Sharpe,COP,0.0
2021-04-01,Equity Max-Sharpe,COP,0.0
2021-05-03,Equity Max-Sharpe,COP,1.487172184316329e-17
2021-06-01,Equity Max-Sharpe,COP,7.152050322377887e-17
2021-07-01,Equity Max-Sharpe,COP,0.0
2021-08-02,Equity Max-Sharpe,COP,0.0
2021-09-01,Equity Max-Sharpe,COP,0.0
2021-10-01,Equity Max-Sharpe,COP,0.0
2021-11-01,Equity Max-Sharpe,COP,0.000578945816725193
2021-12-01,Equity Max-Sharpe,COP,0.040038118978806936
2022-01-03,Equity Max-Sharpe,COP,0.08651036550178696
2022-02-01,Equity Max-Sharpe,COP,0.16520122497779297
2022-03-01,Equity Max-Sharpe,COP,0.15476769112572875
2022-04-01,Equity Max-Sharpe,COP,0.07584484827428507
2022-05-02,Equity Max-Sharpe,COP,0.1731625178099258
2022-06-01,Equity Max-Sharpe,COP,0.04961024874829336
2022-07-01,Equity Max-Sharpe,COP,0.0
2022-08-01,Equity Max-Sharpe,COP,0.0
2022-09-01,Equity Max-Sharpe,COP,0.06199283883684635
2022-10-03,Equity Max-Sharpe,COP,1.0429578601370681e-16
2022-11-01,Equity Max-Sharpe,COP,0.0
2022-12-01,Equity Max-Sharpe,COP,1.3184968492416219e-17
2023-01-03,Equity Max-Sharpe,COP,3.0599942687955024e-15
2023-02-01,Equity Max-Sharpe,COP,6.966860598733391e-17
2023-03-01,Equity Max-Sharpe,COP,0.0
2023-04-03,Equity Max-Sharpe,COP,1.5292681070049194e-17
2023-05-01,Equity Max-Sharpe,COP,0.0
2023-06-01,Equity Max-Sharpe,COP,1.6698858873335396e-17
2023-07-03,Equity Max-Sharpe,COP,2.954035888670969e-17
2023-08-01,Equity Max-Sharpe,COP,0.0
2023-09-01,Equity Max-Sharpe,COP,1.614863764082692e-16
2023-10-02,Equity Max-Sharpe,COP,0.0
2023-11-01,Equity Max-Sharpe,COP,0.0
2023-12-01,Equity Max-Sharpe,COP,2.3113270955004214e-17
2021-01-04,Equity Max-Sharpe,CVX,0.0
2021-02-01,Equity Max-Sharpe,CVX,0.0
2021-03-01,Equity Max-Sharpe,CVX,0.0
2021-04-01,Equity Max-Sharpe,CVX,0.0
2021-05-03,Equity Max-Sharpe,CVX,0.0
2021-06-01,Equity Max-Sharpe,CVX,7.650746952798608e-17
2021-07-01,Equity Max-Sharpe,CVX,5.1901430713791426e-17
2021-08-02,Equity Max-Sharpe,CVX,0.0
2021-09-01,Equity Max-Sharpe,CVX,1.549820808820005e-16
2021-10-01,Equity Max-Sharpe,CVX,6.871278880868874e-18
2021-11-01,Equity Max-Sharpe,CVX,7.836407696485477e-17
2021-12-01,Equity Max-Sharpe,CVX,0.0
2022-01-03,Equity Max-Sharpe,CVX,3.88906705312678e-17
2022-02-01,Equity Max-Sharpe,CVX,0.0
2022-03-01,Equity Max-Sharpe,CVX,0.0
2022-04-01,Equity Max-Sharpe,CVX,0.10826121652612586
2022-05-02,Equity Max-Sharpe,CVX,0.08460910045676319
2022-06-01,Equity Max-Sharpe,CVX,0.19522000241700227
2022-07-01,Equity Max-Sharpe,CVX,0.11623400673699374
2022-08-01,Equity Max-Sharpe,CVX,0.207839951780466
2022-09-01,Equity Max-Sharpe,CVX,0.1262336782025799
2022-10-03,Equity Max-Sharpe,CVX,0.14870510609896082
2022-11-01,Equity Max-Sharpe,CVX,0.061592612562335156
2022-12-01,Equity Max-Sharpe,CVX,0.0
2023-01-03,Equity Max-Sharpe,CVX,1.0491259626743312e-15
2023-02-01,Equity Max-Sharpe,CVX,8.406138982707898e-17
2023-03-01,Equity Max-Sharpe,CVX,0.0
2023-04-03,Equity Max-Sharpe,CVX,2.3306200036341802e-17
2023-05-01,Equity Max-Sharpe,CVX,0.0
2023-06-01,Equity Max-Sharpe,CVX,8.538124375289409e-17
2023-07-03,Equity Max-Sharpe,CVX,0.0
2023-08-01,Equity Max-Sharpe,CVX,0.0
2023-09-01,Equity Max-Sharpe,CVX,0.0
2023-10-02,Equity Max-Sharpe,CVX,1.744166418557683e-17
2023-11-01,Equity Max-Sharpe,CVX,7.838519615888204e-18
2023-12-01,Equity Max-Sharpe,CVX,5.3972050827401746e-17
2021-01-04,Equity Max-Sharpe,D,0.0
2021-02-01,Equity Max-Sharpe,D,5.1059221019154625e-18
2021-03-01,Equity Max-Sharpe,D,0.0
2021-04-01,Equity Max-Sharpe,D,7.35485280260494e-17
2021-05-03,Equity Max-Sharpe,D,0.0
2021-06-01,Equity Max-Sharpe,D,9.622414421204109e-17
2021-07-01,Equity Max-Sharpe,D,3.557984960127883e-17
2021-08-02,Equity Max-Sharpe,D,5.748818944990635e-17
2021-09-01,Equity Max-Sharpe,D,0.0
2021-10-01,Equity Max-Sharpe,D,0.0
2021-11-01,Equity Max-Sharpe,D,0.0
2021-12-01,Equity Max-Sharpe,D,2.1613391663706603e-17
2022-01-03,Equity Max-Sharpe,D,0.0
2022-02-01,Equity Max-Sharpe,D,0.0
2022-03-01,Equity Max-Sharpe,D,8.891222702968176e-17
2022-04-01,Equity Max-Sharpe,D,4.120054890681734e-17
2022-05-02,Equity Max-Sharpe,D,9.227141972918119e-17
2022-06-01,Equity Max-Sharpe,D,1.1639767163939942e-16
2022-07-01,Equity Max-Sharpe,D,0.0
2022-08-01,Equity Max-Sharpe,D,0.0
2022-09-01,Equity Max-Sharpe,D,0.0
2022-10-03,Equity Max-Sharpe,D,0.0
2022-11-01,Equity Max-Sharpe,D,9.674063714850799e-18
2022-12-01,Equity Max-Sharpe,D,0.0
2023-01-03,Equity Max-Sharpe,D,8.786720675960244e-18
2023-02-01,Equity Max-Sharpe,D,3.386211591222471e-17
2023-03-01,Equity Max-Sharpe,D,5.649108400435933e-17
2023-04-03,Equity Max-Sharpe,D,0.0
2023-05-01,Equity Max-Sharpe,D,0.0
2023-06-01,Equity Max-Sharpe,D,7.17631460408843e-17
2023-07-03,Equity Max-Sharpe,D,9.009019268507836e-17
2023-08-01,Equity Max-Sharpe,D,3.228145112470283e-17
2023-09-01,Equity Max-Sharpe,D,1.9074500625947432e-17
2023-10-02,Equity Max-Sharpe,D,0.0
2023-11-01,Equity Max-Sharpe,D,3.7687701001374225e-17
2023-12-01,Equity Max-Sharpe,D,2.3910751363834814e-17
2021-01-04,Equity Max-Sharpe,DD,2.6182721133522108e-18
2021-02-01,Equity Max-Sharpe,DD,0.11056457831149301
2021-03-01,Equity Max-Sharpe,DD,1.5224040702673674e-16
2021-04-01,Equity Max-Sharpe,DD,0.09676835641146507
2021-05-03,Equity Max-Sharpe,DD,4.0788780419514784e-20
2021-06-01,Equity Max-Sharpe,DD,0.0
2021-07-01,Equity Max-Sharpe,DD,0.0
2021-08-02,Equity Max-Sharpe,DD,3.187388178167174e-17
2021-09-01,Equity Max-Sharpe,DD,8.372023235266567e-17
2021-10-01,Equity Max-Sharpe,DD,0.0
2021-11-01,Equity Max-Sharpe,DD,1.0498975413810107e-17
2021-12-01,Equity Max-Sharpe,DD,0.0
2022-01-03,Equity Max-Sharpe,DD,0.0
2022-02-01,Equity Max-Sharpe,DD,0.0
2022-03-01,Equity Max-Sharpe,DD,5.4314693796005974e-17
2022-04-01,Equity Max-Sharpe,DD,1.082477413101277e-16
2022-05-02,Equity Max-Sharpe,DD,0.0
2022-06-01,Equity Max-Sharpe,DD,3.0540360569748887e-17
2022-07-01,Equity Max-Sharpe,DD,2.674548210029294e-17
2022-08-01,Equity Max-Sharpe,DD,9.255770698026874e-18
2022-09-01,Equity Max-Sharpe,DD,1.6863573771871617e-16
2022-10-03,Equity Max-Sharpe,DD,0.0
2022-11-01,Equity Max-Sharpe,DD,1.3663413811290337e-16
2022-12-01,Equity Max-Sharpe,DD,2.867347402026317e-17
2023-01-03,Equity Max-Sharpe,DD,7.704212196126401e-17
2023-02-01,Equity Max-Sharpe,DD,1.8982331246795797e-17
2023-03-01,Equity Max-Sharpe,DD,1.8998347649163707e-16
2023-04-03,Equity Max-Sharpe,DD,0.0
2023-05-01,Equity Max-Sharpe,DD,0.0
2023-06-01,Equity Max-Sharpe,DD,7.658734181421268e-18
2023-07-03,Equity Max-Sharpe,DD,0.0
2023-08-01,Equity Max-Sharpe,DD,0.0
2023-09-01,Equity Max-Sharpe,DD,0.0
2023-10-02,Equity Max-Sharpe,DD,0.0
2023-11-01,Equity Max-Sharpe,DD,0.0
2023-12-01,Equity Max-Sharpe,DD,0.0
2021-01-04,Equity Max-Sharpe,DIS,1.4166668391563712e-16
2021-02-01,Equity Max-Sharpe,DIS,0.0
2021-03-01,Equity Max-Sharpe,DIS,1.1946197582334952e-16
2021-04-01,Equity Max-Sharpe,DIS,0.053380092429184886
2021-05-03,Equity Max-Sharpe,DIS,7.595898448741316e-17
2021-06-01,Equity Max-Sharpe,DIS,6.977396268222932e-17
2021-07-01,Equity Max-Sharpe,DIS,0.005747016179691248
2021-08-02,Equity Max-Sharpe,DIS,6.0166071653249e-17
2021-09-01,Equity Max-Sharpe,DIS,0.0
2021-10-01,Equity Max-Sharpe,DIS,0.0
2021-11-01,Equity Max-Sharpe,DIS,6.58643737172427e-17
2021-12-01,Equity Max-Sharpe,DIS,7.774915332239556e-18
2022-01-03,Equity Max-Sharpe,DIS,2.3746908280162136e-17
2022-02-01,Equity Max-Sharpe,DIS,3.835162810736323e-18
2022-03-01,Equity Max-Sharpe,DIS,1.7401595694094594e-17
2022-04-01,Equity Max-Sharpe,DIS,0.0
2022-05-02,Equity Max-Sharpe,DIS,7.088137024841256e-17
2022-06-01,Equity Max-Sharpe,DIS,2.485796778064481e-17
2022-07-01,Equity Max-Sharpe,DIS,0.0
2022-08-01,Equity Max-Sharpe,DIS,5.5431199634388906e-17
2022-09-01,Equity Max-Sharpe,DIS,1.216643659582658e-16
2022-10-03,Equity Max-Sharpe,DIS,8.033491800177716e-17
2022-11-01,Equity Max-Sharpe,DIS,0.0
2022-12-01,Equity Max-Sharpe,DIS,6.40726749519149e-17
2023-01-03,Equity Max-Sharpe,DIS,2.2697399209087927e-16
2023-02-01,Equity Max-Sharpe,DIS,3.175170664421431e-17
2023-03-01,Equity Max-Sharpe,DIS,0.0
2023-04-03,Equity Max-Sharpe,DIS,6.525554240001406e-17
2023-05-01,Equity Max-Sharpe,DIS,1.0481956674068587e-16
2023-06-01,Equity Max-Sharpe,DIS,8.438230846451283e-17
2023-07-03,Equity Max-Sharpe,DIS,0.0
2023-08-01,Equity Max-Sharpe,DIS,0.0
2023-09-01,Equity Max-Sharpe,DIS,0.0
2023-10-02,Equity Max-Sharpe,DIS,6.3400648969851034e-18
2023-11-01,Equity Max-Sharpe,DIS,0.0
2023-12-01,Equity Max-Sharpe,DIS,1.340367354779089e-17
2021-01-04,Equity Max-Sharpe,DOW,0.0
2021-02-01,Equity Max-Sharpe,DOW,9.045642526337754e-18
2021-03-01,Equity Max-Sharpe,DOW,0.0
2021-04-01,Equity Max-Sharpe,DOW,0.0
2021-05-03,Equity Max-Sharpe,DOW,0.0
2021-06-01,Equity Max-Sharpe,DOW,0.0
2021-07-01,Equity Max-Sharpe,DOW,3.134832078822458e-17
2021-08-02,Equity Max-Sharpe,DOW,0.0
2021-09-01,Equity Max-Sharpe,DOW,0.0
2021-10-01,Equity Max-Sharpe,DOW,0.0
2021-11-01,Equity Max-Sharpe,DOW,5.954314027958028e-17
2021-12-01,Equity Max-Sharpe,DOW,0.0
2022-01-03,Equity Max-Sharpe,DOW,4.525758189100738e-17
2022-02-01,Equity Max-Sharpe,DOW,0.0
2022-03-01,Equity Max-Sharpe,DOW,0.0
2022-04-01,Equity Max-Sharpe,DOW,5.13677319420547e-17
2022-05-02,Equity Max-Sharpe,DOW,0.0
2022-06-01,Equity Max-Sharpe,DOW,0.0
2022-07-01,Equity Max-Sharpe,DOW,0.0
2022-08-01,Equity Max-Sharpe,DOW,0.0
2022-09-01,Equity Max-Sharpe,DOW,1.253024226407343e-19
2022-10-03,Equity Max-Sharpe,DOW,0.0
2022-11-01,Equity Max-Sharpe,DOW,0.0
2022-12-01,Equity Max-Sharpe,DOW,4.2241586715027736e-17
2023-01-03,Equity Max-Sharpe,DOW,3.4012848240745557e-17
2023-02-01,Equity Max-Sharpe,DOW,0.0
2023-03-01,Equity Max-Sharpe,DOW,0.0
2023-04-03,Equity Max-Sharpe,DOW,2.9377732202260627e-17
2023-05-01,Equity Max-Sharpe,DOW,2.9666576308128697e-16
2023-06-01,Equity Max-Sharpe,DOW,1.8607617635134982e-17
2023-07-03,Equity Max-Sharpe,DOW,6.664498464557069e-17
2023-08-01,Equity Max-Sharpe,DOW,3.920919961721668e-17
2023-09-01,Equity Max-Sharpe,DOW,0.0
2023-10-02,Equity Max-Sharpe,DOW,0.0
2023-11-01,Equity Max-Sharpe,DOW,7.787317171062533e-17
2023-12-01,Equity Max-Sharpe,DOW,2.3888307886269894e-17
2021-01-04,Equity Max-Sharpe,DUK,0.0
2021-02-01,Equity Max-Sharpe,DUK,0.0
2021-03-01,Equity Max-Sharpe,DUK,3.0458435560325834e-17
2021-04-01,Equity Max-Sharpe,DUK,1.0614903634131475e-17
2021-05-03,Equity Max-Sharpe,DUK,3.317485457882866e-17
2021-06-01,Equity Max-Sharpe,DUK,0.0
2021-07-01,Equity Max-Sharpe,DUK,0.0
2021-08-02,Equity Max-Sharpe,DUK,0.0030270699710211756
2021-09-01,Equity Max-Sharpe,DUK,0.052234428034897355
2021-10-01,Equity Max-Sharpe,DUK,1.765441173435084e-17
2021-11-01,Equity Max-Sharpe,DUK,7.518121013020065e-17
2021-12-01,Equity Max-Sharpe,DUK,1.9118380561869146e-17
2022-01-03,Equity Max-Sharpe,DUK,4.22048149113878e-17
2022-02-01,Equity Max-Sharpe,DUK,3.9994166144962745e-17
2022-03-01,Equity Max-Sharpe,DUK,0.0
2022-04-01,Equity Max-Sharpe,DUK,7.428372618753054e-17
2022-05-02,Equity Max-Sharpe,DUK,0.0
2022-06-01,Equity Max-Sharpe,DUK,2.0180095001125434e-17
2022-07-01,Equity Max-Sharpe,DUK,0.0
2022-08-01,Equity Max-Sharpe,DUK,3.498875834520165e-17
2022-09-01,Equity Max-Sharpe,DUK,0.0
2022-10-03,Equity Max-Sharpe,DUK,0.0
2022-11-01,Equity Max-Sharpe,DUK,0.0
2022-12-01,Equity Max-Sharpe,DUK,0.0
2023-01-03,Equity Max-Sharpe,DUK,1.3997518354670627e-16
2023-02-01,Equity Max-Sharpe,DUK,3.890576817246828e-17
2023-03-01,Equity Max-Sharpe,DUK,3.2469333341406613e-17
2023-04-03,Equity Max-Sharpe,DUK,7.876314115897535e-17
2023-05-01,Equity Max-Sharpe,DUK,3.564746813611069e-17
2023-06-01,Equity Max-Sharpe,DUK,0.0
2023-07-03,Equity Max-Sharpe,DUK,0.0
2023-08-01,Equity Max-Sharpe,DUK,0.0
2023-09-01,Equity Max-Sharpe,DUK,8.316756466566551e-17
2023-10-02,Equity Max-Sharpe,DUK,2.106385087552702e-17
2023-11-01,Equity Max-Sharpe,DUK,5.637440166226784e-17
2023-12-01,Equity Max-Sharpe,DUK,1.0468505820043094e-16
2021-01-04,Equity Max-Sharpe,EA,4.777941449815375e-17
2021-02-01,Equity Max-Sharpe,EA,0.0
2021-03-01,Equity Max-Sharpe,EA,3.624890454252354e-18
2021-04-01,Equity Max-Sharpe,EA,0.06601260347749624
2021-05-03,Equity Max-Sharpe,EA,9.509007758571281e-17
2021-06-01,Equity Max-Sharpe,EA,1.1304294269527147e-16
2021-07-01,Equity Max-Sharpe,EA,0.0
2021-08-02,Equity Max-Sharpe,EA,0.0
2021-09-01,Equity Max-Sharpe,EA,0.0
2021-10-01,Equity Max-Sharpe,EA,0.0
2021-11-01,Equity Max-Sharpe,EA,6.549825615429305e-17
2021-12-01,Equity Max-Sharpe,EA,4.8611219936847636e-18
2022-01-03,Equity Max-Sharpe,EA,1.0551786427808027e-16
2022-02-01,Equity Max-Sharpe,EA,2.7819544759993966e-17
2022-03-01,Equity Max-Sharpe,EA,5.0356675726812066e-17
2022-04-01,Equity Max-Sharpe,EA,1.0179416849624642e-17
2022-05-02,Equity Max-Sharpe,EA,6.212439854490086e-17
2022-06-01,Equity Max-Sharpe,EA,0.0
2022-07-01,Equity Max-Sharpe,EA,0.0
2022-08-01,Equity Max-Sharpe,EA,0.0
2022-09-01,Equity Max-Sharpe,EA,0.0
2022-10-03,Equity Max-Sharpe,EA,0.0
2022-11-01,Equity Max-Sharpe,EA,0.0
2022-12-01,Equity Max-Sharpe,EA,5.769146767294618e-17
2023-01-03,Equity Max-Sharpe,EA,0.0
2023-02-01,Equity Max-Sharpe,EA,0.0
2023-03-01,Equity Max-Sharpe,EA,2.1952572268297223e-17
2023-04-03,Equity Max-Sharpe,EA,2.954036252813345e-17
2023-05-01,Equity Max-Sharpe,EA,1.6748612658076032e-17
2023-06-01,Equity Max-Sharpe,EA,0.0
2023-07-03,Equity Max-Sharpe,EA,1.2096842990968098e-16
2023-08-01,Equity Max-Sharpe,EA,5.0062976814856555e-18
2023-09-01,Equity Max-Sharpe,EA,0.0
2023-10-02,Equity Max-Sharpe,EA,0.0
2023-11-01,Equity Max-Sharpe,EA,3.947751904091913e-17
2023-12-01,Equity Max-Sharpe,EA,8.843014355348668e-17
2021-01-04,Equity Max-Sharpe,GE,3.7823230779748725e-17
2021-02-01,Equity Max-Sharpe,GE,0.0
2021-03-01,Equity Max-Sharpe,GE,1.486515489239611e-18
2021-04-01,Equity Max-Sharpe,GE,0.0
2021-05-03,Equity Max-Sharpe,GE,0.005333367185316396
2021-06-01,Equity Max-Sharpe,GE,0.07019664011398365
2021-07-01,Equity Max-Sharpe,GE,0.07861012252369912
2021-08-02,Equity Max-Sharpe,GE,0.07129661709011634
2021-09-01,Equity Max-Sharpe,GE,0.06494916159945067
2021-10-01,Equity Max-Sharpe,GE,0.10859435475846897
2021-11-01,Equity Max-Sharpe,GE,8.4288427959829145e-19
2021-12-01,Equity Max-Sharpe,GE,0.0
2022-01-03,Equity Max-Sharpe,GE,0.0
2022-02-01,Equity Max-Sharpe,GE,0.0
2022-03-01,Equity Max-Sharpe,GE,3.486049866517355e-17
2022-04-01,Equity Max-Sharpe,GE,0.0
2022-05-02,Equity Max-Sharpe,GE,0.0
2022-06-01,Equity Max-Sharpe,GE,0.0
2022-07-01,Equity Max-Sharpe,GE,6.2366777476584295e-18
2022-08-01,Equity Max-Sharpe,GE,0.0
2022-09-01,Equity Max-Sharpe,GE,8.994192790151053e-17
2022-10-03,Equity Max-Sharpe,GE,7.626915985495652e-17
2022-11-01,Equity Max-Sharpe,GE,9.014976723998995e-17
2022-12-01,Equity Max-Sharpe,GE,1.2247254747895507e-16
2023-01-03,Equity Max-Sharpe,GE,3.079602477741599e-17
2023-02-01,Equity Max-Sharpe,GE,1.1555886176719344e-16
2023-03-01,Equity Max-Sharpe,GE,0.0
2023-04-03,Equity Max-Sharpe,GE,0.07007699100939624
2023-05-01,Equity Max-Sharpe,GE,0.2434794894829699
2023-06-01,Equity Max-Sharpe,GE,0.39278304657412494
2023-07-03,Equity Max-Sharpe,GE,0.4882589868276232
2023-08-01,Equity Max-Sharpe,GE,0.4698772246353786
2023-09-01,Equity Max-Sharpe,GE,0.3964445887630654
2023-10-02,Equity Max-Sharpe,GE,0.49526095719841406
2023-11-01,Equity Max-Sharpe,GE,0.5169743559133665
2023-12-01,Equity Max-Sharpe,GE,0.5036801758357998
2021-01-04,Equity Max-Sharpe,GILD,0.0
2021-02-01,Equity Max-Sharpe,GILD,0.0
2021-03-01,Equity Max-Sharpe,GILD,0.0
2021-04-01,Equity Max-Sharpe,GILD,0.0
2021-05-03,Equity Max-Sharpe,GILD,0.0
2021-06-01,Equity Max-Sharpe,GILD,0.0
2021-07-01,Equity Max-Sharpe,GILD,0.0
2021-08-02,Equity Max-Sharpe,GILD,1.6271551947167497e-18
2021-09-01,Equity Max-Sharpe,GILD,0.0
2021-10-01,Equity Max-Sharpe,GILD,0.01384238223805768
2021-11-01,Equity Max-Sharpe,GILD,0.0
2021-12-01,Equity Max-Sharpe,GILD,0.09015844017657774
2022-01-03,Equity Max-Sharpe,GILD,0.11602929639410464
2022-02-01,Equity Max-Sharpe,GILD,5.6086043233149e-17
2022-03-01,Equity Max-Sharpe,GILD,0.0
2022-04-01,Equity Max-Sharpe,GILD,0.0
2022-05-02,Equity Max-Sharpe,GILD,0.0
2022-06-01,Equity Max-Sharpe,GILD,9.190468527774998e-17
2022-07-01,Equity Max-Sharpe,GILD,0.0
2022-08-01,Equity Max-Sharpe,GILD,6.284646851372583e-17
2022-09-01,Equity Max-Sharpe,GILD,0.0
2022-10-03,Equity Max-Sharpe,GILD,0.0
2022-11-01,Equity Max-Sharpe,GILD,0.05146957340870881
2022-12-01,Equity Max-Sharpe,GILD,3.9138285708726607e-19
2023-01-03,Equity Max-Sharpe,GILD,0.0
2023-02-01,Equity Max-Sharpe,GILD,0.04497768233089263
2023-03-01,Equity Max-Sharpe,GILD,0.1807742473907224
2023-04-03,Equity Max-Sharpe,GILD,0.3660494778497243
2023-05-01,Equity Max-Sharpe,GILD,0.07877599528696122
2023-06-01,Equity Max-Sharpe,GILD,0.00939256165119264
2023-07-03,Equity Max-Sharpe,GILD,0.0
2023-08-01,Equity Max-Sharpe,GILD,0.04629988144131192
2023-09-01,Equity Max-Sharpe,GILD,4.913759830121511e-16
2023-10-02,Equity Max-Sharpe,GILD,1.1834822369901232e-17
2023-11-01,Equity Max-Sharpe,GILD,0.0
2023-12-01,Equity Max-Sharpe,GILD,2.4224511285869302e-17
2021-01-04,Equity Max-Sharpe,GS,7.201622169635604e-17
2021-02-01,Equity Max-Sharpe,GS,1.4570938892691415e-17
2021-03-01,Equity Max-Sharpe,GS,0.0
2021-04-01,Equity Max-Sharpe,GS,0.10610804528535192
2021-05-03,Equity Max-Sharpe,GS,0.0
2021-06-01,Equity Max-Sharpe,GS,0.0
2021-07-01,Equity Max-Sharpe,GS,0.17497594525214832
2021-08-02,Equity Max-Sharpe,GS,0.12471088793617476
2021-09-01,Equity Max-Sharpe,GS,0.19979411187101412
2021-10-01,Equity Max-Sharpe,GS,0.044508885995014236
2021-11-01,Equity Max-Sharpe,GS,0.17373428007914157
2021-12-01,Equity Max-Sharpe,GS,0.12337034493330665
2022-01-03,Equity Max-Sharpe,GS,2.6920468428691573e-17
2022-02-01,Equity Max-Sharpe,GS,5.662554674471326e-17
2022-03-01,Equity Max-Sharpe,GS,0.0
2022-04-01,Equity Max-Sharpe,GS,0.0
2022-05-02,Equity Max-Sharpe,GS,0.0
2022-06-01,Equity Max-Sharpe,GS,3.14410731225706e-17
2022-07-01,Equity Max-Sharpe,GS,0.0
2022-08-01,Equity Max-Sharpe,GS,0.0
2022-09-01,Equity Max-Sharpe,GS,0.0
2022-10-03,Equity Max-Sharpe,GS,1.354806417667009e-17
2022-11-01,Equity Max-Sharpe,GS,8.87171848231992e-17
2022-12-01,Equity Max-Sharpe,GS,0.0
2023-01-03,Equity Max-Sharpe,GS,0.0
2023-02-01,Equity Max-Sharpe,GS,1.2408340134836072e-16
2023-03-01,Equity Max-Sharpe,GS,0.0
2023-04-03,Equity Max-Sharpe,GS,6.338436036943657e-18
2023-05-01,Equity Max-Sharpe,GS,0.0
2023-06-01,Equity Max-Sharpe,GS,0.0
2023-07-03,Equity Max-Sharpe,GS,1.2758478081528747e-17
2023-08-01,Equity Max-Sharpe,GS,0.0
2023-09-01,Equity Max-Sharpe,GS,1.183230670377955e-16
2023-10-02,Equity Max-Sharpe,GS,2.5515722366568707e-17
2023-11-01,Equity Max-Sharpe,GS,1.0882257684587442e-18
2023-12-01,Equity Max-Sharpe,GS,1.5790623013662787e-17
2021-01-04,Equity Max-Sharpe,INTC,0.0
2021-02-01,Equity Max-Sharpe,INTC,7.905597483670677e-18
2021-03-01,Equity Max-Sharpe,INTC,0.0
2021-04-01,Equity Max-Sharpe,INTC,0.0
2021-05-03,Equity Max-Sharpe,INTC,0.0
2021-06-01,Equity Max-Sharpe,INTC,1.0145126440151228e-16
2021-07-01,Equity Max-Sharpe,INTC,0.0
2021-08-02,Equity Max-Sharpe,INTC,2.3375354184326793e-17
2021-09-01,Equity Max-Sharpe,INTC,3.4136697725878107e-17
2021-10-01,Equity Max-Sharpe,INTC,0.0
2021-11-01,Equity Max-Sharpe,INTC,0.0
2021-12-01,Equity Max-Sharpe,INTC,0.0
2022-01-03,Equity Max-Sharpe,INTC,0.0
2022-02-01,Equity Max-Sharpe,INTC,0.0
2022-03-01,Equity Max-Sharpe,INTC,0.0
2022-04-01,Equity Max-Sharpe,INTC,2.808984259196923e-17
2022-05-02,Equity Max-Sharpe,INTC,0.0
2022-06-01,Equity Max-Sharpe,INTC,0.0
2022-07-01,Equity Max-Sharpe,INTC,0.0
2022-08-01,Equity Max-Sharpe,INTC,0.0
2022-09-01,Equity Max-Sharpe,INTC,9.86426503357067e-17
2022-10-03,Equity Max-Sharpe,INTC,9.757373254429668e-17
2022-11-01,Equity Max-Sharpe,INTC,1.2470667043156117e-17
2022-12-01,Equity Max-Sharpe,INTC,0.0
2023-01-03,Equity Max-Sharpe,INTC,7.362201059059342e-17
2023-02-01,Equity Max-Sharpe,INTC,1.0208932258421142e-16
2023-03-01,Equity Max-Sharpe,INTC,6.467681040662489e-17
2023-04-03,Equity Max-Sharpe,INTC,0.0
2023-05-01,Equity Max-Sharpe,INTC,0.0
2023-06-01,Equity Max-Sharpe,INTC,2.94878099288577e-17
2023-07-03,Equity Max-Sharpe,INTC,0.0
2023-08-01,Equity Max-Sharpe,INTC,0.0
2023-09-01,Equity Max-Sharpe,INTC,0.0
2023-10-02,Equity Max-Sharpe,INTC,1.2848955211403912e-17
2023-11-01,Equity Max-Sharpe,INTC,0.0
2023-12-01,Equity Max-Sharpe,INTC,0.04726477449407033
2021-01-04,Equity Max-Sharpe,KO,2.2171296296243223e-17
2021-02-01,Equity Max-Sharpe,KO,0.0
2021-03-01,Equity Max-Sharpe,KO,0.0
2021-04-01,Equity Max-Sharpe,KO,0.0
2021-05-03,Equity Max-Sharpe,KO,0.0
2021-06-01,Equity Max-Sharpe,KO,3.1600247027752576e-17
2021-07-01,Equity Max-Sharpe,KO,3.2014829195699612e-18
2021-08-02,Equity Max-Sharpe,KO,0.0
2021-09-01,Equity Max-Sharpe,KO,0.0
2021-10-01,Equity Max-Sharpe,KO,3.915191072374025e-17
2021-11-01,Equity Max-Sharpe,KO,1.6103213214082004e-17
2021-12-01,Equity Max-Sharpe,KO,3.463602415556793e-17
2022-01-03,Equity Max-Sharpe,KO,0.0
2022-02-01,Equity Max-Sharpe,KO,0.0
2022-03-01,Equity Max-Sharpe,KO,0.03661064111848865
2022-04-01,Equity Max-Sharpe,KO,0.0
2022-05-02,Equity Max-Sharpe,KO,0.02409215453208768
2022-06-01,Equity Max-Sharpe,KO,0.0
2022-07-01,Equity Max-Sharpe,KO,0.04814257183877819
2022-08-01,Equity Max-Sharpe,KO,0.0
2022-09-01,Equity Max-Sharpe,KO,0.0
2022-10-03,Equity Max-Sharpe,KO,1.9806971287666282e-17
2022-11-01,Equity Max-Sharpe,KO,0.0
2022-12-01,Equity Max-Sharpe,KO,1.397113620214746e-16
2023-01-03,Equity Max-Sharpe,KO,0.0
2023-02-01,Equity Max-Sharpe,KO,0.0
2023-03-01,Equity Max-Sharpe,KO,1.177269966999236e-16
2023-04-03,Equity Max-Sharpe,KO,0.0
2023-05-01,Equity Max-Sharpe,KO,0.0
2023-06-01,Equity Max-Sharpe,KO,0.0
2023-07-03,Equity Max-Sharpe,KO,1.0881964997244609e-16
2023-08-01,Equity Max-Sharpe,KO,5.972365882787205e-17
2023-09-01,Equity Max-Sharpe,KO,2.7923229918036714e-18
2023-10-02,Equity Max-Sharpe,KO,3.4901083530226513e-17
2023-11-01,Equity Max-Sharpe,KO,0.0
2023-12-01,Equity Max-Sharpe,KO,1.523611936216389e-17
2021-01-04,Equity Max-Sharpe,MMM,0.0
2021-02-01,Equity Max-Sharpe,MMM,1.2942894439474564e-16
2021-03-01,Equity Max-Sharpe,MMM,0.0
2021-04-01,Equity Max-Sharpe,MMM,0.0
2021-05-03,Equity Max-Sharpe,MMM,1.545344717893764e-17
2021-06-01,Equity Max-Sharpe,MMM,0.0
2021-07-01,Equity Max-Sharpe,MMM,3.188964690890099e-17
2021-08-02,Equity Max-Sharpe,MMM,8.36405858182161e-17
2021-09-01,Equity Max-Sharpe,MMM,0.0
2021-10-01,Equity Max-Sharpe,MMM,2.147161766191933e-17
2021-11-01,Equity Max-Sharpe,MMM,0.0
2021-12-01,Equity Max-Sharpe,MMM,0.0
2022-01-03,Equity Max-Sharpe,MMM,0.0
2022-02-01,Equity Max-Sharpe,MMM,7.86524789392112e-17
2022-03-01,Equity Max-Sharpe,MMM,0.0
2022-04-01,Equity Max-Sharpe,MMM,0.0
2022-05-02,Equity Max-Sharpe,MMM,0.0
2022-06-01,Equity Max-Sharpe,MMM,0.0
2022-07-01,Equity Max-Sharpe,MMM,0.0
2022-08-01,Equity Max-Sharpe,MMM,0.0
2022-09-01,Equity Max-Sharpe,MMM,1.5195712620189258e-17
2022-10-03,Equity Max-Sharpe,MMM,0.0
2022-11-01,Equity Max-Sharpe,MMM,5.277189734355219e-17
2022-12-01,Equity Max-Sharpe,MMM,0.0
2023-01-03,Equity Max-Sharpe,MMM,7.2312289983796e-17
2023-02-01,Equity Max-Sharpe,MMM,0.0
2023-03-01,Equity Max-Sharpe,MMM,8.615055333855628e-18
2023-04-03,Equity Max-Sharpe,MMM,0.0
2023-05-01,Equity Max-Sharpe,MMM,0.0
2023-06-01,Equity Max-Sharpe,MMM,0.0
2023-07-03,Equity Max-Sharpe,MMM,0.0
2023-08-01,Equity Max-Sharpe,MMM,0.0
2023-09-01,Equity Max-Sharpe,MMM,7.179469198794872e-17
2023-10-02,Equity Max-Sharpe,MMM,0.0
2023-11-01,Equity Max-Sharpe,MMM,0.0
2023-12-01,Equity Max-Sharpe,MMM,5.416235234776781e-17
2021-01-04,Equity Max-Sharpe,MRK,2.1010602692030386e-17
2021-02-01,Equity Max-Sharpe,MRK,0.0
2021-03-01,Equity Max-Sharpe,MRK,0.0
2021-04-01,Equity Max-Sharpe,MRK,3.912031819773036e-17
2021-05-03,Equity Max-Sharpe,MRK,0.0
2021-06-01,Equity Max-Sharpe,MRK,0.0
2021-07-01,Equity Max-Sharpe,MRK,0.0
2021-08-02,Equity Max-Sharpe,MRK,1.477504000142383e-17
2021-09-01,Equity Max-Sharpe,MRK,0.0
2021-10-01,Equity Max-Sharpe,MRK,4.526934780976626e-17
2021-11-01,Equity Max-Sharpe,MRK,0.03266280736658413
2021-12-01,Equity Max-Sharpe,MRK,5.284134403188408e-18
2022-01-03,Equity Max-Sharpe,MRK,0.0
2022-02-01,Equity Max-Sharpe,MRK,4.977086216318603e-17
2022-03-01,Equity Max-Sharpe,MRK,2.3605017905277176e-17
2022-04-01,Equity Max-Sharpe,MRK,1.1920436117050047e-17
2022-05-02,Equity Max-Sharpe,MRK,0.08081576243024101
2022-06-01,Equity Max-Sharpe,MRK,0.13373654426006604
2022-07-01,Equity Max-Sharpe,MRK,0.03333163896205682
2022-08-01,Equity Max-Sharpe,MRK,0.0576289540166394
2022-09-01,Equity Max-Sharpe,MRK,0.03377252182192523
2022-10-03,Equity Max-Sharpe,MRK,0.05291655683535882
2022-11-01,Equity Max-Sharpe,MRK,1.1469329451157053e-16
2022-12-01,Equity Max-Sharpe,MRK,0.3878767225422803
2023-01-03,Equity Max-Sharpe,MRK,0.6410699342200951
2023-02-01,Equity Max-Sharpe,MRK,0.49620599806684956
2023-03-01,Equity Max-Sharpe,MRK,0.6028282486451488
2023-04-03,Equity Max-Sharpe,MRK,0.4028859264375687
2023-05-01,Equity Max-Sharpe,MRK,0.47102140047627006
2023-06-01,Equity Max-Sharpe,MRK,0.416429083132683
2023-07-03,Equity Max-Sharpe,MRK,0.3194021419066972
2023-08-01,Equity Max-Sharpe,MRK,0.26634195854148135
2023-09-01,Equity Max-Sharpe,MRK,0.34518161138928843
2023-10-02,Equity Max-Sharpe,MRK,0.1815570769702138
2023-11-01,Equity Max-Sharpe,MRK,0.10802689832104745
2023-12-01,Equity Max-Sharpe,MRK,3.769007823072456e-18
2021-01-04,Equity Max-Sharpe,MS,0.0
2021-02-01,Equity Max-Sharpe,MS,0.0
2021-03-01,Equity Max-Sharpe,MS,4.951521721890596e-17
2021-04-01,Equity Max-Sharpe,MS,0.029264200635964882
2021-05-03,Equity Max-Sharpe,MS,0.12203032143298398
2021-06-01,Equity Max-Sharpe,MS,0.12636818663130284
2021-07-01,Equity Max-Sharpe,MS,0.0
2021-08-02,Equity Max-Sharpe,MS,0.02716381050660128
2021-09-01,Equity Max-Sharpe,MS,1.3274808694191962e-17
2021-10-01,Equity Max-Sharpe,MS,0.162028591850242
2021-11-01,Equity Max-Sharpe,MS,1.2046981605699184e-16
2021-12-01,Equity Max-Sharpe,MS,0.0
2022-01-03,Equity Max-Sharpe,MS,0.0
2022-02-01,Equity Max-Sharpe,MS,0.004175362247521483
2022-03-01,Equity Max-Sharpe,MS,0.0
2022-04-01,Equity Max-Sharpe,MS,0.0
2022-05-02,Equity Max-Sharpe,MS,0.0
2022-06-01,Equity Max-Sharpe,MS,5.490963650188463e-17
2022-07-01,Equity Max-Sharpe,MS,5.22080497185632e-17
2022-08-01,Equity Max-Sharpe,MS,1.3053850354411164e-17
2022-09-01,Equity Max-Sharpe,MS,8.084663878854946e-18
2022-10-03,Equity Max-Sharpe,MS,0.0
2022-11-01,Equity Max-Sharpe,MS,3.523891266535167e-17
2022-12-01,Equity Max-Sharpe,MS,0.0
2023-01-03,Equity Max-Sharpe,MS,6.32594640455681e-17
2023-02-01,Equity Max-Sharpe,MS,3.778258122866492e-17
2023-03-01,Equity Max-Sharpe,MS,0.0
2023-04-03,Equity Max-Sharpe,MS,0.0
2023-05-01,Equity Max-Sharpe,MS,6.136353205585454e-17
2023-06-01,Equity Max-Sharpe,MS,1.2523449252264942e-16
2023-07-03,Equity Max-Sharpe,MS,0.0
2023-08-01,Equity Max-Sharpe,MS,4.8901629270451574e-17
2023-09-01,Equity Max-Sharpe,MS,0.0
2023-10-02,Equity Max-Sharpe,MS,5.5267659609688195e-17
2023-11-01,Equity Max-Sharpe,MS,3.930769131869527e-17
2023-12-01,Equity Max-Sharpe,MS,1.0030407629834105e-17
2021-01-04,Equity Max-Sharpe,NEE,7.192852146606702e-17
2021-02-01,Equity Max-Sharpe,NEE,2.5466286834674784e-17
2021-03-01,Equity Max-Sharpe,NEE,0.0
2021-04-01,Equity Max-Sharpe,NEE,1.0663308170551196e-17
2021-05-03,Equity Max-Sharpe,NEE,0.0
2021-06-01,Equity Max-Sharpe,NEE,0.0
2021-07-01,Equity Max-Sharpe,NEE,2.0237789067926975e-17
2021-08-02,Equity Max-Sharpe,NEE,7.387889850985974e-17
2021-09-01,Equity Max-Sharpe,NEE,3.447087542056656e-17
2021-10-01,Equity Max-Sharpe,NEE,4.3146285945867e-18
2021-11-01,Equity Max-Sharpe,NEE,0.0
2021-12-01,Equity Max-Sharpe,NEE,1.1827120951904129e-17
2022-01-03,Equity Max-Sharpe,NEE,0.0
2022-02-01,Equity Max-Sharpe,NEE,1.3864407972389604e-17
2022-03-01,Equity Max-Sharpe,NEE,1.5774000304553175e-17
2022-04-01,Equity Max-Sharpe,NEE,8.427831146745113e-17
2022-05-02,Equity Max-Sharpe,NEE,5.643497096728915e-17
2022-06-01,Equity Max-Sharpe,NEE,0.0
2022-07-01,Equity Max-Sharpe,NEE,0.0
2022-08-01,Equity Max-Sharpe,NEE,0.0
2022-09-01,Equity Max-Sharpe,NEE,0.0
2022-10-03,Equity Max-Sharpe,NEE,0.0
2022-11-01,Equity Max-Sharpe,NEE,1.0532859765478702e-16
2022-12-01,Equity Max-Sharpe,NEE,5.466522025274695e-17
2023-01-03,Equity Max-Sharpe,NEE,0.0
2023-02-01,Equity Max-Sharpe,NEE,0.0
2023-03-01,Equity Max-Sharpe,NEE,0.0
2023-04-03,Equity Max-Sharpe,NEE,0.0
2023-05-01,Equity Max-Sharpe,NEE,0.0
2023-06-01,Equity Max-Sharpe,NEE,2.5425414671352018e-17
2023-07-03,Equity Max-Sharpe,NEE,0.0
2023-08-01,Equity Max-Sharpe,NEE,0.0
2023-09-01,Equity Max-Sharpe,NEE,5.593662394010514e-17
2023-10-02,Equity Max-Sharpe,NEE,1.5250522966223245e-16
2023-11-01,Equity Max-Sharpe,NEE,0.0
2023-12-01,Equity Max-Sharpe,NEE,0.0
2021-01-04,Equity Max-Sharpe,NEM,0.16068448057462872
2021-02-01,Equity Max-Sharpe,NEM,0.14393534516990744
2021-03-01,Equity Max-Sharpe,NEM,1.6117551006127823e-16
2021-04-01,Equity Max-Sharpe,NEM,0.012513376306914101
2021-05-03,Equity Max-Sharpe,NEM,0.0
2021-06-01,Equity Max-Sharpe,NEM,0.0
2021-07-01,Equity Max-Sharpe,NEM,0.0
2021-08-02,Equity Max-Sharpe,NEM,0.0
2021-09-01,Equity Max-Sharpe,NEM,7.201870739994644e-17
2021-10-01,Equity Max-Sharpe,NEM,6.155261017187555e-17
2021-11-01,Equity Max-Sharpe,NEM,0.0
2021-12-01,Equity Max-Sharpe,NEM,3.2345647066192303e-17
2022-01-03,Equity Max-Sharpe,NEM,1.3655001905882886e-17
2022-02-01,Equity Max-Sharpe,NEM,0.0
2022-03-01,Equity Max-Sharpe,NEM,0.0252614768830222
2022-04-01,Equity Max-Sharpe,NEM,0.058409016998187235
2022-05-02,Equity Max-Sharpe,NEM,6.775996073653896e-17
2022-06-01,Equity Max-Sharpe,NEM,0.0
2022-07-01,Equity Max-Sharpe,NEM,0.0
2022-08-01,Equity Max-Sharpe,NEM,0.0
2022-09-01,Equity Max-Sharpe,NEM,5.8891544795718e-18
2022-10-03,Equity Max-Sharpe,NEM,1.8153562974625888e-17
2022-11-01,Equity Max-Sharpe,NEM,0.0
2022-12-01,Equity Max-Sharpe,NEM,0.0
2023-01-03,Equity Max-Sharpe,NEM,8.36845856574578e-17
2023-02-01,Equity Max-Sharpe,NEM,6.94815980797273e-17
2023-03-01,Equity Max-Sharpe,NEM,0.0
2023-04-03,Equity Max-Sharpe,NEM,0.0
2023-05-01,Equity Max-Sharpe,NEM,4.099408374028312e-17
2023-06-01,Equity Max-Sharpe,NEM,3.743960854638025e-17
2023-07-03,Equity Max-Sharpe,NEM,0.0
2023-08-01,Equity Max-Sharpe,NEM,0.0
2023-09-01,Equity Max-Sharpe,NEM,0.0
2023-10-02,Equity Max-Sharpe,NEM,2.1468011432769804e-17
2023-11-01,Equity Max-Sharpe,NEM,2.101733640867906e-17
2023-12-01,Equity Max-Sharpe,NEM,5.73509149118686e-17
2021-01-04,Equity Max-Sharpe,NKE,0.0
2021-02-01,Equity Max-Sharpe,NKE,6.479786217961773e-17
2021-03-01,Equity Max-Sharpe,NKE,0.0
2021-04-01,Equity Max-Sharpe,NKE,0.0
2021-05-03,Equity Max-Sharpe,NKE,4.80048698148554e-17
2021-06-01,Equity Max-Sharpe,NKE,5.384619491837843e-17
2021-07-01,Equity Max-Sharpe,NKE,0.06628766389143177
2021-08-02,Equity Max-Sharpe,NKE,0.13141029021671558
2021-09-01,Equity Max-Sharpe,NKE,0.0648926044903152
2021-10-01,Equity Max-Sharpe,NKE,2.5631448566787198e-17
2021-11-01,Equity Max-Sharpe,NKE,0.0
2021-12-01,Equity Max-Sharpe,NKE,3.975937649295022e-17
2022-01-03,Equity Max-Sharpe,NKE,0.0
2022-02-01,Equity Max-Sharpe,NKE,2.7449394530385275e-17
2022-03-01,Equity Max-Sharpe,NKE,0.0
2022-04-01,Equity Max-Sharpe,NKE,3.8607225082999754e-17
2022-05-02,Equity Max-Sharpe,NKE,0.0
2022-06-01,Equity Max-Sharpe,NKE,0.0
2022-07-01,Equity Max-Sharpe,NKE,8.149251787099152e-18
2022-08-01,Equity Max-Sharpe,NKE,3.2835445927912445e-17
2022-09-01,Equity Max-Sharpe,NKE,1.638574110107098e-16
2022-10-03,Equity Max-Sharpe,NKE,4.046338310862274e-17
2022-11-01,Equity Max-Sharpe,NKE,1.2019562053693446e-16
2022-12-01,Equity Max-Sharpe,NKE,6.516662217495219e-18
2023-01-03,Equity Max-Sharpe,NKE,1.2558899962402255e-16
2023-02-01,Equity Max-Sharpe,NKE,0.0
2023-03-01,Equity Max-Sharpe,NKE,4.920417954830291e-19
2023-04-03,Equity Max-Sharpe,NKE,0.0
2023-05-01,Equity Max-Sharpe,NKE,4.171867457244181e-18
2023-06-01,Equity Max-Sharpe,NKE,0.0
2023-07-03,Equity Max-Sharpe,NKE,0.0
2023-08-01,Equity Max-Sharpe,NKE,0.0
2023-09-01,Equity Max-Sharpe,NKE,2.0222338187933403e-17
2023-10-02,Equity Max-Sharpe,NKE,5.033337380097057e-17
2023-11-01,Equity Max-Sharpe,NKE,4.632863370771964e-17
2023-12-01,Equity Max-Sharpe,NKE,0.0
2021-01-04,Equity Max-Sharpe,NUE,3.462777258182692e-18
2021-02-01,Equity Max-Sharpe,NUE,1.146044891202098e-17
2021-03-01,Equity Max-Sharpe,NUE,7.478782007219527e-17
2021-04-01,Equity Max-Sharpe,NUE,0.1424982648087682
2021-05-03,Equity Max-Sharpe,NUE,0.004321860989462274
2021-06-01,Equity Max-Sharpe,NUE,0.09524677641947281
2021-07-01,Equity Max-Sharpe,NUE,0.10010665188431314
2021-08-02,Equity Max-Sharpe,NUE,0.11998381815378929
2021-09-01,Equity Max-Sharpe,NUE,0.11354297276531866
2021-10-01,Equity Max-Sharpe,NUE,0.054324058693273385
2021-11-01,Equity Max-Sharpe,NUE,0.023030698553298364
2021-12-01,Equity Max-Sharpe,NUE,0.05227912622966483
2022-01-03,Equity Max-Sharpe,NUE,0.10533212638240634
2022-02-01,Equity Max-Sharpe,NUE,0.07341744201683391
2022-03-01,Equity Max-Sharpe,NUE,0.09918893329196075
2022-04-01,Equity Max-Sharpe,NUE,0.036215722823508274
2022-05-02,Equity Max-Sharpe,NUE,0.10453430357348033
2022-06-01,Equity Max-Sharpe,NUE,0.0
2022-07-01,Equity Max-Sharpe,NUE,1.5775462584754077e-16
2022-08-01,Equity Max-Sharpe,NUE,0.02299323504889666
2022-09-01,Equity Max-Sharpe,NUE,2.527444086117633e-16
2022-10-03,Equity Max-Sharpe,NUE,2.7619604046128356e-16
2022-11-01,Equity Max-Sharpe,NUE,0.0
2022-12-01,Equity Max-Sharpe,NUE,7.845393927604359e-17
2023-01-03,Equity Max-Sharpe,NUE,5.246838193159367e-16
2023-02-01,Equity Max-Sharpe,NUE,0.11385537888637438
2023-03-01,Equity Max-Sharpe,NUE,0.02309004791370684
2023-04-03,Equity Max-Sharpe,NUE,0.0
2023-05-01,Equity Max-Sharpe,NUE,1.0938339031157211e-16
2023-06-01,Equity Max-Sharpe,NUE,0.0
2023-07-03,Equity Max-Sharpe,NUE,2.1536710259814223e-16
2023-08-01,Equity Max-Sharpe,NUE,0.0
2023-09-01,Equity Max-Sharpe,NUE,8.958470179471119e-17
2023-10-02,Equity Max-Sharpe,NUE,5.479174894971009e-18
2023-11-01,Equity Max-Sharpe,NUE,0.0
2023-12-01,Equity Max-Sharpe,NUE,0.0
2021-01-04,Equity Max-Sharpe,NVDA,0.19590302034935958
2021-02-01,Equity Max-Sharpe,NVDA,0.25218135203935027
2021-03-01,Equity Max-Sharpe,NVDA,0.08752804171820715
2021-04-01,Equity Max-Sharpe,NVDA,0.017937488058427226
2021-05-03,Equity Max-Sharpe,NVDA,0.06825271687484238
2021-06-01,Equity Max-Sharpe,NVDA,0.054445030038905017
2021-07-01,Equity Max-Sharpe,NVDA,0.09244161017791973
2021-08-02,Equity Max-Sharpe,NVDA,0.09143958248606714
2021-09-01,Equity Max-Sharpe,NVDA,0.08803622365892647
2021-10-01,Equity Max-Sharpe,NVDA,0.11732894740675115
2021-11-01,Equity Max-Sharpe,NVDA,0.0865393765156161
2021-12-01,Equity Max-Sharpe,NVDA,0.1491069425975524
2022-01-03,Equity Max-Sharpe,NVDA,0.09410419784882172
2022-02-01,Equity Max-Sharpe,NVDA,0.06730716655167406
2022-03-01,Equity Max-Sharpe,NVDA,0.06440718898976353
2022-04-01,Equity Max-Sharpe,NVDA,0.07096640922541904
2022-05-02,Equity Max-Sharpe,NVDA,1.750410124328996e-17
2022-06-01,Equity Max-Sharpe,NVDA,0.0
2022-07-01,Equity Max-Sharpe,NVDA,0.0
2022-08-01,Equity Max-Sharpe,NVDA,7.88089710987322e-17
2022-09-01,Equity Max-Sharpe,NVDA,8.614722029781126e-17
2022-10-03,Equity Max-Sharpe,NVDA,0.0
2022-11-01,Equity Max-Sharpe,NVDA,0.0
2022-12-01,Equity Max-Sharpe,NVDA,1.3129547036999448e-18
2023-01-03,Equity Max-Sharpe,NVDA,9.182965447825516e-17
2023-02-01,Equity Max-Sharpe,NVDA,1.4984535664263694e-16
2023-03-01,Equity Max-Sharpe,NVDA,0.0
2023-04-03,Equity Max-Sharpe,NVDA,8.43467823472757e-17
2023-05-01,Equity Max-Sharpe,NVDA,3.8709160234728693e-16
2023-06-01,Equity Max-Sharpe,NVDA,0.1364551420359405
2023-07-03,Equity Max-Sharpe,NVDA,0.11036224958128835
2023-08-01,Equity Max-Sharpe,NVDA,0.14412736645936364
2023-09-01,Equity Max-Sharpe,NVDA,0.19177364906464134
2023-10-02,Equity Max-Sharpe,NVDA,0.17297958514627143
2023-11-01,Equity Max-Sharpe,NVDA,0.24040217347203618
2023-12-01,Equity Max-Sharpe,NVDA,0.20987166137240784
2021-01-04,Equity Max-Sharpe,O,0.0
2021-02-01,Equity Max-Sharpe,O,0.0
2021-03-01,Equity Max-Sharpe,O,0.0
2021-04-01,Equity Max-Sharpe,O,2.4533102760937938e-17
2021-05-03,Equity Max-Sharpe,O,0.0
2021-06-01,Equity Max-Sharpe,O,5.600758531653798e-18
2021-07-01,Equity Max-Sharpe,O,0.0
2021-08-02,Equity Max-Sharpe,O,0.0
2021-09-01,Equity Max-Sharpe,O,0.0
2021-10-01,Equity Max-Sharpe,O,0.0
2021-11-01,Equity Max-Sharpe,O,1.6053062408781542e-17
2021-12-01,Equity Max-Sharpe,O,0.0
2022-01-03,Equity Max-Sharpe,O,0.0
2022-02-01,Equity Max-Sharpe,O,6.560362962316208e-19
2022-03-01,Equity Max-Sharpe,O,2.320428984664576e-17
2022-04-01,Equity Max-Sharpe,O,9.63596428549904e-19
2022-05-02,Equity Max-Sharpe,O,0.0
2022-06-01,Equity Max-Sharpe,O,0.0
2022-07-01,Equity Max-Sharpe,O,8.459990868022183e-17
2022-08-01,Equity Max-Sharpe,O,3.7728737733341905e-17
2022-09-01,Equity Max-Sharpe,O,0.0
2022-10-03,Equity Max-Sharpe,O,5.2333036462231415e-17
2022-11-01,Equity Max-Sharpe,O,1.430902800222635e-17
2022-12-01,Equity Max-Sharpe,O,0.0
2023-01-03,Equity Max-Sharpe,O,0.0
2023-02-01,Equity Max-Sharpe,O,6.450649197028226e-17
2023-03-01,Equity Max-Sharpe,O,0.0
2023-04-03,Equity Max-Sharpe,O,0.0
2023-05-01,Equity Max-Sharpe,O,5.1605712503485e-17
2023-06-01,Equity Max-Sharpe,O,6.954768087212449e-17
2023-07-03,Equity Max-Sharpe,O,0.0
2023-08-01,Equity Max-Sharpe,O,5.766495389654222e-17
2023-09-01,Equity Max-Sharpe,O,3.6645104077513824e-17
2023-10-02,Equity Max-Sharpe,O,7.000895463164923e-17
2023-11-01,Equity Max-Sharpe,O,0.0
2023-12-01,Equity Max-Sharpe,O,0.0
2021-01-04,Equity Max-Sharpe,OXY,0.0
2021-02-01,Equity Max-Sharpe,OXY,3.1147477042250847e-17
2021-03-01,Equity Max-Sharpe,OXY,0.0
2021-04-01,Equity Max-Sharpe,OXY,0.0
2021-05-03,Equity Max-Sharpe,OXY,7.633178708022824e-17
2021-06-01,Equity Max-Sharpe,OXY,0.0
2021-07-01,Equity Max-Sharpe,OXY,0.0
2021-08-02,Equity Max-Sharpe,OXY,0.0
2021-09-01,Equity Max-Sharpe,OXY,2.0451456563987904e-17
2021-10-01,Equity Max-Sharpe,OXY,0.04685144985021026
2021-11-01,Equity Max-Sharpe,OXY,0.05764128383612917
2021-12-01,Equity Max-Sharpe,OXY,0.0
2022-01-03,Equity Max-Sharpe,OXY,2.432666916553855e-17
2022-02-01,Equity Max-Sharpe,OXY,0.0
2022-03-01,Equity Max-Sharpe,OXY,0.0
2022-04-01,Equity Max-Sharpe,OXY,0.0051132107248272355
2022-05-02,Equity Max-Sharpe,OXY,0.01331318120524037
2022-06-01,Equity Max-Sharpe,OXY,0.06789770831415798
2022-07-01,Equity Max-Sharpe,OXY,0.10976835453532534
2022-08-01,Equity Max-Sharpe,OXY,0.16775819990686033
2022-09-01,Equity Max-Sharpe,OXY,0.2305198258850966
2022-10-03,Equity Max-Sharpe,OXY,0.21373796829477232
2022-11-01,Equity Max-Sharpe,OXY,0.10379412705402563
2022-12-01,Equity Max-Sharpe,OXY,0.08207138589960135
2023-01-03,Equity Max-Sharpe,OXY,0.08601165716429009
2023-02-01,Equity Max-Sharpe,OXY,0.06692987924456761
2023-03-01,Equity Max-Sharpe,OXY,0.04406699087856668
2023-04-03,Equity Max-Sharpe,OXY,9.536832445775896e-18
2023-05-01,Equity Max-Sharpe,OXY,1.251146197980022e-16
2023-06-01,Equity Max-Sharpe,OXY,8.558150035728317e-17
2023-07-03,Equity Max-Sharpe,OXY,0.0
2023-08-01,Equity Max-Sharpe,OXY,7.232478312731864e-18
2023-09-01,Equity Max-Sharpe,OXY,5.542797156272297e-18
2023-10-02,Equity Max-Sharpe,OXY,0.0
2023-11-01,Equity Max-Sharpe,OXY,8.071786258202052e-18
2023-12-01,Equity Max-Sharpe,OXY,3.4683648989089165e-17
2021-01-04,Equity Max-Sharpe,PLD,0.0
2021-02-01,Equity Max-Sharpe,PLD,0.0
2021-03-01,Equity Max-Sharpe,PLD,1.1408208501719204e-17
2021-04-01,Equity Max-Sharpe,PLD,0.0
2021-05-03,Equity Max-Sharpe,PLD,0.0
2021-06-01,Equity Max-Sharpe,PLD,5.415152600762611e-17
2021-07-01,Equity Max-Sharpe,PLD,0.0
2021-08-02,Equity Max-Sharpe,PLD,9.282242193295035e-18
2021-09-01,Equity Max-Sharpe,PLD,4.5297978199148195e-18
2021-10-01,Equity Max-Sharpe,PLD,0.0
2021-11-01,Equity Max-Sharpe,PLD,0.031469174710809684
2021-12-01,Equity Max-Sharpe,PLD,0.03421303173946424
2022-01-03,Equity Max-Sharpe,PLD,0.10180435174402704
2022-02-01,Equity Max-Sharpe,PLD,0.07299081974151109
2022-03-01,Equity Max-Sharpe,PLD,0.0
2022-04-01,Equity Max-Sharpe,PLD,0.02620537338523276
2022-05-02,Equity Max-Sharpe,PLD,0.22355549257459975
2022-06-01,Equity Max-Sharpe,PLD,0.0
2022-07-01,Equity Max-Sharpe,PLD,2.836506587412858e-17
2022-08-01,Equity Max-Sharpe,PLD,5.2154183388494166e-17
2022-09-01,Equity Max-Sharpe,PLD,0.0
2022-10-03,Equity Max-Sharpe,PLD,8.138965468484293e-17
2022-11-01,Equity Max-Sharpe,PLD,0.0
2022-12-01,Equity Max-Sharpe,PLD,0.0
2023-01-03,Equity Max-Sharpe,PLD,1.2735642807743599e-17
2023-02-01,Equity Max-Sharpe,PLD,1.595660911810858e-18
2023-03-01,Equity Max-Sharpe,PLD,8.125843110325432e-17
2023-04-03,Equity Max-Sharpe,PLD,1.9211647829233485e-16
2023-05-01,Equity Max-Sharpe,PLD,1.5930764581276378e-16
2023-06-01,Equity Max-Sharpe,PLD,9.997078166432409e-17
2023-07-03,Equity Max-Sharpe,PLD,0.0
2023-08-01,Equity Max-Sharpe,PLD,0.0
2023-09-01,Equity Max-Sharpe,PLD,0.0
2023-10-02,Equity Max-Sharpe,PLD,0.0
2023-11-01,Equity Max-Sharpe,PLD,0.0
2023-12-01,Equity Max-Sharpe,PLD,0.0
2021-01-04,Equity Max-Sharpe,PSA,0.0
2021-02-01,Equity Max-Sharpe,PSA,0.0
2021-03-01,Equity Max-Sharpe,PSA,1.899966273549828e-17
2021-04-01,Equity Max-Sharpe,PSA,0.004306026537758737
2021-05-03,Equity Max-Sharpe,PSA,0.19899262336124734
2021-06-01,Equity Max-Sharpe,PSA,0.2081467522562243
2021-07-01,Equity Max-Sharpe,PSA,0.3374795820115834
2021-08-02,Equity Max-Sharpe,PSA,0.38943166053576844
2021-09-01,Equity Max-Sharpe,PSA,0.3939171334115114
2021-10-01,Equity Max-Sharpe,PSA,0.4364697934652803
2021-11-01,Equity Max-Sharpe,PSA,0.33896205330535795
2021-12-01,Equity Max-Sharpe,PSA,0.37286294840728657
2022-01-03,Equity Max-Sharpe,PSA,0.3676630095545494
2022-02-01,Equity Max-Sharpe,PSA,0.40560828948131644
2022-03-01,Equity Max-Sharpe,PSA,0.40187590187684136
2022-04-01,Equity Max-Sharpe,PSA,0.31976304475809486
2022-05-02,Equity Max-Sharpe,PSA,0.09830567347545284
2022-06-01,Equity Max-Sharpe,PSA,3.435987815714249e-17
2022-07-01,Equity Max-Sharpe,PSA,0.0
2022-08-01,Equity Max-Sharpe,PSA,7.420430995512781e-17
2022-09-01,Equity Max-Sharpe,PSA,0.0
2022-10-03,Equity Max-Sharpe,PSA,1.0145652761185284e-17
2022-11-01,Equity Max-Sharpe,PSA,0.0
2022-12-01,Equity Max-Sharpe,PSA,0.0
2023-01-03,Equity Max-Sharpe,PSA,1.0814543398646798e-16
2023-02-01,Equity Max-Sharpe,PSA,0.0
2023-03-01,Equity Max-Sharpe,PSA,0.0
2023-04-03,Equity Max-Sharpe,PSA,1.0727765829534411e-16
2023-05-01,Equity Max-Sharpe,PSA,0.0
2023-06-01,Equity Max-Sharpe,PSA,6.106810044678033e-17
2023-07-03,Equity Max-Sharpe,PSA,0.0
2023-08-01,Equity Max-Sharpe,PSA,6.473388325482407e-17
2023-09-01,Equity Max-Sharpe,PSA,6.425807517945541e-17
2023-10-02,Equity Max-Sharpe,PSA,0.0
2023-11-01,Equity Max-Sharpe,PSA,0.0
2023-12-01,Equity Max-Sharpe,PSA,3.275999421730063e-17
2021-01-04,Equity Max-Sharpe,QCOM,0.003223756297374131
2021-02-01,Equity Max-Sharpe,QCOM,0.11565482128726176
2021-03-01,Equity Max-Sharpe,QCOM,4.486357118664759e-17
2021-04-01,Equity Max-Sharpe,QCOM,0.0
2021-05-03,Equity Max-Sharpe,QCOM,1.7578548813034822e-16
2021-06-01,Equity Max-Sharpe,QCOM,1.3985114524852904e-18
2021-07-01,Equity Max-Sharpe,QCOM,0.0
2021-08-02,Equity Max-Sharpe,QCOM,2.4821978756631633e-17
2021-09-01,Equity Max-Sharpe,QCOM,0.0
2021-10-01,Equity Max-Sharpe,QCOM,5.2360990395381347e-17
2021-11-01,Equity Max-Sharpe,QCOM,0.0
2021-12-01,Equity Max-Sharpe,QCOM,1.2459769941755265e-16
2022-01-03,Equity Max-Sharpe,QCOM,0.0
2022-02-01,Equity Max-Sharpe,QCOM,0.0
2022-03-01,Equity Max-Sharpe,QCOM,6.76032683345762e-17
2022-04-01,Equity Max-Sharpe,QCOM,2.548330690107943e-17
2022-05-02,Equity Max-Sharpe,QCOM,2.8936062832340926e-17
2022-06-01,Equity Max-Sharpe,QCOM,0.0
2022-07-01,Equity Max-Sharpe,QCOM,0.0
2022-08-01,Equity Max-Sharpe,QCOM,1.595293174851259e-17
2022-09-01,Equity Max-Sharpe,QCOM,0.0
2022-10-03,Equity Max-Sharpe,QCOM,0.0
2022-11-01,Equity Max-Sharpe,QCOM,0.0
2022-12-01,Equity Max-Sharpe,QCOM,0.0
2023-01-03,Equity Max-Sharpe,QCOM,6.667616407659145e-17
2023-02-01,Equity Max-Sharpe,QCOM,0.0
2023-03-01,Equity Max-Sharpe,QCOM,0.0
2023-04-03,Equity Max-Sharpe,QCOM,4.705022761377435e-17
2023-05-01,Equity Max-Sharpe,QCOM,0.0
2023-06-01,Equity Max-Sharpe,QCOM,1.2758169336385797e-16
2023-07-03,Equity Max-Sharpe,QCOM,2.7472290848919437e-17
2023-08-01,Equity Max-Sharpe,QCOM,0.0
2023-09-01,Equity Max-Sharpe,QCOM,1.9916026146539764e-17
2023-10-02,Equity Max-Sharpe,QCOM,0.0
2023-11-01,Equity Max-Sharpe,QCOM,4.445462306551422e-17
2023-12-01,Equity Max-Sharpe,QCOM,0.0
2021-01-04,Equity Max-Sharpe,SBUX,5.887023539463582e-18
2021-02-01,Equity Max-Sharpe,SBUX,1.6853213667106875e-17
2021-03-01,Equity Max-Sharpe,SBUX,6.181025228280106e-17
2021-04-01,Equity Max-Sharpe,SBUX,1.0776259186437348e-17
2021-05-03,Equity Max-Sharpe,SBUX,5.773023999193832e-17
2021-06-01,Equity Max-Sharpe,SBUX,0.0
2021-07-01,Equity Max-Sharpe,SBUX,4.780552614327763e-17
2021-08-02,Equity Max-Sharpe,SBUX,0.03191532109903118
2021-09-01,Equity Max-Sharpe,SBUX,5.2855502230836136e-17
2021-10-01,Equity Max-Sharpe,SBUX,4.6344592544937607e-17
2021-11-01,Equity Max-Sharpe,SBUX,0.0
2021-12-01,Equity Max-Sharpe,SBUX,8.224689011762593e-19
2022-01-03,Equity Max-Sharpe,SBUX,0.0
2022-02-01,Equity Max-Sharpe,SBUX,0.0
2022-03-01,Equity Max-Sharpe,SBUX,0.0
2022-04-01,Equity Max-Sharpe,SBUX,5.4041852188515725e-17
2022-05-02,Equity Max-Sharpe,SBUX,2.904609907281512e-17
2022-06-01,Equity Max-Sharpe,SBUX,0.0
2022-07-01,Equity Max-Sharpe,SBUX,1.4580954026168997e-16
2022-08-01,Equity Max-Sharpe,SBUX,0.0
2022-09-01,Equity Max-Sharpe,SBUX,5.8349443709475246e-18
2022-10-03,Equity Max-Sharpe,SBUX,7.316873552390944e-18
2022-11-01,Equity Max-Sharpe,SBUX,0.0
2022-12-01,Equity Max-Sharpe,SBUX,1.4431800990774548e-17
2023-01-03,Equity Max-Sharpe,SBUX,0.0
2023-02-01,Equity Max-Sharpe,SBUX,0.0
2023-03-01,Equity Max-Sharpe,SBUX,2.284997586691846e-16
2023-04-03,Equity Max-Sharpe,SBUX,0.0
2023-05-01,Equity Max-Sharpe,SBUX,0.140233466516235
2023-06-01,Equity Max-Sharpe,SBUX,0.0
2023-07-03,Equity Max-Sharpe,SBUX,1.583515793601137e-16
2023-08-01,Equity Max-Sharpe,SBUX,0.0
2023-09-01,Equity Max-Sharpe,SBUX,5.63916274039367e-17
2023-10-02,Equity Max-Sharpe,SBUX,2.9648971873354447e-18
2023-11-01,Equity Max-Sharpe,SBUX,6.0419048443170624e-18
2023-12-01,Equity Max-Sharpe,SBUX,5.371612176719391e-18
2021-01-04,Equity Max-Sharpe,SHW,6.40199787483212e-17
2021-02-01,Equity Max-Sharpe,SHW,6.943023158825804e-17
2021-03-01,Equity Max-Sharpe,SHW,3.084109601294509e-17
2021-04-01,Equity Max-Sharpe,SHW,0.0
2021-05-03,Equity Max-Sharpe,SHW,0.03080248926440056
2021-06-01,Equity Max-Sharpe,SHW,4.073107281214886e-17
2021-07-01,Equity Max-Sharpe,SHW,7.645098562878018e-17
2021-08-02,Equity Max-Sharpe,SHW,2.6962408043170635e-17
2021-09-01,Equity Max-Sharpe,SHW,2.692225905070571e-17
2021-10-01,Equity Max-Sharpe,SHW,0.0
2021-11-01,Equity Max-Sharpe,SHW,0.025525167577547293
2021-12-01,Equity Max-Sharpe,SHW,0.026154525416538416
2022-01-03,Equity Max-Sharpe,SHW,0.028006943802320414
2022-02-01,Equity Max-Sharpe,SHW,0.0
2022-03-01,Equity Max-Sharpe,SHW,0.0
2022-04-01,Equity Max-Sharpe,SHW,6.940461329423438e-17
2022-05-02,Equity Max-Sharpe,SHW,6.022345665757895e-17
2022-06-01,Equity Max-Sharpe,SHW,0.0
2022-07-01,Equity Max-Sharpe,SHW,0.0
2022-08-01,Equity Max-Sharpe,SHW,0.0
2022-09-01,Equity Max-Sharpe,SHW,0.0
2022-10-03,Equity Max-Sharpe,SHW,0.0
2022-11-01,Equity Max-Sharpe,SHW,6.1233015999607935e-18
2022-12-01,Equity Max-Sharpe,SHW,1.0035482316025078e-16
2023-01-03,Equity Max-Sharpe,SHW,0.0
2023-02-01,Equity Max-Sharpe,SHW,1.554121135540566e-17
2023-03-01,Equity Max-Sharpe,SHW,8.027246894257288e-18
2023-04-03,Equity Max-Sharpe,SHW,0.0
2023-05-01,Equity Max-Sharpe,SHW,6.947457591765842e-17
2023-06-01,Equity Max-Sharpe,SHW,0.0
2023-07-03,Equity Max-Sharpe,SHW,1.8163533368305177e-17
2023-08-01,Equity Max-Sharpe,SHW,0.0
2023-09-01,Equity Max-Sharpe,SHW,0.0
2023-10-02,Equity Max-Sharpe,SHW,0.0
2023-11-01,Equity Max-Sharpe,SHW,3.9050610914372807e-17
2023-12-01,Equity Max-Sharpe,SHW,0.0
2021-01-04,Equity Max-Sharpe,SLB,5.437104615356155e-18
2021-02-01,Equity Max-Sharpe,SLB,0.0
2021-03-01,Equity Max-Sharpe,SLB,0.0
2021-04-01,Equity Max-Sharpe,SLB,0.0
2021-05-03,Equity Max-Sharpe,SLB,5.36628890619799e-17
2021-06-01,Equity Max-Sharpe,SLB,0.0
2021-07-01,Equity Max-Sharpe,SLB,0.0
2021-08-02,Equity Max-Sharpe,SLB,3.479980310816436e-18
2021-09-01,Equity Max-Sharpe,SLB,6.729410319874109e-18
2021-10-01,Equity Max-Sharpe,SLB,4.2476215452607754e-17
2021-11-01,Equity Max-Sharpe,SLB,0.0
2021-12-01,Equity Max-Sharpe,SLB,0.0
2022-01-03,Equity Max-Sharpe,SLB,1.2783585466032969e-16
2022-02-01,Equity Max-Sharpe,SLB,0.0
2022-03-01,Equity Max-Sharpe,SLB,5.552341088709476e-17
2022-04-01,Equity Max-Sharpe,SLB,0.0
2022-05-02,Equity Max-Sharpe,SLB,0.0
2022-06-01,Equity Max-Sharpe,SLB,0.0
2022-07-01,Equity Max-Sharpe,SLB,2.7902476062589065e-16
2022-08-01,Equity Max-Sharpe,SLB,0.0
2022-09-01,Equity Max-Sharpe,SLB,1.180414892444673e-15
2022-10-03,Equity Max-Sharpe,SLB,3.6858410885108437e-17
2022-11-01,Equity Max-Sharpe,SLB,9.378582997956796e-17
2022-12-01,Equity Max-Sharpe,SLB,0.0
2023-01-03,Equity Max-Sharpe,SLB,5.36162809817127e-16
2023-02-01,Equity Max-Sharpe,SLB,1.9877019795576142e-16
2023-03-01,Equity Max-Sharpe,SLB,2.510343111090398e-17
2023-04-03,Equity Max-Sharpe,SLB,3.277171779716953e-16
2023-05-01,Equity Max-Sharpe,SLB,1.6254669980306428e-16
2023-06-01,Equity Max-Sharpe,SLB,7.014622831096653e-17
2023-07-03,Equity Max-Sharpe,SLB,0.0
2023-08-01,Equity Max-Sharpe,SLB,0.06957153110503934
2023-09-01,Equity Max-Sharpe,SLB,0.02430927516645278
2023-10-02,Equity Max-Sharpe,SLB,0.04233565525361748
2023-11-01,Equity Max-Sharpe,SLB,0.0
2023-12-01,Equity Max-Sharpe,SLB,0.0
2021-01-04,Equity Max-Sharpe,SO,0.0
2021-02-01,Equity Max-Sharpe,SO,0.0
2021-03-01,Equity Max-Sharpe,SO,0.0
2021-04-01,Equity Max-Sharpe,SO,0.0
2021-05-03,Equity Max-Sharpe,SO,0.0
2021-06-01,Equity Max-Sharpe,SO,0.0
2021-07-01,Equity Max-Sharpe,SO,2.710940049446123e-17
2021-08-02,Equity Max-Sharpe,SO,2.1197358383532105e-17
2021-09-01,Equity Max-Sharpe,SO,0.0
2021-10-01,Equity Max-Sharpe,SO,0.0
2021-11-01,Equity Max-Sharpe,SO,4.314540864948579e-17
2021-12-01,Equity Max-Sharpe,SO,2.700595136670119e-17
2022-01-03,Equity Max-Sharpe,SO,1.6329443935625963e-17
2022-02-01,Equity Max-Sharpe,SO,0.03600627181271972
2022-03-01,Equity Max-Sharpe,SO,4.388348044577128e-17
2022-04-01,Equity Max-Sharpe,SO,7.445242635295092e-17
2022-05-02,Equity Max-Sharpe,SO,0.0
2022-06-01,Equity Max-Sharpe,SO,0.14077877890831564
2022-07-01,Equity Max-Sharpe,SO,0.2246554887867825
2022-08-01,Equity Max-Sharpe,SO,0.30263260262438285
2022-09-01,Equity Max-Sharpe,SO,0.3371967038218719
2022-10-03,Equity Max-Sharpe,SO,0.00943889610458006
2022-11-01,Equity Max-Sharpe,SO,0.0
2022-12-01,Equity Max-Sharpe,SO,6.411511605835017e-17
2023-01-03,Equity Max-Sharpe,SO,0.0
2023-02-01,Equity Max-Sharpe,SO,4.28495535748843e-17
2023-03-01,Equity Max-Sharpe,SO,6.974056913061496e-18
2023-04-03,Equity Max-Sharpe,SO,3.474877389957196e-18
2023-05-01,Equity Max-Sharpe,SO,0.0
2023-06-01,Equity Max-Sharpe,SO,1.7274655828987168e-16
2023-07-03,Equity Max-Sharpe,SO,3.183968344242096e-17
2023-08-01,Equity Max-Sharpe,SO,0.0
2023-09-01,Equity Max-Sharpe,SO,0.0
2023-10-02,Equity Max-Sharpe,SO,0.0
2023-11-01,Equity Max-Sharpe,SO,4.081158916884885e-17
2023-12-01,Equity Max-Sharpe,SO,0.08480749787147247
2021-01-04,Equity Max-Sharpe,T,0.0
2021-02-01,Equity Max-Sharpe,T,0.0
2021-03-01,Equity Max-Sharpe,T,0.0
2021-04-01,Equity Max-Sharpe,T,0.0
2021-05-03,Equity Max-Sharpe,T,0.0
2021-06-01,Equity Max-Sharpe,T,0.0
2021-07-01,Equity Max-Sharpe,T,0.0
2021-08-02,Equity Max-Sharpe,T,0.0
2021-09-01,Equity Max-Sharpe,T,5.4737584225002376e-17
2021-10-01,Equity Max-Sharpe,T,1.7940059856021e-17
2021-11-01,Equity Max-Sharpe,T,2.6016352246133007e-17
2021-12-01,Equity Max-Sharpe,T,0.0
2022-01-03,Equity Max-Sharpe,T,0.0
2022-02-01,Equity Max-Sharpe,T,0.0
2022-03-01,Equity Max-Sharpe,T,6.706244457415849e-18
2022-04-01,Equity Max-Sharpe,T,3.5600180125314733e-17
2022-05-02,Equity Max-Sharpe,T,1.3425295632772081e-17
2022-06-01,Equity Max-Sharpe,T,1.2487303896717949e-16
2022-07-01,Equity Max-Sharpe,T,0.0
2022-08-01,Equity Max-Sharpe,T,0.0
2022-09-01,Equity Max-Sharpe,T,0.0
2022-10-03,Equity Max-Sharpe,T,0.0
2022-11-01,Equity Max-Sharpe,T,1.582770831610863e-17
2022-12-01,Equity Max-Sharpe,T,7.49290708686732e-18
2023-01-03,Equity Max-Sharpe,T,0.0
2023-02-01,Equity Max-Sharpe,T,1.1538267891416454e-16
2023-03-01,Equity Max-Sharpe,T,0.0
2023-04-03,Equity Max-Sharpe,T,3.9182651846416477e-16
2023-05-01,Equity Max-Sharpe,T,0.0
2023-06-01,Equity Max-Sharpe,T,4.775709092834388e-17
2023-07-03,Equity Max-Sharpe,T,0.0
2023-08-01,Equity Max-Sharpe,T,0.0
2023-09-01,Equity Max-Sharpe,T,6.855419245282544e-17
2023-10-02,Equity Max-Sharpe,T,0.0
2023-11-01,Equity Max-Sharpe,T,2.96351787510837e-17
2023-12-01,Equity Max-Sharpe,T,0.0
2021-01-04,Equity Max-Sharpe,TMUS,0.29086339432309155
2021-02-01,Equity Max-Sharpe,TMUS,0.07874695926589845
2021-03-01,Equity Max-Sharpe,TMUS,2.132878490761078e-17
2021-04-01,Equity Max-Sharpe,TMUS,3.904465031833347e-17
2021-05-03,Equity Max-Sharpe,TMUS,0.0
2021-06-01,Equity Max-Sharpe,TMUS,6.128150081798208e-17
2021-07-01,Equity Max-Sharpe,TMUS,0.0
2021-08-02,Equity Max-Sharpe,TMUS,3.080626264883829e-17
2021-09-01,Equity Max-Sharpe,TMUS,1.8295988578773563e-17
2021-10-01,Equity Max-Sharpe,TMUS,0.0
2021-11-01,Equity Max-Sharpe,TMUS,0.0
2021-12-01,Equity Max-Sharpe,TMUS,0.0
2022-01-03,Equity Max-Sharpe,TMUS,0.0
2022-02-01,Equity Max-Sharpe,TMUS,1.8143256175271776e-17
2022-03-01,Equity Max-Sharpe,TMUS,3.0389969867428706e-18
2022-04-01,Equity Max-Sharpe,TMUS,0.0
2022-05-02,Equity Max-Sharpe,TMUS,0.0
2022-06-01,Equity Max-Sharpe,TMUS,4.958710808953993e-18
2022-07-01,Equity Max-Sharpe,TMUS,0.0
2022-08-01,Equity Max-Sharpe,TMUS,5.668246399268283e-17
2022-09-01,Equity Max-Sharpe,TMUS,0.0
2022-10-03,Equity Max-Sharpe,TMUS,7.890590683675354e-17
2022-11-01,Equity Max-Sharpe,TMUS,0.0083541101799088
2022-12-01,Equity Max-Sharpe,TMUS,0.02499719963425304
2023-01-03,Equity Max-Sharpe,TMUS,0.0
2023-02-01,Equity Max-Sharpe,TMUS,0.12545585791953018
2023-03-01,Equity Max-Sharpe,TMUS,0.0
2023-04-03,Equity Max-Sharpe,TMUS,6.022328400947322e-17
2023-05-01,Equity Max-Sharpe,TMUS,3.033487749093172e-17
2023-06-01,Equity Max-Sharpe,TMUS,0.0
2023-07-03,Equity Max-Sharpe,TMUS,5.995083199145118e-17
2023-08-01,Equity Max-Sharpe,TMUS,0.0
2023-09-01,Equity Max-Sharpe,TMUS,0.0
2023-10-02,Equity Max-Sharpe,TMUS,0.0
2023-11-01,Equity Max-Sharpe,TMUS,0.0
2023-12-01,Equity Max-Sharpe,TMUS,2.3650607763726768e-17
2021-01-04,Equity Max-Sharpe,TTWO,0.24253984197227602
2021-02-01,Equity Max-Sharpe,TTWO,0.18634340689751255
2021-03-01,Equity Max-Sharpe,TTWO,0.32994130227195523
2021-04-01,Equity Max-Sharpe,TTWO,0.1755444532926898
2021-05-03,Equity Max-Sharpe,TTWO,0.10241748491376639
2021-06-01,Equity Max-Sharpe,TTWO,0.11437624292512895
2021-07-01,Equity Max-Sharpe,TTWO,5.364470559625937e-18
2021-08-02,Equity Max-Sharpe,TTWO,0.0
2021-09-01,Equity Max-Sharpe,TTWO,2.9256463883947117e-17
2021-10-01,Equity Max-Sharpe,TTWO,3.998490283837127e-17
2021-11-01,Equity Max-Sharpe,TTWO,1.8282112787718807e-17
2021-12-01,Equity Max-Sharpe,TTWO,8.554175779904689e-18
2022-01-03,Equity Max-Sharpe,TTWO,0.0
2022-02-01,Equity Max-Sharpe,TTWO,1.7454825589903896e-18
2022-03-01,Equity Max-Sharpe,TTWO,0.0
2022-04-01,Equity Max-Sharpe,TTWO,3.6566829183182116e-17
2022-05-02,Equity Max-Sharpe,TTWO,4.916314377541182e-17
2022-06-01,Equity Max-Sharpe,TTWO,0.0
2022-07-01,Equity Max-Sharpe,TTWO,4.6175911958351896e-17
2022-08-01,Equity Max-Sharpe,TTWO,0.0
2022-09-01,Equity Max-Sharpe,TTWO,0.0
2022-10-03,Equity Max-Sharpe,TTWO,3.710532824143018e-17
2022-11-01,Equity Max-Sharpe,TTWO,5.576690643698336e-17
2022-12-01,Equity Max-Sharpe,TTWO,0.0
2023-01-03,Equity Max-Sharpe,TTWO,9.405080574415643e-17
2023-02-01,Equity Max-Sharpe,TTWO,0.0
2023-03-01,Equity Max-Sharpe,TTWO,4.624537347437133e-17
2023-04-03,Equity Max-Sharpe,TTWO,5.989802335772757e-17
2023-05-01,Equity Max-Sharpe,TTWO,1.8788124353961096e-17
2023-06-01,Equity Max-Sharpe,TTWO,0.0
2023-07-03,Equity Max-Sharpe,TTWO,0.0
2023-08-01,Equity Max-Sharpe,TTWO,0.0
2023-09-01,Equity Max-Sharpe,TTWO,0.0
2023-10-02,Equity Max-Sharpe,TTWO,0.0
2023-11-01,Equity Max-Sharpe,TTWO,4.0106115331913494e-17
2023-12-01,Equity Max-Sharpe,TTWO,0.06356568738523297
2021-01-04,Equity Max-Sharpe,UPS,0.10678550648327069
2021-02-01,Equity Max-Sharpe,UPS,0.10876631886199516
2021-03-01,Equity Max-Sharpe,UPS,0.2832865858212896
2021-04-01,Equity Max-Sharpe,UPS,0.08883853905601083
2021-05-03,Equity Max-Sharpe,UPS,0.1841836756424989
2021-06-01,Equity Max-Sharpe,UPS,0.2096147501790411
2021-07-01,Equity Max-Sharpe,UPS,0.08705202120099723
2021-08-02,Equity Max-Sharpe,UPS,4.1377857871566745e-18
2021-09-01,Equity Max-Sharpe,UPS,0.0
2021-10-01,Equity Max-Sharpe,UPS,0.0
2021-11-01,Equity Max-Sharpe,UPS,0.0
2021-12-01,Equity Max-Sharpe,UPS,4.6047252020977866e-17
2022-01-03,Equity Max-Sharpe,UPS,2.070048171185592e-17
2022-02-01,Equity Max-Sharpe,UPS,0.0
2022-03-01,Equity Max-Sharpe,UPS,0.0
2022-04-01,Equity Max-Sharpe,UPS,0.0
2022-05-02,Equity Max-Sharpe,UPS,8.664463468886533e-17
2022-06-01,Equity Max-Sharpe,UPS,0.0
2022-07-01,Equity Max-Sharpe,UPS,1.2581066773445022e-16
2022-08-01,Equity Max-Sharpe,UPS,1.7482433723544362e-17
2022-09-01,Equity Max-Sharpe,UPS,0.0
2022-10-03,Equity Max-Sharpe,UPS,0.0
2022-11-01,Equity Max-Sharpe,UPS,0.0
2022-12-01,Equity Max-Sharpe,UPS,3.534385725936887e-17
2023-01-03,Equity Max-Sharpe,UPS,0.0
2023-02-01,Equity Max-Sharpe,UPS,1.9999992789752296e-17
2023-03-01,Equity Max-Sharpe,UPS,0.0
2023-04-03,Equity Max-Sharpe,UPS,7.85016677259541e-17
2023-05-01,Equity Max-Sharpe,UPS,2.0631268047186454e-17
2023-06-01,Equity Max-Sharpe,UPS,5.453699374697448e-17
2023-07-03,Equity Max-Sharpe,UPS,0.0
2023-08-01,Equity Max-Sharpe,UPS,2.1642166297564387e-17
2023-09-01,Equity Max-Sharpe,UPS,0.0
2023-10-02,Equity Max-Sharpe,UPS,0.0
2023-11-01,Equity Max-Sharpe,UPS,1.0378442652879855e-17
2023-12-01,Equity Max-Sharpe,UPS,0.0
2021-01-04,Equity Max-Sharpe,USB,0.0
2021-02-01,Equity Max-Sharpe,USB,0.0
2021-03-01,Equity Max-Sharpe,USB,0.0
2021-04-01,Equity Max-Sharpe,USB,0.0
2021-05-03,Equity Max-Sharpe,USB,0.0
2021-06-01,Equity Max-Sharpe,USB,3.969951717004486e-17
2021-07-01,Equity Max-Sharpe,USB,1.1224964873527663e-17
2021-08-02,Equity Max-Sharpe,USB,0.0
2021-09-01,Equity Max-Sharpe,USB,6.565345479001994e-17
2021-10-01,Equity Max-Sharpe,USB,0.0
2021-11-01,Equity Max-Sharpe,USB,4.970380683805856e-18
2021-12-01,Equity Max-Sharpe,USB,2.3522951887591508e-17
2022-01-03,Equity Max-Sharpe,USB,2.2736047670402227e-17
2022-02-01,Equity Max-Sharpe,USB,0.0
2022-03-01,Equity Max-Sharpe,USB,4.865223154110605e-17
2022-04-01,Equity Max-Sharpe,USB,0.0
2022-05-02,Equity Max-Sharpe,USB,0.0
2022-06-01,Equity Max-Sharpe,USB,6.622375754699356e-17
2022-07-01,Equity Max-Sharpe,USB,1.67210935125034e-17
2022-08-01,Equity Max-Sharpe,USB,0.0
2022-09-01,Equity Max-Sharpe,USB,0.0
2022-10-03,Equity Max-Sharpe,USB,4.2797389646979077e-17
2022-11-01,Equity Max-Sharpe,USB,8.948559400128255e-17
2022-12-01,Equity Max-Sharpe,USB,6.049480778271273e-17
2023-01-03,Equity Max-Sharpe,USB,1.0812647139275831e-17
2023-02-01,Equity Max-Sharpe,USB,3.028636090120852e-17
2023-03-01,Equity Max-Sharpe,USB,0.0
2023-04-03,Equity Max-Sharpe,USB,6.81379598686174e-17
2023-05-01,Equity Max-Sharpe,USB,4.831570294632609e-17
2023-06-01,Equity Max-Sharpe,USB,0.0
2023-07-03,Equity Max-Sharpe,USB,0.0
2023-08-01,Equity Max-Sharpe,USB,1.524692804658614e-17
2023-09-01,Equity Max-Sharpe,USB,7.673046986344732e-17
2023-10-02,Equity Max-Sharpe,USB,0.0
2023-11-01,Equity Max-Sharpe,USB,0.0
2023-12-01,Equity Max-Sharpe,USB,2.957393631861816e-17
2021-01-04,Equity Max-Sharpe,V,0.0
2021-02-01,Equity Max-Sharpe,V,0.0
2021-03-01,Equity Max-Sharpe,V,0.0
2021-04-01,Equity Max-Sharpe,V,1.6278816518040434e-17
2021-05-03,Equity Max-Sharpe,V,0.0
2021-06-01,Equity Max-Sharpe,V,4.490056878890213e-17
2021-07-01,Equity Max-Sharpe,V,0.0
2021-08-02,Equity Max-Sharpe,V,5.4066865798580294e-17
2021-09-01,Equity Max-Sharpe,V,6.923419109642101e-17
2021-10-01,Equity Max-Sharpe,V,0.0
2021-11-01,Equity Max-Sharpe,V,0.0
2021-12-01,Equity Max-Sharpe,V,0.0
2022-01-03,Equity Max-Sharpe,V,1.6919738966819036e-17
2022-02-01,Equity Max-Sharpe,V,0.0
2022-03-01,Equity Max-Sharpe,V,3.153759736360667e-17
2022-04-01,Equity Max-Sharpe,V,1.1437716304205336e-16
2022-05-02,Equity Max-Sharpe,V,0.0
2022-06-01,Equity Max-Sharpe,V,2.742476453953196e-17
2022-07-01,Equity Max-Sharpe,V,1.372774882965004e-16
2022-08-01,Equity Max-Sharpe,V,1.3481064741309698e-17
2022-09-01,Equity Max-Sharpe,V,0.0
2022-10-03,Equity Max-Sharpe,V,5.993763753258208e-17
2022-11-01,Equity Max-Sharpe,V,6.957703101707751e-17
2022-12-01,Equity Max-Sharpe,V,0.0
2023-01-03,Equity Max-Sharpe,V,0.0
2023-02-01,Equity Max-Sharpe,V,6.881619560591214e-17
2023-03-01,Equity Max-Sharpe,V,6.727039286532142e-17
2023-04-03,Equity Max-Sharpe,V,8.206995778505614e-17
2023-05-01,Equity Max-Sharpe,V,1.3304284818430244e-16
2023-06-01,Equity Max-Sharpe,V,0.0
2023-07-03,Equity Max-Sharpe,V,5.0037868013395506e-17
2023-08-01,Equity Max-Sharpe,V,0.0
2023-09-01,Equity Max-Sharpe,V,0.0
2023-10-02,Equity Max-Sharpe,V,0.0
2023-11-01,Equity Max-Sharpe,V,0.0
2023-12-01,Equity Max-Sharpe,V,1.4617612574808672e-18
2021-01-04,Equity Max-Sharpe,WFC,3.385447326380927e-17
2021-02-01,Equity Max-Sharpe,WFC,3.793785095033949e-17
2021-03-01,Equity Max-Sharpe,WFC,1.385430295709052e-18
2021-04-01,Equity Max-Sharpe,WFC,8.030802076312062e-17
2021-05-03,Equity Max-Sharpe,WFC,0.0
2021-06-01,Equity Max-Sharpe,WFC,0.0
2021-07-01,Equity Max-Sharpe,WFC,0.0
2021-08-02,Equity Max-Sharpe,WFC,6.34115105597397e-17
2021-09-01,Equity Max-Sharpe,WFC,1.6489409504193087e-16
2021-10-01,Equity Max-Sharpe,WFC,0.0055803368399532415
2021-11-01,Equity Max-Sharpe,WFC,0.08153123421465876
2021-12-01,Equity Max-Sharpe,WFC,0.06142939161067349
2022-01-03,Equity Max-Sharpe,WFC,0.0278658975999721
2022-02-01,Equity Max-Sharpe,WFC,0.06190551322274304
2022-03-01,Equity Max-Sharpe,WFC,3.827717357736868e-18
2022-04-01,Equity Max-Sharpe,WFC,6.962758496061626e-17
2022-05-02,Equity Max-Sharpe,WFC,0.0
2022-06-01,Equity Max-Sharpe,WFC,0.0
2022-07-01,Equity Max-Sharpe,WFC,6.389798962231961e-18
2022-08-01,Equity Max-Sharpe,WFC,0.0
2022-09-01,Equity Max-Sharpe,WFC,0.0
2022-10-03,Equity Max-Sharpe,WFC,9.646242531749904e-17
2022-11-01,Equity Max-Sharpe,WFC,2.9140701611640757e-16
2022-12-01,Equity Max-Sharpe,WFC,0.0
2023-01-03,Equity Max-Sharpe,WFC,0.0
2023-02-01,Equity Max-Sharpe,WFC,1.2383945585955148e-16
2023-03-01,Equity Max-Sharpe,WFC,6.843591020074334e-17
2023-04-03,Equity Max-Sharpe,WFC,4.932705217599391e-17
2023-05-01,Equity Max-Sharpe,WFC,6.248147190512692e-17
2023-06-01,Equity Max-Sharpe,WFC,0.0
2023-07-03,Equity Max-Sharpe,WFC,0.0
2023-08-01,Equity Max-Sharpe,WFC,0.0
2023-09-01,Equity Max-Sharpe,WFC,1.1867535579784483e-16
2023-10-02,Equity Max-Sharpe,WFC,0.0
2023-11-01,Equity Max-Sharpe,WFC,0.0
2023-12-01,Equity Max-Sharpe,WFC,0.0
2021-01-04,Equity Max-Sharpe,WMT,0.0
2021-02-01,Equity Max-Sharpe,WMT,4.552587999168136e-17
2021-03-01,Equity Max-Sharpe,WMT,1.3195038577129265e-17
2021-04-01,Equity Max-Sharpe,WMT,3.762697815823001e-17
2021-05-03,Equity Max-Sharpe,WMT,0.0
2021-06-01,Equity Max-Sharpe,WMT,0.0
2021-07-01,Equity Max-Sharpe,WMT,0.0
2021-08-02,Equity Max-Sharpe,WMT,1.9954969173338647e-17
2021-09-01,Equity Max-Sharpe,WMT,3.24188817872868e-17
2021-10-01,Equity Max-Sharpe,WMT,5.1381949087431425e-18
2021-11-01,Equity Max-Sharpe,WMT,9.79715462301676e-18
2021-12-01,Equity Max-Sharpe,WMT,0.0
2022-01-03,Equity Max-Sharpe,WMT,0.0
2022-02-01,Equity Max-Sharpe,WMT,9.668094935509342e-18
2022-03-01,Equity Max-Sharpe,WMT,0.0
2022-04-01,Equity Max-Sharpe,WMT,5.655438718355682e-17
2022-05-02,Equity Max-Sharpe,WMT,6.684330850842337e-17
2022-06-01,Equity Max-Sharpe,WMT,0.0
2022-07-01,Equity Max-Sharpe,WMT,0.0
2022-08-01,Equity Max-Sharpe,WMT,0.0
2022-09-01,Equity Max-Sharpe,WMT,0.0
2022-10-03,Equity Max-Sharpe,WMT,4.456070928915423e-17
2022-11-01,Equity Max-Sharpe,WMT,9.31871767251291e-17
2022-12-01,Equity Max-Sharpe,WMT,8.418829869349942e-17
2023-01-03,Equity Max-Sharpe,WMT,8.595012722378836e-17
2023-02-01,Equity Max-Sharpe,WMT,7.586704701967317e-17
2023-03-01,Equity Max-Sharpe,WMT,0.0
2023-04-03,Equity Max-Sharpe,WMT,0.0
2023-05-01,Equity Max-Sharpe,WMT,1.1806961658367143e-16
2023-06-01,Equity Max-Sharpe,WMT,0.0
2023-07-03,Equity Max-Sharpe,WMT,0.08197662168439078
2023-08-01,Equity Max-Sharpe,WMT,0.003782037817426397
2023-09-01,Equity Max-Sharpe,WMT,0.04229087561655067
2023-10-02,Equity Max-Sharpe,WMT,0.0
2023-11-01,Equity Max-Sharpe,WMT,0.13459657229355063
2023-12-01,Equity Max-Sharpe,WMT,0.0
2021-01-04,Equity Max-Sharpe,XOM,0.0
2021-02-01,Equity Max-Sharpe,XOM,1.1394876476616115e-16
2021-03-01,Equity Max-Sharpe,XOM,0.0
2021-04-01,Equity Max-Sharpe,XOM,0.0
2021-05-03,Equity Max-Sharpe,XOM,6.223822014454286e-17
2021-06-01,Equity Max-Sharpe,XOM,0.0
2021-07-01,Equity Max-Sharpe,XOM,7.539120770995624e-17
2021-08-02,Equity Max-Sharpe,XOM,2.0632574157283814e-17
2021-09-01,Equity Max-Sharpe,XOM,1.5676888528920058e-16
2021-10-01,Equity Max-Sharpe,XOM,2.4745639117181968e-17
2021-11-01,Equity Max-Sharpe,XOM,5.61655299273596e-17
2021-12-01,Equity Max-Sharpe,XOM,0.030753253843338837
2022-01-03,Equity Max-Sharpe,XOM,0.0
2022-02-01,Equity Max-Sharpe,XOM,0.0
2022-03-01,Equity Max-Sharpe,XOM,0.0
2022-04-01,Equity Max-Sharpe,XOM,7.157534537163663e-17
2022-05-02,Equity Max-Sharpe,XOM,1.3258455660134319e-16
2022-06-01,Equity Max-Sharpe,XOM,0.0
2022-07-01,Equity Max-Sharpe,XOM,0.0
2022-08-01,Equity Max-Sharpe,XOM,0.0
2022-09-01,Equity Max-Sharpe,XOM,0.06844352603536118
2022-10-03,Equity Max-Sharpe,XOM,0.03988912693985614
2022-11-01,Equity Max-Sharpe,XOM,0.20858860842846377
2022-12-01,Equity Max-Sharpe,XOM,0.17173326581468762
2023-01-03,Equity Max-Sharpe,XOM,0.2439183901759485
2023-02-01,Equity Max-Sharpe,XOM,0.15257520355178505
2023-03-01,Equity Max-Sharpe,XOM,0.1492404651718558
2023-04-03,Equity Max-Sharpe,XOM,0.160987604703311
2023-05-01,Equity Max-Sharpe,XOM,0.0664896482375628
2023-06-01,Equity Max-Sharpe,XOM,0.0
2023-07-03,Equity Max-Sharpe,XOM,7.358316627681508e-17
2023-08-01,Equity Max-Sharpe,XOM,4.1081942286081644e-17
2023-09-01,Equity Max-Sharpe,XOM,3.687433513795861e-17
2023-10-02,Equity Max-Sharpe,XOM,0.0
2023-11-01,Equity Max-Sharpe,XOM,1.0636488685014614e-16
2023-12-01,Equity Max-Sharpe,XOM,0.0
2021-01-04,Equity Risk-Parity,ABBV,0.02
2021-02-01,Equity Risk-Parity,ABBV,0.02
2021-03-01,Equity Risk-Parity,ABBV,0.02
2021-04-01,Equity Risk-Parity,ABBV,0.02
2021-05-03,Equity Risk-Parity,ABBV,0.02
2021-06-01,Equity Risk-Parity,ABBV,0.02
2021-07-01,Equity Risk-Parity,ABBV,0.02
2021-08-02,Equity Risk-Parity,ABBV,0.02
2021-09-01,Equity Risk-Parity,ABBV,0.02
2021-10-01,Equity Risk-Parity,ABBV,0.02
2021-11-01,Equity Risk-Parity,ABBV,0.02
2021-12-01,Equity Risk-Parity,ABBV,0.02
2022-01-03,Equity Risk-Parity,ABBV,0.02
2022-02-01,Equity Risk-Parity,ABBV,0.02
2022-03-01,Equity Risk-Parity,ABBV,0.02
2022-04-01,Equity Risk-Parity,ABBV,0.02
2022-05-02,Equity Risk-Parity,ABBV,0.02
2022-06-01,Equity Risk-Parity,ABBV,0.02
2022-07-01,Equity Risk-Parity,ABBV,0.02
2022-08-01,Equity Risk-Parity,ABBV,0.02
2022-09-01,Equity Risk-Parity,ABBV,0.02
2022-10-03,Equity Risk-Parity,ABBV,0.02
2022-11-01,Equity Risk-Parity,ABBV,0.02
2022-12-01,Equity Risk-Parity,ABBV,0.02
2023-01-03,Equity Risk-Parity,ABBV,0.02
2023-02-01,Equity Risk-Parity,ABBV,0.02
2023-03-01,Equity Risk-Parity,ABBV,0.02
2023-04-03,Equity Risk-Parity,ABBV,0.02
2023-05-01,Equity Risk-Parity,ABBV,0.02
2023-06-01,Equity Risk-Parity,ABBV,0.02
2023-07-03,Equity Risk-Parity,ABBV,0.02
2023-08-01,Equity Risk-Parity,ABBV,0.02
2023-09-01,Equity Risk-Parity,ABBV,0.02
2023-10-02,Equity Risk-Parity,ABBV,0.02
2023-11-01,Equity Risk-Parity,ABBV,0.02
2023-12-01,Equity Risk-Parity,ABBV,0.02
2021-01-04,Equity Risk-Parity,ABT,0.02
2021-02-01,Equity Risk-Parity,ABT,0.02
2021-03-01,Equity Risk-Parity,ABT,0.02
2021-04-01,Equity Risk-Parity,ABT,0.02
2021-05-03,Equity Risk-Parity,ABT,0.02
2021-06-01,Equity Risk-Parity,ABT,0.02
2021-07-01,Equity Risk-Parity,ABT,0.02
2021-08-02,Equity Risk-Parity,ABT,0.02
2021-09-01,Equity Risk-Parity,ABT,0.02
2021-10-01,Equity Risk-Parity,ABT,0.02
2021-11-01,Equity Risk-Parity,ABT,0.02
2021-12-01,Equity Risk-Parity,ABT,0.02
2022-01-03,Equity Risk-Parity,ABT,0.02
2022-02-01,Equity Risk-Parity,ABT,0.02
2022-03-01,Equity Risk-Parity,ABT,0.02
2022-04-01,Equity Risk-Parity,ABT,0.02
2022-05-02,Equity Risk-Parity,ABT,0.02
2022-06-01,Equity Risk-Parity,ABT,0.02
2022-07-01,Equity Risk-Parity,ABT,0.02
2022-08-01,Equity Risk-Parity,ABT,0.02
2022-09-01,Equity Risk-Parity,ABT,0.02
2022-10-03,Equity Risk-Parity,ABT,0.02
2022-11-01,Equity Risk-Parity,ABT,0.02
2022-12-01,Equity Risk-Parity,ABT,0.02
2023-01-03,Equity Risk-Parity,ABT,0.02
2023-02-01,Equity Risk-Parity,ABT,0.02
2023-03-01,Equity Risk-Parity,ABT,0.02
2023-04-03,Equity Risk-Parity,ABT,0.02
2023-05-01,Equity Risk-Parity,ABT,0.02
2023-06-01,Equity Risk-Parity,ABT,0.02
2023-07-03,Equity Risk-Parity,ABT,0.02
2023-08-01,Equity Risk-Parity,ABT,0.02
2023-09-01,Equity Risk-Parity,ABT,0.02
2023-10-02,Equity Risk-Parity,ABT,0.02
2023-11-01,Equity Risk-Parity,ABT,0.02
2023-12-01,Equity Risk-Parity,ABT,0.02
2021-01-04,Equity Risk-Parity,ADBE,0.02
2021-02-01,Equity Risk-Parity,ADBE,0.02
2021-03-01,Equity Risk-Parity,ADBE,0.02
2021-04-01,Equity Risk-Parity,ADBE,0.02
2021-05-03,Equity Risk-Parity,ADBE,0.02
2021-06-01,Equity Risk-Parity,ADBE,0.02
2021-07-01,Equity Risk-Parity,ADBE,0.02
2021-08-02,Equity Risk-Parity,ADBE,0.02
2021-09-01,Equity Risk-Parity,ADBE,0.02
2021-10-01,Equity Risk-Parity,ADBE,0.02
2021-11-01,Equity Risk-Parity,ADBE,0.02
2021-12-01,Equity Risk-Parity,ADBE,0.02
2022-01-03,Equity Risk-Parity,ADBE,0.02
2022-02-01,Equity Risk-Parity,ADBE,0.02
2022-03-01,Equity Risk-Parity,ADBE,0.02
2022-04-01,Equity Risk-Parity,ADBE,0.02
2022-05-02,Equity Risk-Parity,ADBE,0.02
2022-06-01,Equity Risk-Parity,ADBE,0.02
2022-07-01,Equity Risk-Parity,ADBE,0.02
2022-08-01,Equity Risk-Parity,ADBE,0.02
2022-09-01,Equity Risk-Parity,ADBE,0.02
2022-10-03,Equity Risk-Parity,ADBE,0.02
2022-11-01,Equity Risk-Parity,ADBE,0.02
2022-12-01,Equity Risk-Parity,ADBE,0.02
2023-01-03,Equity Risk-Parity,ADBE,0.02
2023-02-01,Equity Risk-Parity,ADBE,0.02
2023-03-01,Equity Risk-Parity,ADBE,0.02
2023-04-03,Equity Risk-Parity,ADBE,0.02
2023-05-01,Equity Risk-Parity,ADBE,0.02
2023-06-01,Equity Risk-Parity,ADBE,0.02
2023-07-03,Equity Risk-Parity,ADBE,0.02
2023-08-01,Equity Risk-Parity,ADBE,0.02
2023-09-01,Equity Risk-Parity,ADBE,0.02
2023-10-02,Equity Risk-Parity,ADBE,0.02
2023-11-01,Equity Risk-Parity,ADBE,0.02
2023-12-01,Equity Risk-Parity,ADBE,0.02
2021-01-04,Equity Risk-Parity,AEP,0.02
2021-02-01,Equity Risk-Parity,AEP,0.02
2021-03-01,Equity Risk-Parity,AEP,0.02
2021-04-01,Equity Risk-Parity,AEP,0.02
2021-05-03,Equity Risk-Parity,AEP,0.02
2021-06-01,Equity Risk-Parity,AEP,0.02
2021-07-01,Equity Risk-Parity,AEP,0.02
2021-08-02,Equity Risk-Parity,AEP,0.02
2021-09-01,Equity Risk-Parity,AEP,0.02
2021-10-01,Equity Risk-Parity,AEP,0.02
2021-11-01,Equity Risk-Parity,AEP,0.02
2021-12-01,Equity Risk-Parity,AEP,0.02
2022-01-03,Equity Risk-Parity,AEP,0.02
2022-02-01,Equity Risk-Parity,AEP,0.02
2022-03-01,Equity Risk-Parity,AEP,0.02
2022-04-01,Equity Risk-Parity,AEP,0.02
2022-05-02,Equity Risk-Parity,AEP,0.02
2022-06-01,Equity Risk-Parity,AEP,0.02
2022-07-01,Equity Risk-Parity,AEP,0.02
2022-08-01,Equity Risk-Parity,AEP,0.02
2022-09-01,Equity Risk-Parity,AEP,0.02
2022-10-03,Equity Risk-Parity,AEP,0.02
2022-11-01,Equity Risk-Parity,AEP,0.02
2022-12-01,Equity Risk-Parity,AEP,0.02
2023-01-03,Equity Risk-Parity,AEP,0.02
2023-02-01,Equity Risk-Parity,AEP,0.02
2023-03-01,Equity Risk-Parity,AEP,0.02
2023-04-03,Equity Risk-Parity,AEP,0.02
2023-05-01,Equity Risk-Parity,AEP,0.02
2023-06-01,Equity Risk-Parity,AEP,0.02
2023-07-03,Equity Risk-Parity,AEP,0.02
2023-08-01,Equity Risk-Parity,AEP,0.02
2023-09-01,Equity Risk-Parity,AEP,0.02
2023-10-02,Equity Risk-Parity,AEP,0.02
2023-11-01,Equity Risk-Parity,AEP,0.02
2023-12-01,Equity Risk-Parity,AEP,0.02
2021-01-04,Equity Risk-Parity,AMD,0.02
2021-02-01,Equity Risk-Parity,AMD,0.02
2021-03-01,Equity Risk-Parity,AMD,0.02
2021-04-01,Equity Risk-Parity,AMD,0.02
2021-05-03,Equity Risk-Parity,AMD,0.02
2021-06-01,Equity Risk-Parity,AMD,0.02
2021-07-01,Equity Risk-Parity,AMD,0.02
2021-08-02,Equity Risk-Parity,AMD,0.02
2021-09-01,Equity Risk-Parity,AMD,0.02
2021-10-01,Equity Risk-Parity,AMD,0.02
2021-11-01,Equity Risk-Parity,AMD,0.02
2021-12-01,Equity Risk-Parity,AMD,0.02
2022-01-03,Equity Risk-Parity,AMD,0.02
2022-02-01,Equity Risk-Parity,AMD,0.02
2022-03-01,Equity Risk-Parity,AMD,0.02
2022-04-01,Equity Risk-Parity,AMD,0.02
2022-05-02,Equity Risk-Parity,AMD,0.02
2022-06-01,Equity Risk-Parity,AMD,0.02
2022-07-01,Equity Risk-Parity,AMD,0.02
2022-08-01,Equity Risk-Parity,AMD,0.02
2022-09-01,Equity Risk-Parity,AMD,0.02
2022-10-03,Equity Risk-Parity,AMD,0.02
2022-11-01,Equity Risk-Parity,AMD,0.02
2022-12-01,Equity Risk-Parity,AMD,0.02
2023-01-03,Equity Risk-Parity,AMD,0.02
2023-02-01,Equity Risk-Parity,AMD,0.02
2023-03-01,Equity Risk-Parity,AMD,0.02
2023-04-03,Equity Risk-Parity,AMD,0.02
2023-05-01,Equity Risk-Parity,AMD,0.02
2023-06-01,Equity Risk-Parity,AMD,0.02
2023-07-03,Equity Risk-Parity,AMD,0.02
2023-08-01,Equity Risk-Parity,AMD,0.02
2023-09-01,Equity Risk-Parity,AMD,0.02
2023-10-02,Equity Risk-Parity,AMD,0.02
2023-11-01,Equity Risk-Parity,AMD,0.02
2023-12-01,Equity Risk-Parity,AMD,0.02
2021-01-04,Equity Risk-Parity,AMGN,0.02
2021-02-01,Equity Risk-Parity,AMGN,0.02
2021-03-01,Equity Risk-Parity,AMGN,0.02
2021-04-01,Equity Risk-Parity,AMGN,0.02
2021-05-03,Equity Risk-Parity,AMGN,0.02
2021-06-01,Equity Risk-Parity,AMGN,0.02
2021-07-01,Equity Risk-Parity,AMGN,0.02
2021-08-02,Equity Risk-Parity,AMGN,0.02
2021-09-01,Equity Risk-Parity,AMGN,0.02
2021-10-01,Equity Risk-Parity,AMGN,0.02
2021-11-01,Equity Risk-Parity,AMGN,0.02
2021-12-01,Equity Risk-Parity,AMGN,0.02
2022-01-03,Equity Risk-Parity,AMGN,0.02
2022-02-01,Equity Risk-Parity,AMGN,0.02
2022-03-01,Equity Risk-Parity,AMGN,0.02
2022-04-01,Equity Risk-Parity,AMGN,0.02
2022-05-02,Equity Risk-Parity,AMGN,0.02
2022-06-01,Equity Risk-Parity,AMGN,0.02
2022-07-01,Equity Risk-Parity,AMGN,0.02
2022-08-01,Equity Risk-Parity,AMGN,0.02
2022-09-01,Equity Risk-Parity,AMGN,0.02
2022-10-03,Equity Risk-Parity,AMGN,0.02
2022-11-01,Equity Risk-Parity,AMGN,0.02
2022-12-01,Equity Risk-Parity,AMGN,0.02
2023-01-03,Equity Risk-Parity,AMGN,0.02
2023-02-01,Equity Risk-Parity,AMGN,0.02
2023-03-01,Equity Risk-Parity,AMGN,0.02
2023-04-03,Equity Risk-Parity,AMGN,0.02
2023-05-01,Equity Risk-Parity,AMGN,0.02
2023-06-01,Equity Risk-Parity,AMGN,0.02
2023-07-03,Equity Risk-Parity,AMGN,0.02
2023-08-01,Equity Risk-Parity,AMGN,0.02
2023-09-01,Equity Risk-Parity,AMGN,0.02
2023-10-02,Equity Risk-Parity,AMGN,0.02
2023-11-01,Equity Risk-Parity,AMGN,0.02
2023-12-01,Equity Risk-Parity,AMGN,0.02
2021-01-04,Equity Risk-Parity,AMT,0.02
2021-02-01,Equity Risk-Parity,AMT,0.02
2021-03-01,Equity Risk-Parity,AMT,0.02
2021-04-01,Equity Risk-Parity,AMT,0.02
2021-05-03,Equity Risk-Parity,AMT,0.02
2021-06-01,Equity Risk-Parity,AMT,0.02
2021-07-01,Equity Risk-Parity,AMT,0.02
2021-08-02,Equity Risk-Parity,AMT,0.02
2021-09-01,Equity Risk-Parity,AMT,0.02
2021-10-01,Equity Risk-Parity,AMT,0.02
2021-11-01,Equity Risk-Parity,AMT,0.02
2021-12-01,Equity Risk-Parity,AMT,0.02
2022-01-03,Equity Risk-Parity,AMT,0.02
2022-02-01,Equity Risk-Parity,AMT,0.02
2022-03-01,Equity Risk-Parity,AMT,0.02
2022-04-01,Equity Risk-Parity,AMT,0.02
2022-05-02,Equity Risk-Parity,AMT,0.02
2022-06-01,Equity Risk-Parity,AMT,0.02
2022-07-01,Equity Risk-Parity,AMT,0.02
2022-08-01,Equity Risk-Parity,AMT,0.02
2022-09-01,Equity Risk-Parity,AMT,0.02
2022-10-03,Equity Risk-Parity,AMT,0.02
2022-11-01,Equity Risk-Parity,AMT,0.02
2022-12-01,Equity Risk-Parity,AMT,0.02
2023-01-03,Equity Risk-Parity,AMT,0.02
2023-02-01,Equity Risk-Parity,AMT,0.02
2023-03-01,Equity Risk-Parity,AMT,0.02
2023-04-03,Equity Risk-Parity,AMT,0.02
2023-05-01,Equity Risk-Parity,AMT,0.02
2023-06-01,Equity Risk-Parity,AMT,0.02
2023-07-03,Equity Risk-Parity,AMT,0.02
2023-08-01,Equity Risk-Parity,AMT,0.02
2023-09-01,Equity Risk-Parity,AMT,0.02
2023-10-02,Equity Risk-Parity,AMT,0.02
2023-11-01,Equity Risk-Parity,AMT,0.02
2023-12-01,Equity Risk-Parity,AMT,0.02
2021-01-04,Equity Risk-Parity,BA,0.02
2021-02-01,Equity Risk-Parity,BA,0.02
2021-03-01,Equity Risk-Parity,BA,0.02
2021-04-01,Equity Risk-Parity,BA,0.02
2021-05-03,Equity Risk-Parity,BA,0.02
2021-06-01,Equity Risk-Parity,BA,0.02
2021-07-01,Equity Risk-Parity,BA,0.02
2021-08-02,Equity Risk-Parity,BA,0.02
2021-09-01,Equity Risk-Parity,BA,0.02
2021-10-01,Equity Risk-Parity,BA,0.02
2021-11-01,Equity Risk-Parity,BA,0.02
2021-12-01,Equity Risk-Parity,BA,0.02
2022-01-03,Equity Risk-Parity,BA,0.02
2022-02-01,Equity Risk-Parity,BA,0.02
2022-03-01,Equity Risk-Parity,BA,0.02
2022-04-01,Equity Risk-Parity,BA,0.02
2022-05-02,Equity Risk-Parity,BA,0.02
2022-06-01,Equity Risk-Parity,BA,0.02
2022-07-01,Equity Risk-Parity,BA,0.02
2022-08-01,Equity Risk-Parity,BA,0.02
2022-09-01,Equity Risk-Parity,BA,0.02
2022-10-03,Equity Risk-Parity,BA,0.02
2022-11-01,Equity Risk-Parity,BA,0.02
2022-12-01,Equity Risk-Parity,BA,0.02
2023-01-03,Equity Risk-Parity,BA,0.02
2023-02-01,Equity Risk-Parity,BA,0.02
2023-03-01,Equity Risk-Parity,BA,0.02
2023-04-03,Equity Risk-Parity,BA,0.02
2023-05-01,Equity Risk-Parity,BA,0.02
2023-06-01,Equity Risk-Parity,BA,0.02
2023-07-03,Equity Risk-Parity,BA,0.02
2023-08-01,Equity Risk-Parity,BA,0.02
2023-09-01,Equity Risk-Parity,BA,0.02
2023-10-02,Equity Risk-Parity,BA,0.02
2023-11-01,Equity Risk-Parity,BA,0.02
2023-12-01,Equity Risk-Parity,BA,0.02
2021-01-04,Equity Risk-Parity,CAT,0.02
2021-02-01,Equity Risk-Parity,CAT,0.02
2021-03-01,Equity Risk-Parity,CAT,0.02
2021-04-01,Equity Risk-Parity,CAT,0.02
2021-05-03,Equity Risk-Parity,CAT,0.02
2021-06-01,Equity Risk-Parity,CAT,0.02
2021-07-01,Equity Risk-Parity,CAT,0.02
2021-08-02,Equity Risk-Parity,CAT,0.02
2021-09-01,Equity Risk-Parity,CAT,0.02
2021-10-01,Equity Risk-Parity,CAT,0.02
2021-11-01,Equity Risk-Parity,CAT,0.02
2021-12-01,Equity Risk-Parity,CAT,0.02
2022-01-03,Equity Risk-Parity,CAT,0.02
2022-02-01,Equity Risk-Parity,CAT,0.02
2022-03-01,Equity Risk-Parity,CAT,0.02
2022-04-01,Equity Risk-Parity,CAT,0.02
2022-05-02,Equity Risk-Parity,CAT,0.02
2022-06-01,Equity Risk-Parity,CAT,0.02
2022-07-01,Equity Risk-Parity,CAT,0.02
2022-08-01,Equity Risk-Parity,CAT,0.02
2022-09-01,Equity Risk-Parity,CAT,0.02
2022-10-03,Equity Risk-Parity,CAT,0.02
2022-11-01,Equity Risk-Parity,CAT,0.02
2022-12-01,Equity Risk-Parity,CAT,0.02
2023-01-03,Equity Risk-Parity,CAT,0.02
2023-02-01,Equity Risk-Parity,CAT,0.02
2023-03-01,Equity Risk-Parity,CAT,0.02
2023-04-03,Equity Risk-Parity,CAT,0.02
2023-05-01,Equity Risk-Parity,CAT,0.02
2023-06-01,Equity Risk-Parity,CAT,0.02
2023-07-03,Equity Risk-Parity,CAT,0.02
2023-08-01,Equity Risk-Parity,CAT,0.02
2023-09-01,Equity Risk-Parity,CAT,0.02
2023-10-02,Equity Risk-Parity,CAT,0.02
2023-11-01,Equity Risk-Parity,CAT,0.02
2023-12-01,Equity Risk-Parity,CAT,0.02
2021-01-04,Equity Risk-Parity,CCI,0.02
2021-02-01,Equity Risk-Parity,CCI,0.02
2021-03-01,Equity Risk-Parity,CCI,0.02
2021-04-01,Equity Risk-Parity,CCI,0.02
2021-05-03,Equity Risk-Parity,CCI,0.02
2021-06-01,Equity Risk-Parity,CCI,0.02
2021-07-01,Equity Risk-Parity,CCI,0.02
2021-08-02,Equity Risk-Parity,CCI,0.02
2021-09-01,Equity Risk-Parity,CCI,0.02
2021-10-01,Equity Risk-Parity,CCI,0.02
2021-11-01,Equity Risk-Parity,CCI,0.02
2021-12-01,Equity Risk-Parity,CCI,0.02
2022-01-03,Equity Risk-Parity,CCI,0.02
2022-02-01,Equity Risk-Parity,CCI,0.02
2022-03-01,Equity Risk-Parity,CCI,0.02
2022-04-01,Equity Risk-Parity,CCI,0.02
2022-05-02,Equity Risk-Parity,CCI,0.02
2022-06-01,Equity Risk-Parity,CCI,0.02
2022-07-01,Equity Risk-Parity,CCI,0.02
2022-08-01,Equity Risk-Parity,CCI,0.02
2022-09-01,Equity Risk-Parity,CCI,0.02
2022-10-03,Equity Risk-Parity,CCI,0.02
2022-11-01,Equity Risk-Parity,CCI,0.02
2022-12-01,Equity Risk-Parity,CCI,0.02
2023-01-03,Equity Risk-Parity,CCI,0.02
2023-02-01,Equity Risk-Parity,CCI,0.02
2023-03-01,Equity Risk-Parity,CCI,0.02
2023-04-03,Equity Risk-Parity,CCI,0.02
2023-05-01,Equity Risk-Parity,CCI,0.02
2023-06-01,Equity Risk-Parity,CCI,0.02
2023-07-03,Equity Risk-Parity,CCI,0.02
2023-08-01,Equity Risk-Parity,CCI,0.02
2023-09-01,Equity Risk-Parity,CCI,0.02
2023-10-02,Equity Risk-Parity,CCI,0.02
2023-11-01,Equity Risk-Parity,CCI,0.02
2023-12-01,Equity Risk-Parity,CCI,0.02
2021-01-04,Equity Risk-Parity,CMCSA,0.02
2021-02-01,Equity Risk-Parity,CMCSA,0.02
2021-03-01,Equity Risk-Parity,CMCSA,0.02
2021-04-01,Equity Risk-Parity,CMCSA,0.02
2021-05-03,Equity Risk-Parity,CMCSA,0.02
2021-06-01,Equity Risk-Parity,CMCSA,0.02
2021-07-01,Equity Risk-Parity,CMCSA,0.02
2021-08-02,Equity Risk-Parity,CMCSA,0.02
2021-09-01,Equity Risk-Parity,CMCSA,0.02
2021-10-01,Equity Risk-Parity,CMCSA,0.02
2021-11-01,Equity Risk-Parity,CMCSA,0.02
2021-12-01,Equity Risk-Parity,CMCSA,0.02
2022-01-03,Equity Risk-Parity,CMCSA,0.02
2022-02-01,Equity Risk-Parity,CMCSA,0.02
2022-03-01,Equity Risk-Parity,CMCSA,0.02
2022-04-01,Equity Risk-Parity,CMCSA,0.02
2022-05-02,Equity Risk-Parity,CMCSA,0.02
2022-06-01,Equity Risk-Parity,CMCSA,0.02
2022-07-01,Equity Risk-Parity,CMCSA,0.02
2022-08-01,Equity Risk-Parity,CMCSA,0.02
2022-09-01,Equity Risk-Parity,CMCSA,0.02
2022-10-03,Equity Risk-Parity,CMCSA,0.02
2022-11-01,Equity Risk-Parity,CMCSA,0.02
2022-12-01,Equity Risk-Parity,CMCSA,0.02
2023-01-03,Equity Risk-Parity,CMCSA,0.02
2023-02-01,Equity Risk-Parity,CMCSA,0.02
2023-03-01,Equity Risk-Parity,CMCSA,0.02
2023-04-03,Equity Risk-Parity,CMCSA,0.02
2023-05-01,Equity Risk-Parity,CMCSA,0.02
2023-06-01,Equity Risk-Parity,CMCSA,0.02
2023-07-03,Equity Risk-Parity,CMCSA,0.02
2023-08-01,Equity Risk-Parity,CMCSA,0.02
2023-09-01,Equity Risk-Parity,CMCSA,0.02
2023-10-02,Equity Risk-Parity,CMCSA,0.02
2023-11-01,Equity Risk-Parity,CMCSA,0.02
2023-12-01,Equity Risk-Parity,CMCSA,0.02
2021-01-04,Equity Risk-Parity,COP,0.02
2021-02-01,Equity Risk-Parity,COP,0.02
2021-03-01,Equity Risk-Parity,COP,0.02
2021-04-01,Equity Risk-Parity,COP,0.02
2021-05-03,Equity Risk-Parity,COP,0.02
2021-06-01,Equity Risk-Parity,COP,0.02
2021-07-01,Equity Risk-Parity,COP,0.02
2021-08-02,Equity Risk-Parity,COP,0.02
2021-09-01,Equity Risk-Parity,COP,0.02
2021-10-01,Equity Risk-Parity,COP,0.02
2021-11-01,Equity Risk-Parity,COP,0.02
2021-12-01,Equity Risk-Parity,COP,0.02
2022-01-03,Equity Risk-Parity,COP,0.02
2022-02-01,Equity Risk-Parity,COP,0.02
2022-03-01,Equity Risk-Parity,COP,0.02
2022-04-01,Equity Risk-Parity,COP,0.02
2022-05-02,Equity Risk-Parity,COP,0.02
2022-06-01,Equity Risk-Parity,COP,0.02
2022-07-01,Equity Risk-Parity,COP,0.02
2022-08-01,Equity Risk-Parity,COP,0.02
2022-09-01,Equity Risk-Parity,COP,0.02
2022-10-03,Equity Risk-Parity,COP,0.02
2022-11-01,Equity Risk-Parity,COP,0.02
2022-12-01,Equity Risk-Parity,COP,0.02
2023-01-03,Equity Risk-Parity,COP,0.02
2023-02-01,Equity Risk-Parity,COP,0.02
2023-03-01,Equity Risk-Parity,COP,0.02
2023-04-03,Equity Risk-Parity,COP,0.02
2023-05-01,Equity Risk-Parity,COP,0.02
2023-06-01,Equity Risk-Parity,COP,0.02
2023-07-03,Equity Risk-Parity,COP,0.02
2023-08-01,Equity Risk-Parity,COP,0.02
2023-09-01,Equity Risk-Parity,COP,0.02
2023-10-02,Equity Risk-Parity,COP,0.02
2023-11-01,Equity Risk-Parity,COP,0.02
2023-12-01,Equity Risk-Parity,COP,0.02
2021-01-04,Equity Risk-Parity,CVX,0.02
2021-02-01,Equity Risk-Parity,CVX,0.02
2021-03-01,Equity Risk-Parity,CVX,0.02
2021-04-01,Equity Risk-Parity,CVX,0.02
2021-05-03,Equity Risk-Parity,CVX,0.02
2021-06-01,Equity Risk-Parity,CVX,0.02
2021-07-01,Equity Risk-Parity,CVX,0.02
2021-08-02,Equity Risk-Parity,CVX,0.02
2021-09-01,Equity Risk-Parity,CVX,0.02
2021-10-01,Equity Risk-Parity,CVX,0.02
2021-11-01,Equity Risk-Parity,CVX,0.02
2021-12-01,Equity Risk-Parity,CVX,0.02
2022-01-03,Equity Risk-Parity,CVX,0.02
2022-02-01,Equity Risk-Parity,CVX,0.02
2022-03-01,Equity Risk-Parity,CVX,0.02
2022-04-01,Equity Risk-Parity,CVX,0.02
2022-05-02,Equity Risk-Parity,CVX,0.02
2022-06-01,Equity Risk-Parity,CVX,0.02
2022-07-01,Equity Risk-Parity,CVX,0.02
2022-08-01,Equity Risk-Parity,CVX,0.02
2022-09-01,Equity Risk-Parity,CVX,0.02
2022-10-03,Equity Risk-Parity,CVX,0.02
2022-11-01,Equity Risk-Parity,CVX,0.02
2022-12-01,Equity Risk-Parity,CVX,0.02
2023-01-03,Equity Risk-Parity,CVX,0.02
2023-02-01,Equity Risk-Parity,CVX,0.02
2023-03-01,Equity Risk-Parity,CVX,0.02
2023-04-03,Equity Risk-Parity,CVX,0.02
2023-05-01,Equity Risk-Parity,CVX,0.02
2023-06-01,Equity Risk-Parity,CVX,0.02
2023-07-03,Equity Risk-Parity,CVX,0.02
2023-08-01,Equity Risk-Parity,CVX,0.02
2023-09-01,Equity Risk-Parity,CVX,0.02
2023-10-02,Equity Risk-Parity,CVX,0.02
2023-11-01,Equity Risk-Parity,CVX,0.02
2023-12-01,Equity Risk-Parity,CVX,0.02
2021-01-04,Equity Risk-Parity,D,0.02
2021-02-01,Equity Risk-Parity,D,0.02
2021-03-01,Equity Risk-Parity,D,0.02
2021-04-01,Equity Risk-Parity,D,0.02
2021-05-03,Equity Risk-Parity,D,0.02
2021-06-01,Equity Risk-Parity,D,0.02
2021-07-01,Equity Risk-Parity,D,0.02
2021-08-02,Equity Risk-Parity,D,0.02
2021-09-01,Equity Risk-Parity,D,0.02
2021-10-01,Equity Risk-Parity,D,0.02
2021-11-01,Equity Risk-Parity,D,0.02
2021-12-01,Equity Risk-Parity,D,0.02
2022-01-03,Equity Risk-Parity,D,0.02
2022-02-01,Equity Risk-Parity,D,0.02
2022-03-01,Equity Risk-Parity,D,0.02
2022-04-01,Equity Risk-Parity,D,0.02
2022-05-02,Equity Risk-Parity,D,0.02
2022-06-01,Equity Risk-Parity,D,0.02
2022-07-01,Equity Risk-Parity,D,0.02
2022-08-01,Equity Risk-Parity,D,0.02
2022-09-01,Equity Risk-Parity,D,0.02
2022-10-03,Equity Risk-Parity,D,0.02
2022-11-01,Equity Risk-Parity,D,0.02
2022-12-01,Equity Risk-Parity,D,0.02
2023-01-03,Equity Risk-Parity,D,0.02
2023-02-01,Equity Risk-Parity,D,0.02
2023-03-01,Equity Risk-Parity,D,0.02
2023-04-03,Equity Risk-Parity,D,0.02
2023-05-01,Equity Risk-Parity,D,0.02
2023-06-01,Equity Risk-Parity,D,0.02
2023-07-03,Equity Risk-Parity,D,0.02
2023-08-01,Equity Risk-Parity,D,0.02
2023-09-01,Equity Risk-Parity,D,0.02
2023-10-02,Equity Risk-Parity,D,0.02
2023-11-01,Equity Risk-Parity,D,0.02
2023-12-01,Equity Risk-Parity,D,0.02
2021-01-04,Equity Risk-Parity,DD,0.02
2021-02-01,Equity Risk-Parity,DD,0.02
2021-03-01,Equity Risk-Parity,DD,0.02
2021-04-01,Equity Risk-Parity,DD,0.02
2021-05-03,Equity Risk-Parity,DD,0.02
2021-06-01,Equity Risk-Parity,DD,0.02
2021-07-01,Equity Risk-Parity,DD,0.02
2021-08-02,Equity Risk-Parity,DD,0.02
2021-09-01,Equity Risk-Parity,DD,0.02
2021-10-01,Equity Risk-Parity,DD,0.02
2021-11-01,Equity Risk-Parity,DD,0.02
2021-12-01,Equity Risk-Parity,DD,0.02
2022-01-03,Equity Risk-Parity,DD,0.02
2022-02-01,Equity Risk-Parity,DD,0.02
2022-03-01,Equity Risk-Parity,DD,0.02
2022-04-01,Equity Risk-Parity,DD,0.02
2022-05-02,Equity Risk-Parity,DD,0.02
2022-06-01,Equity Risk-Parity,DD,0.02
2022-07-01,Equity Risk-Parity,DD,0.02
2022-08-01,Equity Risk-Parity,DD,0.02
2022-09-01,Equity Risk-Parity,DD,0.02
2022-10-03,Equity Risk-Parity,DD,0.02
2022-11-01,Equity Risk-Parity,DD,0.02
2022-12-01,Equity Risk-Parity,DD,0.02
2023-01-03,Equity Risk-Parity,DD,0.02
2023-02-01,Equity Risk-Parity,DD,0.02
2023-03-01,Equity Risk-Parity,DD,0.02
2023-04-03,Equity Risk-Parity,DD,0.02
2023-05-01,Equity Risk-Parity,DD,0.02
2023-06-01,Equity Risk-Parity,DD,0.02
2023-07-03,Equity Risk-Parity,DD,0.02
2023-08-01,Equity Risk-Parity,DD,0.02
2023-09-01,Equity Risk-Parity,DD,0.02
2023-10-02,Equity Risk-Parity,DD,0.02
2023-11-01,Equity Risk-Parity,DD,0.02
2023-12-01,Equity Risk-Parity,DD,0.02
2021-01-04,Equity Risk-Parity,DIS,0.02
2021-02-01,Equity Risk-Parity,DIS,0.02
2021-03-01,Equity Risk-Parity,DIS,0.02
2021-04-01,Equity Risk-Parity,DIS,0.02
2021-05-03,Equity Risk-Parity,DIS,0.02
2021-06-01,Equity Risk-Parity,DIS,0.02
2021-07-01,Equity Risk-Parity,DIS,0.02
2021-08-02,Equity Risk-Parity,DIS,0.02
2021-09-01,Equity Risk-Parity,DIS,0.02
2021-10-01,Equity Risk-Parity,DIS,0.02
2021-11-01,Equity Risk-Parity,DIS,0.02
2021-12-01,Equity Risk-Parity,DIS,0.02
2022-01-03,Equity Risk-Parity,DIS,0.02
2022-02-01,Equity Risk-Parity,DIS,0.02
2022-03-01,Equity Risk-Parity,DIS,0.02
2022-04-01,Equity Risk-Parity,DIS,0.02
2022-05-02,Equity Risk-Parity,DIS,0.02
2022-06-01,Equity Risk-Parity,DIS,0.02
2022-07-01,Equity Risk-Parity,DIS,0.02
2022-08-01,Equity Risk-Parity,DIS,0.02
2022-09-01,Equity Risk-Parity,DIS,0.02
2022-10-03,Equity Risk-Parity,DIS,0.02
2022-11-01,Equity Risk-Parity,DIS,0.02
2022-12-01,Equity Risk-Parity,DIS,0.02
2023-01-03,Equity Risk-Parity,DIS,0.02
2023-02-01,Equity Risk-Parity,DIS,0.02
2023-03-01,Equity Risk-Parity,DIS,0.02
2023-04-03,Equity Risk-Parity,DIS,0.02
2023-05-01,Equity Risk-Parity,DIS,0.02
2023-06-01,Equity Risk-Parity,DIS,0.02
2023-07-03,Equity Risk-Parity,DIS,0.02
2023-08-01,Equity Risk-Parity,DIS,0.02
2023-09-01,Equity Risk-Parity,DIS,0.02
2023-10-02,Equity Risk-Parity,DIS,0.02
2023-11-01,Equity Risk-Parity,DIS,0.02
2023-12-01,Equity Risk-Parity,DIS,0.02
2021-01-04,Equity Risk-Parity,DOW,0.02
2021-02-01,Equity Risk-Parity,DOW,0.02
2021-03-01,Equity Risk-Parity,DOW,0.02
2021-04-01,Equity Risk-Parity,DOW,0.02
2021-05-03,Equity Risk-Parity,DOW,0.02
2021-06-01,Equity Risk-Parity,DOW,0.02
2021-07-01,Equity Risk-Parity,DOW,0.02
2021-08-02,Equity Risk-Parity,DOW,0.02
2021-09-01,Equity Risk-Parity,DOW,0.02
2021-10-01,Equity Risk-Parity,DOW,0.02
2021-11-01,Equity Risk-Parity,DOW,0.02
2021-12-01,Equity Risk-Parity,DOW,0.02
2022-01-03,Equity Risk-Parity,DOW,0.02
2022-02-01,Equity Risk-Parity,DOW,0.02
2022-03-01,Equity Risk-Parity,DOW,0.02
2022-04-01,Equity Risk-Parity,DOW,0.02
2022-05-02,Equity Risk-Parity,DOW,0.02
2022-06-01,Equity Risk-Parity,DOW,0.02
2022-07-01,Equity Risk-Parity,DOW,0.02
2022-08-01,Equity Risk-Parity,DOW,0.02
2022-09-01,Equity Risk-Parity,DOW,0.02
2022-10-03,Equity Risk-Parity,DOW,0.02
2022-11-01,Equity Risk-Parity,DOW,0.02
2022-12-01,Equity Risk-Parity,DOW,0.02
2023-01-03,Equity Risk-Parity,DOW,0.02
2023-02-01,Equity Risk-Parity,DOW,0.02
2023-03-01,Equity Risk-Parity,DOW,0.02
2023-04-03,Equity Risk-Parity,DOW,0.02
2023-05-01,Equity Risk-Parity,DOW,0.02
2023-06-01,Equity Risk-Parity,DOW,0.02
2023-07-03,Equity Risk-Parity,DOW,0.02
2023-08-01,Equity Risk-Parity,DOW,0.02
2023-09-01,Equity Risk-Parity,DOW,0.02
2023-10-02,Equity Risk-Parity,DOW,0.02
2023-11-01,Equity Risk-Parity,DOW,0.02
2023-12-01,Equity Risk-Parity,DOW,0.02
2021-01-04,Equity Risk-Parity,DUK,0.02
2021-02-01,Equity Risk-Parity,DUK,0.02
2021-03-01,Equity Risk-Parity,DUK,0.02
2021-04-01,Equity Risk-Parity,DUK,0.02
2021-05-03,Equity Risk-Parity,DUK,0.02
2021-06-01,Equity Risk-Parity,DUK,0.02
2021-07-01,Equity Risk-Parity,DUK,0.02
2021-08-02,Equity Risk-Parity,DUK,0.02
2021-09-01,Equity Risk-Parity,DUK,0.02
2021-10-01,Equity Risk-Parity,DUK,0.02
2021-11-01,Equity Risk-Parity,DUK,0.02
2021-12-01,Equity Risk-Parity,DUK,0.02
2022-01-03,Equity Risk-Parity,DUK,0.02
2022-02-01,Equity Risk-Parity,DUK,0.02
2022-03-01,Equity Risk-Parity,DUK,0.02
2022-04-01,Equity Risk-Parity,DUK,0.02
2022-05-02,Equity Risk-Parity,DUK,0.02
2022-06-01,Equity Risk-Parity,DUK,0.02
2022-07-01,Equity Risk-Parity,DUK,0.02
2022-08-01,Equity Risk-Parity,DUK,0.02
2022-09-01,Equity Risk-Parity,DUK,0.02
2022-10-03,Equity Risk-Parity,DUK,0.02
2022-11-01,Equity Risk-Parity,DUK,0.02
2022-12-01,Equity Risk-Parity,DUK,0.02
2023-01-03,Equity Risk-Parity,DUK,0.02
2023-02-01,Equity Risk-Parity,DUK,0.02
2023-03-01,Equity Risk-Parity,DUK,0.02
2023-04-03,Equity Risk-Parity,DUK,0.02
2023-05-01,Equity Risk-Parity,DUK,0.02
2023-06-01,Equity Risk-Parity,DUK,0.02
2023-07-03,Equity Risk-Parity,DUK,0.02
2023-08-01,Equity Risk-Parity,DUK,0.02
2023-09-01,Equity Risk-Parity,DUK,0.02
2023-10-02,Equity Risk-Parity,DUK,0.02
2023-11-01,Equity Risk-Parity,DUK,0.02
2023-12-01,Equity Risk-Parity,DUK,0.02
2021-01-04,Equity Risk-Parity,EA,0.02
2021-02-01,Equity Risk-Parity,EA,0.02
2021-03-01,Equity Risk-Parity,EA,0.02
2021-04-01,Equity Risk-Parity,EA,0.02
2021-05-03,Equity Risk-Parity,EA,0.02
2021-06-01,Equity Risk-Parity,EA,0.02
2021-07-01,Equity Risk-Parity,EA,0.02
2021-08-02,Equity Risk-Parity,EA,0.02
2021-09-01,Equity Risk-Parity,EA,0.02
2021-10-01,Equity Risk-Parity,EA,0.02
2021-11-01,Equity Risk-Parity,EA,0.02
2021-12-01,Equity Risk-Parity,EA,0.02
2022-01-03,Equity Risk-Parity,EA,0.02
2022-02-01,Equity Risk-Parity,EA,0.02
2022-03-01,Equity Risk-Parity,EA,0.02
2022-04-01,Equity Risk-Parity,EA,0.02
2022-05-02,Equity Risk-Parity,EA,0.02
2022-06-01,Equity Risk-Parity,EA,0.02
2022-07-01,Equity Risk-Parity,EA,0.02
2022-08-01,Equity Risk-Parity,EA,0.02
2022-09-01,Equity Risk-Parity,EA,0.02
2022-10-03,Equity Risk-Parity,EA,0.02
2022-11-01,Equity Risk-Parity,EA,0.02
2022-12-01,Equity Risk-Parity,EA,0.02
2023-01-03,Equity Risk-Parity,EA,0.02
2023-02-01,Equity Risk-Parity,EA,0.02
2023-03-01,Equity Risk-Parity,EA,0.02
2023-04-03,Equity Risk-Parity,EA,0.02
2023-05-01,Equity Risk-Parity,EA,0.02
2023-06-01,Equity Risk-Parity,EA,0.02
2023-07-03,Equity Risk-Parity,EA,0.02
2023-08-01,Equity Risk-Parity,EA,0.02
2023-09-01,Equity Risk-Parity,EA,0.02
2023-10-02,Equity Risk-Parity,EA,0.02
2023-11-01,Equity Risk-Parity,EA,0.02
2023-12-01,Equity Risk-Parity,EA,0.02
2021-01-04,Equity Risk-Parity,GE,0.02
2021-02-01,Equity Risk-Parity,GE,0.02
2021-03-01,Equity Risk-Parity,GE,0.02
2021-04-01,Equity Risk-Parity,GE,0.02
2021-05-03,Equity Risk-Parity,GE,0.02
2021-06-01,Equity Risk-Parity,GE,0.02
2021-07-01,Equity Risk-Parity,GE,0.02
2021-08-02,Equity Risk-Parity,GE,0.02
2021-09-01,Equity Risk-Parity,GE,0.02
2021-10-01,Equity Risk-Parity,GE,0.02
2021-11-01,Equity Risk-Parity,GE,0.02
2021-12-01,Equity Risk-Parity,GE,0.02
2022-01-03,Equity Risk-Parity,GE,0.02
2022-02-01,Equity Risk-Parity,GE,0.02
2022-03-01,Equity Risk-Parity,GE,0.02
2022-04-01,Equity Risk-Parity,GE,0.02
2022-05-02,Equity Risk-Parity,GE,0.02
2022-06-01,Equity Risk-Parity,GE,0.02
2022-07-01,Equity Risk-Parity,GE,0.02
2022-08-01,Equity Risk-Parity,GE,0.02
2022-09-01,Equity Risk-Parity,GE,0.02
2022-10-03,Equity Risk-Parity,GE,0.02
2022-11-01,Equity Risk-Parity,GE,0.02
2022-12-01,Equity Risk-Parity,GE,0.02
2023-01-03,Equity Risk-Parity,GE,0.02
2023-02-01,Equity Risk-Parity,GE,0.02
2023-03-01,Equity Risk-Parity,GE,0.02
2023-04-03,Equity Risk-Parity,GE,0.02
2023-05-01,Equity Risk-Parity,GE,0.02
2023-06-01,Equity Risk-Parity,GE,0.02
2023-07-03,Equity Risk-Parity,GE,0.02
2023-08-01,Equity Risk-Parity,GE,0.02
2023-09-01,Equity Risk-Parity,GE,0.02
2023-10-02,Equity Risk-Parity,GE,0.02
2023-11-01,Equity Risk-Parity,GE,0.02
2023-12-01,Equity Risk-Parity,GE,0.02
2021-01-04,Equity Risk-Parity,GILD,0.02
2021-02-01,Equity Risk-Parity,GILD,0.02
2021-03-01,Equity Risk-Parity,GILD,0.02
2021-04-01,Equity Risk-Parity,GILD,0.02
2021-05-03,Equity Risk-Parity,GILD,0.02
2021-06-01,Equity Risk-Parity,GILD,0.02
2021-07-01,Equity Risk-Parity,GILD,0.02
2021-08-02,Equity Risk-Parity,GILD,0.02
2021-09-01,Equity Risk-Parity,GILD,0.02
2021-10-01,Equity Risk-Parity,GILD,0.02
2021-11-01,Equity Risk-Parity,GILD,0.02
2021-12-01,Equity Risk-Parity,GILD,0.02
2022-01-03,Equity Risk-Parity,GILD,0.02
2022-02-01,Equity Risk-Parity,GILD,0.02
2022-03-01,Equity Risk-Parity,GILD,0.02
2022-04-01,Equity Risk-Parity,GILD,0.02
2022-05-02,Equity Risk-Parity,GILD,0.02
2022-06-01,Equity Risk-Parity,GILD,0.02
2022-07-01,Equity Risk-Parity,GILD,0.02
2022-08-01,Equity Risk-Parity,GILD,0.02
2022-09-01,Equity Risk-Parity,GILD,0.02
2022-10-03,Equity Risk-Parity,GILD,0.02
2022-11-01,Equity Risk-Parity,GILD,0.02
2022-12-01,Equity Risk-Parity,GILD,0.02
2023-01-03,Equity Risk-Parity,GILD,0.02
2023-02-01,Equity Risk-Parity,GILD,0.02
2023-03-01,Equity Risk-Parity,GILD,0.02
2023-04-03,Equity Risk-Parity,GILD,0.02
2023-05-01,Equity Risk-Parity,GILD,0.02
2023-06-01,Equity Risk-Parity,GILD,0.02
2023-07-03,Equity Risk-Parity,GILD,0.02
2023-08-01,Equity Risk-Parity,GILD,0.02
2023-09-01,Equity Risk-Parity,GILD,0.02
2023-10-02,Equity Risk-Parity,GILD,0.02
2023-11-01,Equity Risk-Parity,GILD,0.02
2023-12-01,Equity Risk-Parity,GILD,0.02
2021-01-04,Equity Risk-Parity,GS,0.02
2021-02-01,Equity Risk-Parity,GS,0.02
2021-03-01,Equity Risk-Parity,GS,0.02
2021-04-01,Equity Risk-Parity,GS,0.02
2021-05-03,Equity Risk-Parity,GS,0.02
2021-06-01,Equity Risk-Parity,GS,0.02
2021-07-01,Equity Risk-Parity,GS,0.02
2021-08-02,Equity Risk-Parity,GS,0.02
2021-09-01,Equity Risk-Parity,GS,0.02
2021-10-01,Equity Risk-Parity,GS,0.02
2021-11-01,Equity Risk-Parity,GS,0.02
2021-12-01,Equity Risk-Parity,GS,0.02
2022-01-03,Equity Risk-Parity,GS,0.02
2022-02-01,Equity Risk-Parity,GS,0.02
2022-03-01,Equity Risk-Parity,GS,0.02
2022-04-01,Equity Risk-Parity,GS,0.02
2022-05-02,Equity Risk-Parity,GS,0.02
2022-06-01,Equity Risk-Parity,GS,0.02
2022-07-01,Equity Risk-Parity,GS,0.02
2022-08-01,Equity Risk-Parity,GS,0.02
2022-09-01,Equity Risk-Parity,GS,0.02
2022-10-03,Equity Risk-Parity,GS,0.02
2022-11-01,Equity Risk-Parity,GS,0.02
2022-12-01,Equity Risk-Parity,GS,0.02
2023-01-03,Equity Risk-Parity,GS,0.02
2023-02-01,Equity Risk-Parity,GS,0.02
2023-03-01,Equity Risk-Parity,GS,0.02
2023-04-03,Equity Risk-Parity,GS,0.02
2023-05-01,Equity Risk-Parity,GS,0.02
2023-06-01,Equity Risk-Parity,GS,0.02
2023-07-03,Equity Risk-Parity,GS,0.02
2023-08-01,Equity Risk-Parity,GS,0.02
2023-09-01,Equity Risk-Parity,GS,0.02
2023-10-02,Equity Risk-Parity,GS,0.02
2023-11-01,Equity Risk-Parity,GS,0.02
2023-12-01,Equity Risk-Parity,GS,0.02
2021-01-04,Equity Risk-Parity,INTC,0.02
2021-02-01,Equity Risk-Parity,INTC,0.02
2021-03-01,Equity Risk-Parity,INTC,0.02
2021-04-01,Equity Risk-Parity,INTC,0.02
2021-05-03,Equity Risk-Parity,INTC,0.02
2021-06-01,Equity Risk-Parity,INTC,0.02
2021-07-01,Equity Risk-Parity,INTC,0.02
2021-08-02,Equity Risk-Parity,INTC,0.02
2021-09-01,Equity Risk-Parity,INTC,0.02
2021-10-01,Equity Risk-Parity,INTC,0.02
2021-11-01,Equity Risk-Parity,INTC,0.02
2021-12-01,Equity Risk-Parity,INTC,0.02
2022-01-03,Equity Risk-Parity,INTC,0.02
2022-02-01,Equity Risk-Parity,INTC,0.02
2022-03-01,Equity Risk-Parity,INTC,0.02
2022-04-01,Equity Risk-Parity,INTC,0.02
2022-05-02,Equity Risk-Parity,INTC,0.02
2022-06-01,Equity Risk-Parity,INTC,0.02
2022-07-01,Equity Risk-Parity,INTC,0.02
2022-08-01,Equity Risk-Parity,INTC,0.02
2022-09-01,Equity Risk-Parity,INTC,0.02
2022-10-03,Equity Risk-Parity,INTC,0.02
2022-11-01,Equity Risk-Parity,INTC,0.02
2022-12-01,Equity Risk-Parity,INTC,0.02
2023-01-03,Equity Risk-Parity,INTC,0.02
2023-02-01,Equity Risk-Parity,INTC,0.02
2023-03-01,Equity Risk-Parity,INTC,0.02
2023-04-03,Equity Risk-Parity,INTC,0.02
2023-05-01,Equity Risk-Parity,INTC,0.02
2023-06-01,Equity Risk-Parity,INTC,0.02
2023-07-03,Equity Risk-Parity,INTC,0.02
2023-08-01,Equity Risk-Parity,INTC,0.02
2023-09-01,Equity Risk-Parity,INTC,0.02
2023-10-02,Equity Risk-Parity,INTC,0.02
2023-11-01,Equity Risk-Parity,INTC,0.02
2023-12-01,Equity Risk-Parity,INTC,0.02
2021-01-04,Equity Risk-Parity,KO,0.02
2021-02-01,Equity Risk-Parity,KO,0.02
2021-03-01,Equity Risk-Parity,KO,0.02
2021-04-01,Equity Risk-Parity,KO,0.02
2021-05-03,Equity Risk-Parity,KO,0.02
2021-06-01,Equity Risk-Parity,KO,0.02
2021-07-01,Equity Risk-Parity,KO,0.02
2021-08-02,Equity Risk-Parity,KO,0.02
2021-09-01,Equity Risk-Parity,KO,0.02
2021-10-01,Equity Risk-Parity,KO,0.02
2021-11-01,Equity Risk-Parity,KO,0.02
2021-12-01,Equity Risk-Parity,KO,0.02
2022-01-03,Equity Risk-Parity,KO,0.02
2022-02-01,Equity Risk-Parity,KO,0.02
2022-03-01,Equity Risk-Parity,KO,0.02
2022-04-01,Equity Risk-Parity,KO,0.02
2022-05-02,Equity Risk-Parity,KO,0.02
2022-06-01,Equity Risk-Parity,KO,0.02
2022-07-01,Equity Risk-Parity,KO,0.02
2022-08-01,Equity Risk-Parity,KO,0.02
2022-09-01,Equity Risk-Parity,KO,0.02
2022-10-03,Equity Risk-Parity,KO,0.02
2022-11-01,Equity Risk-Parity,KO,0.02
2022-12-01,Equity Risk-Parity,KO,0.02
2023-01-03,Equity Risk-Parity,KO,0.02
2023-02-01,Equity Risk-Parity,KO,0.02
2023-03-01,Equity Risk-Parity,KO,0.02
2023-04-03,Equity Risk-Parity,KO,0.02
2023-05-01,Equity Risk-Parity,KO,0.02
2023-06-01,Equity Risk-Parity,KO,0.02
2023-07-03,Equity Risk-Parity,KO,0.02
2023-08-01,Equity Risk-Parity,KO,0.02
2023-09-01,Equity Risk-Parity,KO,0.02
2023-10-02,Equity Risk-Parity,KO,0.02
2023-11-01,Equity Risk-Parity,KO,0.02
2023-12-01,Equity Risk-Parity,KO,0.02
2021-01-04,Equity Risk-Parity,MMM,0.02
2021-02-01,Equity Risk-Parity,MMM,0.02
2021-03-01,Equity Risk-Parity,MMM,0.02
2021-04-01,Equity Risk-Parity,MMM,0.02
2021-05-03,Equity Risk-Parity,MMM,0.02
2021-06-01,Equity Risk-Parity,MMM,0.02
2021-07-01,Equity Risk-Parity,MMM,0.02
2021-08-02,Equity Risk-Parity,MMM,0.02
2021-09-01,Equity Risk-Parity,MMM,0.02
2021-10-01,Equity Risk-Parity,MMM,0.02
2021-11-01,Equity Risk-Parity,MMM,0.02
2021-12-01,Equity Risk-Parity,MMM,0.02
2022-01-03,Equity Risk-Parity,MMM,0.02
2022-02-01,Equity Risk-Parity,MMM,0.02
2022-03-01,Equity Risk-Parity,MMM,0.02
2022-04-01,Equity Risk-Parity,MMM,0.02
2022-05-02,Equity Risk-Parity,MMM,0.02
2022-06-01,Equity Risk-Parity,MMM,0.02
2022-07-01,Equity Risk-Parity,MMM,0.02
2022-08-01,Equity Risk-Parity,MMM,0.02
2022-09-01,Equity Risk-Parity,MMM,0.02
2022-10-03,Equity Risk-Parity,MMM,0.02
2022-11-01,Equity Risk-Parity,MMM,0.02
2022-12-01,Equity Risk-Parity,MMM,0.02
2023-01-03,Equity Risk-Parity,MMM,0.02
2023-02-01,Equity Risk-Parity,MMM,0.02
2023-03-01,Equity Risk-Parity,MMM,0.02
2023-04-03,Equity Risk-Parity,MMM,0.02
2023-05-01,Equity Risk-Parity,MMM,0.02
2023-06-01,Equity Risk-Parity,MMM,0.02
2023-07-03,Equity Risk-Parity,MMM,0.02
2023-08-01,Equity Risk-Parity,MMM,0.02
2023-09-01,Equity Risk-Parity,MMM,0.02
2023-10-02,Equity Risk-Parity,MMM,0.02
2023-11-01,Equity Risk-Parity,MMM,0.02
2023-12-01,Equity Risk-Parity,MMM,0.02
2021-01-04,Equity Risk-Parity,MRK,0.02
2021-02-01,Equity Risk-Parity,MRK,0.02
2021-03-01,Equity Risk-Parity,MRK,0.02
2021-04-01,Equity Risk-Parity,MRK,0.02
2021-05-03,Equity Risk-Parity,MRK,0.02
2021-06-01,Equity Risk-Parity,MRK,0.02
2021-07-01,Equity Risk-Parity,MRK,0.02
2021-08-02,Equity Risk-Parity,MRK,0.02
2021-09-01,Equity Risk-Parity,MRK,0.02
2021-10-01,Equity Risk-Parity,MRK,0.02
2021-11-01,Equity Risk-Parity,MRK,0.02
2021-12-01,Equity Risk-Parity,MRK,0.02
2022-01-03,Equity Risk-Parity,MRK,0.02
2022-02-01,Equity Risk-Parity,MRK,0.02
2022-03-01,Equity Risk-Parity,MRK,0.02
2022-04-01,Equity Risk-Parity,MRK,0.02
2022-05-02,Equity Risk-Parity,MRK,0.02
2022-06-01,Equity Risk-Parity,MRK,0.02
2022-07-01,Equity Risk-Parity,MRK,0.02
2022-08-01,Equity Risk-Parity,MRK,0.02
2022-09-01,Equity Risk-Parity,MRK,0.02
2022-10-03,Equity Risk-Parity,MRK,0.02
2022-11-01,Equity Risk-Parity,MRK,0.02
2022-12-01,Equity Risk-Parity,MRK,0.02
2023-01-03,Equity Risk-Parity,MRK,0.02
2023-02-01,Equity Risk-Parity,MRK,0.02
2023-03-01,Equity Risk-Parity,MRK,0.02
2023-04-03,Equity Risk-Parity,MRK,0.02
2023-05-01,Equity Risk-Parity,MRK,0.02
2023-06-01,Equity Risk-Parity,MRK,0.02
2023-07-03,Equity Risk-Parity,MRK,0.02
2023-08-01,Equity Risk-Parity,MRK,0.02
2023-09-01,Equity Risk-Parity,MRK,0.02
2023-10-02,Equity Risk-Parity,MRK,0.02
2023-11-01,Equity Risk-Parity,MRK,0.02
2023-12-01,Equity Risk-Parity,MRK,0.02
2021-01-04,Equity Risk-Parity,MS,0.02
2021-02-01,Equity Risk-Parity,MS,0.02
2021-03-01,Equity Risk-Parity,MS,0.02
2021-04-01,Equity Risk-Parity,MS,0.02
2021-05-03,Equity Risk-Parity,MS,0.02
2021-06-01,Equity Risk-Parity,MS,0.02
2021-07-01,Equity Risk-Parity,MS,0.02
2021-08-02,Equity Risk-Parity,MS,0.02
2021-09-01,Equity Risk-Parity,MS,0.02
2021-10-01,Equity Risk-Parity,MS,0.02
2021-11-01,Equity Risk-Parity,MS,0.02
2021-12-01,Equity Risk-Parity,MS,0.02
2022-01-03,Equity Risk-Parity,MS,0.02
2022-02-01,Equity Risk-Parity,MS,0.02
2022-03-01,Equity Risk-Parity,MS,0.02
2022-04-01,Equity Risk-Parity,MS,0.02
2022-05-02,Equity Risk-Parity,MS,0.02
2022-06-01,Equity Risk-Parity,MS,0.02
2022-07-01,Equity Risk-Parity,MS,0.02
2022-08-01,Equity Risk-Parity,MS,0.02
2022-09-01,Equity Risk-Parity,MS,0.02
2022-10-03,Equity Risk-Parity,MS,0.02
2022-11-01,Equity Risk-Parity,MS,0.02
2022-12-01,Equity Risk-Parity,MS,0.02
2023-01-03,Equity Risk-Parity,MS,0.02
2023-02-01,Equity Risk-Parity,MS,0.02
2023-03-01,Equity Risk-Parity,MS,0.02
2023-04-03,Equity Risk-Parity,MS,0.02
2023-05-01,Equity Risk-Parity,MS,0.02
2023-06-01,Equity Risk-Parity,MS,0.02
2023-07-03,Equity Risk-Parity,MS,0.02
2023-08-01,Equity Risk-Parity,MS,0.02
2023-09-01,Equity Risk-Parity,MS,0.02
2023-10-02,Equity Risk-Parity,MS,0.02
2023-11-01,Equity Risk-Parity,MS,0.02
2023-12-01,Equity Risk-Parity,MS,0.02
2021-01-04,Equity Risk-Parity,NEE,0.02
2021-02-01,Equity Risk-Parity,NEE,0.02
2021-03-01,Equity Risk-Parity,NEE,0.02
2021-04-01,Equity Risk-Parity,NEE,0.02
2021-05-03,Equity Risk-Parity,NEE,0.02
2021-06-01,Equity Risk-Parity,NEE,0.02
2021-07-01,Equity Risk-Parity,NEE,0.02
2021-08-02,Equity Risk-Parity,NEE,0.02
2021-09-01,Equity Risk-Parity,NEE,0.02
2021-10-01,Equity Risk-Parity,NEE,0.02
2021-11-01,Equity Risk-Parity,NEE,0.02
2021-12-01,Equity Risk-Parity,NEE,0.02
2022-01-03,Equity Risk-Parity,NEE,0.02
2022-02-01,Equity Risk-Parity,NEE,0.02
2022-03-01,Equity Risk-Parity,NEE,0.02
2022-04-01,Equity Risk-Parity,NEE,0.02
2022-05-02,Equity Risk-Parity,NEE,0.02
2022-06-01,Equity Risk-Parity,NEE,0.02
2022-07-01,Equity Risk-Parity,NEE,0.02
2022-08-01,Equity Risk-Parity,NEE,0.02
2022-09-01,Equity Risk-Parity,NEE,0.02
2022-10-03,Equity Risk-Parity,NEE,0.02
2022-11-01,Equity Risk-Parity,NEE,0.02
2022-12-01,Equity Risk-Parity,NEE,0.02
2023-01-03,Equity Risk-Parity,NEE,0.02
2023-02-01,Equity Risk-Parity,NEE,0.02
2023-03-01,Equity Risk-Parity,NEE,0.02
2023-04-03,Equity Risk-Parity,NEE,0.02
2023-05-01,Equity Risk-Parity,NEE,0.02
2023-06-01,Equity Risk-Parity,NEE,0.02
2023-07-03,Equity Risk-Parity,NEE,0.02
2023-08-01,Equity Risk-Parity,NEE,0.02
2023-09-01,Equity Risk-Parity,NEE,0.02
2023-10-02,Equity Risk-Parity,NEE,0.02
2023-11-01,Equity Risk-Parity,NEE,0.02
2023-12-01,Equity Risk-Parity,NEE,0.02
2021-01-04,Equity Risk-Parity,NEM,0.02
2021-02-01,Equity Risk-Parity,NEM,0.02
2021-03-01,Equity Risk-Parity,NEM,0.02
2021-04-01,Equity Risk-Parity,NEM,0.02
2021-05-03,Equity Risk-Parity,NEM,0.02
2021-06-01,Equity Risk-Parity,NEM,0.02
2021-07-01,Equity Risk-Parity,NEM,0.02
2021-08-02,Equity Risk-Parity,NEM,0.02
2021-09-01,Equity Risk-Parity,NEM,0.02
2021-10-01,Equity Risk-Parity,NEM,0.02
2021-11-01,Equity Risk-Parity,NEM,0.02
2021-12-01,Equity Risk-Parity,NEM,0.02
2022-01-03,Equity Risk-Parity,NEM,0.02
2022-02-01,Equity Risk-Parity,NEM,0.02
2022-03-01,Equity Risk-Parity,NEM,0.02
2022-04-01,Equity Risk-Parity,NEM,0.02
2022-05-02,Equity Risk-Parity,NEM,0.02
2022-06-01,Equity Risk-Parity,NEM,0.02
2022-07-01,Equity Risk-Parity,NEM,0.02
2022-08-01,Equity Risk-Parity,NEM,0.02
2022-09-01,Equity Risk-Parity,NEM,0.02
2022-10-03,Equity Risk-Parity,NEM,0.02
2022-11-01,Equity Risk-Parity,NEM,0.02
2022-12-01,Equity Risk-Parity,NEM,0.02
2023-01-03,Equity Risk-Parity,NEM,0.02
2023-02-01,Equity Risk-Parity,NEM,0.02
2023-03-01,Equity Risk-Parity,NEM,0.02
2023-04-03,Equity Risk-Parity,NEM,0.02
2023-05-01,Equity Risk-Parity,NEM,0.02
2023-06-01,Equity Risk-Parity,NEM,0.02
2023-07-03,Equity Risk-Parity,NEM,0.02
2023-08-01,Equity Risk-Parity,NEM,0.02
2023-09-01,Equity Risk-Parity,NEM,0.02
2023-10-02,Equity Risk-Parity,NEM,0.02
2023-11-01,Equity Risk-Parity,NEM,0.02
2023-12-01,Equity Risk-Parity,NEM,0.02
2021-01-04,Equity Risk-Parity,NKE,0.02
2021-02-01,Equity Risk-Parity,NKE,0.02
2021-03-01,Equity Risk-Parity,NKE,0.02
2021-04-01,Equity Risk-Parity,NKE,0.02
2021-05-03,Equity Risk-Parity,NKE,0.02
2021-06-01,Equity Risk-Parity,NKE,0.02
2021-07-01,Equity Risk-Parity,NKE,0.02
2021-08-02,Equity Risk-Parity,NKE,0.02
2021-09-01,Equity Risk-Parity,NKE,0.02
2021-10-01,Equity Risk-Parity,NKE,0.02
2021-11-01,Equity Risk-Parity,NKE,0.02
2021-12-01,Equity Risk-Parity,NKE,0.02
2022-01-03,Equity Risk-Parity,NKE,0.02
2022-02-01,Equity Risk-Parity,NKE,0.02
2022-03-01,Equity Risk-Parity,NKE,0.02
2022-04-01,Equity Risk-Parity,NKE,0.02
2022-05-02,Equity Risk-Parity,NKE,0.02
2022-06-01,Equity Risk-Parity,NKE,0.02
2022-07-01,Equity Risk-Parity,NKE,0.02
2022-08-01,Equity Risk-Parity,NKE,0.02
2022-09-01,Equity Risk-Parity,NKE,0.02
2022-10-03,Equity Risk-Parity,NKE,0.02
2022-11-01,Equity Risk-Parity,NKE,0.02
2022-12-01,Equity Risk-Parity,NKE,0.02
2023-01-03,Equity Risk-Parity,NKE,0.02
2023-02-01,Equity Risk-Parity,NKE,0.02
2023-03-01,Equity Risk-Parity,NKE,0.02
2023-04-03,Equity Risk-Parity,NKE,0.02
2023-05-01,Equity Risk-Parity,NKE,0.02
2023-06-01,Equity Risk-Parity,NKE,0.02
2023-07-03,Equity Risk-Parity,NKE,0.02
2023-08-01,Equity Risk-Parity,NKE,0.02
2023-09-01,Equity Risk-Parity,NKE,0.02
2023-10-02,Equity Risk-Parity,NKE,0.02
2023-11-01,Equity Risk-Parity,NKE,0.02
2023-12-01,Equity Risk-Parity,NKE,0.02
2021-01-04,Equity Risk-Parity,NUE,0.02
2021-02-01,Equity Risk-Parity,NUE,0.02
2021-03-01,Equity Risk-Parity,NUE,0.02
2021-04-01,Equity Risk-Parity,NUE,0.02
2021-05-03,Equity Risk-Parity,NUE,0.02
2021-06-01,Equity Risk-Parity,NUE,0.02
2021-07-01,Equity Risk-Parity,NUE,0.02
2021-08-02,Equity Risk-Parity,NUE,0.02
2021-09-01,Equity Risk-Parity,NUE,0.02
2021-10-01,Equity Risk-Parity,NUE,0.02
2021-11-01,Equity Risk-Parity,NUE,0.02
2021-12-01,Equity Risk-Parity,NUE,0.02
2022-01-03,Equity Risk-Parity,NUE,0.02
2022-02-01,Equity Risk-Parity,NUE,0.02
2022-03-01,Equity Risk-Parity,NUE,0.02
2022-04-01,Equity Risk-Parity,NUE,0.02
2022-05-02,Equity Risk-Parity,NUE,0.02
2022-06-01,Equity Risk-Parity,NUE,0.02
2022-07-01,Equity Risk-Parity,NUE,0.02
2022-08-01,Equity Risk-Parity,NUE,0.02
2022-09-01,Equity Risk-Parity,NUE,0.02
2022-10-03,Equity Risk-Parity,NUE,0.02
2022-11-01,Equity Risk-Parity,NUE,0.02
2022-12-01,Equity Risk-Parity,NUE,0.02
2023-01-03,Equity Risk-Parity,NUE,0.02
2023-02-01,Equity Risk-Parity,NUE,0.02
2023-03-01,Equity Risk-Parity,NUE,0.02
2023-04-03,Equity Risk-Parity,NUE,0.02
2023-05-01,Equity Risk-Parity,NUE,0.02
2023-06-01,Equity Risk-Parity,NUE,0.02
2023-07-03,Equity Risk-Parity,NUE,0.02
2023-08-01,Equity Risk-Parity,NUE,0.02
2023-09-01,Equity Risk-Parity,NUE,0.02
2023-10-02,Equity Risk-Parity,NUE,0.02
2023-11-01,Equity Risk-Parity,NUE,0.02
2023-12-01,Equity Risk-Parity,NUE,0.02
2021-01-04,Equity Risk-Parity,NVDA,0.02
2021-02-01,Equity Risk-Parity,NVDA,0.02
2021-03-01,Equity Risk-Parity,NVDA,0.02
2021-04-01,Equity Risk-Parity,NVDA,0.02
2021-05-03,Equity Risk-Parity,NVDA,0.02
2021-06-01,Equity Risk-Parity,NVDA,0.02
2021-07-01,Equity Risk-Parity,NVDA,0.02
2021-08-02,Equity Risk-Parity,NVDA,0.02
2021-09-01,Equity Risk-Parity,NVDA,0.02
2021-10-01,Equity Risk-Parity,NVDA,0.02
2021-11-01,Equity Risk-Parity,NVDA,0.02
2021-12-01,Equity Risk-Parity,NVDA,0.02
2022-01-03,Equity Risk-Parity,NVDA,0.02
2022-02-01,Equity Risk-Parity,NVDA,0.02
2022-03-01,Equity Risk-Parity,NVDA,0.02
2022-04-01,Equity Risk-Parity,NVDA,0.02
2022-05-02,Equity Risk-Parity,NVDA,0.02
2022-06-01,Equity Risk-Parity,NVDA,0.02
2022-07-01,Equity Risk-Parity,NVDA,0.02
2022-08-01,Equity Risk-Parity,NVDA,0.02
2022-09-01,Equity Risk-Parity,NVDA,0.02
2022-10-03,Equity Risk-Parity,NVDA,0.02
2022-11-01,Equity Risk-Parity,NVDA,0.02
2022-12-01,Equity Risk-Parity,NVDA,0.02
2023-01-03,Equity Risk-Parity,NVDA,0.02
2023-02-01,Equity Risk-Parity,NVDA,0.02
2023-03-01,Equity Risk-Parity,NVDA,0.02
2023-04-03,Equity Risk-Parity,NVDA,0.02
2023-05-01,Equity Risk-Parity,NVDA,0.02
2023-06-01,Equity Risk-Parity,NVDA,0.02
2023-07-03,Equity Risk-Parity,NVDA,0.02
2023-08-01,Equity Risk-Parity,NVDA,0.02
2023-09-01,Equity Risk-Parity,NVDA,0.02
2023-10-02,Equity Risk-Parity,NVDA,0.02
2023-11-01,Equity Risk-Parity,NVDA,0.02
2023-12-01,Equity Risk-Parity,NVDA,0.02
2021-01-04,Equity Risk-Parity,O,0.02
2021-02-01,Equity Risk-Parity,O,0.02
2021-03-01,Equity Risk-Parity,O,0.02
2021-04-01,Equity Risk-Parity,O,0.02
2021-05-03,Equity Risk-Parity,O,0.02
2021-06-01,Equity Risk-Parity,O,0.02
2021-07-01,Equity Risk-Parity,O,0.02
2021-08-02,Equity Risk-Parity,O,0.02
2021-09-01,Equity Risk-Parity,O,0.02
2021-10-01,Equity Risk-Parity,O,0.02
2021-11-01,Equity Risk-Parity,O,0.02
2021-12-01,Equity Risk-Parity,O,0.02
2022-01-03,Equity Risk-Parity,O,0.02
2022-02-01,Equity Risk-Parity,O,0.02
2022-03-01,Equity Risk-Parity,O,0.02
2022-04-01,Equity Risk-Parity,O,0.02
2022-05-02,Equity Risk-Parity,O,0.02
2022-06-01,Equity Risk-Parity,O,0.02
2022-07-01,Equity Risk-Parity,O,0.02
2022-08-01,Equity Risk-Parity,O,0.02
2022-09-01,Equity Risk-Parity,O,0.02
2022-10-03,Equity Risk-Parity,O,0.02
2022-11-01,Equity Risk-Parity,O,0.02
2022-12-01,Equity Risk-Parity,O,0.02
2023-01-03,Equity Risk-Parity,O,0.02
2023-02-01,Equity Risk-Parity,O,0.02
2023-03-01,Equity Risk-Parity,O,0.02
2023-04-03,Equity Risk-Parity,O,0.02
2023-05-01,Equity Risk-Parity,O,0.02
2023-06-01,Equity Risk-Parity,O,0.02
2023-07-03,Equity Risk-Parity,O,0.02
2023-08-01,Equity Risk-Parity,O,0.02
2023-09-01,Equity Risk-Parity,O,0.02
2023-10-02,Equity Risk-Parity,O,0.02
2023-11-01,Equity Risk-Parity,O,0.02
2023-12-01,Equity Risk-Parity,O,0.02
2021-01-04,Equity Risk-Parity,OXY,0.02
2021-02-01,Equity Risk-Parity,OXY,0.02
2021-03-01,Equity Risk-Parity,OXY,0.02
2021-04-01,Equity Risk-Parity,OXY,0.02
2021-05-03,Equity Risk-Parity,OXY,0.02
2021-06-01,Equity Risk-Parity,OXY,0.02
2021-07-01,Equity Risk-Parity,OXY,0.02
2021-08-02,Equity Risk-Parity,OXY,0.02
2021-09-01,Equity Risk-Parity,OXY,0.02
2021-10-01,Equity Risk-Parity,OXY,0.02
2021-11-01,Equity Risk-Parity,OXY,0.02
2021-12-01,Equity Risk-Parity,OXY,0.02
2022-01-03,Equity Risk-Parity,OXY,0.02
2022-02-01,Equity Risk-Parity,OXY,0.02
2022-03-01,Equity Risk-Parity,OXY,0.02
2022-04-01,Equity Risk-Parity,OXY,0.02
2022-05-02,Equity Risk-Parity,OXY,0.02
2022-06-01,Equity Risk-Parity,OXY,0.02
2022-07-01,Equity Risk-Parity,OXY,0.02
2022-08-01,Equity Risk-Parity,OXY,0.02
2022-09-01,Equity Risk-Parity,OXY,0.02
2022-10-03,Equity Risk-Parity,OXY,0.02
2022-11-01,Equity Risk-Parity,OXY,0.02
2022-12-01,Equity Risk-Parity,OXY,0.02
2023-01-03,Equity Risk-Parity,OXY,0.02
2023-02-01,Equity Risk-Parity,OXY,0.02
2023-03-01,Equity Risk-Parity,OXY,0.02
2023-04-03,Equity Risk-Parity,OXY,0.02
2023-05-01,Equity Risk-Parity,OXY,0.02
2023-06-01,Equity Risk-Parity,OXY,0.02
2023-07-03,Equity Risk-Parity,OXY,0.02
2023-08-01,Equity Risk-Parity,OXY,0.02
2023-09-01,Equity Risk-Parity,OXY,0.02
2023-10-02,Equity Risk-Parity,OXY,0.02
2023-11-01,Equity Risk-Parity,OXY,0.02
2023-12-01,Equity Risk-Parity,OXY,0.02
2021-01-04,Equity Risk-Parity,PLD,0.02
2021-02-01,Equity Risk-Parity,PLD,0.02
2021-03-01,Equity Risk-Parity,PLD,0.02
2021-04-01,Equity Risk-Parity,PLD,0.02
2021-05-03,Equity Risk-Parity,PLD,0.02
2021-06-01,Equity Risk-Parity,PLD,0.02
2021-07-01,Equity Risk-Parity,PLD,0.02
2021-08-02,Equity Risk-Parity,PLD,0.02
2021-09-01,Equity Risk-Parity,PLD,0.02
2021-10-01,Equity Risk-Parity,PLD,0.02
2021-11-01,Equity Risk-Parity,PLD,0.02
2021-12-01,Equity Risk-Parity,PLD,0.02
2022-01-03,Equity Risk-Parity,PLD,0.02
2022-02-01,Equity Risk-Parity,PLD,0.02
2022-03-01,Equity Risk-Parity,PLD,0.02
2022-04-01,Equity Risk-Parity,PLD,0.02
2022-05-02,Equity Risk-Parity,PLD,0.02
2022-06-01,Equity Risk-Parity,PLD,0.02
2022-07-01,Equity Risk-Parity,PLD,0.02
2022-08-01,Equity Risk-Parity,PLD,0.02
2022-09-01,Equity Risk-Parity,PLD,0.02
2022-10-03,Equity Risk-Parity,PLD,0.02
2022-11-01,Equity Risk-Parity,PLD,0.02
2022-12-01,Equity Risk-Parity,PLD,0.02
2023-01-03,Equity Risk-Parity,PLD,0.02
2023-02-01,Equity Risk-Parity,PLD,0.02
2023-03-01,Equity Risk-Parity,PLD,0.02
2023-04-03,Equity Risk-Parity,PLD,0.02
2023-05-01,Equity Risk-Parity,PLD,0.02
2023-06-01,Equity Risk-Parity,PLD,0.02
2023-07-03,Equity Risk-Parity,PLD,0.02
2023-08-01,Equity Risk-Parity,PLD,0.02
2023-09-01,Equity Risk-Parity,PLD,0.02
2023-10-02,Equity Risk-Parity,PLD,0.02
2023-11-01,Equity Risk-Parity,PLD,0.02
2023-12-01,Equity Risk-Parity,PLD,0.02
2021-01-04,Equity Risk-Parity,PSA,0.02
2021-02-01,Equity Risk-Parity,PSA,0.02
2021-03-01,Equity Risk-Parity,PSA,0.02
2021-04-01,Equity Risk-Parity,PSA,0.02
2021-05-03,Equity Risk-Parity,PSA,0.02
2021-06-01,Equity Risk-Parity,PSA,0.02
2021-07-01,Equity Risk-Parity,PSA,0.02
2021-08-02,Equity Risk-Parity,PSA,0.02
2021-09-01,Equity Risk-Parity,PSA,0.02
2021-10-01,Equity Risk-Parity,PSA,0.02
2021-11-01,Equity Risk-Parity,PSA,0.02
2021-12-01,Equity Risk-Parity,PSA,0.02
2022-01-03,Equity Risk-Parity,PSA,0.02
2022-02-01,Equity Risk-Parity,PSA,0.02
2022-03-01,Equity Risk-Parity,PSA,0.02
2022-04-01,Equity Risk-Parity,PSA,0.02
2022-05-02,Equity Risk-Parity,PSA,0.02
2022-06-01,Equity Risk-Parity,PSA,0.02
2022-07-01,Equity Risk-Parity,PSA,0.02
2022-08-01,Equity Risk-Parity,PSA,0.02
2022-09-01,Equity Risk-Parity,PSA,0.02
2022-10-03,Equity Risk-Parity,PSA,0.02
2022-11-01,Equity Risk-Parity,PSA,0.02
2022-12-01,Equity Risk-Parity,PSA,0.02
2023-01-03,Equity Risk-Parity,PSA,0.02
2023-02-01,Equity Risk-Parity,PSA,0.02
2023-03-01,Equity Risk-Parity,PSA,0.02
2023-04-03,Equity Risk-Parity,PSA,0.02
2023-05-01,Equity Risk-Parity,PSA,0.02
2023-06-01,Equity Risk-Parity,PSA,0.02
2023-07-03,Equity Risk-Parity,PSA,0.02
2023-08-01,Equity Risk-Parity,PSA,0.02
2023-09-01,Equity Risk-Parity,PSA,0.02
2023-10-02,Equity Risk-Parity,PSA,0.02
2023-11-01,Equity Risk-Parity,PSA,0.02
2023-12-01,Equity Risk-Parity,PSA,0.02
2021-01-04,Equity Risk-Parity,QCOM,0.02
2021-02-01,Equity Risk-Parity,QCOM,0.02
2021-03-01,Equity Risk-Parity,QCOM,0.02
2021-04-01,Equity Risk-Parity,QCOM,0.02
2021-05-03,Equity Risk-Parity,QCOM,0.02
2021-06-01,Equity Risk-Parity,QCOM,0.02
2021-07-01,Equity Risk-Parity,QCOM,0.02
2021-08-02,Equity Risk-Parity,QCOM,0.02
2021-09-01,Equity Risk-Parity,QCOM,0.02
2021-10-01,Equity Risk-Parity,QCOM,0.02
2021-11-01,Equity Risk-Parity,QCOM,0.02
2021-12-01,Equity Risk-Parity,QCOM,0.02
2022-01-03,Equity Risk-Parity,QCOM,0.02
2022-02-01,Equity Risk-Parity,QCOM,0.02
2022-03-01,Equity Risk-Parity,QCOM,0.02
2022-04-01,Equity Risk-Parity,QCOM,0.02
2022-05-02,Equity Risk-Parity,QCOM,0.02
2022-06-01,Equity Risk-Parity,QCOM,0.02
2022-07-01,Equity Risk-Parity,QCOM,0.02
2022-08-01,Equity Risk-Parity,QCOM,0.02
2022-09-01,Equity Risk-Parity,QCOM,0.02
2022-10-03,Equity Risk-Parity,QCOM,0.02
2022-11-01,Equity Risk-Parity,QCOM,0.02
2022-12-01,Equity Risk-Parity,QCOM,0.02
2023-01-03,Equity Risk-Parity,QCOM,0.02
2023-02-01,Equity Risk-Parity,QCOM,0.02
2023-03-01,Equity Risk-Parity,QCOM,0.02
2023-04-03,Equity Risk-Parity,QCOM,0.02
2023-05-01,Equity Risk-Parity,QCOM,0.02
2023-06-01,Equity Risk-Parity,QCOM,0.02
2023-07-03,Equity Risk-Parity,QCOM,0.02
2023-08-01,Equity Risk-Parity,QCOM,0.02
2023-09-01,Equity Risk-Parity,QCOM,0.02
2023-10-02,Equity Risk-Parity,QCOM,0.02
2023-11-01,Equity Risk-Parity,QCOM,0.02
2023-12-01,Equity Risk-Parity,QCOM,0.02
2021-01-04,Equity Risk-Parity,SBUX,0.02
2021-02-01,Equity Risk-Parity,SBUX,0.02
2021-03-01,Equity Risk-Parity,SBUX,0.02
2021-04-01,Equity Risk-Parity,SBUX,0.02
2021-05-03,Equity Risk-Parity,SBUX,0.02
2021-06-01,Equity Risk-Parity,SBUX,0.02
2021-07-01,Equity Risk-Parity,SBUX,0.02
2021-08-02,Equity Risk-Parity,SBUX,0.02
2021-09-01,Equity Risk-Parity,SBUX,0.02
2021-10-01,Equity Risk-Parity,SBUX,0.02
2021-11-01,Equity Risk-Parity,SBUX,0.02
2021-12-01,Equity Risk-Parity,SBUX,0.02
2022-01-03,Equity Risk-Parity,SBUX,0.02
2022-02-01,Equity Risk-Parity,SBUX,0.02
2022-03-01,Equity Risk-Parity,SBUX,0.02
2022-04-01,Equity Risk-Parity,SBUX,0.02
2022-05-02,Equity Risk-Parity,SBUX,0.02
2022-06-01,Equity Risk-Parity,SBUX,0.02
2022-07-01,Equity Risk-Parity,SBUX,0.02
2022-08-01,Equity Risk-Parity,SBUX,0.02
2022-09-01,Equity Risk-Parity,SBUX,0.02
2022-10-03,Equity Risk-Parity,SBUX,0.02
2022-11-01,Equity Risk-Parity,SBUX,0.02
2022-12-01,Equity Risk-Parity,SBUX,0.02
2023-01-03,Equity Risk-Parity,SBUX,0.02
2023-02-01,Equity Risk-Parity,SBUX,0.02
2023-03-01,Equity Risk-Parity,SBUX,0.02
2023-04-03,Equity Risk-Parity,SBUX,0.02
2023-05-01,Equity Risk-Parity,SBUX,0.02
2023-06-01,Equity Risk-Parity,SBUX,0.02
2023-07-03,Equity Risk-Parity,SBUX,0.02
2023-08-01,Equity Risk-Parity,SBUX,0.02
2023-09-01,Equity Risk-Parity,SBUX,0.02
2023-10-02,Equity Risk-Parity,SBUX,0.02
2023-11-01,Equity Risk-Parity,SBUX,0.02
2023-12-01,Equity Risk-Parity,SBUX,0.02
2021-01-04,Equity Risk-Parity,SHW,0.02
2021-02-01,Equity Risk-Parity,SHW,0.02
2021-03-01,Equity Risk-Parity,SHW,0.02
2021-04-01,Equity Risk-Parity,SHW,0.02
2021-05-03,Equity Risk-Parity,SHW,0.02
2021-06-01,Equity Risk-Parity,SHW,0.02
2021-07-01,Equity Risk-Parity,SHW,0.02
2021-08-02,Equity Risk-Parity,SHW,0.02
2021-09-01,Equity Risk-Parity,SHW,0.02
2021-10-01,Equity Risk-Parity,SHW,0.02
2021-11-01,Equity Risk-Parity,SHW,0.02
2021-12-01,Equity Risk-Parity,SHW,0.02
2022-01-03,Equity Risk-Parity,SHW,0.02
2022-02-01,Equity Risk-Parity,SHW,0.02
2022-03-01,Equity Risk-Parity,SHW,0.02
2022-04-01,Equity Risk-Parity,SHW,0.02
2022-05-02,Equity Risk-Parity,SHW,0.02
2022-06-01,Equity Risk-Parity,SHW,0.02
2022-07-01,Equity Risk-Parity,SHW,0.02
2022-08-01,Equity Risk-Parity,SHW,0.02
2022-09-01,Equity Risk-Parity,SHW,0.02
2022-10-03,Equity Risk-Parity,SHW,0.02
2022-11-01,Equity Risk-Parity,SHW,0.02
2022-12-01,Equity Risk-Parity,SHW,0.02
2023-01-03,Equity Risk-Parity,SHW,0.02
2023-02-01,Equity Risk-Parity,SHW,0.02
2023-03-01,Equity Risk-Parity,SHW,0.02
2023-04-03,Equity Risk-Parity,SHW,0.02
2023-05-01,Equity Risk-Parity,SHW,0.02
2023-06-01,Equity Risk-Parity,SHW,0.02
2023-07-03,Equity Risk-Parity,SHW,0.02
2023-08-01,Equity Risk-Parity,SHW,0.02
2023-09-01,Equity Risk-Parity,SHW,0.02
2023-10-02,Equity Risk-Parity,SHW,0.02
2023-11-01,Equity Risk-Parity,SHW,0.02
2023-12-01,Equity Risk-Parity,SHW,0.02
2021-01-04,Equity Risk-Parity,SLB,0.02
2021-02-01,Equity Risk-Parity,SLB,0.02
2021-03-01,Equity Risk-Parity,SLB,0.02
2021-04-01,Equity Risk-Parity,SLB,0.02
2021-05-03,Equity Risk-Parity,SLB,0.02
2021-06-01,Equity Risk-Parity,SLB,0.02
2021-07-01,Equity Risk-Parity,SLB,0.02
2021-08-02,Equity Risk-Parity,SLB,0.02
2021-09-01,Equity Risk-Parity,SLB,0.02
2021-10-01,Equity Risk-Parity,SLB,0.02
2021-11-01,Equity Risk-Parity,SLB,0.02
2021-12-01,Equity Risk-Parity,SLB,0.02
2022-01-03,Equity Risk-Parity,SLB,0.02
2022-02-01,Equity Risk-Parity,SLB,0.02
2022-03-01,Equity Risk-Parity,SLB,0.02
2022-04-01,Equity Risk-Parity,SLB,0.02
2022-05-02,Equity Risk-Parity,SLB,0.02
2022-06-01,Equity Risk-Parity,SLB,0.02
2022-07-01,Equity Risk-Parity,SLB,0.02
2022-08-01,Equity Risk-Parity,SLB,0.02
2022-09-01,Equity Risk-Parity,SLB,0.02
2022-10-03,Equity Risk-Parity,SLB,0.02
2022-11-01,Equity Risk-Parity,SLB,0.02
2022-12-01,Equity Risk-Parity,SLB,0.02
2023-01-03,Equity Risk-Parity,SLB,0.02
2023-02-01,Equity Risk-Parity,SLB,0.02
2023-03-01,Equity Risk-Parity,SLB,0.02
2023-04-03,Equity Risk-Parity,SLB,0.02
2023-05-01,Equity Risk-Parity,SLB,0.02
2023-06-01,Equity Risk-Parity,SLB,0.02
2023-07-03,Equity Risk-Parity,SLB,0.02
2023-08-01,Equity Risk-Parity,SLB,0.02
2023-09-01,Equity Risk-Parity,SLB,0.02
2023-10-02,Equity Risk-Parity,SLB,0.02
2023-11-01,Equity Risk-Parity,SLB,0.02
2023-12-01,Equity Risk-Parity,SLB,0.02
2021-01-04,Equity Risk-Parity,SO,0.02
2021-02-01,Equity Risk-Parity,SO,0.02
2021-03-01,Equity Risk-Parity,SO,0.02
2021-04-01,Equity Risk-Parity,SO,0.02
2021-05-03,Equity Risk-Parity,SO,0.02
2021-06-01,Equity Risk-Parity,SO,0.02
2021-07-01,Equity Risk-Parity,SO,0.02
2021-08-02,Equity Risk-Parity,SO,0.02
2021-09-01,Equity Risk-Parity,SO,0.02
2021-10-01,Equity Risk-Parity,SO,0.02
2021-11-01,Equity Risk-Parity,SO,0.02
2021-12-01,Equity Risk-Parity,SO,0.02
2022-01-03,Equity Risk-Parity,SO,0.02
2022-02-01,Equity Risk-Parity,SO,0.02
2022-03-01,Equity Risk-Parity,SO,0.02
2022-04-01,Equity Risk-Parity,SO,0.02
2022-05-02,Equity Risk-Parity,SO,0.02
2022-06-01,Equity Risk-Parity,SO,0.02
2022-07-01,Equity Risk-Parity,SO,0.02
2022-08-01,Equity Risk-Parity,SO,0.02
2022-09-01,Equity Risk-Parity,SO,0.02
2022-10-03,Equity Risk-Parity,SO,0.02
2022-11-01,Equity Risk-Parity,SO,0.02
2022-12-01,Equity Risk-Parity,SO,0.02
2023-01-03,Equity Risk-Parity,SO,0.02
2023-02-01,Equity Risk-Parity,SO,0.02
2023-03-01,Equity Risk-Parity,SO,0.02
2023-04-03,Equity Risk-Parity,SO,0.02
2023-05-01,Equity Risk-Parity,SO,0.02
2023-06-01,Equity Risk-Parity,SO,0.02
2023-07-03,Equity Risk-Parity,SO,0.02
2023-08-01,Equity Risk-Parity,SO,0.02
2023-09-01,Equity Risk-Parity,SO,0.02
2023-10-02,Equity Risk-Parity,SO,0.02
2023-11-01,Equity Risk-Parity,SO,0.02
2023-12-01,Equity Risk-Parity,SO,0.02
2021-01-04,Equity Risk-Parity,T,0.02
2021-02-01,Equity Risk-Parity,T,0.02
2021-03-01,Equity Risk-Parity,T,0.02
2021-04-01,Equity Risk-Parity,T,0.02
2021-05-03,Equity Risk-Parity,T,0.02
2021-06-01,Equity Risk-Parity,T,0.02
2021-07-01,Equity Risk-Parity,T,0.02
2021-08-02,Equity Risk-Parity,T,0.02
2021-09-01,Equity Risk-Parity,T,0.02
2021-10-01,Equity Risk-Parity,T,0.02
2021-11-01,Equity Risk-Parity,T,0.02
2021-12-01,Equity Risk-Parity,T,0.02
2022-01-03,Equity Risk-Parity,T,0.02
2022-02-01,Equity Risk-Parity,T,0.02
2022-03-01,Equity Risk-Parity,T,0.02
2022-04-01,Equity Risk-Parity,T,0.02
2022-05-02,Equity Risk-Parity,T,0.02
2022-06-01,Equity Risk-Parity,T,0.02
2022-07-01,Equity Risk-Parity,T,0.02
2022-08-01,Equity Risk-Parity,T,0.02
2022-09-01,Equity Risk-Parity,T,0.02
2022-10-03,Equity Risk-Parity,T,0.02
2022-11-01,Equity Risk-Parity,T,0.02
2022-12-01,Equity Risk-Parity,T,0.02
2023-01-03,Equity Risk-Parity,T,0.02
2023-02-01,Equity Risk-Parity,T,0.02
2023-03-01,Equity Risk-Parity,T,0.02
2023-04-03,Equity Risk-Parity,T,0.02
2023-05-01,Equity Risk-Parity,T,0.02
2023-06-01,Equity Risk-Parity,T,0.02
2023-07-03,Equity Risk-Parity,T,0.02
2023-08-01,Equity Risk-Parity,T,0.02
2023-09-01,Equity Risk-Parity,T,0.02
2023-10-02,Equity Risk-Parity,T,0.02
2023-11-01,Equity Risk-Parity,T,0.02
2023-12-01,Equity Risk-Parity,T,0.02
2021-01-04,Equity Risk-Parity,TMUS,0.02
2021-02-01,Equity Risk-Parity,TMUS,0.02
2021-03-01,Equity Risk-Parity,TMUS,0.02
2021-04-01,Equity Risk-Parity,TMUS,0.02
2021-05-03,Equity Risk-Parity,TMUS,0.02
2021-06-01,Equity Risk-Parity,TMUS,0.02
2021-07-01,Equity Risk-Parity,TMUS,0.02
2021-08-02,Equity Risk-Parity,TMUS,0.02
2021-09-01,Equity Risk-Parity,TMUS,0.02
2021-10-01,Equity Risk-Parity,TMUS,0.02
2021-11-01,Equity Risk-Parity,TMUS,0.02
2021-12-01,Equity Risk-Parity,TMUS,0.02
2022-01-03,Equity Risk-Parity,TMUS,0.02
2022-02-01,Equity Risk-Parity,TMUS,0.02
2022-03-01,Equity Risk-Parity,TMUS,0.02
2022-04-01,Equity Risk-Parity,TMUS,0.02
2022-05-02,Equity Risk-Parity,TMUS,0.02
2022-06-01,Equity Risk-Parity,TMUS,0.02
2022-07-01,Equity Risk-Parity,TMUS,0.02
2022-08-01,Equity Risk-Parity,TMUS,0.02
2022-09-01,Equity Risk-Parity,TMUS,0.02
2022-10-03,Equity Risk-Parity,TMUS,0.02
2022-11-01,Equity Risk-Parity,TMUS,0.02
2022-12-01,Equity Risk-Parity,TMUS,0.02
2023-01-03,Equity Risk-Parity,TMUS,0.02
2023-02-01,Equity Risk-Parity,TMUS,0.02
2023-03-01,Equity Risk-Parity,TMUS,0.02
2023-04-03,Equity Risk-Parity,TMUS,0.02
2023-05-01,Equity Risk-Parity,TMUS,0.02
2023-06-01,Equity Risk-Parity,TMUS,0.02
2023-07-03,Equity Risk-Parity,TMUS,0.02
2023-08-01,Equity Risk-Parity,TMUS,0.02
2023-09-01,Equity Risk-Parity,TMUS,0.02
2023-10-02,Equity Risk-Parity,TMUS,0.02
2023-11-01,Equity Risk-Parity,TMUS,0.02
2023-12-01,Equity Risk-Parity,TMUS,0.02
2021-01-04,Equity Risk-Parity,TTWO,0.02
2021-02-01,Equity Risk-Parity,TTWO,0.02
2021-03-01,Equity Risk-Parity,TTWO,0.02
2021-04-01,Equity Risk-Parity,TTWO,0.02
2021-05-03,Equity Risk-Parity,TTWO,0.02
2021-06-01,Equity Risk-Parity,TTWO,0.02
2021-07-01,Equity Risk-Parity,TTWO,0.02
2021-08-02,Equity Risk-Parity,TTWO,0.02
2021-09-01,Equity Risk-Parity,TTWO,0.02
2021-10-01,Equity Risk-Parity,TTWO,0.02
2021-11-01,Equity Risk-Parity,TTWO,0.02
2021-12-01,Equity Risk-Parity,TTWO,0.02
2022-01-03,Equity Risk-Parity,TTWO,0.02
2022-02-01,Equity Risk-Parity,TTWO,0.02
2022-03-01,Equity Risk-Parity,TTWO,0.02
2022-04-01,Equity Risk-Parity,TTWO,0.02
2022-05-02,Equity Risk-Parity,TTWO,0.02
2022-06-01,Equity Risk-Parity,TTWO,0.02
2022-07-01,Equity Risk-Parity,TTWO,0.02
2022-08-01,Equity Risk-Parity,TTWO,0.02
2022-09-01,Equity Risk-Parity,TTWO,0.02
2022-10-03,Equity Risk-Parity,TTWO,0.02
2022-11-01,Equity Risk-Parity,TTWO,0.02
2022-12-01,Equity Risk-Parity,TTWO,0.02
2023-01-03,Equity Risk-Parity,TTWO,0.02
2023-02-01,Equity Risk-Parity,TTWO,0.02
2023-03-01,Equity Risk-Parity,TTWO,0.02
2023-04-03,Equity Risk-Parity,TTWO,0.02
2023-05-01,Equity Risk-Parity,TTWO,0.02
2023-06-01,Equity Risk-Parity,TTWO,0.02
2023-07-03,Equity Risk-Parity,TTWO,0.02
2023-08-01,Equity Risk-Parity,TTWO,0.02
2023-09-01,Equity Risk-Parity,TTWO,0.02
2023-10-02,Equity Risk-Parity,TTWO,0.02
2023-11-01,Equity Risk-Parity,TTWO,0.02
2023-12-01,Equity Risk-Parity,TTWO,0.02
2021-01-04,Equity Risk-Parity,UPS,0.02
2021-02-01,Equity Risk-Parity,UPS,0.02
2021-03-01,Equity Risk-Parity,UPS,0.02
2021-04-01,Equity Risk-Parity,UPS,0.02
2021-05-03,Equity Risk-Parity,UPS,0.02
2021-06-01,Equity Risk-Parity,UPS,0.02
2021-07-01,Equity Risk-Parity,UPS,0.02
2021-08-02,Equity Risk-Parity,UPS,0.02
2021-09-01,Equity Risk-Parity,UPS,0.02
2021-10-01,Equity Risk-Parity,UPS,0.02
2021-11-01,Equity Risk-Parity,UPS,0.02
2021-12-01,Equity Risk-Parity,UPS,0.02
2022-01-03,Equity Risk-Parity,UPS,0.02
2022-02-01,Equity Risk-Parity,UPS,0.02
2022-03-01,Equity Risk-Parity,UPS,0.02
2022-04-01,Equity Risk-Parity,UPS,0.02
2022-05-02,Equity Risk-Parity,UPS,0.02
2022-06-01,Equity Risk-Parity,UPS,0.02
2022-07-01,Equity Risk-Parity,UPS,0.02
2022-08-01,Equity Risk-Parity,UPS,0.02
2022-09-01,Equity Risk-Parity,UPS,0.02
2022-10-03,Equity Risk-Parity,UPS,0.02
2022-11-01,Equity Risk-Parity,UPS,0.02
2022-12-01,Equity Risk-Parity,UPS,0.02
2023-01-03,Equity Risk-Parity,UPS,0.02
2023-02-01,Equity Risk-Parity,UPS,0.02
2023-03-01,Equity Risk-Parity,UPS,0.02
2023-04-03,Equity Risk-Parity,UPS,0.02
2023-05-01,Equity Risk-Parity,UPS,0.02
2023-06-01,Equity Risk-Parity,UPS,0.02
2023-07-03,Equity Risk-Parity,UPS,0.02
2023-08-01,Equity Risk-Parity,UPS,0.02
2023-09-01,Equity Risk-Parity,UPS,0.02
2023-10-02,Equity Risk-Parity,UPS,0.02
2023-11-01,Equity Risk-Parity,UPS,0.02
2023-12-01,Equity Risk-Parity,UPS,0.02
2021-01-04,Equity Risk-Parity,USB,0.02
2021-02-01,Equity Risk-Parity,USB,0.02
2021-03-01,Equity Risk-Parity,USB,0.02
2021-04-01,Equity Risk-Parity,USB,0.02
2021-05-03,Equity Risk-Parity,USB,0.02
2021-06-01,Equity Risk-Parity,USB,0.02
2021-07-01,Equity Risk-Parity,USB,0.02
2021-08-02,Equity Risk-Parity,USB,0.02
2021-09-01,Equity Risk-Parity,USB,0.02
2021-10-01,Equity Risk-Parity,USB,0.02
2021-11-01,Equity Risk-Parity,USB,0.02
2021-12-01,Equity Risk-Parity,USB,0.02
2022-01-03,Equity Risk-Parity,USB,0.02
2022-02-01,Equity Risk-Parity,USB,0.02
2022-03-01,Equity Risk-Parity,USB,0.02
2022-04-01,Equity Risk-Parity,USB,0.02
2022-05-02,Equity Risk-Parity,USB,0.02
2022-06-01,Equity Risk-Parity,USB,0.02
2022-07-01,Equity Risk-Parity,USB,0.02
2022-08-01,Equity Risk-Parity,USB,0.02
2022-09-01,Equity Risk-Parity,USB,0.02
2022-10-03,Equity Risk-Parity,USB,0.02
2022-11-01,Equity Risk-Parity,USB,0.02
2022-12-01,Equity Risk-Parity,USB,0.02
2023-01-03,Equity Risk-Parity,USB,0.02
2023-02-01,Equity Risk-Parity,USB,0.02
2023-03-01,Equity Risk-Parity,USB,0.02
2023-04-03,Equity Risk-Parity,USB,0.02
2023-05-01,Equity Risk-Parity,USB,0.02
2023-06-01,Equity Risk-Parity,USB,0.02
2023-07-03,Equity Risk-Parity,USB,0.02
2023-08-01,Equity Risk-Parity,USB,0.02
2023-09-01,Equity Risk-Parity,USB,0.02
2023-10-02,Equity Risk-Parity,USB,0.02
2023-11-01,Equity Risk-Parity,USB,0.02
2023-12-01,Equity Risk-Parity,USB,0.02
2021-01-04,Equity Risk-Parity,V,0.02
2021-02-01,Equity Risk-Parity,V,0.02
2021-03-01,Equity Risk-Parity,V,0.02
2021-04-01,Equity Risk-Parity,V,0.02
2021-05-03,Equity Risk-Parity,V,0.02
2021-06-01,Equity Risk-Parity,V,0.02
2021-07-01,Equity Risk-Parity,V,0.02
2021-08-02,Equity Risk-Parity,V,0.02
2021-09-01,Equity Risk-Parity,V,0.02
2021-10-01,Equity Risk-Parity,V,0.02
2021-11-01,Equity Risk-Parity,V,0.02
2021-12-01,Equity Risk-Parity,V,0.02
2022-01-03,Equity Risk-Parity,V,0.02
2022-02-01,Equity Risk-Parity,V,0.02
2022-03-01,Equity Risk-Parity,V,0.02
2022-04-01,Equity Risk-Parity,V,0.02
2022-05-02,Equity Risk-Parity,V,0.02
2022-06-01,Equity Risk-Parity,V,0.02
2022-07-01,Equity Risk-Parity,V,0.02
2022-08-01,Equity Risk-Parity,V,0.02
2022-09-01,Equity Risk-Parity,V,0.02
2022-10-03,Equity Risk-Parity,V,0.02
2022-11-01,Equity Risk-Parity,V,0.02
2022-12-01,Equity Risk-Parity,V,0.02
2023-01-03,Equity Risk-Parity,V,0.02
2023-02-01,Equity Risk-Parity,V,0.02
2023-03-01,Equity Risk-Parity,V,0.02
2023-04-03,Equity Risk-Parity,V,0.02
2023-05-01,Equity Risk-Parity,V,0.02
2023-06-01,Equity Risk-Parity,V,0.02
2023-07-03,Equity Risk-Parity,V,0.02
2023-08-01,Equity Risk-Parity,V,0.02
2023-09-01,Equity Risk-Parity,V,0.02
2023-10-02,Equity Risk-Parity,V,0.02
2023-11-01,Equity Risk-Parity,V,0.02
2023-12-01,Equity Risk-Parity,V,0.02
2021-01-04,Equity Risk-Parity,WFC,0.02
2021-02-01,Equity Risk-Parity,WFC,0.02
2021-03-01,Equity Risk-Parity,WFC,0.02
2021-04-01,Equity Risk-Parity,WFC,0.02
2021-05-03,Equity Risk-Parity,WFC,0.02
2021-06-01,Equity Risk-Parity,WFC,0.02
2021-07-01,Equity Risk-Parity,WFC,0.02
2021-08-02,Equity Risk-Parity,WFC,0.02
2021-09-01,Equity Risk-Parity,WFC,0.02
2021-10-01,Equity Risk-Parity,WFC,0.02
2021-11-01,Equity Risk-Parity,WFC,0.02
2021-12-01,Equity Risk-Parity,WFC,0.02
2022-01-03,Equity Risk-Parity,WFC,0.02
2022-02-01,Equity Risk-Parity,WFC,0.02
2022-03-01,Equity Risk-Parity,WFC,0.02
2022-04-01,Equity Risk-Parity,WFC,0.02
2022-05-02,Equity Risk-Parity,WFC,0.02
2022-06-01,Equity Risk-Parity,WFC,0.02
2022-07-01,Equity Risk-Parity,WFC,0.02
2022-08-01,Equity Risk-Parity,WFC,0.02
2022-09-01,Equity Risk-Parity,WFC,0.02
2022-10-03,Equity Risk-Parity,WFC,0.02
2022-11-01,Equity Risk-Parity,WFC,0.02
2022-12-01,Equity Risk-Parity,WFC,0.02
2023-01-03,Equity Risk-Parity,WFC,0.02
2023-02-01,Equity Risk-Parity,WFC,0.02
2023-03-01,Equity Risk-Parity,WFC,0.02
2023-04-03,Equity Risk-Parity,WFC,0.02
2023-05-01,Equity Risk-Parity,WFC,0.02
2023-06-01,Equity Risk-Parity,WFC,0.02
2023-07-03,Equity Risk-Parity,WFC,0.02
2023-08-01,Equity Risk-Parity,WFC,0.02
2023-09-01,Equity Risk-Parity,WFC,0.02
2023-10-02,Equity Risk-Parity,WFC,0.02
2023-11-01,Equity Risk-Parity,WFC,0.02
2023-12-01,Equity Risk-Parity,WFC,0.02
2021-01-04,Equity Risk-Parity,WMT,0.02
2021-02-01,Equity Risk-Parity,WMT,0.02
2021-03-01,Equity Risk-Parity,WMT,0.02
2021-04-01,Equity Risk-Parity,WMT,0.02
2021-05-03,Equity Risk-Parity,WMT,0.02
2021-06-01,Equity Risk-Parity,WMT,0.02
2021-07-01,Equity Risk-Parity,WMT,0.02
2021-08-02,Equity Risk-Parity,WMT,0.02
2021-09-01,Equity Risk-Parity,WMT,0.02
2021-10-01,Equity Risk-Parity,WMT,0.02
2021-11-01,Equity Risk-Parity,WMT,0.02
2021-12-01,Equity Risk-Parity,WMT,0.02
2022-01-03,Equity Risk-Parity,WMT,0.02
2022-02-01,Equity Risk-Parity,WMT,0.02
2022-03-01,Equity Risk-Parity,WMT,0.02
2022-04-01,Equity Risk-Parity,WMT,0.02
2022-05-02,Equity Risk-Parity,WMT,0.02
2022-06-01,Equity Risk-Parity,WMT,0.02
2022-07-01,Equity Risk-Parity,WMT,0.02
2022-08-01,Equity Risk-Parity,WMT,0.02
2022-09-01,Equity Risk-Parity,WMT,0.02
2022-10-03,Equity Risk-Parity,WMT,0.02
2022-11-01,Equity Risk-Parity,WMT,0.02
2022-12-01,Equity Risk-Parity,WMT,0.02
2023-01-03,Equity Risk-Parity,WMT,0.02
2023-02-01,Equity Risk-Parity,WMT,0.02
2023-03-01,Equity Risk-Parity,WMT,0.02
2023-04-03,Equity Risk-Parity,WMT,0.02
2023-05-01,Equity Risk-Parity,WMT,0.02
2023-06-01,Equity Risk-Parity,WMT,0.02
2023-07-03,Equity Risk-Parity,WMT,0.02
2023-08-01,Equity Risk-Parity,WMT,0.02
2023-09-01,Equity Risk-Parity,WMT,0.02
2023-10-02,Equity Risk-Parity,WMT,0.02
2023-11-01,Equity Risk-Parity,WMT,0.02
2023-12-01,Equity Risk-Parity,WMT,0.02
2021-01-04,Equity Risk-Parity,XOM,0.02
2021-02-01,Equity Risk-Parity,XOM,0.02
2021-03-01,Equity Risk-Parity,XOM,0.02
2021-04-01,Equity Risk-Parity,XOM,0.02
2021-05-03,Equity Risk-Parity,XOM,0.02
2021-06-01,Equity Risk-Parity,XOM,0.02
2021-07-01,Equity Risk-Parity,XOM,0.02
2021-08-02,Equity Risk-Parity,XOM,0.02
2021-09-01,Equity Risk-Parity,XOM,0.02
2021-10-01,Equity Risk-Parity,XOM,0.02
2021-11-01,Equity Risk-Parity,XOM,0.02
2021-12-01,Equity Risk-Parity,XOM,0.02
2022-01-03,Equity Risk-Parity,XOM,0.02
2022-02-01,Equity Risk-Parity,XOM,0.02
2022-03-01,Equity Risk-Parity,XOM,0.02
2022-04-01,Equity Risk-Parity,XOM,0.02
2022-05-02,Equity Risk-Parity,XOM,0.02
2022-06-01,Equity Risk-Parity,XOM,0.02
2022-07-01,Equity Risk-Parity,XOM,0.02
2022-08-01,Equity Risk-Parity,XOM,0.02
2022-09-01,Equity Risk-Parity,XOM,0.02
2022-10-03,Equity Risk-Parity,XOM,0.02
2022-11-01,Equity Risk-Parity,XOM,0.02
2022-12-01,Equity Risk-Parity,XOM,0.02
2023-01-03,Equity Risk-Parity,XOM,0.02
2023-02-01,Equity Risk-Parity,XOM,0.02
2023-03-01,Equity Risk-Parity,XOM,0.02
2023-04-03,Equity Risk-Parity,XOM,0.02
2023-05-01,Equity Risk-Parity,XOM,0.02
2023-06-01,Equity Risk-Parity,XOM,0.02
2023-07-03,Equity Risk-Parity,XOM,0.02
2023-08-01,Equity Risk-Parity,XOM,0.02
2023-09-01,Equity Risk-Parity,XOM,0.02
2023-10-02,Equity Risk-Parity,XOM,0.02
2023-11-01,Equity Risk-Parity,XOM,0.02
2023-12-01,Equity Risk-Parity,XOM,0.02
2020-10-01,Crypto Min-Variance,ADA-USD,2.927345865710862e-17
2020-11-01,Crypto Min-Variance,ADA-USD,0.0
2020-12-01,Crypto Min-Variance,ADA-USD,0.0
2021-01-01,Crypto Min-Variance,ADA-USD,0.0
2021-02-01,Crypto Min-Variance,ADA-USD,0.0
2021-03-01,Crypto Min-Variance,ADA-USD,0.038718414374917735
2021-04-01,Crypto Min-Variance,ADA-USD,0.0067789109795375205
2021-05-01,Crypto Min-Variance,ADA-USD,0.015641575785323065
2021-06-01,Crypto Min-Variance,ADA-USD,2.0816681711721685e-17
2021-07-01,Crypto Min-Variance,ADA-USD,3.469446951953614e-18
2021-08-01,Crypto Min-Variance,ADA-USD,0.0
2021-09-01,Crypto Min-Variance,ADA-USD,0.01383627947952606
2021-10-01,Crypto Min-Variance,ADA-USD,0.0
2021-11-01,Crypto Min-Variance,ADA-USD,4.163336342344337e-17
2021-12-01,Crypto Min-Variance,ADA-USD,5.551115123125783e-17
2022-01-01,Crypto Min-Variance,ADA-USD,0.0
2022-02-01,Crypto Min-Variance,ADA-USD,0.0077071155661776435
2022-03-01,Crypto Min-Variance,ADA-USD,0.06016501842439423
2022-04-01,Crypto Min-Variance,ADA-USD,0.04238582568641388
2022-05-01,Crypto Min-Variance,ADA-USD,0.018488415367637036
2022-06-01,Crypto Min-Variance,ADA-USD,1.3010426069826053e-17
2022-07-01,Crypto Min-Variance,ADA-USD,0.0
2022-08-01,Crypto Min-Variance,ADA-USD,0.0
2022-09-01,Crypto Min-Variance,ADA-USD,1.0692943926138287e-17
2022-10-01,Crypto Min-Variance,ADA-USD,2.5153490401663703e-17
2022-11-01,Crypto Min-Variance,ADA-USD,0.0
2022-12-01,Crypto Min-Variance,ADA-USD,2.415060339211461e-17
2023-01-01,Crypto Min-Variance,ADA-USD,1.723881454251952e-17
2023-02-01,Crypto Min-Variance,ADA-USD,0.0
2023-03-01,Crypto Min-Variance,ADA-USD,0.0
2023-04-01,Crypto Min-Variance,ADA-USD,0.007622225086026002
2023-05-01,Crypto Min-Variance,ADA-USD,2.0816681711721685e-17
2023-06-01,Crypto Min-Variance,ADA-USD,0.1
2023-07-01,Crypto Min-Variance,ADA-USD,0.017665401144491794
2023-08-01,Crypto Min-Variance,ADA-USD,0.019232506728786364
2023-09-01,Crypto Min-Variance,ADA-USD,0.021142736756976054
2023-10-01,Crypto Min-Variance,ADA-USD,0.05160705980919165
2023-11-01,Crypto Min-Variance,ADA-USD,0.07713871351105266
2023-12-01,Crypto Min-Variance,ADA-USD,0.06507275276183179
2020-10-01,Crypto Min-Variance,BCH-USD,0.0
2020-11-01,Crypto Min-Variance,BCH-USD,0.0
2020-12-01,Crypto Min-Variance,BCH-USD,6.286457679511085e-18
2021-01-01,Crypto Min-Variance,BCH-USD,0.04778317824603574
2021-02-01,Crypto Min-Variance,BCH-USD,4.600122647577648e-18
2021-03-01,Crypto Min-Variance,BCH-USD,8.673617379884035e-18
2021-04-01,Crypto Min-Variance,BCH-USD,0.0
2021-05-01,Crypto Min-Variance,BCH-USD,0.0
2021-06-01,Crypto Min-Variance,BCH-USD,0.0
2021-07-01,Crypto Min-Variance,BCH-USD,0.0
2021-08-01,Crypto Min-Variance,BCH-USD,1.4904346849806873e-18
2021-09-01,Crypto Min-Variance,BCH-USD,2.115770548603409e-18
2021-10-01,Crypto Min-Variance,BCH-USD,1.405583632908121e-17
2021-11-01,Crypto Min-Variance,BCH-USD,0.0
2021-12-01,Crypto Min-Variance,BCH-USD,1.8006297830916207e-17
2022-01-01,Crypto Min-Variance,BCH-USD,1.4225109842869552e-17
2022-02-01,Crypto Min-Variance,BCH-USD,0.17116299432503235
2022-03-01,Crypto Min-Variance,BCH-USD,0.16560137120952134
2022-04-01,Crypto Min-Variance,BCH-USD,0.12538525894041
2022-05-01,Crypto Min-Variance,BCH-USD,0.09232295812928248
2022-06-01,Crypto Min-Variance,BCH-USD,0.055684314045495634
2022-07-01,Crypto Min-Variance,BCH-USD,0.09179926174000615
2022-08-01,Crypto Min-Variance,BCH-USD,0.05583748656239063
2022-09-01,Crypto Min-Variance,BCH-USD,0.03757466751566275
2022-10-01,Crypto Min-Variance,BCH-USD,0.014762793809830761
2022-11-01,Crypto Min-Variance,BCH-USD,0.013065124629705332
2022-12-01,Crypto Min-Variance,BCH-USD,0.02882541910715706
2023-01-01,Crypto Min-Variance,BCH-USD,0.027540204248870933
2023-02-01,Crypto Min-Variance,BCH-USD,0.0001638171877507476
2023-03-01,Crypto Min-Variance,BCH-USD,2.2714035513571318e-17
2023-04-01,Crypto Min-Variance,BCH-USD,0.005059514897479727
2023-05-01,Crypto Min-Variance,BCH-USD,0.08900077576846793
2023-06-01,Crypto Min-Variance,BCH-USD,0.1
2023-07-01,Crypto Min-Variance,BCH-USD,0.0
2023-08-01,Crypto Min-Variance,BCH-USD,0.06056613485648952
2023-09-01,Crypto Min-Variance,BCH-USD,0.0
2023-10-01,Crypto Min-Variance,BCH-USD,0.0
2023-11-01,Crypto Min-Variance,BCH-USD,9.540979117872439e-18
2023-12-01,Crypto Min-Variance,BCH-USD,0.0
2020-10-01,Crypto Min-Variance,BTC-USD,0.4552363818811317
2020-11-01,Crypto Min-Variance,BTC-USD,0.4025096832795297
2020-12-01,Crypto Min-Variance,BTC-USD,0.5536929034237038
2021-01-01,Crypto Min-Variance,BTC-USD,0.4935856679645965
2021-02-01,Crypto Min-Variance,BTC-USD,0.5830697024560937
2021-03-01,Crypto Min-Variance,BTC-USD,0.7626547341028629
2021-04-01,Crypto Min-Variance,BTC-USD,0.6633926347017177
2021-05-01,Crypto Min-Variance,BTC-USD,0.6766042388224477
2021-06-01,Crypto Min-Variance,BTC-USD,0.7958253089594202
2021-07-01,Crypto Min-Variance,BTC-USD,0.8029765585670878
2021-08-01,Crypto Min-Variance,BTC-USD,0.8235778405665808
2021-09-01,Crypto Min-Variance,BTC-USD,0.9696539665777577
2021-10-01,Crypto Min-Variance,BTC-USD,0.835130264573568
2021-11-01,Crypto Min-Variance,BTC-USD,0.9056091622446711
2021-12-01,Crypto Min-Variance,BTC-USD,0.9001633523261989
2022-01-01,Crypto Min-Variance,BTC-USD,1.0
2022-02-01,Crypto Min-Variance,BTC-USD,0.5433989828510923
2022-03-01,Crypto Min-Variance,BTC-USD,0.3926362515455593
2022-04-01,Crypto Min-Variance,BTC-USD,0.38484089368885377
2022-05-01,Crypto Min-Variance,BTC-USD,0.4167434186370075
2022-06-01,Crypto Min-Variance,BTC-USD,0.4306338090795831
2022-07-01,Crypto Min-Variance,BTC-USD,0.3097545599659392
2022-08-01,Crypto Min-Variance,BTC-USD,0.3117642457419198
2022-09-01,Crypto Min-Variance,BTC-USD,0.31248034989292883
2022-10-01,Crypto Min-Variance,BTC-USD,0.3190889966489558
2022-11-01,Crypto Min-Variance,BTC-USD,0.2867447004481304
2022-12-01,Crypto Min-Variance,BTC-USD,0.35116121213920815
2023-01-01,Crypto Min-Variance,BTC-USD,0.33952432683586575
2023-02-01,Crypto Min-Variance,BTC-USD,0.2634452542375642
2023-03-01,Crypto Min-Variance,BTC-USD,0.2849173282453946
2023-04-01,Crypto Min-Variance,BTC-USD,0.3024374334505423
2023-05-01,Crypto Min-Variance,BTC-USD,0.2869833196989522
2023-06-01,Crypto Min-Variance,BTC-USD,0.1
2023-07-01,Crypto Min-Variance,BTC-USD,0.2721151856981405
2023-08-01,Crypto Min-Variance,BTC-USD,0.29486741058039406
2023-09-01,Crypto Min-Variance,BTC-USD,0.3088224939968971
2023-10-01,Crypto Min-Variance,BTC-USD,0.27675798610801805
2023-11-01,Crypto Min-Variance,BTC-USD,0.24038419847502526
2023-12-01,Crypto Min-Variance,BTC-USD,0.24703158306593226
2020-10-01,Crypto Min-Variance,EOS-USD,0.0
2020-11-01,Crypto Min-Variance,EOS-USD,0.0
2020-12-01,Crypto Min-Variance,EOS-USD,0.017976242947225173
2021-01-01,Crypto Min-Variance,EOS-USD,0.027753659887086876
2021-02-01,Crypto Min-Variance,EOS-USD,0.032834790828480495
2021-03-01,Crypto Min-Variance,EOS-USD,5.637851296924623e-18
2021-04-01,Crypto Min-Variance,EOS-USD,0.0
2021-05-01,Crypto Min-Variance,EOS-USD,0.0
2021-06-01,Crypto Min-Variance,EOS-USD,0.0
2021-07-01,Crypto Min-Variance,EOS-USD,3.2743032699251103e-18
2021-08-01,Crypto Min-Variance,EOS-USD,0.0
2021-09-01,Crypto Min-Variance,EOS-USD,0.0
2021-10-01,Crypto Min-Variance,EOS-USD,8.799343665867681e-18
2021-11-01,Crypto Min-Variance,EOS-USD,0.0
2021-12-01,Crypto Min-Variance,EOS-USD,0.0
2022-01-01,Crypto Min-Variance,EOS-USD,2.2039490114483866e-17
2022-02-01,Crypto Min-Variance,EOS-USD,0.0
2022-03-01,Crypto Min-Variance,EOS-USD,0.0
2022-04-01,Crypto Min-Variance,EOS-USD,7.561410427418531e-18
2022-05-01,Crypto Min-Variance,EOS-USD,3.903127820947816e-18
2022-06-01,Crypto Min-Variance,EOS-USD,0.0
2022-07-01,Crypto Min-Variance,EOS-USD,1.734723475976807e-18
2022-08-01,Crypto Min-Variance,EOS-USD,0.0
2022-09-01,Crypto Min-Variance,EOS-USD,0.0
2022-10-01,Crypto Min-Variance,EOS-USD,1.691355389077387e-17
2022-11-01,Crypto Min-Variance,EOS-USD,1.0625181290357943e-17
2022-12-01,Crypto Min-Variance,EOS-USD,0.0
2023-01-01,Crypto Min-Variance,EOS-USD,0.0
2023-02-01,Crypto Min-Variance,EOS-USD,0.0
2023-03-01,Crypto Min-Variance,EOS-USD,4.445228907190568e-18
2023-04-01,Crypto Min-Variance,EOS-USD,0.0
2023-05-01,Crypto Min-Variance,EOS-USD,5.244058352823233e-18
2023-06-01,Crypto Min-Variance,EOS-USD,0.1
2023-07-01,Crypto Min-Variance,EOS-USD,0.0
2023-08-01,Crypto Min-Variance,EOS-USD,0.05364124219419942
2023-09-01,Crypto Min-Variance,EOS-USD,0.031234939923431702
2023-10-01,Crypto Min-Variance,EOS-USD,0.04406499954461809
2023-11-01,Crypto Min-Variance,EOS-USD,0.06375184679559572
2023-12-01,Crypto Min-Variance,EOS-USD,0.04363369861746544
2020-10-01,Crypto Min-Variance,ETC-USD,0.003254617002170515
2020-11-01,Crypto Min-Variance,ETC-USD,0.052152951432122605
2020-12-01,Crypto Min-Variance,ETC-USD,0.20286427511238497
2021-01-01,Crypto Min-Variance,ETC-USD,0.15519957753114139
2021-02-01,Crypto Min-Variance,ETC-USD,0.1646081574369851
2021-03-01,Crypto Min-Variance,ETC-USD,7.047314121155779e-18
2021-04-01,Crypto Min-Variance,ETC-USD,0.04034064497206503
2021-05-01,Crypto Min-Variance,ETC-USD,0.05311793186422188
2021-06-01,Crypto Min-Variance,ETC-USD,6.384888659546356e-18
2021-07-01,Crypto Min-Variance,ETC-USD,0.0
2021-08-01,Crypto Min-Variance,ETC-USD,0.0
2021-09-01,Crypto Min-Variance,ETC-USD,3.2153201604777074e-18
2021-10-01,Crypto Min-Variance,ETC-USD,1.0584024647882746e-17
2021-11-01,Crypto Min-Variance,ETC-USD,0.0
2021-12-01,Crypto Min-Variance,ETC-USD,5.297397195421186e-18
2022-01-01,Crypto Min-Variance,ETC-USD,2.3079664171719083e-17
2022-02-01,Crypto Min-Variance,ETC-USD,6.726545090363055e-18
2022-03-01,Crypto Min-Variance,ETC-USD,0.0
2022-04-01,Crypto Min-Variance,ETC-USD,1.214306433183765e-17
2022-05-01,Crypto Min-Variance,ETC-USD,1.8431436932253575e-18
2022-06-01,Crypto Min-Variance,ETC-USD,0.0
2022-07-01,Crypto Min-Variance,ETC-USD,0.0
2022-08-01,Crypto Min-Variance,ETC-USD,2.856872724499304e-17
2022-09-01,Crypto Min-Variance,ETC-USD,0.0
2022-10-01,Crypto Min-Variance,ETC-USD,1.3227266504323154e-17
2022-11-01,Crypto Min-Variance,ETC-USD,0.0
2022-12-01,Crypto Min-Variance,ETC-USD,7.589415207398531e-18
2023-01-01,Crypto Min-Variance,ETC-USD,0.0
2023-02-01,Crypto Min-Variance,ETC-USD,2.791820594150174e-17
2023-03-01,Crypto Min-Variance,ETC-USD,0.0
2023-04-01,Crypto Min-Variance,ETC-USD,6.288372600415926e-18
2023-05-01,Crypto Min-Variance,ETC-USD,0.0
2023-06-01,Crypto Min-Variance,ETC-USD,0.1
2023-07-01,Crypto Min-Variance,ETC-USD,0.0
2023-08-01,Crypto Min-Variance,ETC-USD,2.2551405187698492e-17
2023-09-01,Crypto Min-Variance,ETC-USD,0.005695544539673955
2023-10-01,Crypto Min-Variance,ETC-USD,0.05780328107171514
2023-11-01,Crypto Min-Variance,ETC-USD,0.07703626912125144
2023-12-01,Crypto Min-Variance,ETC-USD,0.07570801896433856
2020-10-01,Crypto Min-Variance,ETH-USD,0.0
2020-11-01,Crypto Min-Variance,ETH-USD,1.2739375526704677e-17
2020-12-01,Crypto Min-Variance,ETH-USD,0.0
2021-01-01,Crypto Min-Variance,ETH-USD,0.11792633767657569
2021-02-01,Crypto Min-Variance,ETH-USD,1.734723475976807e-17
2021-03-01,Crypto Min-Variance,ETH-USD,0.042692871847769015
2021-04-01,Crypto Min-Variance,ETH-USD,0.12612392182914273
2021-05-01,Crypto Min-Variance,ETH-USD,0.17213603430273872
2021-06-01,Crypto Min-Variance,ETH-USD,0.20407206158546623
2021-07-01,Crypto Min-Variance,ETH-USD,0.19702344143291234
2021-08-01,Crypto Min-Variance,ETH-USD,0.17642215943341932
2021-09-01,Crypto Min-Variance,ETH-USD,2.6765737505009666e-17
2021-10-01,Crypto Min-Variance,ETH-USD,0.16486973542643202
2021-11-01,Crypto Min-Variance,ETH-USD,0.09439083775532889
2021-12-01,Crypto Min-Variance,ETH-USD,0.09983664767380096
2022-01-01,Crypto Min-Variance,ETH-USD,0.0
2022-02-01,Crypto Min-Variance,ETH-USD,0.13781658498899899
2022-03-01,Crypto Min-Variance,ETH-USD,0.15434545640897832
2022-04-01,Crypto Min-Variance,ETH-USD,0.16857038701234858
2022-05-01,Crypto Min-Variance,ETH-USD,0.15902843791989352
2022-06-01,Crypto Min-Variance,ETH-USD,0.16315193324123994
2022-07-01,Crypto Min-Variance,ETH-USD,0.12691368543540182
2022-08-01,Crypto Min-Variance,ETH-USD,0.047916017615339895
2022-09-01,Crypto Min-Variance,ETH-USD,0.0
2022-10-01,Crypto Min-Variance,ETH-USD,6.938893903907228e-18
2022-11-01,Crypto Min-Variance,ETH-USD,2.7755575615628914e-17
2022-12-01,Crypto Min-Variance,ETH-USD,8.023096076392733e-18
2023-01-01,Crypto Min-Variance,ETH-USD,0.0
2023-02-01,Crypto Min-Variance,ETH-USD,2.4936649967166602e-17
2023-03-01,Crypto Min-Variance,ETH-USD,3.0357660829594124e-18
2023-04-01,Crypto Min-Variance,ETH-USD,4.119968255444917e-18
2023-05-01,Crypto Min-Variance,ETH-USD,1.037004024626632e-17
2023-06-01,Crypto Min-Variance,ETH-USD,0.1
2023-07-01,Crypto Min-Variance,ETH-USD,0.06505393001629312
2023-08-01,Crypto Min-Variance,ETH-USD,0.21053437969965796
2023-09-01,Crypto Min-Variance,ETH-USD,0.2467991228334977
2023-10-01,Crypto Min-Variance,ETH-USD,0.22630430879334282
2023-11-01,Crypto Min-Variance,ETH-USD,0.20929454775260165
2023-12-01,Crypto Min-Variance,ETH-USD,0.20097532831286408
2020-10-01,Crypto Min-Variance,LTC-USD,0.0
2020-11-01,Crypto Min-Variance,LTC-USD,0.0
2020-12-01,Crypto Min-Variance,LTC-USD,0.03528319923770852
2021-01-01,Crypto Min-Variance,LTC-USD,0.0
2021-02-01,Crypto Min-Variance,LTC-USD,0.0
2021-03-01,Crypto Min-Variance,LTC-USD,0.0
2021-04-01,Crypto Min-Variance,LTC-USD,7.806255641895632e-18
2021-05-01,Crypto Min-Variance,LTC-USD,3.958466316472159e-18
2021-06-01,Crypto Min-Variance,LTC-USD,4.02937198059347e-17
2021-07-01,Crypto Min-Variance,LTC-USD,0.0
2021-08-01,Crypto Min-Variance,LTC-USD,1.2586886824775874e-17
2021-09-01,Crypto Min-Variance,LTC-USD,0.0
2021-10-01,Crypto Min-Variance,LTC-USD,2.0804890285086715e-17
2021-11-01,Crypto Min-Variance,LTC-USD,0.0
2021-12-01,Crypto Min-Variance,LTC-USD,2.3019214683503516e-17
2022-01-01,Crypto Min-Variance,LTC-USD,2.1759983429113153e-17
2022-02-01,Crypto Min-Variance,LTC-USD,0.0
2022-03-01,Crypto Min-Variance,LTC-USD,0.0
2022-04-01,Crypto Min-Variance,LTC-USD,1.5085612560290511e-18
2022-05-01,Crypto Min-Variance,LTC-USD,0.0
2022-06-01,Crypto Min-Variance,LTC-USD,0.0
2022-07-01,Crypto Min-Variance,LTC-USD,5.692061405548898e-18
2022-08-01,Crypto Min-Variance,LTC-USD,1.734723475976807e-18
2022-09-01,Crypto Min-Variance,LTC-USD,0.022746569103472142
2022-10-01,Crypto Min-Variance,LTC-USD,0.025942761299717374
2022-11-01,Crypto Min-Variance,LTC-USD,0.04522945712847764
2022-12-01,Crypto Min-Variance,LTC-USD,6.938893903907228e-18
2023-01-01,Crypto Min-Variance,LTC-USD,0.0
2023-02-01,Crypto Min-Variance,LTC-USD,0.0009184994708585205
2023-03-01,Crypto Min-Variance,LTC-USD,0.0
2023-04-01,Crypto Min-Variance,LTC-USD,1.3931997916438732e-17
2023-05-01,Crypto Min-Variance,LTC-USD,1.3734270043013438e-17
2023-06-01,Crypto Min-Variance,LTC-USD,0.1
2023-07-01,Crypto Min-Variance,LTC-USD,0.0
2023-08-01,Crypto Min-Variance,LTC-USD,0.015592311534174374
2023-09-01,Crypto Min-Variance,LTC-USD,0.0
2023-10-01,Crypto Min-Variance,LTC-USD,0.010345791345901967
2023-11-01,Crypto Min-Variance,LTC-USD,0.01914336861221627
2023-12-01,Crypto Min-Variance,LTC-USD,0.02884917729560956
2020-10-01,Crypto Min-Variance,TRX-USD,0.0372008527219451
2020-11-01,Crypto Min-Variance,TRX-USD,0.0786853147939966
2020-12-01,Crypto Min-Variance,TRX-USD,0.19018337927897763
2021-01-01,Crypto Min-Variance,TRX-USD,0.15775157869456385
2021-02-01,Crypto Min-Variance,TRX-USD,0.2194873492784408
2021-03-01,Crypto Min-Variance,TRX-USD,0.14861259782663735
2021-04-01,Crypto Min-Variance,TRX-USD,0.14219889036642833
2021-05-01,Crypto Min-Variance,TRX-USD,0.08250021922526873
2021-06-01,Crypto Min-Variance,TRX-USD,0.00010262945511357174
2021-07-01,Crypto Min-Variance,TRX-USD,0.0
2021-08-01,Crypto Min-Variance,TRX-USD,0.0
2021-09-01,Crypto Min-Variance,TRX-USD,0.016509753942716233
2021-10-01,Crypto Min-Variance,TRX-USD,0.0
2021-11-01,Crypto Min-Variance,TRX-USD,0.0
2021-12-01,Crypto Min-Variance,TRX-USD,1.8107273330985373e-17
2022-01-01,Crypto Min-Variance,TRX-USD,0.0
2022-02-01,Crypto Min-Variance,TRX-USD,0.1399143222686987
2022-03-01,Crypto Min-Variance,TRX-USD,0.19473300664718785
2022-04-01,Crypto Min-Variance,TRX-USD,0.2588686035103998
2022-05-01,Crypto Min-Variance,TRX-USD,0.2696250465443201
2022-06-01,Crypto Min-Variance,TRX-USD,0.2943870058259019
2022-07-01,Crypto Min-Variance,TRX-USD,0.26995781722480283
2022-08-01,Crypto Min-Variance,TRX-USD,0.35379563482770565
2022-09-01,Crypto Min-Variance,TRX-USD,0.36755605274972564
2022-10-01,Crypto Min-Variance,TRX-USD,0.42131278368411196
2022-11-01,Crypto Min-Variance,TRX-USD,0.3900278798043041
2022-12-01,Crypto Min-Variance,TRX-USD,0.4387579662881479
2023-01-01,Crypto Min-Variance,TRX-USD,0.4506965256708602
2023-02-01,Crypto Min-Variance,TRX-USD,0.5611580570035438
2023-03-01,Crypto Min-Variance,TRX-USD,0.6118477456742992
2023-04-01,Crypto Min-Variance,TRX-USD,0.546436828618798
2023-05-01,Crypto Min-Variance,TRX-USD,0.5106434698669127
2023-06-01,Crypto Min-Variance,TRX-USD,0.1
2023-07-01,Crypto Min-Variance,TRX-USD,0.4065244881829142
2023-08-01,Crypto Min-Variance,TRX-USD,0.34556601440629825
2023-09-01,Crypto Min-Variance,TRX-USD,0.38630516194952347
2023-10-01,Crypto Min-Variance,TRX-USD,0.3331165733272124
2023-11-01,Crypto Min-Variance,TRX-USD,0.31325105573225714
2023-12-01,Crypto Min-Variance,TRX-USD,0.33872944098195834
2020-10-01,Crypto Min-Variance,XLM-USD,0.15961130139309845
2020-11-01,Crypto Min-Variance,XLM-USD,0.12598683156858684
2020-12-01,Crypto Min-Variance,XLM-USD,4.524648529883606e-18
2021-01-01,Crypto Min-Variance,XLM-USD,1.6048849866835852e-17
2021-02-01,Crypto Min-Variance,XLM-USD,1.1059307224969965e-17
2021-03-01,Crypto Min-Variance,XLM-USD,4.174178364069192e-18
2021-04-01,Crypto Min-Variance,XLM-USD,0.0
2021-05-01,Crypto Min-Variance,XLM-USD,5.328962524873518e-18
2021-06-01,Crypto Min-Variance,XLM-USD,0.0
2021-07-01,Crypto Min-Variance,XLM-USD,3.109191220151543e-18
2021-08-01,Crypto Min-Variance,XLM-USD,0.0
2021-09-01,Crypto Min-Variance,XLM-USD,4.6778298817301195e-18
2021-10-01,Crypto Min-Variance,XLM-USD,0.0
2021-11-01,Crypto Min-Variance,XLM-USD,0.0
2021-12-01,Crypto Min-Variance,XLM-USD,4.54675357989905e-17
2022-01-01,Crypto Min-Variance,XLM-USD,3.992969706130018e-17
2022-02-01,Crypto Min-Variance,XLM-USD,3.469446951953614e-18
2022-03-01,Crypto Min-Variance,XLM-USD,0.032518895764358936
2022-04-01,Crypto Min-Variance,XLM-USD,0.019949031161573854
2022-05-01,Crypto Min-Variance,XLM-USD,1.0408340855860843e-17
2022-06-01,Crypto Min-Variance,XLM-USD,6.938893903907228e-18
2022-07-01,Crypto Min-Variance,XLM-USD,0.08400084530944688
2022-08-01,Crypto Min-Variance,XLM-USD,0.10875949897992097
2022-09-01,Crypto Min-Variance,XLM-USD,0.12445450659099871
2022-10-01,Crypto Min-Variance,XLM-USD,0.12277284920618428
2022-11-01,Crypto Min-Variance,XLM-USD,0.12861010368999176
2022-12-01,Crypto Min-Variance,XLM-USD,0.11618126900071421
2023-01-01,Crypto Min-Variance,XLM-USD,0.12427100136344159
2023-02-01,Crypto Min-Variance,XLM-USD,0.11560592832903478
2023-03-01,Crypto Min-Variance,XLM-USD,0.10320167303234987
2023-04-01,Crypto Min-Variance,XLM-USD,0.13821227228224228
2023-05-01,Crypto Min-Variance,XLM-USD,0.11337243466566725
2023-06-01,Crypto Min-Variance,XLM-USD,0.1
2023-07-01,Crypto Min-Variance,XLM-USD,0.15450692683958805
2023-08-01,Crypto Min-Variance,XLM-USD,0.0
2023-09-01,Crypto Min-Variance,XLM-USD,0.0
2023-10-01,Crypto Min-Variance,XLM-USD,0.0
2023-11-01,Crypto Min-Variance,XLM-USD,0.0
2023-12-01,Crypto Min-Variance,XLM-USD,4.336808689942018e-19
2020-10-01,Crypto Min-Variance,XRP-USD,0.34469684700165437
2020-11-01,Crypto Min-Variance,XRP-USD,0.3406652189257645
2020-12-01,Crypto Min-Variance,XRP-USD,3.830907376845918e-18
2021-01-01,Crypto Min-Variance,XRP-USD,2.6556424001116998e-17
2021-02-01,Crypto Min-Variance,XRP-USD,0.0
2021-03-01,Crypto Min-Variance,XRP-USD,0.007321381847813
2021-04-01,Crypto Min-Variance,XRP-USD,0.02116499715110868
2021-05-01,Crypto Min-Variance,XRP-USD,6.910797429853175e-20
2021-06-01,Crypto Min-Variance,XRP-USD,3.169819759171087e-19
2021-07-01,Crypto Min-Variance,XRP-USD,4.1350631063451215e-18
2021-08-01,Crypto Min-Variance,XRP-USD,0.0
2021-09-01,Crypto Min-Variance,XRP-USD,2.738485924102359e-18
2021-10-01,Crypto Min-Variance,XRP-USD,2.2734820952107543e-17
2021-11-01,Crypto Min-Variance,XRP-USD,7.769732678236555e-18
2021-12-01,Crypto Min-Variance,XRP-USD,6.386059777853715e-17
2022-01-01,Crypto Min-Variance,XRP-USD,0.0
2022-02-01,Crypto Min-Variance,XRP-USD,2.8595788109974744e-18
2022-03-01,Crypto Min-Variance,XRP-USD,8.616990062357955e-19
2022-04-01,Crypto Min-Variance,XRP-USD,6.2790508149652714e-18
2022-05-01,Crypto Min-Variance,XRP-USD,0.04379172340185933
2022-06-01,Crypto Min-Variance,XRP-USD,0.056142937807779326
2022-07-01,Crypto Min-Variance,XRP-USD,0.11757383032440312
2022-08-01,Crypto Min-Variance,XRP-USD,0.12192711627272323
2022-09-01,Crypto Min-Variance,XRP-USD,0.13518785414721213
2022-10-01,Crypto Min-Variance,XRP-USD,0.09611981535119973
2022-11-01,Crypto Min-Variance,XRP-USD,0.13632273429939096
2022-12-01,Crypto Min-Variance,XRP-USD,0.06507413346477262
2023-01-01,Crypto Min-Variance,XRP-USD,0.0579679418809615
2023-02-01,Crypto Min-Variance,XRP-USD,0.05870844377124804
2023-03-01,Crypto Min-Variance,XRP-USD,3.325304795624576e-05
2023-04-01,Crypto Min-Variance,XRP-USD,0.00023172566491166773
2023-05-01,Crypto Min-Variance,XRP-USD,3.853053909183234e-18
2023-06-01,Crypto Min-Variance,XRP-USD,0.1
2023-07-01,Crypto Min-Variance,XRP-USD,0.08413406811857217
2023-08-01,Crypto Min-Variance,XRP-USD,0.0
2023-09-01,Crypto Min-Variance,XRP-USD,0.0
2023-10-01,Crypto Min-Variance,XRP-USD,0.0
2023-11-01,Crypto Min-Variance,XRP-USD,0.0
2023-12-01,Crypto Min-Variance,XRP-USD,0.0
2020-10-01,Crypto Max-Sharpe,ADA-USD,0.4233532306304516
2020-11-01,Crypto Max-Sharpe,ADA-USD,0.5620184706880522
2020-12-01,Crypto Max-Sharpe,ADA-USD,0.1846964979545257
2021-01-01,Crypto Max-Sharpe,ADA-USD,0.11568848293611346
2021-02-01,Crypto Max-Sharpe,ADA-USD,0.09408998736744643
2021-03-01,Crypto Max-Sharpe,ADA-USD,0.35626901337281447
2021-04-01,Crypto Max-Sharpe,ADA-USD,0.18455352161454938
2021-05-01,Crypto Max-Sharpe,ADA-USD,0.2237603923666415
2021-06-01,Crypto Max-Sharpe,ADA-USD,0.5097260891695877
2021-07-01,Crypto Max-Sharpe,ADA-USD,0.5447295558258284
2021-08-01,Crypto Max-Sharpe,ADA-USD,0.5854504014877694
2021-09-01,Crypto Max-Sharpe,ADA-USD,0.6777588493489397
2021-10-01,Crypto Max-Sharpe,ADA-USD,0.5974370590165746
2021-11-01,Crypto Max-Sharpe,ADA-USD,3.139849491518021e-16
2021-12-01,Crypto Max-Sharpe,ADA-USD,6.264661643465185e-17
2022-01-01,Crypto Max-Sharpe,ADA-USD,1.0581813203458523e-16
2022-02-01,Crypto Max-Sharpe,ADA-USD,0.0
2022-03-01,Crypto Max-Sharpe,ADA-USD,5.636329262660556e-17
2022-04-01,Crypto Max-Sharpe,ADA-USD,2.1423834928313568e-16
2022-05-01,Crypto Max-Sharpe,ADA-USD,1.3810801265517737e-16
2022-06-01,Crypto Max-Sharpe,ADA-USD,1.0216477588064293e-16
2022-07-01,Crypto Max-Sharpe,ADA-USD,0.0
2022-08-01,Crypto Max-Sharpe,ADA-USD,0.0
2022-09-01,Crypto Max-Sharpe,ADA-USD,0.0
2022-10-01,Crypto Max-Sharpe,ADA-USD,0.0
2022-11-01,Crypto Max-Sharpe,ADA-USD,0.0
2022-12-01,Crypto Max-Sharpe,ADA-USD,4.2554871239939087e-16
2023-01-01,Crypto Max-Sharpe,ADA-USD,4.4563194912574205e-15
2023-02-01,Crypto Max-Sharpe,ADA-USD,8.998878031629687e-18
2023-03-01,Crypto Max-Sharpe,ADA-USD,0.0
2023-04-01,Crypto Max-Sharpe,ADA-USD,0.0
2023-05-01,Crypto Max-Sharpe,ADA-USD,0.0
2023-06-01,Crypto Max-Sharpe,ADA-USD,9.060784891308108e-17
2023-07-01,Crypto Max-Sharpe,ADA-USD,0.0
2023-08-01,Crypto Max-Sharpe,ADA-USD,0.0
2023-09-01,Crypto Max-Sharpe,ADA-USD,0.0
2023-10-01,Crypto Max-Sharpe,ADA-USD,4.454580150928256e-16
2023-11-01,Crypto Max-Sharpe,ADA-USD,0.0
2023-12-01,Crypto Max-Sharpe,ADA-USD,0.0
2020-10-01,Crypto Max-Sharpe,BCH-USD,0.0
2020-11-01,Crypto Max-Sharpe,BCH-USD,1.180412161920112e-16
2020-12-01,Crypto Max-Sharpe,BCH-USD,0.0
2021-01-01,Crypto Max-Sharpe,BCH-USD,2.0484854805900112e-16
2021-02-01,Crypto Max-Sharpe,BCH-USD,3.659409015304465e-17
2021-03-01,Crypto Max-Sharpe,BCH-USD,7.171539147398549e-17
2021-04-01,Crypto Max-Sharpe,BCH-USD,0.0
2021-05-01,Crypto Max-Sharpe,BCH-USD,2.1521413123837263e-17
2021-06-01,Crypto Max-Sharpe,BCH-USD,9.703609443745265e-18
2021-07-01,Crypto Max-Sharpe,BCH-USD,1.373389368091588e-17
2021-08-01,Crypto Max-Sharpe,BCH-USD,0.0
2021-09-01,Crypto Max-Sharpe,BCH-USD,4.1756699793144686e-18
2021-10-01,Crypto Max-Sharpe,BCH-USD,1.4741761414013843e-17
2021-11-01,Crypto Max-Sharpe,BCH-USD,0.0
2021-12-01,Crypto Max-Sharpe,BCH-USD,2.943379203250568e-17
2022-01-01,Crypto Max-Sharpe,BCH-USD,0.0
2022-02-01,Crypto Max-Sharpe,BCH-USD,5.413225125542346e-17
2022-03-01,Crypto Max-Sharpe,BCH-USD,9.738609840970666e-17
2022-04-01,Crypto Max-Sharpe,BCH-USD,0.0
2022-05-01,Crypto Max-Sharpe,BCH-USD,3.5843228753286416e-16
2022-06-01,Crypto Max-Sharpe,BCH-USD,2.2421748202381408e-17
2022-07-01,Crypto Max-Sharpe,BCH-USD,5.217250416455153e-17
2022-08-01,Crypto Max-Sharpe,BCH-USD,3.717200637378284e-17
2022-09-01,Crypto Max-Sharpe,BCH-USD,2.7196341796219687e-17
2022-10-01,Crypto Max-Sharpe,BCH-USD,0.0
2022-11-01,Crypto Max-Sharpe,BCH-USD,3.106010387671986e-17
2022-12-01,Crypto Max-Sharpe,BCH-USD,0.0
2023-01-01,Crypto Max-Sharpe,BCH-USD,4.4416616756689274e-15
2023-02-01,Crypto Max-Sharpe,BCH-USD,5.908901840045999e-18
2023-03-01,Crypto Max-Sharpe,BCH-USD,2.2913912910517906e-17
2023-04-01,Crypto Max-Sharpe,BCH-USD,2.2768245622195593e-17
2023-05-01,Crypto Max-Sharpe,BCH-USD,9.107298248878237e-18
2023-06-01,Crypto Max-Sharpe,BCH-USD,0.0
2023-07-01,Crypto Max-Sharpe,BCH-USD,0.6894901040449026
2023-08-01,Crypto Max-Sharpe,BCH-USD,0.24184058310131124
2023-09-01,Crypto Max-Sharpe,BCH-USD,0.3030671402331516
2023-10-01,Crypto Max-Sharpe,BCH-USD,0.3205135661801198
2023-11-01,Crypto Max-Sharpe,BCH-USD,0.19778722501095897
2023-12-01,Crypto Max-Sharpe,BCH-USD,0.15295893678814987
2020-10-01,Crypto Max-Sharpe,BTC-USD,1.0374296443745961e-16
2020-11-01,Crypto Max-Sharpe,BTC-USD,0.363430363116667
2020-12-01,Crypto Max-Sharpe,BTC-USD,0.47954086495738785
2021-01-01,Crypto Max-Sharpe,BTC-USD,0.8785787176138217
2021-02-01,Crypto Max-Sharpe,BTC-USD,0.561808354082567
2021-03-01,Crypto Max-Sharpe,BTC-USD,0.6437309866271856
2021-04-01,Crypto Max-Sharpe,BTC-USD,0.6846747758291669
2021-05-01,Crypto Max-Sharpe,BTC-USD,0.4929905365188348
2021-06-01,Crypto Max-Sharpe,BTC-USD,0.06985485460149554
2021-07-01,Crypto Max-Sharpe,BTC-USD,6.759512956404908e-17
2021-08-01,Crypto Max-Sharpe,BTC-USD,4.738465584420807e-18
2021-09-01,Crypto Max-Sharpe,BTC-USD,1.4493006082616965e-16
2021-10-01,Crypto Max-Sharpe,BTC-USD,0.0
2021-11-01,Crypto Max-Sharpe,BTC-USD,9.063930161978817e-17
2021-12-01,Crypto Max-Sharpe,BTC-USD,0.0
2022-01-01,Crypto Max-Sharpe,BTC-USD,9.283109406524316e-17
2022-02-01,Crypto Max-Sharpe,BTC-USD,1.27675647831893e-15
2022-03-01,Crypto Max-Sharpe,BTC-USD,0.06742152492618084
2022-04-01,Crypto Max-Sharpe,BTC-USD,0.0
2022-05-01,Crypto Max-Sharpe,BTC-USD,0.0
2022-06-01,Crypto Max-Sharpe,BTC-USD,0.0
2022-07-01,Crypto Max-Sharpe,BTC-USD,1.610902232261036e-17
2022-08-01,Crypto Max-Sharpe,BTC-USD,8.842630198711878e-17
2022-09-01,Crypto Max-Sharpe,BTC-USD,5.3329555684171214e-17
2022-10-01,Crypto Max-Sharpe,BTC-USD,5.4513971802423783e-17
2022-11-01,Crypto Max-Sharpe,BTC-USD,3.14270645681058e-17
2022-12-01,Crypto Max-Sharpe,BTC-USD,3.4838238045699375e-17
2023-01-01,Crypto Max-Sharpe,BTC-USD,3.574882019516462e-15
2023-02-01,Crypto Max-Sharpe,BTC-USD,1.8106176280507924e-17
2023-03-01,Crypto Max-Sharpe,BTC-USD,0.0
2023-04-01,Crypto Max-Sharpe,BTC-USD,8.500145032286355e-17
2023-05-01,Crypto Max-Sharpe,BTC-USD,0.2216300907875812
2023-06-01,Crypto Max-Sharpe,BTC-USD,0.4437290569142972
2023-07-01,Crypto Max-Sharpe,BTC-USD,0.09708280992552765
2023-08-01,Crypto Max-Sharpe,BTC-USD,0.6306473359533599
2023-09-01,Crypto Max-Sharpe,BTC-USD,0.42786851482888316
2023-10-01,Crypto Max-Sharpe,BTC-USD,1.269058642894283e-16
2023-11-01,Crypto Max-Sharpe,BTC-USD,0.25141293081963895
2023-12-01,Crypto Max-Sharpe,BTC-USD,0.0013379441266614732
2020-10-01,Crypto Max-Sharpe,EOS-USD,0.0
2020-11-01,Crypto Max-Sharpe,EOS-USD,0.0
2020-12-01,Crypto Max-Sharpe,EOS-USD,0.0
2021-01-01,Crypto Max-Sharpe,EOS-USD,1.646457399086471e-16
2021-02-01,Crypto Max-Sharpe,EOS-USD,3.77155583237971e-17
2021-03-01,Crypto Max-Sharpe,EOS-USD,0.0
2021-04-01,Crypto Max-Sharpe,EOS-USD,0.0
2021-05-01,Crypto Max-Sharpe,EOS-USD,1.1926223897340549e-17
2021-06-01,Crypto Max-Sharpe,EOS-USD,0.0
2021-07-01,Crypto Max-Sharpe,EOS-USD,0.0
2021-08-01,Crypto Max-Sharpe,EOS-USD,0.0
2021-09-01,Crypto Max-Sharpe,EOS-USD,0.0
2021-10-01,Crypto Max-Sharpe,EOS-USD,0.0
2021-11-01,Crypto Max-Sharpe,EOS-USD,0.0
2021-12-01,Crypto Max-Sharpe,EOS-USD,0.0
2022-01-01,Crypto Max-Sharpe,EOS-USD,3.6462434157808305e-17
2022-02-01,Crypto Max-Sharpe,EOS-USD,2.0034550689455314e-16
2022-03-01,Crypto Max-Sharpe,EOS-USD,1.9780941902906027e-16
2022-04-01,Crypto Max-Sharpe,EOS-USD,5.160802341031001e-17
2022-05-01,Crypto Max-Sharpe,EOS-USD,2.504624798012297e-16
2022-06-01,Crypto Max-Sharpe,EOS-USD,1.801505981014534e-16
2022-07-01,Crypto Max-Sharpe,EOS-USD,1.0330421441546767e-16
2022-08-01,Crypto Max-Sharpe,EOS-USD,0.0
2022-09-01,Crypto Max-Sharpe,EOS-USD,7.058615811657512e-18
2022-10-01,Crypto Max-Sharpe,EOS-USD,1.498842318266838e-17
2022-11-01,Crypto Max-Sharpe,EOS-USD,4.0563916865615585e-17
2022-12-01,Crypto Max-Sharpe,EOS-USD,0.0
2023-01-01,Crypto Max-Sharpe,EOS-USD,4.1450535445795544e-15
2023-02-01,Crypto Max-Sharpe,EOS-USD,0.0
2023-03-01,Crypto Max-Sharpe,EOS-USD,0.0
2023-04-01,Crypto Max-Sharpe,EOS-USD,0.0
2023-05-01,Crypto Max-Sharpe,EOS-USD,0.0
2023-06-01,Crypto Max-Sharpe,EOS-USD,1.0994357214203975e-16
2023-07-01,Crypto Max-Sharpe,EOS-USD,0.0
2023-08-01,Crypto Max-Sharpe,EOS-USD,6.46455545344482e-17
2023-09-01,Crypto Max-Sharpe,EOS-USD,0.0
2023-10-01,Crypto Max-Sharpe,EOS-USD,0.0
2023-11-01,Crypto Max-Sharpe,EOS-USD,9.547755381450473e-18
2023-12-01,Crypto Max-Sharpe,EOS-USD,0.0
2020-10-01,Crypto Max-Sharpe,ETC-USD,0.0
2020-11-01,Crypto Max-Sharpe,ETC-USD,1.590720383041404e-18
2020-12-01,Crypto Max-Sharpe,ETC-USD,0.0
2021-01-01,Crypto Max-Sharpe,ETC-USD,5.609719800619909e-17
2021-02-01,Crypto Max-Sharpe,ETC-USD,5.1551654503537685e-17
2021-03-01,Crypto Max-Sharpe,ETC-USD,0.0
2021-04-01,Crypto Max-Sharpe,ETC-USD,0.0
2021-05-01,Crypto Max-Sharpe,ETC-USD,0.0606027514990294
2021-06-01,Crypto Max-Sharpe,ETC-USD,0.23105692726550522
2021-07-01,Crypto Max-Sharpe,ETC-USD,0.27196442973554075
2021-08-01,Crypto Max-Sharpe,ETC-USD,0.2664931619730549
2021-09-01,Crypto Max-Sharpe,ETC-USD,0.24699743326918974
2021-10-01,Crypto Max-Sharpe,ETC-USD,0.30955806514683615
2021-11-01,Crypto Max-Sharpe,ETC-USD,0.5495131416565836
2021-12-01,Crypto Max-Sharpe,ETC-USD,0.41988811636631307
2022-01-01,Crypto Max-Sharpe,ETC-USD,2.896653773284182e-16
2022-02-01,Crypto Max-Sharpe,ETC-USD,9.010323977755632e-18
2022-03-01,Crypto Max-Sharpe,ETC-USD,6.865684145255773e-17
2022-04-01,Crypto Max-Sharpe,ETC-USD,3.5908775952719907e-16
2022-05-01,Crypto Max-Sharpe,ETC-USD,0.0
2022-06-01,Crypto Max-Sharpe,ETC-USD,1.668575083489274e-16
2022-07-01,Crypto Max-Sharpe,ETC-USD,0.0
2022-08-01,Crypto Max-Sharpe,ETC-USD,1.0
2022-09-01,Crypto Max-Sharpe,ETC-USD,1.0
2022-10-01,Crypto Max-Sharpe,ETC-USD,0.860388133292037
2022-11-01,Crypto Max-Sharpe,ETC-USD,0.4719722374185581
2022-12-01,Crypto Max-Sharpe,ETC-USD,0.0
2023-01-01,Crypto Max-Sharpe,ETC-USD,2.5296499579774167e-13
2023-02-01,Crypto Max-Sharpe,ETC-USD,4.509196835367213e-16
2023-03-01,Crypto Max-Sharpe,ETC-USD,0.0
2023-04-01,Crypto Max-Sharpe,ETC-USD,0.0
2023-05-01,Crypto Max-Sharpe,ETC-USD,0.0
2023-06-01,Crypto Max-Sharpe,ETC-USD,3.672872132600467e-16
2023-07-01,Crypto Max-Sharpe,ETC-USD,1.2912563796314582e-17
2023-08-01,Crypto Max-Sharpe,ETC-USD,0.0
2023-09-01,Crypto Max-Sharpe,ETC-USD,0.0
2023-10-01,Crypto Max-Sharpe,ETC-USD,2.416957693013311e-16
2023-11-01,Crypto Max-Sharpe,ETC-USD,0.0
2023-12-01,Crypto Max-Sharpe,ETC-USD,0.0
2020-10-01,Crypto Max-Sharpe,ETH-USD,0.5766467693695482
2020-11-01,Crypto Max-Sharpe,ETH-USD,0.020169886351499876
2020-12-01,Crypto Max-Sharpe,ETH-USD,0.15328241755870703
2021-01-01,Crypto Max-Sharpe,ETH-USD,0.005732799450064164
2021-02-01,Crypto Max-Sharpe,ETH-USD,0.33709590460735595
2021-03-01,Crypto Max-Sharpe,ETH-USD,0.0
2021-04-01,Crypto Max-Sharpe,ETH-USD,0.010518451799343393
2021-05-01,Crypto Max-Sharpe,ETH-USD,0.09879758395340457
2021-06-01,Crypto Max-Sharpe,ETH-USD,0.18269770936409735
2021-07-01,Crypto Max-Sharpe,ETH-USD,0.18330601443863095
2021-08-01,Crypto Max-Sharpe,ETH-USD,0.14805643653917586
2021-09-01,Crypto Max-Sharpe,ETH-USD,0.07524371738187036
2021-10-01,Crypto Max-Sharpe,ETH-USD,6.051584540010986e-17
2021-11-01,Crypto Max-Sharpe,ETH-USD,0.27836340268735354
2021-12-01,Crypto Max-Sharpe,ETH-USD,0.5801118836336868
2022-01-01,Crypto Max-Sharpe,ETH-USD,0.9999999999999999
2022-02-01,Crypto Max-Sharpe,ETH-USD,0.9999999999999987
2022-03-01,Crypto Max-Sharpe,ETH-USD,0.932578475073819
2022-04-01,Crypto Max-Sharpe,ETH-USD,0.9393239402117239
2022-05-01,Crypto Max-Sharpe,ETH-USD,0.9999999999999997
2022-06-01,Crypto Max-Sharpe,ETH-USD,0.0
2022-07-01,Crypto Max-Sharpe,ETH-USD,8.7436086475283e-17
2022-08-01,Crypto Max-Sharpe,ETH-USD,0.0
2022-09-01,Crypto Max-Sharpe,ETH-USD,0.0
2022-10-01,Crypto Max-Sharpe,ETH-USD,0.0
2022-11-01,Crypto Max-Sharpe,ETH-USD,0.0
2022-12-01,Crypto Max-Sharpe,ETH-USD,0.0
2023-01-01,Crypto Max-Sharpe,ETH-USD,3.9058967140833535e-15
2023-02-01,Crypto Max-Sharpe,ETH-USD,1.5937771935536915e-17
2023-03-01,Crypto Max-Sharpe,ETH-USD,4.718447854656915e-16
2023-04-01,Crypto Max-Sharpe,ETH-USD,0.0
2023-05-01,Crypto Max-Sharpe,ETH-USD,0.0
2023-06-01,Crypto Max-Sharpe,ETH-USD,0.0
2023-07-01,Crypto Max-Sharpe,ETH-USD,0.0
2023-08-01,Crypto Max-Sharpe,ETH-USD,1.7772784112468631e-16
2023-09-01,Crypto Max-Sharpe,ETH-USD,1.2007539060276962e-16
2023-10-01,Crypto Max-Sharpe,ETH-USD,0.0
2023-11-01,Crypto Max-Sharpe,ETH-USD,0.0
2023-12-01,Crypto Max-Sharpe,ETH-USD,0.0
2020-10-01,Crypto Max-Sharpe,LTC-USD,0.0
2020-11-01,Crypto Max-Sharpe,LTC-USD,0.0
2020-12-01,Crypto Max-Sharpe,LTC-USD,0.0
2021-01-01,Crypto Max-Sharpe,LTC-USD,1.0566789465241832e-16
2021-02-01,Crypto Max-Sharpe,LTC-USD,0.0
2021-03-01,Crypto Max-Sharpe,LTC-USD,8.566839526832336e-17
2021-04-01,Crypto Max-Sharpe,LTC-USD,0.0
2021-05-01,Crypto Max-Sharpe,LTC-USD,0.0
2021-06-01,Crypto Max-Sharpe,LTC-USD,0.0
2021-07-01,Crypto Max-Sharpe,LTC-USD,1.5364073737155078e-17
2021-08-01,Crypto Max-Sharpe,LTC-USD,0.0
2021-09-01,Crypto Max-Sharpe,LTC-USD,0.0
2021-10-01,Crypto Max-Sharpe,LTC-USD,0.0
2021-11-01,Crypto Max-Sharpe,LTC-USD,6.310056643865636e-17
2021-12-01,Crypto Max-Sharpe,LTC-USD,0.0
2022-01-01,Crypto Max-Sharpe,LTC-USD,0.0
2022-02-01,Crypto Max-Sharpe,LTC-USD,4.508051564009153e-17
2022-03-01,Crypto Max-Sharpe,LTC-USD,1.2060902112978135e-16
2022-04-01,Crypto Max-Sharpe,LTC-USD,8.500145032286355e-17
2022-05-01,Crypto Max-Sharpe,LTC-USD,2.5221231716830804e-16
2022-06-01,Crypto Max-Sharpe,LTC-USD,7.930255572372748e-17
2022-07-01,Crypto Max-Sharpe,LTC-USD,2.4821020474635288e-17
2022-08-01,Crypto Max-Sharpe,LTC-USD,0.0
2022-09-01,Crypto Max-Sharpe,LTC-USD,1.2840366683983547e-17
2022-10-01,Crypto Max-Sharpe,LTC-USD,6.866943204798189e-19
2022-11-01,Crypto Max-Sharpe,LTC-USD,9.245430032401684e-18
2022-12-01,Crypto Max-Sharpe,LTC-USD,0.0
2023-01-01,Crypto Max-Sharpe,LTC-USD,1.04638520070921e-13
2023-02-01,Crypto Max-Sharpe,LTC-USD,1.0
2023-03-01,Crypto Max-Sharpe,LTC-USD,1.0
2023-04-01,Crypto Max-Sharpe,LTC-USD,0.6119193630607739
2023-05-01,Crypto Max-Sharpe,LTC-USD,0.607137769932197
2023-06-01,Crypto Max-Sharpe,LTC-USD,0.5562709430857031
2023-07-01,Crypto Max-Sharpe,LTC-USD,0.2134270860295701
2023-08-01,Crypto Max-Sharpe,LTC-USD,1.0570971181733668e-17
2023-09-01,Crypto Max-Sharpe,LTC-USD,0.0
2023-10-01,Crypto Max-Sharpe,LTC-USD,2.848605682934102e-16
2023-11-01,Crypto Max-Sharpe,LTC-USD,0.0
2023-12-01,Crypto Max-Sharpe,LTC-USD,0.0
2020-10-01,Crypto Max-Sharpe,TRX-USD,1.268736191546185e-16
2020-11-01,Crypto Max-Sharpe,TRX-USD,0.054381279843780966
2020-12-01,Crypto Max-Sharpe,TRX-USD,0.007298676539928277
2021-01-01,Crypto Max-Sharpe,TRX-USD,5.67809611459076e-17
2021-02-01,Crypto Max-Sharpe,TRX-USD,0.0
2021-03-01,Crypto Max-Sharpe,TRX-USD,8.927921550572252e-17
2021-04-01,Crypto Max-Sharpe,TRX-USD,0.12025325075694049
2021-05-01,Crypto Max-Sharpe,TRX-USD,0.07285903472842108
2021-06-01,Crypto Max-Sharpe,TRX-USD,1.3444106938820255e-17
2021-07-01,Crypto Max-Sharpe,TRX-USD,1.1332914253220833e-17
2021-08-01,Crypto Max-Sharpe,TRX-USD,0.0
2021-09-01,Crypto Max-Sharpe,TRX-USD,1.6856925854200682e-16
2021-10-01,Crypto Max-Sharpe,TRX-USD,2.127662060208077e-17
2021-11-01,Crypto Max-Sharpe,TRX-USD,0.0
2021-12-01,Crypto Max-Sharpe,TRX-USD,0.0
2022-01-01,Crypto Max-Sharpe,TRX-USD,7.367928566404344e-17
2022-02-01,Crypto Max-Sharpe,TRX-USD,1.3368929141171628e-16
2022-03-01,Crypto Max-Sharpe,TRX-USD,0.0
2022-04-01,Crypto Max-Sharpe,TRX-USD,0.0
2022-05-01,Crypto Max-Sharpe,TRX-USD,4.718447854656915e-16
2022-06-01,Crypto Max-Sharpe,TRX-USD,1.0
2022-07-01,Crypto Max-Sharpe,TRX-USD,1.0
2022-08-01,Crypto Max-Sharpe,TRX-USD,0.0
2022-09-01,Crypto Max-Sharpe,TRX-USD,0.0
2022-10-01,Crypto Max-Sharpe,TRX-USD,0.13961186670796327
2022-11-01,Crypto Max-Sharpe,TRX-USD,0.528027762581442
2022-12-01,Crypto Max-Sharpe,TRX-USD,1.0
2023-01-01,Crypto Max-Sharpe,TRX-USD,0.9999999999996134
2023-02-01,Crypto Max-Sharpe,TRX-USD,0.0
2023-03-01,Crypto Max-Sharpe,TRX-USD,1.9693567444845632e-17
2023-04-01,Crypto Max-Sharpe,TRX-USD,0.0
2023-05-01,Crypto Max-Sharpe,TRX-USD,1.1514227071796057e-16
2023-06-01,Crypto Max-Sharpe,TRX-USD,0.0
2023-07-01,Crypto Max-Sharpe,TRX-USD,5.416462752980761e-17
2023-08-01,Crypto Max-Sharpe,TRX-USD,0.018976792605569552
2023-09-01,Crypto Max-Sharpe,TRX-USD,0.17625889719163762
2023-10-01,Crypto Max-Sharpe,TRX-USD,0.6127867821668843
2023-11-01,Crypto Max-Sharpe,TRX-USD,0.4424084446051647
2023-12-01,Crypto Max-Sharpe,TRX-USD,0.8211875397423846
2020-10-01,Crypto Max-Sharpe,XLM-USD,3.569765276579388e-16
2020-11-01,Crypto Max-Sharpe,XLM-USD,0.0
2020-12-01,Crypto Max-Sharpe,XLM-USD,0.13085995480803383
2021-01-01,Crypto Max-Sharpe,XLM-USD,7.68466531865969e-17
2021-02-01,Crypto Max-Sharpe,XLM-USD,0.007005753942630479
2021-03-01,Crypto Max-Sharpe,XLM-USD,1.9455230608155744e-17
2021-04-01,Crypto Max-Sharpe,XLM-USD,3.5058315044921214e-17
2021-05-01,Crypto Max-Sharpe,XLM-USD,0.0
2021-06-01,Crypto Max-Sharpe,XLM-USD,3.1712913545201005e-17
2021-07-01,Crypto Max-Sharpe,XLM-USD,3.3533591220527756e-17
2021-08-01,Crypto Max-Sharpe,XLM-USD,0.0
2021-09-01,Crypto Max-Sharpe,XLM-USD,0.0
2021-10-01,Crypto Max-Sharpe,XLM-USD,0.0
2021-11-01,Crypto Max-Sharpe,XLM-USD,4.0332320816460765e-17
2021-12-01,Crypto Max-Sharpe,XLM-USD,0.0
2022-01-01,Crypto Max-Sharpe,XLM-USD,0.0
2022-02-01,Crypto Max-Sharpe,XLM-USD,0.0
2022-03-01,Crypto Max-Sharpe,XLM-USD,1.984998162089925e-16
2022-04-01,Crypto Max-Sharpe,XLM-USD,4.683753385137379e-17
2022-05-01,Crypto Max-Sharpe,XLM-USD,0.0
2022-06-01,Crypto Max-Sharpe,XLM-USD,1.8556880921408553e-16
2022-07-01,Crypto Max-Sharpe,XLM-USD,1.2412852215615134e-16
2022-08-01,Crypto Max-Sharpe,XLM-USD,5.3582743286762615e-17
2022-09-01,Crypto Max-Sharpe,XLM-USD,0.0
2022-10-01,Crypto Max-Sharpe,XLM-USD,3.0733255800648424e-17
2022-11-01,Crypto Max-Sharpe,XLM-USD,1.328088386154861e-17
2022-12-01,Crypto Max-Sharpe,XLM-USD,0.0
2023-01-01,Crypto Max-Sharpe,XLM-USD,5.0699813852817955e-15
2023-02-01,Crypto Max-Sharpe,XLM-USD,0.0
2023-03-01,Crypto Max-Sharpe,XLM-USD,0.0
2023-04-01,Crypto Max-Sharpe,XLM-USD,2.5153490401663703e-17
2023-05-01,Crypto Max-Sharpe,XLM-USD,0.0
2023-06-01,Crypto Max-Sharpe,XLM-USD,0.0
2023-07-01,Crypto Max-Sharpe,XLM-USD,6.39217122372409e-17
2023-08-01,Crypto Max-Sharpe,XLM-USD,4.1226787608761306e-17
2023-09-01,Crypto Max-Sharpe,XLM-USD,0.0
2023-10-01,Crypto Max-Sharpe,XLM-USD,0.0
2023-11-01,Crypto Max-Sharpe,XLM-USD,0.0
2023-12-01,Crypto Max-Sharpe,XLM-USD,0.0
2020-10-01,Crypto Max-Sharpe,XRP-USD,2.4480166217199356e-16
2020-11-01,Crypto Max-Sharpe,XRP-USD,1.0359392517604015e-16
2020-12-01,Crypto Max-Sharpe,XRP-USD,0.04432158818141758
2021-01-01,Crypto Max-Sharpe,XRP-USD,0.0
2021-02-01,Crypto Max-Sharpe,XRP-USD,0.0
2021-03-01,Crypto Max-Sharpe,XRP-USD,0.0
2021-04-01,Crypto Max-Sharpe,XRP-USD,1.3849588218008627e-16
2021-05-01,Crypto Max-Sharpe,XRP-USD,0.050989700933668655
2021-06-01,Crypto Max-Sharpe,XRP-USD,0.006664419599314235
2021-07-01,Crypto Max-Sharpe,XRP-USD,0.0
2021-08-01,Crypto Max-Sharpe,XRP-USD,0.0
2021-09-01,Crypto Max-Sharpe,XRP-USD,1.7446115494580177e-16
2021-10-01,Crypto Max-Sharpe,XRP-USD,0.09300487583658931
2021-11-01,Crypto Max-Sharpe,XRP-USD,0.17212345565606257
2021-12-01,Crypto Max-Sharpe,XRP-USD,1.7927638056638235e-16
2022-01-01,Crypto Max-Sharpe,XRP-USD,0.0
2022-02-01,Crypto Max-Sharpe,XRP-USD,2.9146020647313376e-16
2022-03-01,Crypto Max-Sharpe,XRP-USD,0.0
2022-04-01,Crypto Max-Sharpe,XRP-USD,0.06067605978827723
2022-05-01,Crypto Max-Sharpe,XRP-USD,0.0
2022-06-01,Crypto Max-Sharpe,XRP-USD,0.0
2022-07-01,Crypto Max-Sharpe,XRP-USD,1.0472331761846861e-16
2022-08-01,Crypto Max-Sharpe,XRP-USD,1.8892642534721118e-16
2022-09-01,Crypto Max-Sharpe,XRP-USD,0.0
2022-10-01,Crypto Max-Sharpe,XRP-USD,0.0
2022-11-01,Crypto Max-Sharpe,XRP-USD,9.680820675639054e-17
2022-12-01,Crypto Max-Sharpe,XRP-USD,0.0
2023-01-01,Crypto Max-Sharpe,XRP-USD,3.4097565584387877e-15
2023-02-01,Crypto Max-Sharpe,XRP-USD,0.0
2023-03-01,Crypto Max-Sharpe,XRP-USD,5.2168821512394386e-17
2023-04-01,Crypto Max-Sharpe,XRP-USD,0.38808063693922634
2023-05-01,Crypto Max-Sharpe,XRP-USD,0.17123213928022177
2023-06-01,Crypto Max-Sharpe,XRP-USD,0.0
2023-07-01,Crypto Max-Sharpe,XRP-USD,0.0
2023-08-01,Crypto Max-Sharpe,XRP-USD,0.10853528833975948
2023-09-01,Crypto Max-Sharpe,XRP-USD,0.09280544774632846
2023-10-01,Crypto Max-Sharpe,XRP-USD,0.06669965165299548
2023-11-01,Crypto Max-Sharpe,XRP-USD,0.10839139956423831
2023-12-01,Crypto Max-Sharpe,XRP-USD,0.024515579342804374
2020-10-01,Crypto Risk-Parity,ADA-USD,0.1
2020-11-01,Crypto Risk-Parity,ADA-USD,0.1
2020-12-01,Crypto Risk-Parity,ADA-USD,0.1
2021-01-01,Crypto Risk-Parity,ADA-USD,0.1
2021-02-01,Crypto Risk-Parity,ADA-USD,0.1
2021-03-01,Crypto Risk-Parity,ADA-USD,0.1
2021-04-01,Crypto Risk-Parity,ADA-USD,0.1
2021-05-01,Crypto Risk-Parity,ADA-USD,0.1
2021-06-01,Crypto Risk-Parity,ADA-USD,0.1
2021-07-01,Crypto Risk-Parity,ADA-USD,0.1
2021-08-01,Crypto Risk-Parity,ADA-USD,0.1
2021-09-01,Crypto Risk-Parity,ADA-USD,0.1
2021-10-01,Crypto Risk-Parity,ADA-USD,0.1
2021-11-01,Crypto Risk-Parity,ADA-USD,0.1
2021-12-01,Crypto Risk-Parity,ADA-USD,0.1
2022-01-01,Crypto Risk-Parity,ADA-USD,0.1
2022-02-01,Crypto Risk-Parity,ADA-USD,0.1
2022-03-01,Crypto Risk-Parity,ADA-USD,0.1
2022-04-01,Crypto Risk-Parity,ADA-USD,0.1
2022-05-01,Crypto Risk-Parity,ADA-USD,0.1
2022-06-01,Crypto Risk-Parity,ADA-USD,0.1
2022-07-01,Crypto Risk-Parity,ADA-USD,0.1
2022-08-01,Crypto Risk-Parity,ADA-USD,0.1
2022-09-01,Crypto Risk-Parity,ADA-USD,0.1
2022-10-01,Crypto Risk-Parity,ADA-USD,0.1
2022-11-01,Crypto Risk-Parity,ADA-USD,0.1
2022-12-01,Crypto Risk-Parity,ADA-USD,0.1
2023-01-01,Crypto Risk-Parity,ADA-USD,0.1
2023-02-01,Crypto Risk-Parity,ADA-USD,0.1
2023-03-01,Crypto Risk-Parity,ADA-USD,0.1
2023-04-01,Crypto Risk-Parity,ADA-USD,0.1
2023-05-01,Crypto Risk-Parity,ADA-USD,0.1
2023-06-01,Crypto Risk-Parity,ADA-USD,0.1
2023-07-01,Crypto Risk-Parity,ADA-USD,0.1
2023-08-01,Crypto Risk-Parity,ADA-USD,0.1
2023-09-01,Crypto Risk-Parity,ADA-USD,0.1
2023-10-01,Crypto Risk-Parity,ADA-USD,0.1
2023-11-01,Crypto Risk-Parity,ADA-USD,0.1
2023-12-01,Crypto Risk-Parity,ADA-USD,0.1
2020-10-01,Crypto Risk-Parity,BCH-USD,0.1
2020-11-01,Crypto Risk-Parity,BCH-USD,0.1
2020-12-01,Crypto Risk-Parity,BCH-USD,0.1
2021-01-01,Crypto Risk-Parity,BCH-USD,0.1
2021-02-01,Crypto Risk-Parity,BCH-USD,0.1
2021-03-01,Crypto Risk-Parity,BCH-USD,0.1
2021-04-01,Crypto Risk-Parity,BCH-USD,0.1
2021-05-01,Crypto Risk-Parity,BCH-USD,0.1
2021-06-01,Crypto Risk-Parity,BCH-USD,0.1
2021-07-01,Crypto Risk-Parity,BCH-USD,0.1
2021-08-01,Crypto Risk-Parity,BCH-USD,0.1
2021-09-01,Crypto Risk-Parity,BCH-USD,0.1
2021-10-01,Crypto Risk-Parity,BCH-USD,0.1
2021-11-01,Crypto Risk-Parity,BCH-USD,0.1
2021-12-01,Crypto Risk-Parity,BCH-USD,0.1
2022-01-01,Crypto Risk-Parity,BCH-USD,0.1
2022-02-01,Crypto Risk-Parity,BCH-USD,0.1
2022-03-01,Crypto Risk-Parity,BCH-USD,0.1
2022-04-01,Crypto Risk-Parity,BCH-USD,0.1
2022-05-01,Crypto Risk-Parity,BCH-USD,0.1
2022-06-01,Crypto Risk-Parity,BCH-USD,0.1
2022-07-01,Crypto Risk-Parity,BCH-USD,0.1
2022-08-01,Crypto Risk-Parity,BCH-USD,0.1
2022-09-01,Crypto Risk-Parity,BCH-USD,0.1
2022-10-01,Crypto Risk-Parity,BCH-USD,0.1
2022-11-01,Crypto Risk-Parity,BCH-USD,0.1
2022-12-01,Crypto Risk-Parity,BCH-USD,0.1
2023-01-01,Crypto Risk-Parity,BCH-USD,0.1
2023-02-01,Crypto Risk-Parity,BCH-USD,0.1
2023-03-01,Crypto Risk-Parity,BCH-USD,0.1
2023-04-01,Crypto Risk-Parity,BCH-USD,0.1
2023-05-01,Crypto Risk-Parity,BCH-USD,0.1
2023-06-01,Crypto Risk-Parity,BCH-USD,0.1
2023-07-01,Crypto Risk-Parity,BCH-USD,0.1
2023-08-01,Crypto Risk-Parity,BCH-USD,0.1
2023-09-01,Crypto Risk-Parity,BCH-USD,0.1
2023-10-01,Crypto Risk-Parity,BCH-USD,0.1
2023-11-01,Crypto Risk-Parity,BCH-USD,0.1
2023-12-01,Crypto Risk-Parity,BCH-USD,0.1
2020-10-01,Crypto Risk-Parity,BTC-USD,0.1
2020-11-01,Crypto Risk-Parity,BTC-USD,0.1
2020-12-01,Crypto Risk-Parity,BTC-USD,0.1
2021-01-01,Crypto Risk-Parity,BTC-USD,0.1
2021-02-01,Crypto Risk-Parity,BTC-USD,0.1
2021-03-01,Crypto Risk-Parity,BTC-USD,0.1
2021-04-01,Crypto Risk-Parity,BTC-USD,0.1
2021-05-01,Crypto Risk-Parity,BTC-USD,0.1
2021-06-01,Crypto Risk-Parity,BTC-USD,0.1
2021-07-01,Crypto Risk-Parity,BTC-USD,0.1
2021-08-01,Crypto Risk-Parity,BTC-USD,0.1
2021-09-01,Crypto Risk-Parity,BTC-USD,0.1
2021-10-01,Crypto Risk-Parity,BTC-USD,0.1
2021-11-01,Crypto Risk-Parity,BTC-USD,0.1
2021-12-01,Crypto Risk-Parity,BTC-USD,0.1
2022-01-01,Crypto Risk-Parity,BTC-USD,0.1
2022-02-01,Crypto Risk-Parity,BTC-USD,0.1
2022-03-01,Crypto Risk-Parity,BTC-USD,0.1
2022-04-01,Crypto Risk-Parity,BTC-USD,0.1
2022-05-01,Crypto Risk-Parity,BTC-USD,0.1
2022-06-01,Crypto Risk-Parity,BTC-USD,0.1
2022-07-01,Crypto Risk-Parity,BTC-USD,0.1
2022-08-01,Crypto Risk-Parity,BTC-USD,0.1
2022-09-01,Crypto Risk-Parity,BTC-USD,0.1
2022-10-01,Crypto Risk-Parity,BTC-USD,0.1
2022-11-01,Crypto Risk-Parity,BTC-USD,0.1
2022-12-01,Crypto Risk-Parity,BTC-USD,0.1
2023-01-01,Crypto Risk-Parity,BTC-USD,0.1
2023-02-01,Crypto Risk-Parity,BTC-USD,0.1
2023-03-01,Crypto Risk-Parity,BTC-USD,0.1
2023-04-01,Crypto Risk-Parity,BTC-USD,0.1
2023-05-01,Crypto Risk-Parity,BTC-USD,0.1
2023-06-01,Crypto Risk-Parity,BTC-USD,0.1
2023-07-01,Crypto Risk-Parity,BTC-USD,0.1
2023-08-01,Crypto Risk-Parity,BTC-USD,0.1
2023-09-01,Crypto Risk-Parity,BTC-USD,0.1
2023-10-01,Crypto Risk-Parity,BTC-USD,0.1
2023-11-01,Crypto Risk-Parity,BTC-USD,0.1
2023-12-01,Crypto Risk-Parity,BTC-USD,0.1
2020-10-01,Crypto Risk-Parity,EOS-USD,0.1
2020-11-01,Crypto Risk-Parity,EOS-USD,0.1
2020-12-01,Crypto Risk-Parity,EOS-USD,0.1
2021-01-01,Crypto Risk-Parity,EOS-USD,0.1
2021-02-01,Crypto Risk-Parity,EOS-USD,0.1
2021-03-01,Crypto Risk-Parity,EOS-USD,0.1
2021-04-01,Crypto Risk-Parity,EOS-USD,0.1
2021-05-01,Crypto Risk-Parity,EOS-USD,0.1
2021-06-01,Crypto Risk-Parity,EOS-USD,0.1
2021-07-01,Crypto Risk-Parity,EOS-USD,0.1
2021-08-01,Crypto Risk-Parity,EOS-USD,0.1
2021-09-01,Crypto Risk-Parity,EOS-USD,0.1
2021-10-01,Crypto Risk-Parity,EOS-USD,0.1
2021-11-01,Crypto Risk-Parity,EOS-USD,0.1
2021-12-01,Crypto Risk-Parity,EOS-USD,0.1
2022-01-01,Crypto Risk-Parity,EOS-USD,0.1
2022-02-01,Crypto Risk-Parity,EOS-USD,0.1
2022-03-01,Crypto Risk-Parity,EOS-USD,0.1
2022-04-01,Crypto Risk-Parity,EOS-USD,0.1
2022-05-01,Crypto Risk-Parity,EOS-USD,0.1
2022-06-01,Crypto Risk-Parity,EOS-USD,0.1
2022-07-01,Crypto Risk-Parity,EOS-USD,0.1
2022-08-01,Crypto Risk-Parity,EOS-USD,0.1
2022-09-01,Crypto Risk-Parity,EOS-USD,0.1
2022-10-01,Crypto Risk-Parity,EOS-USD,0.1
2022-11-01,Crypto Risk-Parity,EOS-USD,0.1
2022-12-01,Crypto Risk-Parity,EOS-USD,0.1
2023-01-01,Crypto Risk-Parity,EOS-USD,0.1
2023-02-01,Crypto Risk-Parity,EOS-USD,0.1
2023-03-01,Crypto Risk-Parity,EOS-USD,0.1
2023-04-01,Crypto Risk-Parity,EOS-USD,0.1
2023-05-01,Crypto Risk-Parity,EOS-USD,0.1
2023-06-01,Crypto Risk-Parity,EOS-USD,0.1
2023-07-01,Crypto Risk-Parity,EOS-USD,0.1
2023-08-01,Crypto Risk-Parity,EOS-USD,0.1
2023-09-01,Crypto Risk-Parity,EOS-USD,0.1
2023-10-01,Crypto Risk-Parity,EOS-USD,0.1
2023-11-01,Crypto Risk-Parity,EOS-USD,0.1
2023-12-01,Crypto Risk-Parity,EOS-USD,0.1
2020-10-01,Crypto Risk-Parity,ETC-USD,0.1
2020-11-01,Crypto Risk-Parity,ETC-USD,0.1
2020-12-01,Crypto Risk-Parity,ETC-USD,0.1
2021-01-01,Crypto Risk-Parity,ETC-USD,0.1
2021-02-01,Crypto Risk-Parity,ETC-USD,0.1
2021-03-01,Crypto Risk-Parity,ETC-USD,0.1
2021-04-01,Crypto Risk-Parity,ETC-USD,0.1
2021-05-01,Crypto Risk-Parity,ETC-USD,0.1
2021-06-01,Crypto Risk-Parity,ETC-USD,0.1
2021-07-01,Crypto Risk-Parity,ETC-USD,0.1
2021-08-01,Crypto Risk-Parity,ETC-USD,0.1
2021-09-01,Crypto Risk-Parity,ETC-USD,0.1
2021-10-01,Crypto Risk-Parity,ETC-USD,0.1
2021-11-01,Crypto Risk-Parity,ETC-USD,0.1
2021-12-01,Crypto Risk-Parity,ETC-USD,0.1
2022-01-01,Crypto Risk-Parity,ETC-USD,0.1
2022-02-01,Crypto Risk-Parity,ETC-USD,0.1
2022-03-01,Crypto Risk-Parity,ETC-USD,0.1
2022-04-01,Crypto Risk-Parity,ETC-USD,0.1
2022-05-01,Crypto Risk-Parity,ETC-USD,0.1
2022-06-01,Crypto Risk-Parity,ETC-USD,0.1
2022-07-01,Crypto Risk-Parity,ETC-USD,0.1
2022-08-01,Crypto Risk-Parity,ETC-USD,0.1
2022-09-01,Crypto Risk-Parity,ETC-USD,0.1
2022-10-01,Crypto Risk-Parity,ETC-USD,0.1
2022-11-01,Crypto Risk-Parity,ETC-USD,0.1
2022-12-01,Crypto Risk-Parity,ETC-USD,0.1
2023-01-01,Crypto Risk-Parity,ETC-USD,0.1
2023-02-01,Crypto Risk-Parity,ETC-USD,0.1
2023-03-01,Crypto Risk-Parity,ETC-USD,0.1
2023-04-01,Crypto Risk-Parity,ETC-USD,0.1
2023-05-01,Crypto Risk-Parity,ETC-USD,0.1
2023-06-01,Crypto Risk-Parity,ETC-USD,0.1
2023-07-01,Crypto Risk-Parity,ETC-USD,0.1
2023-08-01,Crypto Risk-Parity,ETC-USD,0.1
2023-09-01,Crypto Risk-Parity,ETC-USD,0.1
2023-10-01,Crypto Risk-Parity,ETC-USD,0.1
2023-11-01,Crypto Risk-Parity,ETC-USD,0.1
2023-12-01,Crypto Risk-Parity,ETC-USD,0.1
2020-10-01,Crypto Risk-Parity,ETH-USD,0.1
2020-11-01,Crypto Risk-Parity,ETH-USD,0.1
2020-12-01,Crypto Risk-Parity,ETH-USD,0.1
2021-01-01,Crypto Risk-Parity,ETH-USD,0.1
2021-02-01,Crypto Risk-Parity,ETH-USD,0.1
2021-03-01,Crypto Risk-Parity,ETH-USD,0.1
2021-04-01,Crypto Risk-Parity,ETH-USD,0.1
2021-05-01,Crypto Risk-Parity,ETH-USD,0.1
2021-06-01,Crypto Risk-Parity,ETH-USD,0.1
2021-07-01,Crypto Risk-Parity,ETH-USD,0.1
2021-08-01,Crypto Risk-Parity,ETH-USD,0.1
2021-09-01,Crypto Risk-Parity,ETH-USD,0.1
2021-10-01,Crypto Risk-Parity,ETH-USD,0.1
2021-11-01,Crypto Risk-Parity,ETH-USD,0.1
2021-12-01,Crypto Risk-Parity,ETH-USD,0.1
2022-01-01,Crypto Risk-Parity,ETH-USD,0.1
2022-02-01,Crypto Risk-Parity,ETH-USD,0.1
2022-03-01,Crypto Risk-Parity,ETH-USD,0.1
2022-04-01,Crypto Risk-Parity,ETH-USD,0.1
2022-05-01,Crypto Risk-Parity,ETH-USD,0.1
2022-06-01,Crypto Risk-Parity,ETH-USD,0.1
2022-07-01,Crypto Risk-Parity,ETH-USD,0.1
2022-08-01,Crypto Risk-Parity,ETH-USD,0.1
2022-09-01,Crypto Risk-Parity,ETH-USD,0.1
2022-10-01,Crypto Risk-Parity,ETH-USD,0.1
2022-11-01,Crypto Risk-Parity,ETH-USD,0.1
2022-12-01,Crypto Risk-Parity,ETH-USD,0.1
2023-01-01,Crypto Risk-Parity,ETH-USD,0.1
2023-02-01,Crypto Risk-Parity,ETH-USD,0.1
2023-03-01,Crypto Risk-Parity,ETH-USD,0.1
2023-04-01,Crypto Risk-Parity,ETH-USD,0.1
2023-05-01,Crypto Risk-Parity,ETH-USD,0.1
2023-06-01,Crypto Risk-Parity,ETH-USD,0.1
2023-07-01,Crypto Risk-Parity,ETH-USD,0.1
2023-08-01,Crypto Risk-Parity,ETH-USD,0.1
2023-09-01,Crypto Risk-Parity,ETH-USD,0.1
2023-10-01,Crypto Risk-Parity,ETH-USD,0.1
2023-11-01,Crypto Risk-Parity,ETH-USD,0.1
2023-12-01,Crypto Risk-Parity,ETH-USD,0.1
2020-10-01,Crypto Risk-Parity,LTC-USD,0.1
2020-11-01,Crypto Risk-Parity,LTC-USD,0.1
2020-12-01,Crypto Risk-Parity,LTC-USD,0.1
2021-01-01,Crypto Risk-Parity,LTC-USD,0.1
2021-02-01,Crypto Risk-Parity,LTC-USD,0.1
2021-03-01,Crypto Risk-Parity,LTC-USD,0.1
2021-04-01,Crypto Risk-Parity,LTC-USD,0.1
2021-05-01,Crypto Risk-Parity,LTC-USD,0.1
2021-06-01,Crypto Risk-Parity,LTC-USD,0.1
2021-07-01,Crypto Risk-Parity,LTC-USD,0.1
2021-08-01,Crypto Risk-Parity,LTC-USD,0.1
2021-09-01,Crypto Risk-Parity,LTC-USD,0.1
2021-10-01,Crypto Risk-Parity,LTC-USD,0.1
2021-11-01,Crypto Risk-Parity,LTC-USD,0.1
2021-12-01,Crypto Risk-Parity,LTC-USD,0.1
2022-01-01,Crypto Risk-Parity,LTC-USD,0.1
2022-02-01,Crypto Risk-Parity,LTC-USD,0.1
2022-03-01,Crypto Risk-Parity,LTC-USD,0.1
2022-04-01,Crypto Risk-Parity,LTC-USD,0.1
2022-05-01,Crypto Risk-Parity,LTC-USD,0.1
2022-06-01,Crypto Risk-Parity,LTC-USD,0.1
2022-07-01,Crypto Risk-Parity,LTC-USD,0.1
2022-08-01,Crypto Risk-Parity,LTC-USD,0.1
2022-09-01,Crypto Risk-Parity,LTC-USD,0.1
2022-10-01,Crypto Risk-Parity,LTC-USD,0.1
2022-11-01,Crypto Risk-Parity,LTC-USD,0.1
2022-12-01,Crypto Risk-Parity,LTC-USD,0.1
2023-01-01,Crypto Risk-Parity,LTC-USD,0.1
2023-02-01,Crypto Risk-Parity,LTC-USD,0.1
2023-03-01,Crypto Risk-Parity,LTC-USD,0.1
2023-04-01,Crypto Risk-Parity,LTC-USD,0.1
2023-05-01,Crypto Risk-Parity,LTC-USD,0.1
2023-06-01,Crypto Risk-Parity,LTC-USD,0.1
2023-07-01,Crypto Risk-Parity,LTC-USD,0.1
2023-08-01,Crypto Risk-Parity,LTC-USD,0.1
2023-09-01,Crypto Risk-Parity,LTC-USD,0.1
2023-10-01,Crypto Risk-Parity,LTC-USD,0.1
2023-11-01,Crypto Risk-Parity,LTC-USD,0.1
2023-12-01,Crypto Risk-Parity,LTC-USD,0.1
2020-10-01,Crypto Risk-Parity,TRX-USD,0.1
2020-11-01,Crypto Risk-Parity,TRX-USD,0.1
2020-12-01,Crypto Risk-Parity,TRX-USD,0.1
2021-01-01,Crypto Risk-Parity,TRX-USD,0.1
2021-02-01,Crypto Risk-Parity,TRX-USD,0.1
2021-03-01,Crypto Risk-Parity,TRX-USD,0.1
2021-04-01,Crypto Risk-Parity,TRX-USD,0.1
2021-05-01,Crypto Risk-Parity,TRX-USD,0.1
2021-06-01,Crypto Risk-Parity,TRX-USD,0.1
2021-07-01,Crypto Risk-Parity,TRX-USD,0.1
2021-08-01,Crypto Risk-Parity,TRX-USD,0.1
2021-09-01,Crypto Risk-Parity,TRX-USD,0.1
2021-10-01,Crypto Risk-Parity,TRX-USD,0.1
2021-11-01,Crypto Risk-Parity,TRX-USD,0.1
2021-12-01,Crypto Risk-Parity,TRX-USD,0.1
2022-01-01,Crypto Risk-Parity,TRX-USD,0.1
2022-02-01,Crypto Risk-Parity,TRX-USD,0.1
2022-03-01,Crypto Risk-Parity,TRX-USD,0.1
2022-04-01,Crypto Risk-Parity,TRX-USD,0.1
2022-05-01,Crypto Risk-Parity,TRX-USD,0.1
2022-06-01,Crypto Risk-Parity,TRX-USD,0.1
2022-07-01,Crypto Risk-Parity,TRX-USD,0.1
2022-08-01,Crypto Risk-Parity,TRX-USD,0.1
2022-09-01,Crypto Risk-Parity,TRX-USD,0.1
2022-10-01,Crypto Risk-Parity,TRX-USD,0.1
2022-11-01,Crypto Risk-Parity,TRX-USD,0.1
2022-12-01,Crypto Risk-Parity,TRX-USD,0.1
2023-01-01,Crypto Risk-Parity,TRX-USD,0.1
2023-02-01,Crypto Risk-Parity,TRX-USD,0.1
2023-03-01,Crypto Risk-Parity,TRX-USD,0.1
2023-04-01,Crypto Risk-Parity,TRX-USD,0.1
2023-05-01,Crypto Risk-Parity,TRX-USD,0.1
2023-06-01,Crypto Risk-Parity,TRX-USD,0.1
2023-07-01,Crypto Risk-Parity,TRX-USD,0.1
2023-08-01,Crypto Risk-Parity,TRX-USD,0.1
2023-09-01,Crypto Risk-Parity,TRX-USD,0.1
2023-10-01,Crypto Risk-Parity,TRX-USD,0.1
2023-11-01,Crypto Risk-Parity,TRX-USD,0.1
2023-12-01,Crypto Risk-Parity,TRX-USD,0.1
2020-10-01,Crypto Risk-Parity,XLM-USD,0.1
2020-11-01,Crypto Risk-Parity,XLM-USD,0.1
2020-12-01,Crypto Risk-Parity,XLM-USD,0.1
2021-01-01,Crypto Risk-Parity,XLM-USD,0.1
2021-02-01,Crypto Risk-Parity,XLM-USD,0.1
2021-03-01,Crypto Risk-Parity,XLM-USD,0.1
2021-04-01,Crypto Risk-Parity,XLM-USD,0.1
2021-05-01,Crypto Risk-Parity,XLM-USD,0.1
2021-06-01,Crypto Risk-Parity,XLM-USD,0.1
2021-07-01,Crypto Risk-Parity,XLM-USD,0.1
2021-08-01,Crypto Risk-Parity,XLM-USD,0.1
2021-09-01,Crypto Risk-Parity,XLM-USD,0.1
2021-10-01,Crypto Risk-Parity,XLM-USD,0.1
2021-11-01,Crypto Risk-Parity,XLM-USD,0.1
2021-12-01,Crypto Risk-Parity,XLM-USD,0.1
2022-01-01,Crypto Risk-Parity,XLM-USD,0.1
2022-02-01,Crypto Risk-Parity,XLM-USD,0.1
2022-03-01,Crypto Risk-Parity,XLM-USD,0.1
2022-04-01,Crypto Risk-Parity,XLM-USD,0.1
2022-05-01,Crypto Risk-Parity,XLM-USD,0.1
2022-06-01,Crypto Risk-Parity,XLM-USD,0.1
2022-07-01,Crypto Risk-Parity,XLM-USD,0.1
2022-08-01,Crypto Risk-Parity,XLM-USD,0.1
2022-09-01,Crypto Risk-Parity,XLM-USD,0.1
2022-10-01,Crypto Risk-Parity,XLM-USD,0.1
2022-11-01,Crypto Risk-Parity,XLM-USD,0.1
2022-12-01,Crypto Risk-Parity,XLM-USD,0.1
2023-01-01,Crypto Risk-Parity,XLM-USD,0.1
2023-02-01,Crypto Risk-Parity,XLM-USD,0.1
2023-03-01,Crypto Risk-Parity,XLM-USD,0.1
2023-04-01,Crypto Risk-Parity,XLM-USD,0.1
2023-05-01,Crypto Risk-Parity,XLM-USD,0.1
2023-06-01,Crypto Risk-Parity,XLM-USD,0.1
2023-07-01,Crypto Risk-Parity,XLM-USD,0.1
2023-08-01,Crypto Risk-Parity,XLM-USD,0.1
2023-09-01,Crypto Risk-Parity,XLM-USD,0.1
2023-10-01,Crypto Risk-Parity,XLM-USD,0.1
2023-11-01,Crypto Risk-Parity,XLM-USD,0.1
2023-12-01,Crypto Risk-Parity,XLM-USD,0.1
2020-10-01,Crypto Risk-Parity,XRP-USD,0.1
2020-11-01,Crypto Risk-Parity,XRP-USD,0.1
2020-12-01,Crypto Risk-Parity,XRP-USD,0.1
2021-01-01,Crypto Risk-Parity,XRP-USD,0.1
2021-02-01,Crypto Risk-Parity,XRP-USD,0.1
2021-03-01,Crypto Risk-Parity,XRP-USD,0.1
2021-04-01,Crypto Risk-Parity,XRP-USD,0.1
2021-05-01,Crypto Risk-Parity,XRP-USD,0.1
2021-06-01,Crypto Risk-Parity,XRP-USD,0.1
2021-07-01,Crypto Risk-Parity,XRP-USD,0.1
2021-08-01,Crypto Risk-Parity,XRP-USD,0.1
2021-09-01,Crypto Risk-Parity,XRP-USD,0.1
2021-10-01,Crypto Risk-Parity,XRP-USD,0.1
2021-11-01,Crypto Risk-Parity,XRP-USD,0.1
2021-12-01,Crypto Risk-Parity,XRP-USD,0.1
2022-01-01,Crypto Risk-Parity,XRP-USD,0.1
2022-02-01,Crypto Risk-Parity,XRP-USD,0.1
2022-03-01,Crypto Risk-Parity,XRP-USD,0.1
2022-04-01,Crypto Risk-Parity,XRP-USD,0.1
2022-05-01,Crypto Risk-Parity,XRP-USD,0.1
2022-06-01,Crypto Risk-Parity,XRP-USD,0.1
2022-07-01,Crypto Risk-Parity,XRP-USD,0.1
2022-08-01,Crypto Risk-Parity,XRP-USD,0.1
2022-09-01,Crypto Risk-Parity,XRP-USD,0.1
2022-10-01,Crypto Risk-Parity,XRP-USD,0.1
2022-11-01,Crypto Risk-Parity,XRP-USD,0.1
2022-12-01,Crypto Risk-Parity,XRP-USD,0.1
2023-01-01,Crypto Risk-Parity,XRP-USD,0.1
2023-02-01,Crypto Risk-Parity,XRP-USD,0.1
2023-03-01,Crypto Risk-Parity,XRP-USD,0.1
2023-04-01,Crypto Risk-Parity,XRP-USD,0.1
2023-05-01,Crypto Risk-Parity,XRP-USD,0.1
2023-06-01,Crypto Risk-Parity,XRP-USD,0.1
2023-07-01,Crypto Risk-Parity,XRP-USD,0.1
2023-08-01,Crypto Risk-Parity,XRP-USD,0.1
2023-09-01,Crypto Risk-Parity,XRP-USD,0.1
2023-10-01,Crypto Risk-Parity,XRP-USD,0.1
2023-11-01,Crypto Risk-Parity,XRP-USD,0.1
2023-12-01,Crypto Risk-Parity,XRP-USD,0.1
2021-01-04,Combined Min-Variance,ABBV,0.062194834305966694
2021-02-01,Combined Min-Variance,ABBV,0.06580000003721613
2021-03-01,Combined Min-Variance,ABBV,0.06773913697308676
2021-04-01,Combined Min-Variance,ABBV,0.0430156700214318
2021-05-03,Combined Min-Variance,ABBV,0.03261425024494281
2021-06-01,Combined Min-Variance,ABBV,0.0277183143881559
2021-07-01,Combined Min-Variance,ABBV,0.02390662097432858
2021-08-02,Combined Min-Variance,ABBV,0.02364853187335096
2021-09-01,Combined Min-Variance,ABBV,0.023414721734395967
2021-10-01,Combined Min-Variance,ABBV,0.022712134021472968
2021-11-01,Combined Min-Variance,ABBV,0.02305213317541691
2021-12-01,Combined Min-Variance,ABBV,0.020175581398383716
2022-01-03,Combined Min-Variance,ABBV,0.020768031858699066
2022-02-01,Combined Min-Variance,ABBV,0.02103790154693348
2022-03-01,Combined Min-Variance,ABBV,0.021199656407530226
2022-04-01,Combined Min-Variance,ABBV,0.021425763487162353
2022-05-02,Combined Min-Variance,ABBV,0.02221869458333625
2022-06-01,Combined Min-Variance,ABBV,0.03366826601062659
2022-07-01,Combined Min-Variance,ABBV,0.028010062143484202
2022-08-01,Combined Min-Variance,ABBV,0.028744736437885506
2022-09-01,Combined Min-Variance,ABBV,0.028587178518979853
2022-10-03,Combined Min-Variance,ABBV,0.04067054514923928
2022-11-01,Combined Min-Variance,ABBV,0.04434101558299303
2022-12-01,Combined Min-Variance,ABBV,0.041851475693769104
2023-01-03,Combined Min-Variance,ABBV,0.05243533286201174
2023-02-01,Combined Min-Variance,ABBV,0.051241132230094834
2023-03-01,Combined Min-Variance,ABBV,0.045282350229562986
2023-04-03,Combined Min-Variance,ABBV,0.060530614909002675
2023-05-01,Combined Min-Variance,ABBV,0.05290400733328966
2023-06-01,Combined Min-Variance,ABBV,0.05409161379575899
2023-07-03,Combined Min-Variance,ABBV,0.04338882586835691
2023-08-01,Combined Min-Variance,ABBV,0.0446082585790582
2023-09-01,Combined Min-Variance,ABBV,0.04698976147282468
2023-10-02,Combined Min-Variance,ABBV,0.03509813318200651
2023-11-01,Combined Min-Variance,ABBV,0.026342035722908736
2023-12-01,Combined Min-Variance,ABBV,0.016666666666666666
2021-01-04,Combined Min-Variance,ABT,0.029454611117794627
2021-02-01,Combined Min-Variance,ABT,0.026745393469797537
2021-03-01,Combined Min-Variance,ABT,0.027127917914496053
2021-04-01,Combined Min-Variance,ABT,0.036488775200548364
2021-05-03,Combined Min-Variance,ABT,0.028141045193400643
2021-06-01,Combined Min-Variance,ABT,0.027515635130635485
2021-07-01,Combined Min-Variance,ABT,0.02530447217074175
2021-08-02,Combined Min-Variance,ABT,0.025893101565846316
2021-09-01,Combined Min-Variance,ABT,0.025926644973592924
2021-10-01,Combined Min-Variance,ABT,0.026024411534455713
2021-11-01,Combined Min-Variance,ABT,0.0263832351412789
2021-12-01,Combined Min-Variance,ABT,0.020461516742493364
2022-01-03,Combined Min-Variance,ABT,0.021141518842817987
2022-02-01,Combined Min-Variance,ABT,0.02101390371893268
2022-03-01,Combined Min-Variance,ABT,0.02102839180198097
2022-04-01,Combined Min-Variance,ABT,0.020963475027283934
2022-05-02,Combined Min-Variance,ABT,0.021293575531084737
2022-06-01,Combined Min-Variance,ABT,0.024468560171214546
2022-07-01,Combined Min-Variance,ABT,0.022399386368917817
2022-08-01,Combined Min-Variance,ABT,0.021852245554751914
2022-09-01,Combined Min-Variance,ABT,0.021446724584654436
2022-10-03,Combined Min-Variance,ABT,0.02273427364259931
2022-11-01,Combined Min-Variance,ABT,0.0223540676943663
2022-12-01,Combined Min-Variance,ABT,0.021516835940622814
2023-01-03,Combined Min-Variance,ABT,0.018856315637563965
2023-02-01,Combined Min-Variance,ABT,0.01977861782889327
2023-03-01,Combined Min-Variance,ABT,0.021318986879797826
2023-04-03,Combined Min-Variance,ABT,0.020031845814648924
2023-05-01,Combined Min-Variance,ABT,0.022937542814597853
2023-06-01,Combined Min-Variance,ABT,0.025945148244587754
2023-07-03,Combined Min-Variance,ABT,0.026624432170204573
2023-08-01,Combined Min-Variance,ABT,0.027757319263084394
2023-09-01,Combined Min-Variance,ABT,0.028716604404994087
2023-10-02,Combined Min-Variance,ABT,0.024874819688771733
2023-11-01,Combined Min-Variance,ABT,0.022482975926174736
2023-12-01,Combined Min-Variance,ABT,0.016666666666666666
2021-01-04,Combined Min-Variance,ADA-USD,7.619824988219771e-19
2021-02-01,Combined Min-Variance,ADA-USD,7.986005672702553e-19
2021-03-01,Combined Min-Variance,ADA-USD,0.0
2021-04-01,Combined Min-Variance,ADA-USD,0.0
2021-05-03,Combined Min-Variance,ADA-USD,1.8993083982879593e-05
2021-06-01,Combined Min-Variance,ADA-USD,6.428744877733973e-05
2021-07-01,Combined Min-Variance,ADA-USD,0.0
2021-08-02,Combined Min-Variance,ADA-USD,9.761496357910455e-05
2021-09-01,Combined Min-Variance,ADA-USD,0.0007968114086273872
2021-10-01,Combined Min-Variance,ADA-USD,2.469948717653687e-19
2021-11-01,Combined Min-Variance,ADA-USD,1.6450440172543005e-19
2021-12-01,Combined Min-Variance,ADA-USD,0.002102958216710104
2022-01-03,Combined Min-Variance,ADA-USD,6.505213034913027e-19
2022-02-01,Combined Min-Variance,ADA-USD,0.0003762755710967412
2022-03-01,Combined Min-Variance,ADA-USD,3.2526065174565133e-19
2022-04-01,Combined Min-Variance,ADA-USD,0.0
2022-05-02,Combined Min-Variance,ADA-USD,0.0
2022-06-01,Combined Min-Variance,ADA-USD,1.9533273970648955e-19
2022-07-01,Combined Min-Variance,ADA-USD,1.0120784892100718e-18
2022-08-01,Combined Min-Variance,ADA-USD,0.0
2022-09-01,Combined Min-Variance,ADA-USD,0.0
2022-10-03,Combined Min-Variance,ADA-USD,4.675073274402771e-19
2022-11-01,Combined Min-Variance,ADA-USD,6.771687820763239e-19
2022-12-01,Combined Min-Variance,ADA-USD,0.0
2023-01-03,Combined Min-Variance,ADA-USD,0.0
2023-02-01,Combined Min-Variance,ADA-USD,0.0
2023-03-01,Combined Min-Variance,ADA-USD,6.488272375967941e-19
2023-04-03,Combined Min-Variance,ADA-USD,0.0
2023-05-01,Combined Min-Variance,ADA-USD,0.0
2023-06-01,Combined Min-Variance,ADA-USD,0.0
2023-07-03,Combined Min-Variance,ADA-USD,0.0
2023-08-01,Combined Min-Variance,ADA-USD,7.863453246026308e-19
2023-09-01,Combined Min-Variance,ADA-USD,5.466937448169155e-05
2023-10-02,Combined Min-Variance,ADA-USD,0.0
2023-11-01,Combined Min-Variance,ADA-USD,1.981124398335891e-05
2023-12-01,Combined Min-Variance,ADA-USD,0.016666666666666666
2021-01-04,Combined Min-Variance,ADBE,0.0
2021-02-01,Combined Min-Variance,ADBE,7.592511804083574e-18
2021-03-01,Combined Min-Variance,ADBE,3.67181561238017e-18
2021-04-01,Combined Min-Variance,ADBE,0.01991129557194052
2021-05-03,Combined Min-Variance,ADBE,0.023981505289100265
2021-06-01,Combined Min-Variance,ADBE,0.022061955004475987
2021-07-01,Combined Min-Variance,ADBE,0.022131326636096356
2021-08-02,Combined Min-Variance,ADBE,0.022428686623618188
2021-09-01,Combined Min-Variance,ADBE,0.021959658560443403
2021-10-01,Combined Min-Variance,ADBE,0.023050330062040235
2021-11-01,Combined Min-Variance,ADBE,0.02359834746369673
2021-12-01,Combined Min-Variance,ADBE,0.019769198708663636
2022-01-03,Combined Min-Variance,ADBE,0.019698127239569638
2022-02-01,Combined Min-Variance,ADBE,0.019220371891227408
2022-03-01,Combined Min-Variance,ADBE,0.018894634252590477
2022-04-01,Combined Min-Variance,ADBE,0.01851568365972901
2022-05-02,Combined Min-Variance,ADBE,0.018103693299628097
2022-06-01,Combined Min-Variance,ADBE,0.012586290595174332
2022-07-01,Combined Min-Variance,ADBE,0.014244229687476134
2022-08-01,Combined Min-Variance,ADBE,0.013338746824447183
2022-09-01,Combined Min-Variance,ADBE,0.012849917315373556
2022-10-03,Combined Min-Variance,ADBE,0.0
2022-11-01,Combined Min-Variance,ADBE,3.929891061764632e-18
2022-12-01,Combined Min-Variance,ADBE,9.53458653505711e-18
2023-01-03,Combined Min-Variance,ADBE,0.0
2023-02-01,Combined Min-Variance,ADBE,1.0209731237559527e-18
2023-03-01,Combined Min-Variance,ADBE,0.0
2023-04-03,Combined Min-Variance,ADBE,0.0
2023-05-01,Combined Min-Variance,ADBE,3.6132972221360786e-18
2023-06-01,Combined Min-Variance,ADBE,1.2720581141920365e-18
2023-07-03,Combined Min-Variance,ADBE,0.0
2023-08-01,Combined Min-Variance,ADBE,2.168404344971009e-18
2023-09-01,Combined Min-Variance,ADBE,0.0
2023-10-02,Combined Min-Variance,ADBE,0.009737717290149907
2023-11-01,Combined Min-Variance,ADBE,0.014106001341048103
2023-12-01,Combined Min-Variance,ADBE,0.016666666666666666
2021-01-04,Combined Min-Variance,AEP,0.04130905832469254
2021-02-01,Combined Min-Variance,AEP,0.04206381776556764
2021-03-01,Combined Min-Variance,AEP,0.041955048002288275
2021-04-01,Combined Min-Variance,AEP,0.031228490428576585
2021-05-03,Combined Min-Variance,AEP,0.03191937521276012
2021-06-01,Combined Min-Variance,AEP,0.03230386325565921
2021-07-01,Combined Min-Variance,AEP,0.027449730919511448
2021-08-02,Combined Min-Variance,AEP,0.027373346304570077
2021-09-01,Combined Min-Variance,AEP,0.027596638685101593
2021-10-01,Combined Min-Variance,AEP,0.02638410039743821
2021-11-01,Combined Min-Variance,AEP,0.026108550569766326
2021-12-01,Combined Min-Variance,AEP,0.020732496889265935
2022-01-03,Combined Min-Variance,AEP,0.021484923289579124
2022-02-01,Combined Min-Variance,AEP,0.021496158090932412
2022-03-01,Combined Min-Variance,AEP,0.0215187904812539
2022-04-01,Combined Min-Variance,AEP,0.021830968983182156
2022-05-02,Combined Min-Variance,AEP,0.02270307389791467
2022-06-01,Combined Min-Variance,AEP,0.0333427685583467
2022-07-01,Combined Min-Variance,AEP,0.027633123128289902
2022-08-01,Combined Min-Variance,AEP,0.027746850425247323
2022-09-01,Combined Min-Variance,AEP,0.027581713262242038
2022-10-03,Combined Min-Variance,AEP,0.03493583906131009
2022-11-01,Combined Min-Variance,AEP,0.03414159590381331
2022-12-01,Combined Min-Variance,AEP,0.03264422661467239
2023-01-03,Combined Min-Variance,AEP,0.03587529968816619
2023-02-01,Combined Min-Variance,AEP,0.03446692323150673
2023-03-01,Combined Min-Variance,AEP,0.03182604237765967
2023-04-03,Combined Min-Variance,AEP,0.03453017931061608
2023-05-01,Combined Min-Variance,AEP,0.032900234615528635
2023-06-01,Combined Min-Variance,AEP,0.03059834083437065
2023-07-03,Combined Min-Variance,AEP,0.028669044469057624
2023-08-01,Combined Min-Variance,AEP,0.027755137202146587
2023-09-01,Combined Min-Variance,AEP,0.0278320643940934
2023-10-02,Combined Min-Variance,AEP,0.02547284685169618
2023-11-01,Combined Min-Variance,AEP,0.022858183824906134
2023-12-01,Combined Min-Variance,AEP,0.016666666666666666
2021-01-04,Combined Min-Variance,AMD,2.037438878656198e-18
2021-02-01,Combined Min-Variance,AMD,0.0
2021-03-01,Combined Min-Variance,AMD,7.0972788221596515e-19
2021-04-01,Combined Min-Variance,AMD,0.008475530476001386
2021-05-03,Combined Min-Variance,AMD,0.016244234085318277
2021-06-01,Combined Min-Variance,AMD,0.01710790478025708
2021-07-01,Combined Min-Variance,AMD,0.01894114404988637
2021-08-02,Combined Min-Variance,AMD,0.018388526382363213
2021-09-01,Combined Min-Variance,AMD,0.018881476949732606
2021-10-01,Combined Min-Variance,AMD,0.01970331362661809
2021-11-01,Combined Min-Variance,AMD,0.020419155211040416
2021-12-01,Combined Min-Variance,AMD,0.018854573224642724
2022-01-03,Combined Min-Variance,AMD,0.01836911906075909
2022-02-01,Combined Min-Variance,AMD,0.01727068876727433
2022-03-01,Combined Min-Variance,AMD,0.016317137192332343
2022-04-01,Combined Min-Variance,AMD,0.015595408878672699
2022-05-02,Combined Min-Variance,AMD,0.014173366138904067
2022-06-01,Combined Min-Variance,AMD,0.0
2022-07-01,Combined Min-Variance,AMD,0.0005549333574723521
2022-08-01,Combined Min-Variance,AMD,8.239936510889834e-18
2022-09-01,Combined Min-Variance,AMD,8.456776945386935e-18
2022-10-03,Combined Min-Variance,AMD,8.328348237403466e-19
2022-11-01,Combined Min-Variance,AMD,7.104249054659081e-19
2022-12-01,Combined Min-Variance,AMD,0.0
2023-01-03,Combined Min-Variance,AMD,0.0
2023-02-01,Combined Min-Variance,AMD,0.0
2023-03-01,Combined Min-Variance,AMD,5.253933766917363e-19
2023-04-03,Combined Min-Variance,AMD,4.136266613376098e-20
2023-05-01,Combined Min-Variance,AMD,0.0
2023-06-01,Combined Min-Variance,AMD,1.3135185502001456e-19
2023-07-03,Combined Min-Variance,AMD,6.5894733144260065e-06
2023-08-01,Combined Min-Variance,AMD,4.743384504624082e-20
2023-09-01,Combined Min-Variance,AMD,0.0
2023-10-02,Combined Min-Variance,AMD,3.686287386450715e-18
2023-11-01,Combined Min-Variance,AMD,0.010814111464486941
2023-12-01,Combined Min-Variance,AMD,0.016666666666666666
2021-01-04,Combined Min-Variance,AMGN,0.038042436105032114
2021-02-01,Combined Min-Variance,AMGN,0.036224931894809805
2021-03-01,Combined Min-Variance,AMGN,0.03954598923578076
2021-04-01,Combined Min-Variance,AMGN,0.04059691378017582
2021-05-03,Combined Min-Variance,AMGN,0.031056481548962137
2021-06-01,Combined Min-Variance,AMGN,0.02798596884892122
2021-07-01,Combined Min-Variance,AMGN,0.02388920062998781
2021-08-02,Combined Min-Variance,AMGN,0.02398304146611004
2021-09-01,Combined Min-Variance,AMGN,0.023242704768420375
2021-10-01,Combined Min-Variance,AMGN,0.023589811135317877
2021-11-01,Combined Min-Variance,AMGN,0.023457683818325137
2021-12-01,Combined Min-Variance,AMGN,0.0202263139690847
2022-01-03,Combined Min-Variance,AMGN,0.02065398490135279
2022-02-01,Combined Min-Variance,AMGN,0.02069310862349083
2022-03-01,Combined Min-Variance,AMGN,0.0205808907036607
2022-04-01,Combined Min-Variance,AMGN,0.02091476874134437
2022-05-02,Combined Min-Variance,AMGN,0.02196682649739893
2022-06-01,Combined Min-Variance,AMGN,0.03253146452723177
2022-07-01,Combined Min-Variance,AMGN,0.028104041457633976
2022-08-01,Combined Min-Variance,AMGN,0.028136007371904376
2022-09-01,Combined Min-Variance,AMGN,0.028368706847043953
2022-10-03,Combined Min-Variance,AMGN,0.040555371490085555
2022-11-01,Combined Min-Variance,AMGN,0.04426368564219147
2022-12-01,Combined Min-Variance,AMGN,0.04322112317649885
2023-01-03,Combined Min-Variance,AMGN,0.05547338261534848
2023-02-01,Combined Min-Variance,AMGN,0.05464193069112458
2023-03-01,Combined Min-Variance,AMGN,0.04771355609136742
2023-04-03,Combined Min-Variance,AMGN,0.06539016400450713
2023-05-01,Combined Min-Variance,AMGN,0.05525156907796373
2023-06-01,Combined Min-Variance,AMGN,0.05272311096701715
2023-07-03,Combined Min-Variance,AMGN,0.04078979740163901
2023-08-01,Combined Min-Variance,AMGN,0.04132751290053276
2023-09-01,Combined Min-Variance,AMGN,0.04391510006927539
2023-10-02,Combined Min-Variance,AMGN,0.03460565857319989
2023-11-01,Combined Min-Variance,AMGN,0.025815108155729915
2023-12-01,Combined Min-Variance,AMGN,0.016666666666666666
2021-01-04,Combined Min-Variance,AMT,0.0
2021-02-01,Combined Min-Variance,AMT,7.616627264598742e-18
2021-03-01,Combined Min-Variance,AMT,9.673089608885988e-19
2021-04-01,Combined Min-Variance,AMT,0.021910262348895895
2021-05-03,Combined Min-Variance,AMT,0.026072980416945897
2021-06-01,Combined Min-Variance,AMT,0.02601073524830316
2021-07-01,Combined Min-Variance,AMT,0.02521531561562866
2021-08-02,Combined Min-Variance,AMT,0.025761057996899882
2021-09-01,Combined Min-Variance,AMT,0.026046947931806414
2021-10-01,Combined Min-Variance,AMT,0.026196597302837528
2021-11-01,Combined Min-Variance,AMT,0.025993217515996647
2021-12-01,Combined Min-Variance,AMT,0.020368812638496797
2022-01-03,Combined Min-Variance,AMT,0.02093594898824442
2022-02-01,Combined Min-Variance,AMT,0.020493488996610652
2022-03-01,Combined Min-Variance,AMT,0.020406424054744503
2022-04-01,Combined Min-Variance,AMT,0.02069916779894496
2022-05-02,Combined Min-Variance,AMT,0.02126919389258785
2022-06-01,Combined Min-Variance,AMT,0.024616669190031353
2022-07-01,Combined Min-Variance,AMT,0.02221015750717093
2022-08-01,Combined Min-Variance,AMT,0.02181707934229824
2022-09-01,Combined Min-Variance,AMT,0.021626872465848934
2022-10-03,Combined Min-Variance,AMT,0.02111861688042601
2022-11-01,Combined Min-Variance,AMT,0.019003076912896873
2022-12-01,Combined Min-Variance,AMT,0.01697495943569088
2023-01-03,Combined Min-Variance,AMT,0.012653516494217889
2023-02-01,Combined Min-Variance,AMT,0.013230933421797476
2023-03-01,Combined Min-Variance,AMT,0.015390176356730904
2023-04-03,Combined Min-Variance,AMT,0.0063580534083872535
2023-05-01,Combined Min-Variance,AMT,0.011478436566861155
2023-06-01,Combined Min-Variance,AMT,0.009538921830236741
2023-07-03,Combined Min-Variance,AMT,0.015079697920511994
2023-08-01,Combined Min-Variance,AMT,0.0143308573197191
2023-09-01,Combined Min-Variance,AMT,0.012406866354642155
2023-10-02,Combined Min-Variance,AMT,0.014832216544891365
2023-11-01,Combined Min-Variance,AMT,0.017639489170418524
2023-12-01,Combined Min-Variance,AMT,0.016666666666666666
2021-01-04,Combined Min-Variance,BA,6.288822657227953e-20
2021-02-01,Combined Min-Variance,BA,2.8787627052750098e-19
2021-03-01,Combined Min-Variance,BA,0.0
2021-04-01,Combined Min-Variance,BA,0.0
2021-05-03,Combined Min-Variance,BA,0.0
2021-06-01,Combined Min-Variance,BA,1.460212528751706e-18
2021-07-01,Combined Min-Variance,BA,0.007260641684631449
2021-08-02,Combined Min-Variance,BA,0.007118090712778563
2021-09-01,Combined Min-Variance,BA,0.007100238973271776
2021-10-01,Combined Min-Variance,BA,0.008908303909881066
2021-11-01,Combined Min-Variance,BA,0.010187319448218796
2021-12-01,Combined Min-Variance,BA,0.018310382137006802
2022-01-03,Combined Min-Variance,BA,0.017630258844511776
2022-02-01,Combined Min-Variance,BA,0.01756166284582899
2022-03-01,Combined Min-Variance,BA,0.017816831054649516
2022-04-01,Combined Min-Variance,BA,0.01725626214526314
2022-05-02,Combined Min-Variance,BA,0.016572510368967164
2022-06-01,Combined Min-Variance,BA,0.0018537133214019787
2022-07-01,Combined Min-Variance,BA,0.00904047774985776
2022-08-01,Combined Min-Variance,BA,0.009540241299413965
2022-09-01,Combined Min-Variance,BA,0.009800531922079652
2022-10-03,Combined Min-Variance,BA,0.0
2022-11-01,Combined Min-Variance,BA,0.0
2022-12-01,Combined Min-Variance,BA,6.288372600415926e-18
2023-01-03,Combined Min-Variance,BA,0.0003162629013885818
2023-02-01,Combined Min-Variance,BA,1.7334673172435217e-18
2023-03-01,Combined Min-Variance,BA,0.0
2023-04-03,Combined Min-Variance,BA,2.710505431213761e-20
2023-05-01,Combined Min-Variance,BA,0.00013111089914838084
2023-06-01,Combined Min-Variance,BA,4.9219448380495145e-05
2023-07-03,Combined Min-Variance,BA,0.011312142179981343
2023-08-01,Combined Min-Variance,BA,0.011162214713051228
2023-09-01,Combined Min-Variance,BA,0.009839846875057179
2023-10-02,Combined Min-Variance,BA,0.01661087710521788
2023-11-01,Combined Min-Variance,BA,0.018189569637179933
2023-12-01,Combined Min-Variance,BA,0.016666666666666666
2021-01-04,Combined Min-Variance,BCH-USD,0.0
2021-02-01,Combined Min-Variance,BCH-USD,1.6047643427630656e-18
2021-03-01,Combined Min-Variance,BCH-USD,0.0
2021-04-01,Combined Min-Variance,BCH-USD,0.0
2021-05-03,Combined Min-Variance,BCH-USD,0.0
2021-06-01,Combined Min-Variance,BCH-USD,0.0
2021-07-01,Combined Min-Variance,BCH-USD,7.053776674283465e-19
2021-08-02,Combined Min-Variance,BCH-USD,8.271761126526771e-19
2021-09-01,Combined Min-Variance,BCH-USD,0.0
2021-10-01,Combined Min-Variance,BCH-USD,0.0008642674248779429
2021-11-01,Combined Min-Variance,BCH-USD,3.8622378569814533e-19
2021-12-01,Combined Min-Variance,BCH-USD,5.72594272343907e-19
2022-01-03,Combined Min-Variance,BCH-USD,3.303195625368489e-19
2022-02-01,Combined Min-Variance,BCH-USD,0.0
2022-03-01,Combined Min-Variance,BCH-USD,2.0803641970937325e-19
2022-04-01,Combined Min-Variance,BCH-USD,0.0
2022-05-02,Combined Min-Variance,BCH-USD,0.0
2022-06-01,Combined Min-Variance,BCH-USD,1.034250888339897e-18
2022-07-01,Combined Min-Variance,BCH-USD,0.0
2022-08-01,Combined Min-Variance,BCH-USD,0.0
2022-09-01,Combined Min-Variance,BCH-USD,0.0
2022-10-03,Combined Min-Variance,BCH-USD,4.397365935003889e-19
2022-11-01,Combined Min-Variance,BCH-USD,0.0
2022-12-01,Combined Min-Variance,BCH-USD,0.0
2023-01-03,Combined Min-Variance,BCH-USD,0.0
2023-02-01,Combined Min-Variance,BCH-USD,0.0
2023-03-01,Combined Min-Variance,BCH-USD,6.922588673008334e-19
2023-04-03,Combined Min-Variance,BCH-USD,0.0
2023-05-01,Combined Min-Variance,BCH-USD,0.0
2023-06-01,Combined Min-Variance,BCH-USD,0.0
2023-07-03,Combined Min-Variance,BCH-USD,0.0
2023-08-01,Combined Min-Variance,BCH-USD,0.0
2023-09-01,Combined Min-Variance,BCH-USD,0.0
2023-10-02,Combined Min-Variance,BCH-USD,0.0
2023-11-01,Combined Min-Variance,BCH-USD,0.0013745579905342338
2023-12-01,Combined Min-Variance,BCH-USD,0.016666666666666666
2021-01-04,Combined Min-Variance,BTC-USD,0.011929208560335929
2021-02-01,Combined Min-Variance,BTC-USD,0.0011291758128714959
2021-03-01,Combined Min-Variance,BTC-USD,2.826795606709662e-19
2021-04-01,Combined Min-Variance,BTC-USD,0.003816052567690622
2021-05-03,Combined Min-Variance,BTC-USD,0.005342520554218279
2021-06-01,Combined Min-Variance,BTC-USD,5.5763295919603615e-05
2021-07-01,Combined Min-Variance,BTC-USD,0.002006103639996272
2021-08-02,Combined Min-Variance,BTC-USD,0.0015469941479643707
2021-09-01,Combined Min-Variance,BTC-USD,0.0014993972485771064
2021-10-01,Combined Min-Variance,BTC-USD,0.0008445214794028447
2021-11-01,Combined Min-Variance,BTC-USD,2.0599841277224584e-18
2021-12-01,Combined Min-Variance,BTC-USD,0.008822678298495907
2022-01-03,Combined Min-Variance,BTC-USD,0.00730550292018822
2022-02-01,Combined Min-Variance,BTC-USD,0.008021935107999166
2022-03-01,Combined Min-Variance,BTC-USD,0.00848016842954602
2022-04-01,Combined Min-Variance,BTC-USD,0.00833089830530526
2022-05-02,Combined Min-Variance,BTC-USD,0.006758361547311813
2022-06-01,Combined Min-Variance,BTC-USD,0.0
2022-07-01,Combined Min-Variance,BTC-USD,0.0
2022-08-01,Combined Min-Variance,BTC-USD,5.9631119486702744e-18
2022-09-01,Combined Min-Variance,BTC-USD,6.938893903907228e-18
2022-10-03,Combined Min-Variance,BTC-USD,4.412610014034534e-19
2022-11-01,Combined Min-Variance,BTC-USD,3.4111854046303315e-19
2022-12-01,Combined Min-Variance,BTC-USD,0.0
2023-01-03,Combined Min-Variance,BTC-USD,0.0
2023-02-01,Combined Min-Variance,BTC-USD,0.0
2023-03-01,Combined Min-Variance,BTC-USD,8.099964469691812e-19
2023-04-03,Combined Min-Variance,BTC-USD,0.0
2023-05-01,Combined Min-Variance,BTC-USD,0.0
2023-06-01,Combined Min-Variance,BTC-USD,0.0
2023-07-03,Combined Min-Variance,BTC-USD,0.0
2023-08-01,Combined Min-Variance,BTC-USD,0.0002464839672429234
2023-09-01,Combined Min-Variance,BTC-USD,0.0
2023-10-02,Combined Min-Variance,BTC-USD,0.005495280733273666
2023-11-01,Combined Min-Variance,BTC-USD,0.009370162871092914
2023-12-01,Combined Min-Variance,BTC-USD,0.016666666666666666
2021-01-04,Combined Min-Variance,CAT,0.009624048062885228
2021-02-01,Combined Min-Variance,CAT,0.005892473550731138
2021-03-01,Combined Min-Variance,CAT,0.008007838448809746
2021-04-01,Combined Min-Variance,CAT,0.009700068665215151
2021-05-03,Combined Min-Variance,CAT,0.013966529218775179
2021-06-01,Combined Min-Variance,CAT,0.01628070960467199
2021-07-01,Combined Min-Variance,CAT,0.018396508727924095
2021-08-02,Combined Min-Variance,CAT,0.018258780293768838
2021-09-01,Combined Min-Variance,CAT,0.01772359626695924
2021-10-01,Combined Min-Variance,CAT,0.01694468048054449
2021-11-01,Combined Min-Variance,CAT,0.016942882034727085
2021-12-01,Combined Min-Variance,CAT,0.018863341471731934
2022-01-03,Combined Min-Variance,CAT,0.01882055641995467
2022-02-01,Combined Min-Variance,CAT,0.019255231862712736
2022-03-01,Combined Min-Variance,CAT,0.019154596961865222
2022-04-01,Combined Min-Variance,CAT,0.0194851869509531
2022-05-02,Combined Min-Variance,CAT,0.019615376834452133
2022-06-01,Combined Min-Variance,CAT,0.017860618792173606
2022-07-01,Combined Min-Variance,CAT,0.01901490169927558
2022-08-01,Combined Min-Variance,CAT,0.01839276857956658
2022-09-01,Combined Min-Variance,CAT,0.018205786593408695
2022-10-03,Combined Min-Variance,CAT,0.014703574653266336
2022-11-01,Combined Min-Variance,CAT,0.01343366565888894
2022-12-01,Combined Min-Variance,CAT,0.01625735748285269
2023-01-03,Combined Min-Variance,CAT,0.013084695672276077
2023-02-01,Combined Min-Variance,CAT,0.012233306279615806
2023-03-01,Combined Min-Variance,CAT,0.01552084633660202
2023-04-03,Combined Min-Variance,CAT,0.005715904352610492
2023-05-01,Combined Min-Variance,CAT,0.011785325920543316
2023-06-01,Combined Min-Variance,CAT,0.008397406796494492
2023-07-03,Combined Min-Variance,CAT,0.010454688007421598
2023-08-01,Combined Min-Variance,CAT,0.011533796750578515
2023-09-01,Combined Min-Variance,CAT,0.012697584949575284
2023-10-02,Combined Min-Variance,CAT,0.01650336873608405
2023-11-01,Combined Min-Variance,CAT,0.018163355497850246
2023-12-01,Combined Min-Variance,CAT,0.016666666666666666
2021-01-04,Combined Min-Variance,CCI,0.010948736506325768
2021-02-01,Combined Min-Variance,CCI,0.0048784262932364975
2021-03-01,Combined Min-Variance,CCI,0.007043189678801173
2021-04-01,Combined Min-Variance,CCI,0.028041587964331535
2021-05-03,Combined Min-Variance,CCI,0.026871383619523664
2021-06-01,Combined Min-Variance,CCI,0.027866619872746187
2021-07-01,Combined Min-Variance,CCI,0.02643429523575362
2021-08-02,Combined Min-Variance,CCI,0.027117581028082385
2021-09-01,Combined Min-Variance,CCI,0.02736433976051457
2021-10-01,Combined Min-Variance,CCI,0.027772707397480143
2021-11-01,Combined Min-Variance,CCI,0.027178317503821554
2021-12-01,Combined Min-Variance,CCI,0.02060137685438182
2022-01-03,Combined Min-Variance,CCI,0.021246811394325653
2022-02-01,Combined Min-Variance,CCI,0.02075517506728052
2022-03-01,Combined Min-Variance,CCI,0.020638742764533036
2022-04-01,Combined Min-Variance,CCI,0.02100299240203529
2022-05-02,Combined Min-Variance,CCI,0.021604666864536395
2022-06-01,Combined Min-Variance,CCI,0.026906751537124806
2022-07-01,Combined Min-Variance,CCI,0.023361049158414797
2022-08-01,Combined Min-Variance,CCI,0.022915120110074152
2022-09-01,Combined Min-Variance,CCI,0.022736679642281148
2022-10-03,Combined Min-Variance,CCI,0.022809116150977277
2022-11-01,Combined Min-Variance,CCI,0.022281968056644896
2022-12-01,Combined Min-Variance,CCI,0.020036801439969804
2023-01-03,Combined Min-Variance,CCI,0.01716557650865823
2023-02-01,Combined Min-Variance,CCI,0.01643465210487114
2023-03-01,Combined Min-Variance,CCI,0.018262202992914103
2023-04-03,Combined Min-Variance,CCI,0.011225247173246623
2023-05-01,Combined Min-Variance,CCI,0.01416087666830899
2023-06-01,Combined Min-Variance,CCI,0.010519126952713516
2023-07-03,Combined Min-Variance,CCI,0.01601253117822043
2023-08-01,Combined Min-Variance,CCI,0.01564222905391204
2023-09-01,Combined Min-Variance,CCI,0.014316218820163124
2023-10-02,Combined Min-Variance,CCI,0.01648049843710513
2023-11-01,Combined Min-Variance,CCI,0.01810294769684906
2023-12-01,Combined Min-Variance,CCI,0.016666666666666666
2021-01-04,Combined Min-Variance,CMCSA,0.02260111382395906
2021-02-01,Combined Min-Variance,CMCSA,0.01872461478211041
2021-03-01,Combined Min-Variance,CMCSA,0.019411953220651833
2021-04-01,Combined Min-Variance,CMCSA,0.017895579410854345
2021-05-03,Combined Min-Variance,CMCSA,0.020302771492815366
2021-06-01,Combined Min-Variance,CMCSA,0.020287892888377092
2021-07-01,Combined Min-Variance,CMCSA,0.019286775881451806
2021-08-02,Combined Min-Variance,CMCSA,0.019545985438266904
2021-09-01,Combined Min-Variance,CMCSA,0.019355145159198436
2021-10-01,Combined Min-Variance,CMCSA,0.018582392037735623
2021-11-01,Combined Min-Variance,CMCSA,0.018454987600879335
2021-12-01,Combined Min-Variance,CMCSA,0.01937640749192014
2022-01-03,Combined Min-Variance,CMCSA,0.01958147433823169
2022-02-01,Combined Min-Variance,CMCSA,0.019762591625798243
2022-03-01,Combined Min-Variance,CMCSA,0.019598738411286447
2022-04-01,Combined Min-Variance,CMCSA,0.019551710303754553
2022-05-02,Combined Min-Variance,CMCSA,0.019946911615315654
2022-06-01,Combined Min-Variance,CMCSA,0.022815178896458156
2022-07-01,Combined Min-Variance,CMCSA,0.022307391311788854
2022-08-01,Combined Min-Variance,CMCSA,0.023068586182139018
2022-09-01,Combined Min-Variance,CMCSA,0.02301296385706815
2022-10-03,Combined Min-Variance,CMCSA,0.023763649472799957
2022-11-01,Combined Min-Variance,CMCSA,0.02484607886716247
2022-12-01,Combined Min-Variance,CMCSA,0.023957231375093264
2023-01-03,Combined Min-Variance,CMCSA,0.023441439622212783
2023-02-01,Combined Min-Variance,CMCSA,0.022566590305755436
2023-03-01,Combined Min-Variance,CMCSA,0.022788394490443696
2023-04-03,Combined Min-Variance,CMCSA,0.02182769189380599
2023-05-01,Combined Min-Variance,CMCSA,0.02133494625210247
2023-06-01,Combined Min-Variance,CMCSA,0.01798784525968371
2023-07-03,Combined Min-Variance,CMCSA,0.01857360436423147
2023-08-01,Combined Min-Variance,CMCSA,0.017112941365794318
2023-09-01,Combined Min-Variance,CMCSA,0.016375845652650337
2023-10-02,Combined Min-Variance,CMCSA,0.020338097921508848
2023-11-01,Combined Min-Variance,CMCSA,0.01984116757995896
2023-12-01,Combined Min-Variance,CMCSA,0.016666666666666666
2021-01-04,Combined Min-Variance,COP,0.0
2021-02-01,Combined Min-Variance,COP,1.3437401168535196e-18
2021-03-01,Combined Min-Variance,COP,0.0
2021-04-01,Combined Min-Variance,COP,1.6031006094786959e-19
2021-05-03,Combined Min-Variance,COP,8.673617379884035e-19
2021-06-01,Combined Min-Variance,COP,0.0
2021-07-01,Combined Min-Variance,COP,0.007781567229996199
2021-08-02,Combined Min-Variance,COP,0.007743891912325225
2021-09-01,Combined Min-Variance,COP,0.007863002883939067
2021-10-01,Combined Min-Variance,COP,0.008717861583233337
2021-11-01,Combined Min-Variance,COP,0.01010432551976693
2021-12-01,Combined Min-Variance,COP,0.018346813279942434
2022-01-03,Combined Min-Variance,COP,0.017899355492612772
2022-02-01,Combined Min-Variance,COP,0.018378425965012875
2022-03-01,Combined Min-Variance,COP,0.01849894637237125
2022-04-01,Combined Min-Variance,COP,0.019056551354930104
2022-05-02,Combined Min-Variance,COP,0.018497014684557323
2022-06-01,Combined Min-Variance,COP,0.01210167390209746
2022-07-01,Combined Min-Variance,COP,0.01652782342478171
2022-08-01,Combined Min-Variance,COP,0.01642832308279485
2022-09-01,Combined Min-Variance,COP,0.01746266923652443
2022-10-03,Combined Min-Variance,COP,0.012021439797106397
2022-11-01,Combined Min-Variance,COP,0.011381547700910809
2022-12-01,Combined Min-Variance,COP,0.01483081419185812
2023-01-03,Combined Min-Variance,COP,0.010517939800194656
2023-02-01,Combined Min-Variance,COP,0.012718737777103192
2023-03-01,Combined Min-Variance,COP,0.014675025956916582
2023-04-03,Combined Min-Variance,COP,0.005766280037341084
2023-05-01,Combined Min-Variance,COP,0.009999020651671364
2023-06-01,Combined Min-Variance,COP,0.011256167632028146
2023-07-03,Combined Min-Variance,COP,0.0156256502872012
2023-08-01,Combined Min-Variance,COP,0.015394943792262724
2023-09-01,Combined Min-Variance,COP,0.013606358804934673
2023-10-02,Combined Min-Variance,COP,0.0170618342495122
2023-11-01,Combined Min-Variance,COP,0.018602265373034717
2023-12-01,Combined Min-Variance,COP,0.016666666666666666
2021-01-04,Combined Min-Variance,CVX,0.0
2021-02-01,Combined Min-Variance,CVX,0.0
2021-03-01,Combined Min-Variance,CVX,0.0
2021-04-01,Combined Min-Variance,CVX,0.00032936056764180444
2021-05-03,Combined Min-Variance,CVX,0.00809872751729026
2021-06-01,Combined Min-Variance,CVX,0.008506059567240832
2021-07-01,Combined Min-Variance,CVX,0.012701394034843648
2021-08-02,Combined Min-Variance,CVX,0.012951368944378698
2021-09-01,Combined Min-Variance,CVX,0.013064311640573131
2021-10-01,Combined Min-Variance,CVX,0.013305043334304564
2021-11-01,Combined Min-Variance,CVX,0.013503253206648512
2021-12-01,Combined Min-Variance,CVX,0.019014373822122323
2022-01-03,Combined Min-Variance,CVX,0.01897326914409186
2022-02-01,Combined Min-Variance,CVX,0.019534566344594325
2022-03-01,Combined Min-Variance,CVX,0.01962540283470187
2022-04-01,Combined Min-Variance,CVX,0.020272897527692214
2022-05-02,Combined Min-Variance,CVX,0.020290929967736914
2022-06-01,Combined Min-Variance,CVX,0.022030843947933903
2022-07-01,Combined Min-Variance,CVX,0.02173517097554802
2022-08-01,Combined Min-Variance,CVX,0.021619828243273714
2022-09-01,Combined Min-Variance,CVX,0.022189304396076286
2022-10-03,Combined Min-Variance,CVX,0.02490470518486982
2022-11-01,Combined Min-Variance,CVX,0.025502591387935983
2022-12-01,Combined Min-Variance,CVX,0.02525732942913295
2023-01-03,Combined Min-Variance,CVX,0.026009824854988234
2023-02-01,Combined Min-Variance,CVX,0.02575730165488173
2023-03-01,Combined Min-Variance,CVX,0.025140965200923
2023-04-03,Combined Min-Variance,CVX,0.02221135572993656
2023-05-01,Combined Min-Variance,CVX,0.02274391546256499
2023-06-01,Combined Min-Variance,CVX,0.02333627478087699
2023-07-03,Combined Min-Variance,CVX,0.0223532906029612
2023-08-01,Combined Min-Variance,CVX,0.02294711770131214
2023-09-01,Combined Min-Variance,CVX,0.022862527936843003
2023-10-02,Combined Min-Variance,CVX,0.022507507344432562
2023-11-01,Combined Min-Variance,CVX,0.0211285915648477
2023-12-01,Combined Min-Variance,CVX,0.016666666666666666
2021-01-04,Combined Min-Variance,D,0.006294641217399524
2021-02-01,Combined Min-Variance,D,0.0
2021-03-01,Combined Min-Variance,D,0.0
2021-04-01,Combined Min-Variance,D,0.0388637039393871
2021-05-03,Combined Min-Variance,D,0.034509262716842785
2021-06-01,Combined Min-Variance,D,0.03326495878090194
2021-07-01,Combined Min-Variance,D,0.02737947062837137
2021-08-02,Combined Min-Variance,D,0.02714689210997121
2021-09-01,Combined Min-Variance,D,0.0272321564404387
2021-10-01,Combined Min-Variance,D,0.026314079631013357
2021-11-01,Combined Min-Variance,D,0.025997161418891607
2021-12-01,Combined Min-Variance,D,0.020865546142781164
2022-01-03,Combined Min-Variance,D,0.021548700969843286
2022-02-01,Combined Min-Variance,D,0.021520853786441592
2022-03-01,Combined Min-Variance,D,0.021668342422747573
2022-04-01,Combined Min-Variance,D,0.02202660207027628
2022-05-02,Combined Min-Variance,D,0.023091842216411092
2022-06-01,Combined Min-Variance,D,0.03384118252156933
2022-07-01,Combined Min-Variance,D,0.02853224792720055
2022-08-01,Combined Min-Variance,D,0.028393672410182254
2022-09-01,Combined Min-Variance,D,0.02841452849463642
2022-10-03,Combined Min-Variance,D,0.03666383658445489
2022-11-01,Combined Min-Variance,D,0.03671953341784009
2022-12-01,Combined Min-Variance,D,0.03539858913085434
2023-01-03,Combined Min-Variance,D,0.040938433988410565
2023-02-01,Combined Min-Variance,D,0.03955856784113514
2023-03-01,Combined Min-Variance,D,0.03592012210763843
2023-04-03,Combined Min-Variance,D,0.04195773033450494
2023-05-01,Combined Min-Variance,D,0.03800888829651896
2023-06-01,Combined Min-Variance,D,0.035356758914102004
2023-07-03,Combined Min-Variance,D,0.030692099817835224
2023-08-01,Combined Min-Variance,D,0.02945428748766696
2023-09-01,Combined Min-Variance,D,0.02879532862303412
2023-10-02,Combined Min-Variance,D,0.025109908313235278
2023-11-01,Combined Min-Variance,D,0.02248014920441576
2023-12-01,Combined Min-Variance,D,0.016666666666666666
2021-01-04,Combined Min-Variance,DD,2.62845316304589e-18
2021-02-01,Combined Min-Variance,DD,0.0
2021-03-01,Combined Min-Variance,DD,0.0
2021-04-01,Combined Min-Variance,DD,0.0014574475390128445
2021-05-03,Combined Min-Variance,DD,0.011274673213628518
2021-06-01,Combined Min-Variance,DD,0.011716481645897572
2021-07-01,Combined Min-Variance,DD,0.014582273297330294
2021-08-02,Combined Min-Variance,DD,0.014074827846184822
2021-09-01,Combined Min-Variance,DD,0.014509895715838751
2021-10-01,Combined Min-Variance,DD,0.01568964577950038
2021-11-01,Combined Min-Variance,DD,0.015168652365218539
2021-12-01,Combined Min-Variance,DD,0.018363080518136836
2022-01-03,Combined Min-Variance,DD,0.018290711738529575
2022-02-01,Combined Min-Variance,DD,0.018489032165769123
2022-03-01,Combined Min-Variance,DD,0.01831366304587749
2022-04-01,Combined Min-Variance,DD,0.017699936433876885
2022-05-02,Combined Min-Variance,DD,0.01722357001101234
2022-06-01,Combined Min-Variance,DD,0.010281062510673684
2022-07-01,Combined Min-Variance,DD,0.014573160804628983
2022-08-01,Combined Min-Variance,DD,0.01480146002932517
2022-09-01,Combined Min-Variance,DD,0.014220317199908211
2022-10-03,Combined Min-Variance,DD,0.0047579515336756695
2022-11-01,Combined Min-Variance,DD,0.0027466647451059086
2022-12-01,Combined Min-Variance,DD,0.009139800869621649
2023-01-03,Combined Min-Variance,DD,0.002418909457745073
2023-02-01,Combined Min-Variance,DD,0.0036476583262028297
2023-03-01,Combined Min-Variance,DD,0.00875591319274803
2023-04-03,Combined Min-Variance,DD,0.0010024199541801282
2023-05-01,Combined Min-Variance,DD,0.007258814333413912
2023-06-01,Combined Min-Variance,DD,0.003356492944893145
2023-07-03,Combined Min-Variance,DD,0.010587327148949078
2023-08-01,Combined Min-Variance,DD,0.01077519059084931
2023-09-01,Combined Min-Variance,DD,0.012143101751511159
2023-10-02,Combined Min-Variance,DD,0.016993486175971243
2023-11-01,Combined Min-Variance,DD,0.018872527771220265
2023-12-01,Combined Min-Variance,DD,0.016666666666666666
2021-01-04,Combined Min-Variance,DIS,0.004566415010254212
2021-02-01,Combined Min-Variance,DIS,0.0
2021-03-01,Combined Min-Variance,DIS,0.0
2021-04-01,Combined Min-Variance,DIS,0.014928722435820408
2021-05-03,Combined Min-Variance,DIS,0.015064563678114887
2021-06-01,Combined Min-Variance,DIS,0.017596974314563783
2021-07-01,Combined Min-Variance,DIS,0.01907060783837778
2021-08-02,Combined Min-Variance,DIS,0.01862904255370884
2021-09-01,Combined Min-Variance,DIS,0.018542708202809743
2021-10-01,Combined Min-Variance,DIS,0.017548094072474908
2021-11-01,Combined Min-Variance,DIS,0.017295948724827672
2021-12-01,Combined Min-Variance,DIS,0.01957608962678061
2022-01-03,Combined Min-Variance,DIS,0.01960318470560045
2022-02-01,Combined Min-Variance,DIS,0.019515522232952314
2022-03-01,Combined Min-Variance,DIS,0.019744295918541866
2022-04-01,Combined Min-Variance,DIS,0.01933330763021334
2022-05-02,Combined Min-Variance,DIS,0.01916488337267127
2022-06-01,Combined Min-Variance,DIS,0.015581640622720124
2022-07-01,Combined Min-Variance,DIS,0.017865494493623416
2022-08-01,Combined Min-Variance,DIS,0.01744083032646701
2022-09-01,Combined Min-Variance,DIS,0.016951276549505952
2022-10-03,Combined Min-Variance,DIS,0.010967891153062993
2022-11-01,Combined Min-Variance,DIS,0.009375848124663126
2022-12-01,Combined Min-Variance,DIS,0.0075037749820001534
2023-01-03,Combined Min-Variance,DIS,1.5178830414797062e-18
2023-02-01,Combined Min-Variance,DIS,0.00033286019291275904
2023-03-01,Combined Min-Variance,DIS,0.003997451013864546
2023-04-03,Combined Min-Variance,DIS,0.00023884525240500635
2023-05-01,Combined Min-Variance,DIS,5.271642790850026e-05
2023-06-01,Combined Min-Variance,DIS,8.614922156873077e-19
2023-07-03,Combined Min-Variance,DIS,0.001853697111270692
2023-08-01,Combined Min-Variance,DIS,0.0017374625120788027
2023-09-01,Combined Min-Variance,DIS,0.000892671813148318
2023-10-02,Combined Min-Variance,DIS,0.009508202918249312
2023-11-01,Combined Min-Variance,DIS,0.01491891315880868
2023-12-01,Combined Min-Variance,DIS,0.016666666666666666
2021-01-04,Combined Min-Variance,DOW,0.0
2021-02-01,Combined Min-Variance,DOW,0.0
2021-03-01,Combined Min-Variance,DOW,5.288260147572578e-19
2021-04-01,Combined Min-Variance,DOW,0.0
2021-05-03,Combined Min-Variance,DOW,0.003280388149042134
2021-06-01,Combined Min-Variance,DOW,0.0070727313795342864
2021-07-01,Combined Min-Variance,DOW,0.012927413143096575
2021-08-02,Combined Min-Variance,DOW,0.012876458235691616
2021-09-01,Combined Min-Variance,DOW,0.013134149423870471
2021-10-01,Combined Min-Variance,DOW,0.013378721160722156
2021-11-01,Combined Min-Variance,DOW,0.01243321639107808
2021-12-01,Combined Min-Variance,DOW,0.01825660055909118
2022-01-03,Combined Min-Variance,DOW,0.01803992817257542
2022-02-01,Combined Min-Variance,DOW,0.018404036291186473
2022-03-01,Combined Min-Variance,DOW,0.018621799062408323
2022-04-01,Combined Min-Variance,DOW,0.01849191892817848
2022-05-02,Combined Min-Variance,DOW,0.018867833863227754
2022-06-01,Combined Min-Variance,DOW,0.01824454696409454
2022-07-01,Combined Min-Variance,DOW,0.01928877189544968
2022-08-01,Combined Min-Variance,DOW,0.01967072107861513
2022-09-01,Combined Min-Variance,DOW,0.01963764212114065
2022-10-03,Combined Min-Variance,DOW,0.017857285420866214
2022-11-01,Combined Min-Variance,DOW,0.018063235743386807
2022-12-01,Combined Min-Variance,DOW,0.017456040545031137
2023-01-03,Combined Min-Variance,DOW,0.014781474917028898
2023-02-01,Combined Min-Variance,DOW,0.01385937595611512
2023-03-01,Combined Min-Variance,DOW,0.01622783878128787
2023-04-03,Combined Min-Variance,DOW,0.0132931737341224
2023-05-01,Combined Min-Variance,DOW,0.013544663807090403
2023-06-01,Combined Min-Variance,DOW,0.008697205305426118
2023-07-03,Combined Min-Variance,DOW,0.012260332515285355
2023-08-01,Combined Min-Variance,DOW,0.012343800557835427
2023-09-01,Combined Min-Variance,DOW,0.012266097579105663
2023-10-02,Combined Min-Variance,DOW,0.015749352487943794
2023-11-01,Combined Min-Variance,DOW,0.01766358883118605
2023-12-01,Combined Min-Variance,DOW,0.016666666666666666
2021-01-04,Combined Min-Variance,DUK,0.006988385909384862
2021-02-01,Combined Min-Variance,DUK,0.0013310767447833383
2021-03-01,Combined Min-Variance,DUK,0.0
2021-04-01,Combined Min-Variance,DUK,0.031373793105155166
2021-05-03,Combined Min-Variance,DUK,0.03078171418111609
2021-06-01,Combined Min-Variance,DUK,0.030752198045653826
2021-07-01,Combined Min-Variance,DUK,0.02612204829485958
2021-08-02,Combined Min-Variance,DUK,0.026362889830640807
2021-09-01,Combined Min-Variance,DUK,0.026421694057554446
2021-10-01,Combined Min-Variance,DUK,0.025879229524899995
2021-11-01,Combined Min-Variance,DUK,0.025823645226117457
2021-12-01,Combined Min-Variance,DUK,0.020755834980899238
2022-01-03,Combined Min-Variance,DUK,0.02155668492485277
2022-02-01,Combined Min-Variance,DUK,0.02160148012256484
2022-03-01,Combined Min-Variance,DUK,0.02153420035149457
2022-04-01,Combined Min-Variance,DUK,0.021905057907419152
2022-05-02,Combined Min-Variance,DUK,0.023038826710617147
2022-06-01,Combined Min-Variance,DUK,0.03542842193356776
2022-07-01,Combined Min-Variance,DUK,0.029184465753242857
2022-08-01,Combined Min-Variance,DUK,0.029193668097842934
2022-09-01,Combined Min-Variance,DUK,0.029065000374899976
2022-10-03,Combined Min-Variance,DUK,0.03860467014998721
2022-11-01,Combined Min-Variance,DUK,0.03818956170680156
2022-12-01,Combined Min-Variance,DUK,0.03674371395653321
2023-01-03,Combined Min-Variance,DUK,0.0425309147868896
2023-02-01,Combined Min-Variance,DUK,0.04141037381632953
2023-03-01,Combined Min-Variance,DUK,0.03801289833071955
2023-04-03,Combined Min-Variance,DUK,0.04461160138513039
2023-05-01,Combined Min-Variance,DUK,0.039959880713206976
2023-06-01,Combined Min-Variance,DUK,0.038283808424008456
2023-07-03,Combined Min-Variance,DUK,0.032584314068869115
2023-08-01,Combined Min-Variance,DUK,0.03153329544521582
2023-09-01,Combined Min-Variance,DUK,0.03185804679082133
2023-10-02,Combined Min-Variance,DUK,0.02778727073922538
2023-11-01,Combined Min-Variance,DUK,0.02395356728330943
2023-12-01,Combined Min-Variance,DUK,0.016666666666666666
2021-01-04,Combined Min-Variance,EA,0.07427511365233053
2021-02-01,Combined Min-Variance,EA,0.08250245205048838
2021-03-01,Combined Min-Variance,EA,0.08136081476329128
2021-04-01,Combined Min-Variance,EA,0.052012128707755255
2021-05-03,Combined Min-Variance,EA,0.034497316423483686
2021-06-01,Combined Min-Variance,EA,0.0320814760280006
2021-07-01,Combined Min-Variance,EA,0.025240024886383702
2021-08-02,Combined Min-Variance,EA,0.025291583672033227
2021-09-01,Combined Min-Variance,EA,0.02557152940772094
2021-10-01,Combined Min-Variance,EA,0.02627802761933657
2021-11-01,Combined Min-Variance,EA,0.026022367991411863
2021-12-01,Combined Min-Variance,EA,0.020412774755222747
2022-01-03,Combined Min-Variance,EA,0.02086317384698321
2022-02-01,Combined Min-Variance,EA,0.020618078998182004
2022-03-01,Combined Min-Variance,EA,0.02082555980970532
2022-04-01,Combined Min-Variance,EA,0.02087464140455482
2022-05-02,Combined Min-Variance,EA,0.021710783051892838
2022-06-01,Combined Min-Variance,EA,0.0308125669192238
2022-07-01,Combined Min-Variance,EA,0.025966999474300284
2022-08-01,Combined Min-Variance,EA,0.025839521572258668
2022-09-01,Combined Min-Variance,EA,0.02609368530814547
2022-10-03,Combined Min-Variance,EA,0.03298481138664628
2022-11-01,Combined Min-Variance,EA,0.03534381319364871
2022-12-01,Combined Min-Variance,EA,0.03299883814888285
2023-01-03,Combined Min-Variance,EA,0.0390320747524025
2023-02-01,Combined Min-Variance,EA,0.038684965110864174
2023-03-01,Combined Min-Variance,EA,0.03448928981769227
2023-04-03,Combined Min-Variance,EA,0.04461729378161724
2023-05-01,Combined Min-Variance,EA,0.0372273098253571
2023-06-01,Combined Min-Variance,EA,0.0400406133997025
2023-07-03,Combined Min-Variance,EA,0.033317344490025616
2023-08-01,Combined Min-Variance,EA,0.03431501904725445
2023-09-01,Combined Min-Variance,EA,0.03220670861816968
2023-10-02,Combined Min-Variance,EA,0.027224849665214948
2023-11-01,Combined Min-Variance,EA,0.022254017227224573
2023-12-01,Combined Min-Variance,EA,0.016666666666666666
2021-01-04,Combined Min-Variance,EOS-USD,0.0
2021-02-01,Combined Min-Variance,EOS-USD,0.0
2021-03-01,Combined Min-Variance,EOS-USD,0.0
2021-04-01,Combined Min-Variance,EOS-USD,0.0
2021-05-03,Combined Min-Variance,EOS-USD,0.0
2021-06-01,Combined Min-Variance,EOS-USD,1.6313909319701145e-19
2021-07-01,Combined Min-Variance,EOS-USD,0.0
2021-08-02,Combined Min-Variance,EOS-USD,3.35678609141495e-19
2021-09-01,Combined Min-Variance,EOS-USD,7.173060593817573e-20
2021-10-01,Combined Min-Variance,EOS-USD,4.354277338219191e-19
2021-11-01,Combined Min-Variance,EOS-USD,3.881566730321719e-19
2021-12-01,Combined Min-Variance,EOS-USD,1.157021734229384e-18
2022-01-03,Combined Min-Variance,EOS-USD,0.0
2022-02-01,Combined Min-Variance,EOS-USD,0.0
2022-03-01,Combined Min-Variance,EOS-USD,0.0
2022-04-01,Combined Min-Variance,EOS-USD,2.6127170010885666e-19
2022-05-02,Combined Min-Variance,EOS-USD,1.4902769098020457e-19
2022-06-01,Combined Min-Variance,EOS-USD,6.384272055492517e-19
2022-07-01,Combined Min-Variance,EOS-USD,1.902713630178895e-18
2022-08-01,Combined Min-Variance,EOS-USD,0.0
2022-09-01,Combined Min-Variance,EOS-USD,7.03792133552603e-19
2022-10-03,Combined Min-Variance,EOS-USD,0.0
2022-11-01,Combined Min-Variance,EOS-USD,2.8087312499310624e-19
2022-12-01,Combined Min-Variance,EOS-USD,4.541942709500614e-20
2023-01-03,Combined Min-Variance,EOS-USD,2.8877012111709524e-20
2023-02-01,Combined Min-Variance,EOS-USD,0.0
2023-03-01,Combined Min-Variance,EOS-USD,2.6490970758953397e-20
2023-04-03,Combined Min-Variance,EOS-USD,2.8209893451614197e-19
2023-05-01,Combined Min-Variance,EOS-USD,0.0
2023-06-01,Combined Min-Variance,EOS-USD,0.0
2023-07-03,Combined Min-Variance,EOS-USD,0.0
2023-08-01,Combined Min-Variance,EOS-USD,0.0
2023-09-01,Combined Min-Variance,EOS-USD,0.0
2023-10-02,Combined Min-Variance,EOS-USD,0.0
2023-11-01,Combined Min-Variance,EOS-USD,0.0011041283133055814
2023-12-01,Combined Min-Variance,EOS-USD,0.016666666666666666
2021-01-04,Combined Min-Variance,ETC-USD,0.0
2021-02-01,Combined Min-Variance,ETC-USD,0.0
2021-03-01,Combined Min-Variance,ETC-USD,0.0
2021-04-01,Combined Min-Variance,ETC-USD,0.0029010087242108233
2021-05-03,Combined Min-Variance,ETC-USD,8.945294081848605e-05
2021-06-01,Combined Min-Variance,ETC-USD,1.1128130470055326e-19
2021-07-01,Combined Min-Variance,ETC-USD,5.169238919038647e-19
2021-08-02,Combined Min-Variance,ETC-USD,5.662151473040517e-19
2021-09-01,Combined Min-Variance,ETC-USD,0.0
2021-10-01,Combined Min-Variance,ETC-USD,4.8917380922405e-21
2021-11-01,Combined Min-Variance,ETC-USD,2.5838092644030027e-19
2021-12-01,Combined Min-Variance,ETC-USD,6.8268328376697585e-19
2022-01-03,Combined Min-Variance,ETC-USD,2.4868706420485556e-19
2022-02-01,Combined Min-Variance,ETC-USD,1.5186307724967094e-20
2022-03-01,Combined Min-Variance,ETC-USD,0.0
2022-04-01,Combined Min-Variance,ETC-USD,9.597505966499285e-20
2022-05-02,Combined Min-Variance,ETC-USD,0.0
2022-06-01,Combined Min-Variance,ETC-USD,8.324990277791659e-19
2022-07-01,Combined Min-Variance,ETC-USD,7.623105829267702e-19
2022-08-01,Combined Min-Variance,ETC-USD,0.0
2022-09-01,Combined Min-Variance,ETC-USD,9.893016668962967e-19
2022-10-03,Combined Min-Variance,ETC-USD,3.893352658004512e-20
2022-11-01,Combined Min-Variance,ETC-USD,0.0
2022-12-01,Combined Min-Variance,ETC-USD,0.0
2023-01-03,Combined Min-Variance,ETC-USD,0.0
2023-02-01,Combined Min-Variance,ETC-USD,6.277110214482922e-19
2023-03-01,Combined Min-Variance,ETC-USD,3.201784540621256e-19
2023-04-03,Combined Min-Variance,ETC-USD,4.148183705044319e-19
2023-05-01,Combined Min-Variance,ETC-USD,0.0
2023-06-01,Combined Min-Variance,ETC-USD,1.2191357452176748e-18
2023-07-03,Combined Min-Variance,ETC-USD,1.1685475222563716e-18
2023-08-01,Combined Min-Variance,ETC-USD,4.469588557268887e-19
2023-09-01,Combined Min-Variance,ETC-USD,0.0
2023-10-02,Combined Min-Variance,ETC-USD,0.0
2023-11-01,Combined Min-Variance,ETC-USD,1.6877837964488767e-19
2023-12-01,Combined Min-Variance,ETC-USD,0.016666666666666666
2021-01-04,Combined Min-Variance,ETH-USD,0.0
2021-02-01,Combined Min-Variance,ETH-USD,6.850417987587391e-19
2021-03-01,Combined Min-Variance,ETH-USD,0.0
2021-04-01,Combined Min-Variance,ETH-USD,0.0
2021-05-03,Combined Min-Variance,ETH-USD,0.0016305883269247814
2021-06-01,Combined Min-Variance,ETH-USD,0.0
2021-07-01,Combined Min-Variance,ETH-USD,1.3480367254892268e-18
2021-08-02,Combined Min-Variance,ETH-USD,0.0
2021-09-01,Combined Min-Variance,ETH-USD,0.0
2021-10-01,Combined Min-Variance,ETH-USD,0.0
2021-11-01,Combined Min-Variance,ETH-USD,1.3376057119360242e-19
2021-12-01,Combined Min-Variance,ETH-USD,0.004999354541062214
2022-01-03,Combined Min-Variance,ETH-USD,0.003134727009454063
2022-02-01,Combined Min-Variance,ETH-USD,0.003280577522382118
2022-03-01,Combined Min-Variance,ETH-USD,0.0030329731161070875
2022-04-01,Combined Min-Variance,ETH-USD,0.0026539278112853544
2022-05-02,Combined Min-Variance,ETH-USD,1.3010426069826053e-18
2022-06-01,Combined Min-Variance,ETH-USD,2.56220439923973e-19
2022-07-01,Combined Min-Variance,ETH-USD,0.0
2022-08-01,Combined Min-Variance,ETH-USD,0.0
2022-09-01,Combined Min-Variance,ETH-USD,8.856003516627474e-19
2022-10-03,Combined Min-Variance,ETH-USD,3.631392935682579e-19
2022-11-01,Combined Min-Variance,ETH-USD,0.0
2022-12-01,Combined Min-Variance,ETH-USD,0.0
2023-01-03,Combined Min-Variance,ETH-USD,0.0
2023-02-01,Combined Min-Variance,ETH-USD,1.3981585470734291e-19
2023-03-01,Combined Min-Variance,ETH-USD,9.848877127556892e-20
2023-04-03,Combined Min-Variance,ETH-USD,0.0
2023-05-01,Combined Min-Variance,ETH-USD,0.0
2023-06-01,Combined Min-Variance,ETH-USD,2.273106356991316e-19
2023-07-03,Combined Min-Variance,ETH-USD,0.0
2023-08-01,Combined Min-Variance,ETH-USD,1.6562799031947052e-19
2023-09-01,Combined Min-Variance,ETH-USD,4.701477320610076e-05
2023-10-02,Combined Min-Variance,ETH-USD,0.00031906591400842406
2023-11-01,Combined Min-Variance,ETH-USD,0.0029746886860585278
2023-12-01,Combined Min-Variance,ETH-USD,0.016666666666666666
2021-01-04,Combined Min-Variance,GE,0.0
2021-02-01,Combined Min-Variance,GE,0.0
2021-03-01,Combined Min-Variance,GE,0.0
2021-04-01,Combined Min-Variance,GE,0.0018483556217914969
2021-05-03,Combined Min-Variance,GE,0.006382609043248602
2021-06-01,Combined Min-Variance,GE,0.010705043100892354
2021-07-01,Combined Min-Variance,GE,0.016159648175636677
2021-08-02,Combined Min-Variance,GE,0.015550182480181257
2021-09-01,Combined Min-Variance,GE,0.01592507146253506
2021-10-01,Combined Min-Variance,GE,0.016838215965381844
2021-11-01,Combined Min-Variance,GE,0.015422645661847223
2021-12-01,Combined Min-Variance,GE,0.01895564505285822
2022-01-03,Combined Min-Variance,GE,0.018679872006438905
2022-02-01,Combined Min-Variance,GE,0.018492441008369654
2022-03-01,Combined Min-Variance,GE,0.01838206861539643
2022-04-01,Combined Min-Variance,GE,0.01795016464332409
2022-05-02,Combined Min-Variance,GE,0.016992669394028888
2022-06-01,Combined Min-Variance,GE,0.00672548848751357
2022-07-01,Combined Min-Variance,GE,0.012878486517364647
2022-08-01,Combined Min-Variance,GE,0.013365546270801679
2022-09-01,Combined Min-Variance,GE,0.013084632601584439
2022-10-03,Combined Min-Variance,GE,0.004537901382936773
2022-11-01,Combined Min-Variance,GE,0.0018724432755912734
2022-12-01,Combined Min-Variance,GE,0.008016707762752297
2023-01-03,Combined Min-Variance,GE,0.0005827010438580996
2023-02-01,Combined Min-Variance,GE,0.0019191856098311195
2023-03-01,Combined Min-Variance,GE,0.00880919720780412
2023-04-03,Combined Min-Variance,GE,0.0022500765815899257
2023-05-01,Combined Min-Variance,GE,0.01039707510786611
2023-06-01,Combined Min-Variance,GE,0.011167178406717247
2023-07-03,Combined Min-Variance,GE,0.017433585923426597
2023-08-01,Combined Min-Variance,GE,0.018765399400921322
2023-09-01,Combined Min-Variance,GE,0.019851428320695676
2023-10-02,Combined Min-Variance,GE,0.02002882249063997
2023-11-01,Combined Min-Variance,GE,0.01970292094312607
2023-12-01,Combined Min-Variance,GE,0.016666666666666666
2021-01-04,Combined Min-Variance,GILD,0.08985378895831653
2021-02-01,Combined Min-Variance,GILD,0.09839972391774103
2021-03-01,Combined Min-Variance,GILD,0.09389155898225517
2021-04-01,Combined Min-Variance,GILD,0.04319380006023041
2021-05-03,Combined Min-Variance,GILD,0.0322709821780981
2021-06-01,Combined Min-Variance,GILD,0.03167083445458157
2021-07-01,Combined Min-Variance,GILD,0.025597545900200882
2021-08-02,Combined Min-Variance,GILD,0.025592947474929323
2021-09-01,Combined Min-Variance,GILD,0.025477038262349528
2021-10-01,Combined Min-Variance,GILD,0.024905292222461746
2021-11-01,Combined Min-Variance,GILD,0.02521875431853649
2021-12-01,Combined Min-Variance,GILD,0.02053449293751293
2022-01-03,Combined Min-Variance,GILD,0.021217412288622214
2022-02-01,Combined Min-Variance,GILD,0.021242863930749728
2022-03-01,Combined Min-Variance,GILD,0.02164895516588777
2022-04-01,Combined Min-Variance,GILD,0.021836415094923102
2022-05-02,Combined Min-Variance,GILD,0.02271860647199645
2022-06-01,Combined Min-Variance,GILD,0.03404761380551727
2022-07-01,Combined Min-Variance,GILD,0.028621626195009936
2022-08-01,Combined Min-Variance,GILD,0.02871293045306585
2022-09-01,Combined Min-Variance,GILD,0.028668509293648878
2022-10-03,Combined Min-Variance,GILD,0.03834651783885568
2022-11-01,Combined Min-Variance,GILD,0.03667641347181185
2022-12-01,Combined Min-Variance,GILD,0.03626178540793712
2023-01-03,Combined Min-Variance,GILD,0.04214441660984177
2023-02-01,Combined Min-Variance,GILD,0.04223461629647515
2023-03-01,Combined Min-Variance,GILD,0.03739563792050471
2023-04-03,Combined Min-Variance,GILD,0.0452402235757067
2023-05-01,Combined Min-Variance,GILD,0.041550768470877644
2023-06-01,Combined Min-Variance,GILD,0.040531264142166075
2023-07-03,Combined Min-Variance,GILD,0.03362031907900987
2023-08-01,Combined Min-Variance,GILD,0.033904705087113816
2023-09-01,Combined Min-Variance,GILD,0.03418166935532843
2023-10-02,Combined Min-Variance,GILD,0.029590761049844018
2023-11-01,Combined Min-Variance,GILD,0.024992684755794713
2023-12-01,Combined Min-Variance,GILD,0.016666666666666666
2021-01-04,Combined Min-Variance,GS,0.0
2021-02-01,Combined Min-Variance,GS,0.0
2021-03-01,Combined Min-Variance,GS,1.24735048515183e-19
2021-04-01,Combined Min-Variance,GS,0.007353851944144198
2021-05-03,Combined Min-Variance,GS,0.012626282499476501
2021-06-01,Combined Min-Variance,GS,0.014142031211851145
2021-07-01,Combined Min-Variance,GS,0.017848090944501308
2021-08-02,Combined Min-Variance,GS,0.017596509767658208
2021-09-01,Combined Min-Variance,GS,0.017158248656325384
2021-10-01,Combined Min-Variance,GS,0.016561085908344614
2021-11-01,Combined Min-Variance,GS,0.01660073500779369
2021-12-01,Combined Min-Variance,GS,0.018932155968306396
2022-01-03,Combined Min-Variance,GS,0.018689356778852043
2022-02-01,Combined Min-Variance,GS,0.018738752444870086
2022-03-01,Combined Min-Variance,GS,0.01877614349882369
2022-04-01,Combined Min-Variance,GS,0.018218739709200293
2022-05-02,Combined Min-Variance,GS,0.017737821577290504
2022-06-01,Combined Min-Variance,GS,0.012846481129236599
2022-07-01,Combined Min-Variance,GS,0.016865029011092672
2022-08-01,Combined Min-Variance,GS,0.016610895690756772
2022-09-01,Combined Min-Variance,GS,0.016901709852662455
2022-10-03,Combined Min-Variance,GS,0.012455590724153419
2022-11-01,Combined Min-Variance,GS,0.010486890350342674
2022-12-01,Combined Min-Variance,GS,0.013833609401701816
2023-01-03,Combined Min-Variance,GS,0.010522304706665823
2023-02-01,Combined Min-Variance,GS,0.013047004689685964
2023-03-01,Combined Min-Variance,GS,0.016156626472077277
2023-04-03,Combined Min-Variance,GS,0.010678937248887382
2023-05-01,Combined Min-Variance,GS,0.015833204427128836
2023-06-01,Combined Min-Variance,GS,0.015001522608340338
2023-07-03,Combined Min-Variance,GS,0.01772259900103929
2023-08-01,Combined Min-Variance,GS,0.019119624116546583
2023-09-01,Combined Min-Variance,GS,0.018811530458602815
2023-10-02,Combined Min-Variance,GS,0.019234426209048295
2023-11-01,Combined Min-Variance,GS,0.019475031857619444
2023-12-01,Combined Min-Variance,GS,0.016666666666666666
2021-01-04,Combined Min-Variance,INTC,3.230644545428076e-19
2021-02-01,Combined Min-Variance,INTC,0.0
2021-03-01,Combined Min-Variance,INTC,0.0
2021-04-01,Combined Min-Variance,INTC,0.015561501712548954
2021-05-03,Combined Min-Variance,INTC,0.018765351868254874
2021-06-01,Combined Min-Variance,INTC,0.018607095177392542
2021-07-01,Combined Min-Variance,INTC,0.017972017347459335
2021-08-02,Combined Min-Variance,INTC,0.01796357594339955
2021-09-01,Combined Min-Variance,INTC,0.01801191518480658
2021-10-01,Combined Min-Variance,INTC,0.018442729011598255
2021-11-01,Combined Min-Variance,INTC,0.018440145932107563
2021-12-01,Combined Min-Variance,INTC,0.019084029438470464
2022-01-03,Combined Min-Variance,INTC,0.019012352280176007
2022-02-01,Combined Min-Variance,INTC,0.019059074144765337
2022-03-01,Combined Min-Variance,INTC,0.01911209292463009
2022-04-01,Combined Min-Variance,INTC,0.019183437229353693
2022-05-02,Combined Min-Variance,INTC,0.01864129925930849
2022-06-01,Combined Min-Variance,INTC,0.014772598069974467
2022-07-01,Combined Min-Variance,INTC,0.017059356308600893
2022-08-01,Combined Min-Variance,INTC,0.0171326443801882
2022-09-01,Combined Min-Variance,INTC,0.0164125078612418
2022-10-03,Combined Min-Variance,INTC,0.00979130734846696
2022-11-01,Combined Min-Variance,INTC,0.004424776490255449
2022-12-01,Combined Min-Variance,INTC,0.003717310441334388
2023-01-03,Combined Min-Variance,INTC,0.0
2023-02-01,Combined Min-Variance,INTC,1.9717698257302293e-18
2023-03-01,Combined Min-Variance,INTC,0.0
2023-04-03,Combined Min-Variance,INTC,0.0
2023-05-01,Combined Min-Variance,INTC,6.254491282525754e-18
2023-06-01,Combined Min-Variance,INTC,2.4462311516704194e-18
2023-07-03,Combined Min-Variance,INTC,0.0017388733182983453
2023-08-01,Combined Min-Variance,INTC,0.00017281254146183007
2023-09-01,Combined Min-Variance,INTC,6.832218347229129e-05
2023-10-02,Combined Min-Variance,INTC,0.0062088771521892515
2023-11-01,Combined Min-Variance,INTC,0.014712933955300368
2023-12-01,Combined Min-Variance,INTC,0.016666666666666666
2021-01-04,Combined Min-Variance,KO,0.038865047345262964
2021-02-01,Combined Min-Variance,KO,0.040557569292149105
2021-03-01,Combined Min-Variance,KO,0.03887720048950374
2021-04-01,Combined Min-Variance,KO,0.02345757480602503
2021-05-03,Combined Min-Variance,KO,0.023978430328087025
2021-06-01,Combined Min-Variance,KO,0.023575049528220694
2021-07-01,Combined Min-Variance,KO,0.022787881272952018
2021-08-02,Combined Min-Variance,KO,0.023302865430686253
2021-09-01,Combined Min-Variance,KO,0.023488843511351297
2021-10-01,Combined Min-Variance,KO,0.023334976297429942
2021-11-01,Combined Min-Variance,KO,0.02401197791344283
2021-12-01,Combined Min-Variance,KO,0.020544728991031082
2022-01-03,Combined Min-Variance,KO,0.02114671086629276
2022-02-01,Combined Min-Variance,KO,0.020994366371269734
2022-03-01,Combined Min-Variance,KO,0.021348265400767605
2022-04-01,Combined Min-Variance,KO,0.02145487455738022
2022-05-02,Combined Min-Variance,KO,0.022255376422263932
2022-06-01,Combined Min-Variance,KO,0.029301989042269088
2022-07-01,Combined Min-Variance,KO,0.026603055753230062
2022-08-01,Combined Min-Variance,KO,0.026803508301425263
2022-09-01,Combined Min-Variance,KO,0.026700309982988717
2022-10-03,Combined Min-Variance,KO,0.03562655226652455
2022-11-01,Combined Min-Variance,KO,0.03757935133170781
2022-12-01,Combined Min-Variance,KO,0.03610726826854939
2023-01-03,Combined Min-Variance,KO,0.0432076674563921
2023-02-01,Combined Min-Variance,KO,0.042611613730234914
2023-03-01,Combined Min-Variance,KO,0.03769416767144919
2023-04-03,Combined Min-Variance,KO,0.04952316725021511
2023-05-01,Combined Min-Variance,KO,0.0437661365076101
2023-06-01,Combined Min-Variance,KO,0.048858275547915095
2023-07-03,Combined Min-Variance,KO,0.038001258243151696
2023-08-01,Combined Min-Variance,KO,0.038840490570658553
2023-09-01,Combined Min-Variance,KO,0.04160906578293391
2023-10-02,Combined Min-Variance,KO,0.03280624336379263
2023-11-01,Combined Min-Variance,KO,0.024781913041928786
2023-12-01,Combined Min-Variance,KO,0.016666666666666666
2021-01-04,Combined Min-Variance,LTC-USD,0.0
2021-02-01,Combined Min-Variance,LTC-USD,1.2194834832459031e-18
2021-03-01,Combined Min-Variance,LTC-USD,2.9533062206425063e-19
2021-04-01,Combined Min-Variance,LTC-USD,0.0
2021-05-03,Combined Min-Variance,LTC-USD,0.002959194411765621
2021-06-01,Combined Min-Variance,LTC-USD,0.0
2021-07-01,Combined Min-Variance,LTC-USD,4.772448783815607e-05
2021-08-02,Combined Min-Variance,LTC-USD,0.0007444641520059144
2021-09-01,Combined Min-Variance,LTC-USD,0.0003437562258479482
2021-10-01,Combined Min-Variance,LTC-USD,1.233670071523812e-19
2021-11-01,Combined Min-Variance,LTC-USD,0.0
2021-12-01,Combined Min-Variance,LTC-USD,0.0022010554704912683
2022-01-03,Combined Min-Variance,LTC-USD,0.00014682484185193434
2022-02-01,Combined Min-Variance,LTC-USD,4.6492444312079724e-05
2022-03-01,Combined Min-Variance,LTC-USD,5.421010862427522e-19
2022-04-01,Combined Min-Variance,LTC-USD,0.0
2022-05-02,Combined Min-Variance,LTC-USD,3.8308870107573794e-19
2022-06-01,Combined Min-Variance,LTC-USD,7.367233968860481e-19
2022-07-01,Combined Min-Variance,LTC-USD,7.33597816543797e-19
2022-08-01,Combined Min-Variance,LTC-USD,0.0
2022-09-01,Combined Min-Variance,LTC-USD,0.0
2022-10-03,Combined Min-Variance,LTC-USD,7.592388144608224e-19
2022-11-01,Combined Min-Variance,LTC-USD,0.0
2022-12-01,Combined Min-Variance,LTC-USD,0.0
2023-01-03,Combined Min-Variance,LTC-USD,1.3863546271643133e-19
2023-02-01,Combined Min-Variance,LTC-USD,0.0
2023-03-01,Combined Min-Variance,LTC-USD,1.7854406357758416e-19
2023-04-03,Combined Min-Variance,LTC-USD,0.0
2023-05-01,Combined Min-Variance,LTC-USD,0.0
2023-06-01,Combined Min-Variance,LTC-USD,0.0
2023-07-03,Combined Min-Variance,LTC-USD,0.00016449698338039153
2023-08-01,Combined Min-Variance,LTC-USD,5.403034392761463e-05
2023-09-01,Combined Min-Variance,LTC-USD,0.0
2023-10-02,Combined Min-Variance,LTC-USD,0.0009928756985206485
2023-11-01,Combined Min-Variance,LTC-USD,0.0
2023-12-01,Combined Min-Variance,LTC-USD,0.016666666666666666
2021-01-04,Combined Min-Variance,MMM,0.03939619561926529
2021-02-01,Combined Min-Variance,MMM,0.046125116696177436
2021-03-01,Combined Min-Variance,MMM,0.044297959131104035
2021-04-01,Combined Min-Variance,MMM,0.03317097920850083
2021-05-03,Combined Min-Variance,MMM,0.025774723474944174
2021-06-01,Combined Min-Variance,MMM,0.02685124808919162
2021-07-01,Combined Min-Variance,MMM,0.024865390414496064
2021-08-02,Combined Min-Variance,MMM,0.025202667037755477
2021-09-01,Combined Min-Variance,MMM,0.02503404999533891
2021-10-01,Combined Min-Variance,MMM,0.024581793393159024
2021-11-01,Combined Min-Variance,MMM,0.0243945996705898
2021-12-01,Combined Min-Variance,MMM,0.020538916222253605
2022-01-03,Combined Min-Variance,MMM,0.02113062820223954
2022-02-01,Combined Min-Variance,MMM,0.020710768653005723
2022-03-01,Combined Min-Variance,MMM,0.02046606262874247
2022-04-01,Combined Min-Variance,MMM,0.02021858755666993
2022-05-02,Combined Min-Variance,MMM,0.02058671842497674
2022-06-01,Combined Min-Variance,MMM,0.024629202464100122
2022-07-01,Combined Min-Variance,MMM,0.02365096089524909
2022-08-01,Combined Min-Variance,MMM,0.02402517573560131
2022-09-01,Combined Min-Variance,MMM,0.022861588284593008
2022-10-03,Combined Min-Variance,MMM,0.026990112153939268
2022-11-01,Combined Min-Variance,MMM,0.026249804480420552
2022-12-01,Combined Min-Variance,MMM,0.02557729215909022
2023-01-03,Combined Min-Variance,MMM,0.026322244240762033
2023-02-01,Combined Min-Variance,MMM,0.022395929345683088
2023-03-01,Combined Min-Variance,MMM,0.023372011546359053
2023-04-03,Combined Min-Variance,MMM,0.023518589469297493
2023-05-01,Combined Min-Variance,MMM,0.02342958802730381
2023-06-01,Combined Min-Variance,MMM,0.018642342920179397
2023-07-03,Combined Min-Variance,MMM,0.015005266175933228
2023-08-01,Combined Min-Variance,MMM,0.011251109366231861
2023-09-01,Combined Min-Variance,MMM,0.012524629321621352
2023-10-02,Combined Min-Variance,MMM,0.01536761456404814
2023-11-01,Combined Min-Variance,MMM,0.017122825261658692
2023-12-01,Combined Min-Variance,MMM,0.016666666666666666
2021-01-04,Combined Min-Variance,MRK,0.061101434065798745
2021-02-01,Combined Min-Variance,MRK,0.06519984142241446
2021-03-01,Combined Min-Variance,MRK,0.06262248497776635
2021-04-01,Combined Min-Variance,MRK,0.03821638559629625
2021-05-03,Combined Min-Variance,MRK,0.032229146909375644
2021-06-01,Combined Min-Variance,MRK,0.03021803117837017
2021-07-01,Combined Min-Variance,MRK,0.02636599002399382
2021-08-02,Combined Min-Variance,MRK,0.026745065962551617
2021-09-01,Combined Min-Variance,MRK,0.026465187321981692
2021-10-01,Combined Min-Variance,MRK,0.026119888218560542
2021-11-01,Combined Min-Variance,MRK,0.025172534642184215
2021-12-01,Combined Min-Variance,MRK,0.020402860421406998
2022-01-03,Combined Min-Variance,MRK,0.021092145636001643
2022-02-01,Combined Min-Variance,MRK,0.02139464857242423
2022-03-01,Combined Min-Variance,MRK,0.021359881631966178
2022-04-01,Combined Min-Variance,MRK,0.02167825063739152
2022-05-02,Combined Min-Variance,MRK,0.022604700709987494
2022-06-01,Combined Min-Variance,MRK,0.03511158985774376
2022-07-01,Combined Min-Variance,MRK,0.028591290092558376
2022-08-01,Combined Min-Variance,MRK,0.029080724037070762
2022-09-01,Combined Min-Variance,MRK,0.02902765044935066
2022-10-03,Combined Min-Variance,MRK,0.042817428473531254
2022-11-01,Combined Min-Variance,MRK,0.04914436154494705
2022-12-01,Combined Min-Variance,MRK,0.04753231336926281
2023-01-03,Combined Min-Variance,MRK,0.05942267119700578
2023-02-01,Combined Min-Variance,MRK,0.05734565997777875
2023-03-01,Combined Min-Variance,MRK,0.049577827672465574
2023-04-03,Combined Min-Variance,MRK,0.06852570235620958
2023-05-01,Combined Min-Variance,MRK,0.05754352838927776
2023-06-01,Combined Min-Variance,MRK,0.060333028125132054
2023-07-03,Combined Min-Variance,MRK,0.048186105032314214
2023-08-01,Combined Min-Variance,MRK,0.0493422905313669
2023-09-01,Combined Min-Variance,MRK,0.0515624618260471
2023-10-02,Combined Min-Variance,MRK,0.03802185353600437
2023-11-01,Combined Min-Variance,MRK,0.027428783202673973
2023-12-01,Combined Min-Variance,MRK,0.016666666666666666
2021-01-04,Combined Min-Variance,MS,0.0
2021-02-01,Combined Min-Variance,MS,0.0
2021-03-01,Combined Min-Variance,MS,0.0
2021-04-01,Combined Min-Variance,MS,3.664408695522121e-18
2021-05-03,Combined Min-Variance,MS,0.01027690875824696
2021-06-01,Combined Min-Variance,MS,0.013190352020645923
2021-07-01,Combined Min-Variance,MS,0.015567251519648946
2021-08-02,Combined Min-Variance,MS,0.015133134952025019
2021-09-01,Combined Min-Variance,MS,0.014614394383532025
2021-10-01,Combined Min-Variance,MS,0.014798024435115084
2021-11-01,Combined Min-Variance,MS,0.014858538113329342
2021-12-01,Combined Min-Variance,MS,0.018807683372801438
2022-01-03,Combined Min-Variance,MS,0.018539034722643365
2022-02-01,Combined Min-Variance,MS,0.01900444459808618
2022-03-01,Combined Min-Variance,MS,0.01891723050175631
2022-04-01,Combined Min-Variance,MS,0.018175829732381393
2022-05-02,Combined Min-Variance,MS,0.017506631248526593
2022-06-01,Combined Min-Variance,MS,0.009832219127175534
2022-07-01,Combined Min-Variance,MS,0.015457431614218371
2022-08-01,Combined Min-Variance,MS,0.015440007519999686
2022-09-01,Combined Min-Variance,MS,0.015570130358360358
2022-10-03,Combined Min-Variance,MS,0.009512838010808931
2022-11-01,Combined Min-Variance,MS,0.006659097339821828
2022-12-01,Combined Min-Variance,MS,0.00971074535018343
2023-01-03,Combined Min-Variance,MS,0.0031889290337588213
2023-02-01,Combined Min-Variance,MS,0.004136074556668088
2023-03-01,Combined Min-Variance,MS,0.010092922461312853
2023-04-03,Combined Min-Variance,MS,0.001208653207568915
2023-05-01,Combined Min-Variance,MS,0.009140637915714971
2023-06-01,Combined Min-Variance,MS,0.008930413892647126
2023-07-03,Combined Min-Variance,MS,0.012894711179421928
2023-08-01,Combined Min-Variance,MS,0.013347870647096012
2023-09-01,Combined Min-Variance,MS,0.013484477499609586
2023-10-02,Combined Min-Variance,MS,0.015095677786998316
2023-11-01,Combined Min-Variance,MS,0.01754765528827883
2023-12-01,Combined Min-Variance,MS,0.016666666666666666
2021-01-04,Combined Min-Variance,NEE,0.007165013138295415
2021-02-01,Combined Min-Variance,NEE,3.988316819167767e-18
2021-03-01,Combined Min-Variance,NEE,0.0
2021-04-01,Combined Min-Variance,NEE,0.02107403517270781
2021-05-03,Combined Min-Variance,NEE,0.02503636569127119
2021-06-01,Combined Min-Variance,NEE,0.02568190731537696
2021-07-01,Combined Min-Variance,NEE,0.022839877422571618
2021-08-02,Combined Min-Variance,NEE,0.023473074288408197
2021-09-01,Combined Min-Variance,NEE,0.02389910443003523
2021-10-01,Combined Min-Variance,NEE,0.0235792720962895
2021-11-01,Combined Min-Variance,NEE,0.023148568129782113
2021-12-01,Combined Min-Variance,NEE,0.01993138849451139
2022-01-03,Combined Min-Variance,NEE,0.020407409294671726
2022-02-01,Combined Min-Variance,NEE,0.020856519178305468
2022-03-01,Combined Min-Variance,NEE,0.020825744308542542
2022-04-01,Combined Min-Variance,NEE,0.02135098736357987
2022-05-02,Combined Min-Variance,NEE,0.021946886289508624
2022-06-01,Combined Min-Variance,NEE,0.027487437001883747
2022-07-01,Combined Min-Variance,NEE,0.023418338805112345
2022-08-01,Combined Min-Variance,NEE,0.022916797305767258
2022-09-01,Combined Min-Variance,NEE,0.023015659189101815
2022-10-03,Combined Min-Variance,NEE,0.025617446217297595
2022-11-01,Combined Min-Variance,NEE,0.02442674426903876
2022-12-01,Combined Min-Variance,NEE,0.02367911676932857
2023-01-03,Combined Min-Variance,NEE,0.02257618926903836
2023-02-01,Combined Min-Variance,NEE,0.024182779990911514
2023-03-01,Combined Min-Variance,NEE,0.024570130945021577
2023-04-03,Combined Min-Variance,NEE,0.021637047256669636
2023-05-01,Combined Min-Variance,NEE,0.022482540650916857
2023-06-01,Combined Min-Variance,NEE,0.023270851204456735
2023-07-03,Combined Min-Variance,NEE,0.025284366300253727
2023-08-01,Combined Min-Variance,NEE,0.025134929656282556
2023-09-01,Combined Min-Variance,NEE,0.024303740451724478
2023-10-02,Combined Min-Variance,NEE,0.022705876580171144
2023-11-01,Combined Min-Variance,NEE,0.02118432028819744
2023-12-01,Combined Min-Variance,NEE,0.016666666666666666
2021-01-04,Combined Min-Variance,NEM,0.09508334139599992
2021-02-01,Combined Min-Variance,NEM,0.10310920217914121
2021-03-01,Combined Min-Variance,NEM,0.10148349270839516
2021-04-01,Combined Min-Variance,NEM,0.04166765308024014
2021-05-03,Combined Min-Variance,NEM,0.030588422650408877
2021-06-01,Combined Min-Variance,NEM,0.02686632591774865
2021-07-01,Combined Min-Variance,NEM,0.021503233204156827
2021-08-02,Combined Min-Variance,NEM,0.021523651851902005
2021-09-01,Combined Min-Variance,NEM,0.02153017618920573
2021-10-01,Combined Min-Variance,NEM,0.02202797931664148
2021-11-01,Combined Min-Variance,NEM,0.022856701568049892
2021-12-01,Combined Min-Variance,NEM,0.01958838830408302
2022-01-03,Combined Min-Variance,NEM,0.02022783310024507
2022-02-01,Combined Min-Variance,NEM,0.02060289864755053
2022-03-01,Combined Min-Variance,NEM,0.021245301376142958
2022-04-01,Combined Min-Variance,NEM,0.022153825276522165
2022-05-02,Combined Min-Variance,NEM,0.023195811082404465
2022-06-01,Combined Min-Variance,NEM,0.03508014987341342
2022-07-01,Combined Min-Variance,NEM,0.029541267952062543
2022-08-01,Combined Min-Variance,NEM,0.029884144896887267
2022-09-01,Combined Min-Variance,NEM,0.029598607370129214
2022-10-03,Combined Min-Variance,NEM,0.0411215991075338
2022-11-01,Combined Min-Variance,NEM,0.04167175133372563
2022-12-01,Combined Min-Variance,NEM,0.032353030590874014
2023-01-03,Combined Min-Variance,NEM,0.03596029561551722
2023-02-01,Combined Min-Variance,NEM,0.03237676664009956
2023-03-01,Combined Min-Variance,NEM,0.02755027891092916
2023-04-03,Combined Min-Variance,NEM,0.030927643789408585
2023-05-01,Combined Min-Variance,NEM,0.03033460525471924
2023-06-01,Combined Min-Variance,NEM,0.029041246129976588
2023-07-03,Combined Min-Variance,NEM,0.02215709059573812
2023-08-01,Combined Min-Variance,NEM,0.020950924018855233
2023-09-01,Combined Min-Variance,NEM,0.02086824057435967
2023-10-02,Combined Min-Variance,NEM,0.020782185849515352
2023-11-01,Combined Min-Variance,NEM,0.019252622613694294
2023-12-01,Combined Min-Variance,NEM,0.016666666666666666
2021-01-04,Combined Min-Variance,NKE,0.02522248179990984
2021-02-01,Combined Min-Variance,NKE,0.02354400421794238
2021-03-01,Combined Min-Variance,NKE,0.0243251987591855
2021-04-01,Combined Min-Variance,NKE,0.02492884101749437
2021-05-03,Combined Min-Variance,NKE,0.023583184346612013
2021-06-01,Combined Min-Variance,NKE,0.022670556532830073
2021-07-01,Combined Min-Variance,NKE,0.02351915738138788
2021-08-02,Combined Min-Variance,NKE,0.024061650669073148
2021-09-01,Combined Min-Variance,NKE,0.023686154478798623
2021-10-01,Combined Min-Variance,NKE,0.021211248909579122
2021-11-01,Combined Min-Variance,NKE,0.021240801549843265
2021-12-01,Combined Min-Variance,NKE,0.01975523410300232
2022-01-03,Combined Min-Variance,NKE,0.019852430381501147
2022-02-01,Combined Min-Variance,NKE,0.019802848017222
2022-03-01,Combined Min-Variance,NKE,0.019712653840773846
2022-04-01,Combined Min-Variance,NKE,0.019193609225595352
2022-05-02,Combined Min-Variance,NKE,0.018722221330330434
2022-06-01,Combined Min-Variance,NKE,0.014010510799423193
2022-07-01,Combined Min-Variance,NKE,0.015860344602982322
2022-08-01,Combined Min-Variance,NKE,0.01495243480964118
2022-09-01,Combined Min-Variance,NKE,0.014453421543022196
2022-10-03,Combined Min-Variance,NKE,0.0021844748733328154
2022-11-01,Combined Min-Variance,NKE,6.505213034913027e-19
2022-12-01,Combined Min-Variance,NKE,2.6440123121231713e-05
2023-01-03,Combined Min-Variance,NKE,0.0
2023-02-01,Combined Min-Variance,NKE,1.1423967586057582e-18
2023-03-01,Combined Min-Variance,NKE,0.0
2023-04-03,Combined Min-Variance,NKE,0.0
2023-05-01,Combined Min-Variance,NKE,4.542751087796245e-18
2023-06-01,Combined Min-Variance,NKE,3.986516911426334e-18
2023-07-03,Combined Min-Variance,NKE,0.0008839465877477108
2023-08-01,Combined Min-Variance,NKE,0.0012251141344711545
2023-09-01,Combined Min-Variance,NKE,0.0003447611364446818
2023-10-02,Combined Min-Variance,NKE,0.009718422740488397
2023-11-01,Combined Min-Variance,NKE,0.01570604584228625
2023-12-01,Combined Min-Variance,NKE,0.016666666666666666
2021-01-04,Combined Min-Variance,NUE,1.1424642793755633e-18
2021-02-01,Combined Min-Variance,NUE,0.0
2021-03-01,Combined Min-Variance,NUE,0.0
2021-04-01,Combined Min-Variance,NUE,0.0048081870028577195
2021-05-03,Combined Min-Variance,NUE,0.007304012645931153
2021-06-01,Combined Min-Variance,NUE,0.006913898711093534
2021-07-01,Combined Min-Variance,NUE,0.0117019332561886
2021-08-02,Combined Min-Variance,NUE,0.010935916670093599
2021-09-01,Combined Min-Variance,NUE,0.010837114295521196
2021-10-01,Combined Min-Variance,NUE,0.010732099504224797
2021-11-01,Combined Min-Variance,NUE,0.010699044443827627
2021-12-01,Combined Min-Variance,NUE,0.017666526956256416
2022-01-03,Combined Min-Variance,NUE,0.017743288009275975
2022-02-01,Combined Min-Variance,NUE,0.01751195824747375
2022-03-01,Combined Min-Variance,NUE,0.01708563040818725
2022-04-01,Combined Min-Variance,NUE,0.017215989878445668
2022-05-02,Combined Min-Variance,NUE,0.016551458459315924
2022-06-01,Combined Min-Variance,NUE,0.005046397794779506
2022-07-01,Combined Min-Variance,NUE,0.012162106669817836
2022-08-01,Combined Min-Variance,NUE,0.012101767210447513
2022-09-01,Combined Min-Variance,NUE,0.012486452302050147
2022-10-03,Combined Min-Variance,NUE,0.0031646520405592122
2022-11-01,Combined Min-Variance,NUE,4.553649124439119e-18
2022-12-01,Combined Min-Variance,NUE,0.0028333535532573985
2023-01-03,Combined Min-Variance,NUE,1.410691656196161e-19
2023-02-01,Combined Min-Variance,NUE,5.48628901174537e-19
2023-03-01,Combined Min-Variance,NUE,0.0
2023-04-03,Combined Min-Variance,NUE,0.0
2023-05-01,Combined Min-Variance,NUE,3.53110823323576e-18
2023-06-01,Combined Min-Variance,NUE,2.5869484364923313e-18
2023-07-03,Combined Min-Variance,NUE,0.0017544143670520287
2023-08-01,Combined Min-Variance,NUE,0.0024590007769468977
2023-09-01,Combined Min-Variance,NUE,0.0014895025253911637
2023-10-02,Combined Min-Variance,NUE,0.007750998229706723
2023-11-01,Combined Min-Variance,NUE,0.014321407416960115
2023-12-01,Combined Min-Variance,NUE,0.016666666666666666
2021-01-04,Combined Min-Variance,NVDA,0.0
2021-02-01,Combined Min-Variance,NVDA,0.0
2021-03-01,Combined Min-Variance,NVDA,9.99932077374755e-19
2021-04-01,Combined Min-Variance,NVDA,8.239936510889834e-18
2021-05-03,Combined Min-Variance,NVDA,0.01511808462990666
2021-06-01,Combined Min-Variance,NVDA,0.013945415383518745
2021-07-01,Combined Min-Variance,NVDA,0.01632702025187635
2021-08-02,Combined Min-Variance,NVDA,0.01608593447828989
2021-09-01,Combined Min-Variance,NVDA,0.016131716473152872
2021-10-01,Combined Min-Variance,NVDA,0.018672814375795398
2021-11-01,Combined Min-Variance,NVDA,0.019214559144480295
2021-12-01,Combined Min-Variance,NVDA,0.01836508059672787
2022-01-03,Combined Min-Variance,NVDA,0.017588977558230672
2022-02-01,Combined Min-Variance,NVDA,0.01640958306868563
2022-03-01,Combined Min-Variance,NVDA,0.015494104328185383
2022-04-01,Combined Min-Variance,NVDA,0.01473429406791449
2022-05-02,Combined Min-Variance,NVDA,0.012527452099283307
2022-06-01,Combined Min-Variance,NVDA,0.0007023017244041958
2022-07-01,Combined Min-Variance,NVDA,0.0
2022-08-01,Combined Min-Variance,NVDA,8.63212342369575e-18
2022-09-01,Combined Min-Variance,NVDA,3.1543019893441224e-18
2022-10-03,Combined Min-Variance,NVDA,1.6239832901073824e-18
2022-11-01,Combined Min-Variance,NVDA,4.316449896043717e-19
2022-12-01,Combined Min-Variance,NVDA,0.0
2023-01-03,Combined Min-Variance,NVDA,0.0
2023-02-01,Combined Min-Variance,NVDA,0.0
2023-03-01,Combined Min-Variance,NVDA,1.0503208545953324e-19
2023-04-03,Combined Min-Variance,NVDA,8.367866806606463e-19
2023-05-01,Combined Min-Variance,NVDA,0.0
2023-06-01,Combined Min-Variance,NVDA,0.0
2023-07-03,Combined Min-Variance,NVDA,0.0
2023-08-01,Combined Min-Variance,NVDA,0.0
2023-09-01,Combined Min-Variance,NVDA,4.65933533946669e-20
2023-10-02,Combined Min-Variance,NVDA,2.5731843846118684e-18
2023-11-01,Combined Min-Variance,NVDA,0.009452222140572354
2023-12-01,Combined Min-Variance,NVDA,0.016666666666666666
2021-01-04,Combined Min-Variance,O,6.336141463709007e-19
2021-02-01,Combined Min-Variance,O,0.0
2021-03-01,Combined Min-Variance,O,0.0
2021-04-01,Combined Min-Variance,O,0.010471498000186624
2021-05-03,Combined Min-Variance,O,0.019628016802529635
2021-06-01,Combined Min-Variance,O,0.020701892955009207
2021-07-01,Combined Min-Variance,O,0.02221650589188348
2021-08-02,Combined Min-Variance,O,0.022701580026179453
2021-09-01,Combined Min-Variance,O,0.023204447593483293
2021-10-01,Combined Min-Variance,O,0.02284427333509645
2021-11-01,Combined Min-Variance,O,0.022542883374223114
2021-12-01,Combined Min-Variance,O,0.020391590040135268
2022-01-03,Combined Min-Variance,O,0.02084173624120878
2022-02-01,Combined Min-Variance,O,0.020626917002401452
2022-03-01,Combined Min-Variance,O,0.020611347720010074
2022-04-01,Combined Min-Variance,O,0.020665265517820396
2022-05-02,Combined Min-Variance,O,0.021078399511852655
2022-06-01,Combined Min-Variance,O,0.025758086230439178
2022-07-01,Combined Min-Variance,O,0.024036760956228448
2022-08-01,Combined Min-Variance,O,0.024205885101706345
2022-09-01,Combined Min-Variance,O,0.024386304625704774
2022-10-03,Combined Min-Variance,O,0.030432174556956314
2022-11-01,Combined Min-Variance,O,0.03223711622023836
2022-12-01,Combined Min-Variance,O,0.030461999883289726
2023-01-03,Combined Min-Variance,O,0.0357886024717635
2023-02-01,Combined Min-Variance,O,0.03582965569089206
2023-03-01,Combined Min-Variance,O,0.03327695791975418
2023-04-03,Combined Min-Variance,O,0.039298954301307795
2023-05-01,Combined Min-Variance,O,0.03642701264464955
2023-06-01,Combined Min-Variance,O,0.03750646828742588
2023-07-03,Combined Min-Variance,O,0.032363691617211476
2023-08-01,Combined Min-Variance,O,0.03240696460917727
2023-09-01,Combined Min-Variance,O,0.032742326965366955
2023-10-02,Combined Min-Variance,O,0.02653144074389576
2023-11-01,Combined Min-Variance,O,0.022681806409075526
2023-12-01,Combined Min-Variance,O,0.016666666666666666
2021-01-04,Combined Min-Variance,OXY,0.0
2021-02-01,Combined Min-Variance,OXY,0.0
2021-03-01,Combined Min-Variance,OXY,0.0
2021-04-01,Combined Min-Variance,OXY,5.744325039384334e-19
2021-05-03,Combined Min-Variance,OXY,0.0
2021-06-01,Combined Min-Variance,OXY,3.9449669031454524e-21
2021-07-01,Combined Min-Variance,OXY,2.6020852139652106e-18
2021-08-02,Combined Min-Variance,OXY,0.0
2021-09-01,Combined Min-Variance,OXY,5.204170427930421e-18
2021-10-01,Combined Min-Variance,OXY,1.734723475976807e-18
2021-11-01,Combined Min-Variance,OXY,0.0009053751282699545
2021-12-01,Combined Min-Variance,OXY,0.017017559340669525
2022-01-03,Combined Min-Variance,OXY,0.01610693973950472
2022-02-01,Combined Min-Variance,OXY,0.01641085892812677
2022-03-01,Combined Min-Variance,OXY,0.017265793127723902
2022-04-01,Combined Min-Variance,OXY,0.017620568358177456
2022-05-02,Combined Min-Variance,OXY,0.016138936577051812
2022-06-01,Combined Min-Variance,OXY,2.6020852139652106e-18
2022-07-01,Combined Min-Variance,OXY,0.010138120821044679
2022-08-01,Combined Min-Variance,OXY,0.010558091964089049
2022-09-01,Combined Min-Variance,OXY,0.0127428089169893
2022-10-03,Combined Min-Variance,OXY,0.004378903118557188
2022-11-01,Combined Min-Variance,OXY,0.006191085588092974
2022-12-01,Combined Min-Variance,OXY,0.009120237310005582
2023-01-03,Combined Min-Variance,OXY,0.002238160348772462
2023-02-01,Combined Min-Variance,OXY,0.006736715704561906
2023-03-01,Combined Min-Variance,OXY,0.008111747761702476
2023-04-03,Combined Min-Variance,OXY,7.861111781779666e-19
2023-05-01,Combined Min-Variance,OXY,0.006576639990573002
2023-06-01,Combined Min-Variance,OXY,0.011767838650951231
2023-07-03,Combined Min-Variance,OXY,0.016270122207632076
2023-08-01,Combined Min-Variance,OXY,0.016818287873389386
2023-09-01,Combined Min-Variance,OXY,0.014311160159904253
2023-10-02,Combined Min-Variance,OXY,0.016139023845768236
2023-11-01,Combined Min-Variance,OXY,0.01711306876496831
2023-12-01,Combined Min-Variance,OXY,0.016666666666666666
2021-01-04,Combined Min-Variance,PLD,1.1892096935002744e-18
2021-02-01,Combined Min-Variance,PLD,6.212267532403238e-19
2021-03-01,Combined Min-Variance,PLD,0.0
2021-04-01,Combined Min-Variance,PLD,0.010798220080593817
2021-05-03,Combined Min-Variance,PLD,0.021169958361376928
2021-06-01,Combined Min-Variance,PLD,0.023178230460767987
2021-07-01,Combined Min-Variance,PLD,0.023527191050602296
2021-08-02,Combined Min-Variance,PLD,0.023842128385640888
2021-09-01,Combined Min-Variance,PLD,0.02408390954048293
2021-10-01,Combined Min-Variance,PLD,0.02492040880817859
2021-11-01,Combined Min-Variance,PLD,0.025021197037031647
2021-12-01,Combined Min-Variance,PLD,0.020278585218301507
2022-01-03,Combined Min-Variance,PLD,0.020853213496438063
2022-02-01,Combined Min-Variance,PLD,0.020701152576778514
2022-03-01,Combined Min-Variance,PLD,0.02055376107922459
2022-04-01,Combined Min-Variance,PLD,0.020613307101753707
2022-05-02,Combined Min-Variance,PLD,0.020543867148112904
2022-06-01,Combined Min-Variance,PLD,0.018661966456926877
2022-07-01,Combined Min-Variance,PLD,0.01822641773750954
2022-08-01,Combined Min-Variance,PLD,0.017569627406150132
2022-09-01,Combined Min-Variance,PLD,0.01729351698541345
2022-10-03,Combined Min-Variance,PLD,0.010871584157092143
2022-11-01,Combined Min-Variance,PLD,0.009396084699566902
2022-12-01,Combined Min-Variance,PLD,0.01025385645912222
2023-01-03,Combined Min-Variance,PLD,0.0002144695937640385
2023-02-01,Combined Min-Variance,PLD,2.168404344971009e-18
2023-03-01,Combined Min-Variance,PLD,0.006283949576336289
2023-04-03,Combined Min-Variance,PLD,8.473419765444286e-19
2023-05-01,Combined Min-Variance,PLD,1.7354492074205257e-17
2023-06-01,Combined Min-Variance,PLD,4.336808689942018e-19
2023-07-03,Combined Min-Variance,PLD,0.010947186234842598
2023-08-01,Combined Min-Variance,PLD,0.011249211145922412
2023-09-01,Combined Min-Variance,PLD,0.009909777831375186
2023-10-02,Combined Min-Variance,PLD,0.013540233589284316
2023-11-01,Combined Min-Variance,PLD,0.016454012414228177
2023-12-01,Combined Min-Variance,PLD,0.016666666666666666
2021-01-04,Combined Min-Variance,PSA,0.051597189008026685
2021-02-01,Combined Min-Variance,PSA,0.055327198390090516
2021-03-01,Combined Min-Variance,PSA,0.057631122337040784
2021-04-01,Combined Min-Variance,PSA,0.04482385762498744
2021-05-03,Combined Min-Variance,PSA,0.03150697177473803
2021-06-01,Combined Min-Variance,PSA,0.03332963195676827
2021-07-01,Combined Min-Variance,PSA,0.029037611815095378
2021-08-02,Combined Min-Variance,PSA,0.029020434851466003
2021-09-01,Combined Min-Variance,PSA,0.029226162815784572
2021-10-01,Combined Min-Variance,PSA,0.02857107899959321
2021-11-01,Combined Min-Variance,PSA,0.028433467723982035
2021-12-01,Combined Min-Variance,PSA,0.021066931619755154
2022-01-03,Combined Min-Variance,PSA,0.021854864904786407
2022-02-01,Combined Min-Variance,PSA,0.021563608391060557
2022-03-01,Combined Min-Variance,PSA,0.02150833090404994
2022-04-01,Combined Min-Variance,PSA,0.021587960617297848
2022-05-02,Combined Min-Variance,PSA,0.021924292648493063
2022-06-01,Combined Min-Variance,PSA,0.0262230575439268
2022-07-01,Combined Min-Variance,PSA,0.023917881135521117
2022-08-01,Combined Min-Variance,PSA,0.023640801322454396
2022-09-01,Combined Min-Variance,PSA,0.02335810389474194
2022-10-03,Combined Min-Variance,PSA,0.02627607746055304
2022-11-01,Combined Min-Variance,PSA,0.02787074958447306
2022-12-01,Combined Min-Variance,PSA,0.025096040178258016
2023-01-03,Combined Min-Variance,PSA,0.023841396726717194
2023-02-01,Combined Min-Variance,PSA,0.023787605787095836
2023-03-01,Combined Min-Variance,PSA,0.02506446504878033
2023-04-03,Combined Min-Variance,PSA,0.023609734661180937
2023-05-01,Combined Min-Variance,PSA,0.025242594935695414
2023-06-01,Combined Min-Variance,PSA,0.028810244672328986
2023-07-03,Combined Min-Variance,PSA,0.02553761949682815
2023-08-01,Combined Min-Variance,PSA,0.026374983856927693
2023-09-01,Combined Min-Variance,PSA,0.02653849570431612
2023-10-02,Combined Min-Variance,PSA,0.023399486719094538
2023-11-01,Combined Min-Variance,PSA,0.02050697050114853
2023-12-01,Combined Min-Variance,PSA,0.016666666666666666
2021-01-04,Combined Min-Variance,QCOM,3.2233445033426897e-18
2021-02-01,Combined Min-Variance,QCOM,0.0
2021-03-01,Combined Min-Variance,QCOM,0.0
2021-04-01,Combined Min-Variance,QCOM,0.005928728296818612
2021-05-03,Combined Min-Variance,QCOM,0.011302451953809729
2021-06-01,Combined Min-Variance,QCOM,0.01258900930280306
2021-07-01,Combined Min-Variance,QCOM,0.01578369587044319
2021-08-02,Combined Min-Variance,QCOM,0.014488193073515732
2021-09-01,Combined Min-Variance,QCOM,0.014466923434855878
2021-10-01,Combined Min-Variance,QCOM,0.016125112367873697
2021-11-01,Combined Min-Variance,QCOM,0.016155772827222546
2021-12-01,Combined Min-Variance,QCOM,0.018675468136682447
2022-01-03,Combined Min-Variance,QCOM,0.01862840503031182
2022-02-01,Combined Min-Variance,QCOM,0.01841005385495515
2022-03-01,Combined Min-Variance,QCOM,0.017830459370697736
2022-04-01,Combined Min-Variance,QCOM,0.017475164899837876
2022-05-02,Combined Min-Variance,QCOM,0.016368991611633944
2022-06-01,Combined Min-Variance,QCOM,0.004674613368646495
2022-07-01,Combined Min-Variance,QCOM,0.011599543310998458
2022-08-01,Combined Min-Variance,QCOM,0.012234084912926409
2022-09-01,Combined Min-Variance,QCOM,0.011657243626807293
2022-10-03,Combined Min-Variance,QCOM,0.0003441431604251921
2022-11-01,Combined Min-Variance,QCOM,5.168253230650419e-18
2022-12-01,Combined Min-Variance,QCOM,4.8379865023922635e-18
2023-01-03,Combined Min-Variance,QCOM,0.0
2023-02-01,Combined Min-Variance,QCOM,1.7967404926570761e-19
2023-03-01,Combined Min-Variance,QCOM,0.0
2023-04-03,Combined Min-Variance,QCOM,0.0
2023-05-01,Combined Min-Variance,QCOM,2.072535097331781e-18
2023-06-01,Combined Min-Variance,QCOM,2.531392519425524e-18
2023-07-03,Combined Min-Variance,QCOM,2.6020852139652106e-18
2023-08-01,Combined Min-Variance,QCOM,1.3197940508883702e-18
2023-09-01,Combined Min-Variance,QCOM,0.0
2023-10-02,Combined Min-Variance,QCOM,0.004287026475269953
2023-11-01,Combined Min-Variance,QCOM,0.012761781875550276
2023-12-01,Combined Min-Variance,QCOM,0.016666666666666666
2021-01-04,Combined Min-Variance,SBUX,0.0
2021-02-01,Combined Min-Variance,SBUX,7.343859152197537e-19
2021-03-01,Combined Min-Variance,SBUX,0.0
2021-04-01,Combined Min-Variance,SBUX,0.012682856839254046
2021-05-03,Combined Min-Variance,SBUX,0.01818140645000583
2021-06-01,Combined Min-Variance,SBUX,0.01731250987161858
2021-07-01,Combined Min-Variance,SBUX,0.020251694068837676
2021-08-02,Combined Min-Variance,SBUX,0.020589749448361616
2021-09-01,Combined Min-Variance,SBUX,0.020362385604923254
2021-10-01,Combined Min-Variance,SBUX,0.02051885729915548
2021-11-01,Combined Min-Variance,SBUX,0.02066266081502739
2021-12-01,Combined Min-Variance,SBUX,0.01970665888625427
2022-01-03,Combined Min-Variance,SBUX,0.01979582833016803
2022-02-01,Combined Min-Variance,SBUX,0.019943700616666293
2022-03-01,Combined Min-Variance,SBUX,0.0197383457816495
2022-04-01,Combined Min-Variance,SBUX,0.01920853915694379
2022-05-02,Combined Min-Variance,SBUX,0.019161251095468478
2022-06-01,Combined Min-Variance,SBUX,0.01240724751339584
2022-07-01,Combined Min-Variance,SBUX,0.015717526185473698
2022-08-01,Combined Min-Variance,SBUX,0.015537694649170203
2022-09-01,Combined Min-Variance,SBUX,0.015234091352182014
2022-10-03,Combined Min-Variance,SBUX,0.0088246423404926
2022-11-01,Combined Min-Variance,SBUX,0.008436966103374868
2022-12-01,Combined Min-Variance,SBUX,0.010034497803262998
2023-01-03,Combined Min-Variance,SBUX,0.005891082333699492
2023-02-01,Combined Min-Variance,SBUX,0.005819498322837114
2023-03-01,Combined Min-Variance,SBUX,0.008895148747621057
2023-04-03,Combined Min-Variance,SBUX,0.004702415719798496
2023-05-01,Combined Min-Variance,SBUX,0.010442163209187364
2023-06-01,Combined Min-Variance,SBUX,0.015386963448156332
2023-07-03,Combined Min-Variance,SBUX,0.01993952084466174
2023-08-01,Combined Min-Variance,SBUX,0.02061601163210487
2023-09-01,Combined Min-Variance,SBUX,0.021728729253194492
2023-10-02,Combined Min-Variance,SBUX,0.020372129660021568
2023-11-01,Combined Min-Variance,SBUX,0.019984587613239624
2023-12-01,Combined Min-Variance,SBUX,0.016666666666666666
2021-01-04,Combined Min-Variance,SHW,0.014060318312211988
2021-02-01,Combined Min-Variance,SHW,0.01124976094515669
2021-03-01,Combined Min-Variance,SHW,0.011112639902462237
2021-04-01,Combined Min-Variance,SHW,0.022549391843714312
2021-05-03,Combined Min-Variance,SHW,0.028387642634719108
2021-06-01,Combined Min-Variance,SHW,0.026909453343131114
2021-07-01,Combined Min-Variance,SHW,0.024740126089497865
2021-08-02,Combined Min-Variance,SHW,0.025522641464156455
2021-09-01,Combined Min-Variance,SHW,0.025328853772958976
2021-10-01,Combined Min-Variance,SHW,0.025237954081590203
2021-11-01,Combined Min-Variance,SHW,0.024646081631937156
2021-12-01,Combined Min-Variance,SHW,0.020202455354227947
2022-01-03,Combined Min-Variance,SHW,0.020670499545024427
2022-02-01,Combined Min-Variance,SHW,0.02041232453590724
2022-03-01,Combined Min-Variance,SHW,0.020285273386618105
2022-04-01,Combined Min-Variance,SHW,0.02019795736677439
2022-05-02,Combined Min-Variance,SHW,0.02142652659909463
2022-06-01,Combined Min-Variance,SHW,0.027676095874882338
2022-07-01,Combined Min-Variance,SHW,0.02347112784851752
2022-08-01,Combined Min-Variance,SHW,0.024155991655970526
2022-09-01,Combined Min-Variance,SHW,0.023593221684167123
2022-10-03,Combined Min-Variance,SHW,0.026642440791324797
2022-11-01,Combined Min-Variance,SHW,0.024108465687617785
2022-12-01,Combined Min-Variance,SHW,0.020999862653182343
2023-01-03,Combined Min-Variance,SHW,0.018503684109531023
2023-02-01,Combined Min-Variance,SHW,0.016841479325340806
2023-03-01,Combined Min-Variance,SHW,0.019645695589480715
2023-04-03,Combined Min-Variance,SHW,0.014419980288761337
2023-05-01,Combined Min-Variance,SHW,0.014290123755581094
2023-06-01,Combined Min-Variance,SHW,0.009436471852790219
2023-07-03,Combined Min-Variance,SHW,0.014666975004081444
2023-08-01,Combined Min-Variance,SHW,0.011123889141185348
2023-09-01,Combined Min-Variance,SHW,0.01086669769493445
2023-10-02,Combined Min-Variance,SHW,0.014406877861667382
2023-11-01,Combined Min-Variance,SHW,0.017862591713413065
2023-12-01,Combined Min-Variance,SHW,0.016666666666666666
2021-01-04,Combined Min-Variance,SLB,0.0
2021-02-01,Combined Min-Variance,SLB,4.527619842460007e-19
2021-03-01,Combined Min-Variance,SLB,3.815221875771407e-19
2021-04-01,Combined Min-Variance,SLB,0.0
2021-05-03,Combined Min-Variance,SLB,3.2630917491571893e-19
2021-06-01,Combined Min-Variance,SLB,0.0
2021-07-01,Combined Min-Variance,SLB,0.00631836993266716
2021-08-02,Combined Min-Variance,SLB,0.0060880093798276365
2021-09-01,Combined Min-Variance,SLB,0.006200921296876835
2021-10-01,Combined Min-Variance,SLB,0.0068215630006601405
2021-11-01,Combined Min-Variance,SLB,0.006561264301463231
2021-12-01,Combined Min-Variance,SLB,0.017438104242209138
2022-01-03,Combined Min-Variance,SLB,0.01688976681713612
2022-02-01,Combined Min-Variance,SLB,0.017549559793401642
2022-03-01,Combined Min-Variance,SLB,0.01782756098403847
2022-04-01,Combined Min-Variance,SLB,0.018491255240565982
2022-05-02,Combined Min-Variance,SLB,0.018429505964585417
2022-06-01,Combined Min-Variance,SLB,0.0076393070073088876
2022-07-01,Combined Min-Variance,SLB,0.015141338308852711
2022-08-01,Combined Min-Variance,SLB,0.015606816241001303
2022-09-01,Combined Min-Variance,SLB,0.016589082368999076
2022-10-03,Combined Min-Variance,SLB,0.009341740640605195
2022-11-01,Combined Min-Variance,SLB,0.008915145113923764
2022-12-01,Combined Min-Variance,SLB,0.015119728555896678
2023-01-03,Combined Min-Variance,SLB,0.008545002763253432
2023-02-01,Combined Min-Variance,SLB,0.010782754419251831
2023-03-01,Combined Min-Variance,SLB,0.014167293676053919
2023-04-03,Combined Min-Variance,SLB,0.0
2023-05-01,Combined Min-Variance,SLB,0.0035265042726055785
2023-06-01,Combined Min-Variance,SLB,0.0075367259524913854
2023-07-03,Combined Min-Variance,SLB,0.012472664766697776
2023-08-01,Combined Min-Variance,SLB,0.012606477422449271
2023-09-01,Combined Min-Variance,SLB,0.010479048232638068
2023-10-02,Combined Min-Variance,SLB,0.01675228932350966
2023-11-01,Combined Min-Variance,SLB,0.018576348672847593
2023-12-01,Combined Min-Variance,SLB,0.016666666666666666
2021-01-04,Combined Min-Variance,SO,0.0
2021-02-01,Combined Min-Variance,SO,4.402555089000208e-19
2021-03-01,Combined Min-Variance,SO,0.0
2021-04-01,Combined Min-Variance,SO,0.018312585243243563
2021-05-03,Combined Min-Variance,SO,0.026119791504269727
2021-06-01,Combined Min-Variance,SO,0.02752837363515148
2021-07-01,Combined Min-Variance,SO,0.024373689166858118
2021-08-02,Combined Min-Variance,SO,0.024736036026633025
2021-09-01,Combined Min-Variance,SO,0.02492961182020081
2021-10-01,Combined Min-Variance,SO,0.02398472729581003
2021-11-01,Combined Min-Variance,SO,0.023878910445848004
2021-12-01,Combined Min-Variance,SO,0.020387535917540882
2022-01-03,Combined Min-Variance,SO,0.02112017959659595
2022-02-01,Combined Min-Variance,SO,0.021393659197657244
2022-03-01,Combined Min-Variance,SO,0.021595169161238163
2022-04-01,Combined Min-Variance,SO,0.022009729101685287
2022-05-02,Combined Min-Variance,SO,0.022971580529457906
2022-06-01,Combined Min-Variance,SO,0.034504415797741224
2022-07-01,Combined Min-Variance,SO,0.028448947945621965
2022-08-01,Combined Min-Variance,SO,0.028349321810163877
2022-09-01,Combined Min-Variance,SO,0.028424175183832376
2022-10-03,Combined Min-Variance,SO,0.03669923746560772
2022-11-01,Combined Min-Variance,SO,0.03658767602738682
2022-12-01,Combined Min-Variance,SO,0.034707368786040395
2023-01-03,Combined Min-Variance,SO,0.0391851638751998
2023-02-01,Combined Min-Variance,SO,0.03747429284818623
2023-03-01,Combined Min-Variance,SO,0.034324293582003
2023-04-03,Combined Min-Variance,SO,0.039101883975739854
2023-05-01,Combined Min-Variance,SO,0.03621459996857809
2023-06-01,Combined Min-Variance,SO,0.034701839289214165
2023-07-03,Combined Min-Variance,SO,0.031032759388675325
2023-08-01,Combined Min-Variance,SO,0.030836989023144842
2023-09-01,Combined Min-Variance,SO,0.030716409423049026
2023-10-02,Combined Min-Variance,SO,0.026500190191278482
2023-11-01,Combined Min-Variance,SO,0.023246361096764537
2023-12-01,Combined Min-Variance,SO,0.016666666666666666
2021-01-04,Combined Min-Variance,T,0.03349801224454083
2021-02-01,Combined Min-Variance,T,0.035253857397530355
2021-03-01,Combined Min-Variance,T,0.03239570205656414
2021-04-01,Combined Min-Variance,T,0.031142701035623766
2021-05-03,Combined Min-Variance,T,0.028089696260846054
2021-06-01,Combined Min-Variance,T,0.028349500227561317
2021-07-01,Combined Min-Variance,T,0.026023796163139615
2021-08-02,Combined Min-Variance,T,0.026037856546924615
2021-09-01,Combined Min-Variance,T,0.025745190292959144
2021-10-01,Combined Min-Variance,T,0.024451201271530776
2021-11-01,Combined Min-Variance,T,0.024139597771154424
2021-12-01,Combined Min-Variance,T,0.020486594788024302
2022-01-03,Combined Min-Variance,T,0.020952514897519578
2022-02-01,Combined Min-Variance,T,0.02076903660793982
2022-03-01,Combined Min-Variance,T,0.020952187371982334
2022-04-01,Combined Min-Variance,T,0.02094915321919763
2022-05-02,Combined Min-Variance,T,0.021747464893066275
2022-06-01,Combined Min-Variance,T,0.028157020242430792
2022-07-01,Combined Min-Variance,T,0.025144393642727088
2022-08-01,Combined Min-Variance,T,0.025383363906563046
2022-09-01,Combined Min-Variance,T,0.025748352895016362
2022-10-03,Combined Min-Variance,T,0.03192661349991512
2022-11-01,Combined Min-Variance,T,0.03277818362657448
2022-12-01,Combined Min-Variance,T,0.0327840151563855
2023-01-03,Combined Min-Variance,T,0.038438599834479094
2023-02-01,Combined Min-Variance,T,0.039499932587237
2023-03-01,Combined Min-Variance,T,0.035971656684285896
2023-04-03,Combined Min-Variance,T,0.04501595558550187
2023-05-01,Combined Min-Variance,T,0.03714121393473476
2023-06-01,Combined Min-Variance,T,0.036679390604581044
2023-07-03,Combined Min-Variance,T,0.03313912906436152
2023-08-01,Combined Min-Variance,T,0.03193681745398512
2023-09-01,Combined Min-Variance,T,0.0320795687679558
2023-10-02,Combined Min-Variance,T,0.02732378960308275
2023-11-01,Combined Min-Variance,T,0.023108578525859173
2023-12-01,Combined Min-Variance,T,0.016666666666666666
2021-01-04,Combined Min-Variance,TMUS,0.031774254281766036
2021-02-01,Combined Min-Variance,TMUS,0.02808971913490907
2021-03-01,Combined Min-Variance,TMUS,0.030409857835188965
2021-04-01,Combined Min-Variance,TMUS,0.03180161057518982
2021-05-03,Combined Min-Variance,TMUS,0.022275244333148165
2021-06-01,Combined Min-Variance,TMUS,0.023776549659562524
2021-07-01,Combined Min-Variance,TMUS,0.021846301845448366
2021-08-02,Combined Min-Variance,TMUS,0.02193147731624548
2021-09-01,Combined Min-Variance,TMUS,0.021999509831224763
2021-10-01,Combined Min-Variance,TMUS,0.022083137486689705
2021-11-01,Combined Min-Variance,TMUS,0.022186940505717973
2021-12-01,Combined Min-Variance,TMUS,0.01940198771031205
2022-01-03,Combined Min-Variance,TMUS,0.019594060805135594
2022-02-01,Combined Min-Variance,TMUS,0.01964511360050744
2022-03-01,Combined Min-Variance,TMUS,0.0194578140537286
2022-04-01,Combined Min-Variance,TMUS,0.01967216999580052
2022-05-02,Combined Min-Variance,TMUS,0.019543959902493864
2022-06-01,Combined Min-Variance,TMUS,0.020443676606700562
2022-07-01,Combined Min-Variance,TMUS,0.020677175999182274
2022-08-01,Combined Min-Variance,TMUS,0.020484269224596993
2022-09-01,Combined Min-Variance,TMUS,0.020774939854304727
2022-10-03,Combined Min-Variance,TMUS,0.021147629279690293
2022-11-01,Combined Min-Variance,TMUS,0.020597026767138725
2022-12-01,Combined Min-Variance,TMUS,0.024410751322561267
2023-01-03,Combined Min-Variance,TMUS,0.02766599574742304
2023-02-01,Combined Min-Variance,TMUS,0.029845129842399943
2023-03-01,Combined Min-Variance,TMUS,0.02780664292362179
2023-04-03,Combined Min-Variance,TMUS,0.032646292717245874
2023-05-01,Combined Min-Variance,TMUS,0.03313609426216152
2023-06-01,Combined Min-Variance,TMUS,0.0411913469213419
2023-07-03,Combined Min-Variance,TMUS,0.037629401986523835
2023-08-01,Combined Min-Variance,TMUS,0.039515254366905166
2023-09-01,Combined Min-Variance,TMUS,0.04091198130699835
2023-10-02,Combined Min-Variance,TMUS,0.03382022234700651
2023-11-01,Combined Min-Variance,TMUS,0.025945326288212334
2023-12-01,Combined Min-Variance,TMUS,0.016666666666666666
2021-01-04,Combined Min-Variance,TRX-USD,0.0
2021-02-01,Combined Min-Variance,TRX-USD,0.0
2021-03-01,Combined Min-Variance,TRX-USD,0.0
2021-04-01,Combined Min-Variance,TRX-USD,0.00961734795240243
2021-05-03,Combined Min-Variance,TRX-USD,0.005032619976657493
2021-06-01,Combined Min-Variance,TRX-USD,0.00299759585302421
2021-07-01,Combined Min-Variance,TRX-USD,0.0011436226773805197
2021-08-02,Combined Min-Variance,TRX-USD,0.0008648578563361234
2021-09-01,Combined Min-Variance,TRX-USD,0.0008613968543506481
2021-10-01,Combined Min-Variance,TRX-USD,1.0231369894482366e-18
2021-11-01,Combined Min-Variance,TRX-USD,0.0006991240471182575
2021-12-01,Combined Min-Variance,TRX-USD,0.002948818377546662
2022-01-03,Combined Min-Variance,TRX-USD,0.0014259011492045023
2022-02-01,Combined Min-Variance,TRX-USD,0.0003250331255741806
2022-03-01,Combined Min-Variance,TRX-USD,0.000902988115954493
2022-04-01,Combined Min-Variance,TRX-USD,0.0016961645654069162
2022-05-02,Combined Min-Variance,TRX-USD,0.001304608677516412
2022-06-01,Combined Min-Variance,TRX-USD,7.518994057156177e-19
2022-07-01,Combined Min-Variance,TRX-USD,0.0
2022-08-01,Combined Min-Variance,TRX-USD,1.5383497197252007e-18
2022-09-01,Combined Min-Variance,TRX-USD,0.000300641093151821
2022-10-03,Combined Min-Variance,TRX-USD,9.60601274988862e-19
2022-11-01,Combined Min-Variance,TRX-USD,0.0005098052537309477
2022-12-01,Combined Min-Variance,TRX-USD,3.4152832570023565e-18
2023-01-03,Combined Min-Variance,TRX-USD,0.0
2023-02-01,Combined Min-Variance,TRX-USD,9.117533414100914e-19
2023-03-01,Combined Min-Variance,TRX-USD,0.0
2023-04-03,Combined Min-Variance,TRX-USD,1.5574525609329175e-19
2023-05-01,Combined Min-Variance,TRX-USD,2.7139293629939437e-19
2023-06-01,Combined Min-Variance,TRX-USD,0.005561112849545421
2023-07-03,Combined Min-Variance,TRX-USD,0.016783920155849164
2023-08-01,Combined Min-Variance,TRX-USD,0.016890645092047393
2023-09-01,Combined Min-Variance,TRX-USD,0.01796431016919404
2023-10-02,Combined Min-Variance,TRX-USD,0.015392936485366103
2023-11-01,Combined Min-Variance,TRX-USD,0.01301061570221655
2023-12-01,Combined Min-Variance,TRX-USD,0.016666666666666666
2021-01-04,Combined Min-Variance,TTWO,0.06703331809413259
2021-02-01,Combined Min-Variance,TTWO,0.07009128982854157
2021-03-01,Combined Min-Variance,TTWO,0.06939365616766573
2021-04-01,Combined Min-Variance,TTWO,0.04994051259302314
2021-05-03,Combined Min-Variance,TTWO,0.032461730492398304
2021-06-01,Combined Min-Variance,TTWO,0.031807220592530085
2021-07-01,Combined Min-Variance,TTWO,0.025625653568330346
2021-08-02,Combined Min-Variance,TTWO,0.025942693616378635
2021-09-01,Combined Min-Variance,TTWO,0.026432579527535065
2021-10-01,Combined Min-Variance,TTWO,0.02625437669870088
2021-11-01,Combined Min-Variance,TTWO,0.025632267548201356
2021-12-01,Combined Min-Variance,TTWO,0.020454515210561318
2022-01-03,Combined Min-Variance,TTWO,0.020912303807187404
2022-02-01,Combined Min-Variance,TTWO,0.020686943862432482
2022-03-01,Combined Min-Variance,TTWO,0.020912525620404132
2022-04-01,Combined Min-Variance,TTWO,0.02085862601958362
2022-05-02,Combined Min-Variance,TTWO,0.021164053524944815
2022-06-01,Combined Min-Variance,TTWO,0.019904888729221477
2022-07-01,Combined Min-Variance,TTWO,0.019950232370790983
2022-08-01,Combined Min-Variance,TTWO,0.019914716835309
2022-09-01,Combined Min-Variance,TTWO,0.019766140157972626
2022-10-03,Combined Min-Variance,TTWO,0.01762359246207406
2022-11-01,Combined Min-Variance,TTWO,0.020238003615132907
2022-12-01,Combined Min-Variance,TTWO,0.019520917185726495
2023-01-03,Combined Min-Variance,TTWO,0.01772005339724471
2023-02-01,Combined Min-Variance,TTWO,0.018909033470896192
2023-03-01,Combined Min-Variance,TTWO,0.017616344662481263
2023-04-03,Combined Min-Variance,TTWO,0.015273761861928423
2023-05-01,Combined Min-Variance,TTWO,0.01584298952066405
2023-06-01,Combined Min-Variance,TTWO,0.020294018970166028
2023-07-03,Combined Min-Variance,TTWO,0.02109982286259328
2023-08-01,Combined Min-Variance,TTWO,0.020801785461048838
2023-09-01,Combined Min-Variance,TTWO,0.019553737731107287
2023-10-02,Combined Min-Variance,TTWO,0.019553294401230138
2023-11-01,Combined Min-Variance,TTWO,0.017902069403314715
2023-12-01,Combined Min-Variance,TTWO,0.016666666666666666
2021-01-04,Combined Min-Variance,UPS,0.042528407106656965
2021-02-01,Combined Min-Variance,UPS,0.04363658589934768
2021-03-01,Combined Min-Variance,UPS,0.04747743985122813
2021-04-01,Combined Min-Variance,UPS,0.023316010076649265
2021-05-03,Combined Min-Variance,UPS,0.021455037849347183
2021-06-01,Combined Min-Variance,UPS,0.021759277507791924
2021-07-01,Combined Min-Variance,UPS,0.02209438265498142
2021-08-02,Combined Min-Variance,UPS,0.021904735906538943
2021-09-01,Combined Min-Variance,UPS,0.02224983994091989
2021-10-01,Combined Min-Variance,UPS,0.022317801141423968
2021-11-01,Combined Min-Variance,UPS,0.02325353369513143
2021-12-01,Combined Min-Variance,UPS,0.020288592861331212
2022-01-03,Combined Min-Variance,UPS,0.020640881451784703
2022-02-01,Combined Min-Variance,UPS,0.020393269470186277
2022-03-01,Combined Min-Variance,UPS,0.02002911414915719
2022-04-01,Combined Min-Variance,UPS,0.019847793257702938
2022-05-02,Combined Min-Variance,UPS,0.019810505279426755
2022-06-01,Combined Min-Variance,UPS,0.019643540795980123
2022-07-01,Combined Min-Variance,UPS,0.021502652804125638
2022-08-01,Combined Min-Variance,UPS,0.020655244925484387
2022-09-01,Combined Min-Variance,UPS,0.020576263636233355
2022-10-03,Combined Min-Variance,UPS,0.01929088590653812
2022-11-01,Combined Min-Variance,UPS,0.021106227718032364
2022-12-01,Combined Min-Variance,UPS,0.019226307104103856
2023-01-03,Combined Min-Variance,UPS,0.017009964434001514
2023-02-01,Combined Min-Variance,UPS,0.016224750557672224
2023-03-01,Combined Min-Variance,UPS,0.019846308861454696
2023-04-03,Combined Min-Variance,UPS,0.021259518611932364
2023-05-01,Combined Min-Variance,UPS,0.019945503552330157
2023-06-01,Combined Min-Variance,UPS,0.020131570313724558
2023-07-03,Combined Min-Variance,UPS,0.017286549153675206
2023-08-01,Combined Min-Variance,UPS,0.01761012030429861
2023-09-01,Combined Min-Variance,UPS,0.016684523039880078
2023-10-02,Combined Min-Variance,UPS,0.01780310536553627
2023-11-01,Combined Min-Variance,UPS,0.01803306509340693
2023-12-01,Combined Min-Variance,UPS,0.016666666666666666
2021-01-04,Combined Min-Variance,USB,0.0
2021-02-01,Combined Min-Variance,USB,0.0
2021-03-01,Combined Min-Variance,USB,6.007608158971184e-19
2021-04-01,Combined Min-Variance,USB,0.0008240896951977716
2021-05-03,Combined Min-Variance,USB,0.0069689321671075055
2021-06-01,Combined Min-Variance,USB,0.010816376842587105
2021-07-01,Combined Min-Variance,USB,0.015944675834126506
2021-08-02,Combined Min-Variance,USB,0.015306667236599571
2021-09-01,Combined Min-Variance,USB,0.01479869964437716
2021-10-01,Combined Min-Variance,USB,0.01537647177310651
2021-11-01,Combined Min-Variance,USB,0.01570821992965786
2021-12-01,Combined Min-Variance,USB,0.019117316787800362
2022-01-03,Combined Min-Variance,USB,0.018990154973263087
2022-02-01,Combined Min-Variance,USB,0.019200010588243225
2022-03-01,Combined Min-Variance,USB,0.019251443499898116
2022-04-01,Combined Min-Variance,USB,0.01873826456493352
2022-05-02,Combined Min-Variance,USB,0.018762251313052553
2022-06-01,Combined Min-Variance,USB,0.016817975170813654
2022-07-01,Combined Min-Variance,USB,0.018898317594152753
2022-08-01,Combined Min-Variance,USB,0.019755860637849756
2022-09-01,Combined Min-Variance,USB,0.02019165501410719
2022-10-03,Combined Min-Variance,USB,0.019860456329972357
2022-11-01,Combined Min-Variance,USB,0.020190186117587237
2022-12-01,Combined Min-Variance,USB,0.020999731404306967
2023-01-03,Combined Min-Variance,USB,0.020367502722198182
2023-02-01,Combined Min-Variance,USB,0.0202017525915893
2023-03-01,Combined Min-Variance,USB,0.02184454243695442
2023-04-03,Combined Min-Variance,USB,0.012462275003217112
2023-05-01,Combined Min-Variance,USB,0.014243131993594834
2023-06-01,Combined Min-Variance,USB,0.0030818068999991545
2023-07-03,Combined Min-Variance,USB,0.007281258186020252
2023-08-01,Combined Min-Variance,USB,0.003957798500305432
2023-09-01,Combined Min-Variance,USB,0.0010984400003816587
2023-10-02,Combined Min-Variance,USB,0.007664605977349517
2023-11-01,Combined Min-Variance,USB,0.01297442050379661
2023-12-01,Combined Min-Variance,USB,0.016666666666666666
2021-01-04,Combined Min-Variance,V,0.0
2021-02-01,Combined Min-Variance,V,9.85340372253267e-19
2021-03-01,Combined Min-Variance,V,0.0
2021-04-01,Combined Min-Variance,V,0.008511441945469215
2021-05-03,Combined Min-Variance,V,0.01950534622768493
2021-06-01,Combined Min-Variance,V,0.0189789484943098
2021-07-01,Combined Min-Variance,V,0.0191502800422486
2021-08-02,Combined Min-Variance,V,0.019330753546173713
2021-09-01,Combined Min-Variance,V,0.019189276283878978
2021-10-01,Combined Min-Variance,V,0.019914685515142614
2021-11-01,Combined Min-Variance,V,0.019414050847671012
2021-12-01,Combined Min-Variance,V,0.0197583346652697
2022-01-03,Combined Min-Variance,V,0.019858627889409477
2022-02-01,Combined Min-Variance,V,0.01949509080276609
2022-03-01,Combined Min-Variance,V,0.019417067523584994
2022-04-01,Combined Min-Variance,V,0.01916886750661754
2022-05-02,Combined Min-Variance,V,0.01879283863364907
2022-06-01,Combined Min-Variance,V,0.01405330262673174
2022-07-01,Combined Min-Variance,V,0.016603253387199198
2022-08-01,Combined Min-Variance,V,0.016965044663473466
2022-09-01,Combined Min-Variance,V,0.016870445765535647
2022-10-03,Combined Min-Variance,V,0.012277173450266823
2022-11-01,Combined Min-Variance,V,0.013819286042440553
2022-12-01,Combined Min-Variance,V,0.013802976214034481
2023-01-03,Combined Min-Variance,V,0.011223660823261197
2023-02-01,Combined Min-Variance,V,0.014165565982952223
2023-03-01,Combined Min-Variance,V,0.016483817911398243
2023-04-03,Combined Min-Variance,V,0.015617367179452874
2023-05-01,Combined Min-Variance,V,0.019419994277827222
2023-06-01,Combined Min-Variance,V,0.021759432336829903
2023-07-03,Combined Min-Variance,V,0.0240168635504476
2023-08-01,Combined Min-Variance,V,0.024421058419713274
2023-09-01,Combined Min-Variance,V,0.02562808002841395
2023-10-02,Combined Min-Variance,V,0.023079613247930033
2023-11-01,Combined Min-Variance,V,0.020581167033010772
2023-12-01,Combined Min-Variance,V,0.016666666666666666
2021-01-04,Combined Min-Variance,WFC,0.0
2021-02-01,Combined Min-Variance,WFC,6.029501802406336e-20
2021-03-01,Combined Min-Variance,WFC,0.0
2021-04-01,Combined Min-Variance,WFC,0.0007952041122484509
2021-05-03,Combined Min-Variance,WFC,0.0031528025335678077
2021-06-01,Combined Min-Variance,WFC,0.007320646183784
2021-07-01,Combined Min-Variance,WFC,0.014146315131890444
2021-08-02,Combined Min-Variance,WFC,0.013473919558214973
2021-09-01,Combined Min-Variance,WFC,0.01285832729123551
2021-10-01,Combined Min-Variance,WFC,0.013042594499869303
2021-11-01,Combined Min-Variance,WFC,0.013606238473746157
2021-12-01,Combined Min-Variance,WFC,0.018733456650612955
2022-01-03,Combined Min-Variance,WFC,0.018282926187129313
2022-02-01,Combined Min-Variance,WFC,0.018882412415358242
2022-03-01,Combined Min-Variance,WFC,0.018954058101389323
2022-04-01,Combined Min-Variance,WFC,0.01812328737079855
2022-05-02,Combined Min-Variance,WFC,0.017795699757577117
2022-06-01,Combined Min-Variance,WFC,0.009801052491004651
2022-07-01,Combined Min-Variance,WFC,0.014887350618827939
2022-08-01,Combined Min-Variance,WFC,0.015085623493026437
2022-09-01,Combined Min-Variance,WFC,0.015348240712985423
2022-10-03,Combined Min-Variance,WFC,0.008176651559773901
2022-11-01,Combined Min-Variance,WFC,0.00688071230272997
2022-12-01,Combined Min-Variance,WFC,0.01165639372262523
2023-01-03,Combined Min-Variance,WFC,0.009130174278204038
2023-02-01,Combined Min-Variance,WFC,0.01043037868156055
2023-03-01,Combined Min-Variance,WFC,0.01414619307379913
2023-04-03,Combined Min-Variance,WFC,0.008093528456662643
2023-05-01,Combined Min-Variance,WFC,0.012033619924437805
2023-06-01,Combined Min-Variance,WFC,0.010139788466481543
2023-07-03,Combined Min-Variance,WFC,0.015111140479185955
2023-08-01,Combined Min-Variance,WFC,0.01633351055967153
2023-09-01,Combined Min-Variance,WFC,0.01650580096428521
2023-10-02,Combined Min-Variance,WFC,0.01782463829408423
2023-11-01,Combined Min-Variance,WFC,0.01838701473791615
2023-12-01,Combined Min-Variance,WFC,0.016666666666666666
2021-01-04,Combined Min-Variance,WMT,0.08459259603345531
2021-02-01,Combined Min-Variance,WMT,0.094123768277246
2021-03-01,Combined Min-Variance,WMT,0.09388979856443425
2021-04-01,Combined Min-Variance,WMT,0.0575907380153537
2021-05-03,Combined Min-Variance,WMT,0.03711434233387044
2021-06-01,Combined Min-Variance,WMT,0.03431317865938754
2021-07-01,Combined Min-Variance,WMT,0.02601064802039519
2021-08-02,Combined Min-Variance,WMT,0.02560056440325612
2021-09-01,Combined Min-Variance,WMT,0.02582405489718926
2021-10-01,Combined Min-Variance,WMT,0.02542127109896017
2021-11-01,Combined Min-Variance,WMT,0.025186086621163686
2021-12-01,Combined Min-Variance,WMT,0.020337622923322828
2022-01-03,Combined Min-Variance,WMT,0.021021665339608735
2022-02-01,Combined Min-Variance,WMT,0.020996338618310805
2022-03-01,Combined Min-Variance,WMT,0.021518669083994253
2022-04-01,Combined Min-Variance,WMT,0.0218888747145994
2022-05-02,Combined Min-Variance,WMT,0.022886721766695622
2022-06-01,Combined Min-Variance,WMT,0.03559528715879989
2022-07-01,Combined Min-Variance,WMT,0.030000367947144436
2022-08-01,Combined Min-Variance,WMT,0.0293692154727619
2022-09-01,Combined Min-Variance,WMT,0.029067868831821768
2022-10-03,Combined Min-Variance,WMT,0.04178884589981726
2022-11-01,Combined Min-Variance,WMT,0.04480691291022759
2022-12-01,Combined Min-Variance,WMT,0.041520380868015835
2023-01-03,Combined Min-Variance,WMT,0.05003987358186712
2023-02-01,Combined Min-Variance,WMT,0.04780350832933528
2023-03-01,Combined Min-Variance,WMT,0.04119978384781629
2023-04-03,Combined Min-Variance,WMT,0.054790585735877105
2023-05-01,Combined Min-Variance,WMT,0.04822234796715488
2023-06-01,Combined Min-Variance,WMT,0.04849701641429766
2023-07-03,Combined Min-Variance,WMT,0.03708728868503272
2023-08-01,Combined Min-Variance,WMT,0.0392076205807339
2023-09-01,Combined Min-Variance,WMT,0.04244915197109348
2023-10-02,Combined Min-Variance,WMT,0.03282592953666536
2023-11-01,Combined Min-Variance,WMT,0.02517504370671678
2023-12-01,Combined Min-Variance,WMT,0.016666666666666666
2021-01-04,Combined Min-Variance,XLM-USD,0.0
2021-02-01,Combined Min-Variance,XLM-USD,3.0756798705126157e-19
2021-03-01,Combined Min-Variance,XLM-USD,0.0
2021-04-01,Combined Min-Variance,XLM-USD,3.1848438816761693e-19
2021-05-03,Combined Min-Variance,XLM-USD,0.0
2021-06-01,Combined Min-Variance,XLM-USD,1.564951546607147e-19
2021-07-01,Combined Min-Variance,XLM-USD,0.0
2021-08-02,Combined Min-Variance,XLM-USD,3.511714764404667e-19
2021-09-01,Combined Min-Variance,XLM-USD,0.0
2021-10-01,Combined Min-Variance,XLM-USD,0.0
2021-11-01,Combined Min-Variance,XLM-USD,0.0
2021-12-01,Combined Min-Variance,XLM-USD,5.692061405548898e-19
2022-01-03,Combined Min-Variance,XLM-USD,2.981555974335137e-19
2022-02-01,Combined Min-Variance,XLM-USD,0.0005534931063206289
2022-03-01,Combined Min-Variance,XLM-USD,0.000332355117251972
2022-04-01,Combined Min-Variance,XLM-USD,0.0
2022-05-02,Combined Min-Variance,XLM-USD,1.0562838601514471e-18
2022-06-01,Combined Min-Variance,XLM-USD,2.902411551906519e-19
2022-07-01,Combined Min-Variance,XLM-USD,0.0
2022-08-01,Combined Min-Variance,XLM-USD,8.006033019241425e-05
2022-09-01,Combined Min-Variance,XLM-USD,1.0958443690441453e-18
2022-10-03,Combined Min-Variance,XLM-USD,8.212447628272893e-19
2022-11-01,Combined Min-Variance,XLM-USD,0.0007304173740985086
2022-12-01,Combined Min-Variance,XLM-USD,0.0
2023-01-03,Combined Min-Variance,XLM-USD,0.0
2023-02-01,Combined Min-Variance,XLM-USD,0.0
2023-03-01,Combined Min-Variance,XLM-USD,1.9329291856343134e-18
2023-04-03,Combined Min-Variance,XLM-USD,4.89222038457408e-19
2023-05-01,Combined Min-Variance,XLM-USD,0.0
2023-06-01,Combined Min-Variance,XLM-USD,0.0
2023-07-03,Combined Min-Variance,XLM-USD,5.8546551547139725e-05
2023-08-01,Combined Min-Variance,XLM-USD,3.7676984179352695e-19
2023-09-01,Combined Min-Variance,XLM-USD,0.0
2023-10-02,Combined Min-Variance,XLM-USD,0.0
2023-11-01,Combined Min-Variance,XLM-USD,0.0
2023-12-01,Combined Min-Variance,XLM-USD,0.016666666666666666
2021-01-04,Combined Min-Variance,XOM,1.2801512193008738e-18
2021-02-01,Combined Min-Variance,XOM,0.0
2021-03-01,Combined Min-Variance,XOM,4.096023287917163e-19
2021-04-01,Combined Min-Variance,XOM,2.6020852139652106e-18
2021-05-03,Combined Min-Variance,XOM,0.004995551800288649
2021-06-01,Combined Min-Variance,XOM,0.007043286303804853
2021-07-01,Combined Min-Variance,XOM,0.012635743054067963
2021-08-02,Combined Min-Variance,XOM,0.012467766296458398
2021-09-01,Combined Min-Variance,XOM,0.012387368492593776
2021-10-01,Combined Min-Variance,XOM,0.011620792156448729
2021-11-01,Combined Min-Variance,XOM,0.011962320852489824
2021-12-01,Combined Min-Variance,XOM,0.01859365056948759
2022-01-03,Combined Min-Variance,XOM,0.018539259728762646
2022-02-01,Combined Min-Variance,XOM,0.018872696433112013
2022-03-01,Combined Min-Variance,XOM,0.019181415767673002
2022-04-01,Combined Min-Variance,XOM,0.01993491869976341
2022-05-02,Combined Min-Variance,XOM,0.02004895684704055
2022-06-01,Combined Min-Variance,XOM,0.01947226628595057
2022-07-01,Combined Min-Variance,XOM,0.020375408650224656
2022-08-01,Combined Min-Variance,XOM,0.02048130186696956
2022-09-01,Combined Min-Variance,XOM,0.021044225621482213
2022-10-03,Combined Min-Variance,XOM,0.02187720977102442
2022-11-01,Combined Min-Variance,XOM,0.02342036502071887
2022-12-01,Combined Min-Variance,XOM,0.024847049782705685
2023-01-03,Combined Min-Variance,XOM,0.024737799226276745
2023-02-01,Combined Min-Variance,XOM,0.02483438825161967
2023-03-01,Combined Min-Variance,XOM,0.024774296731664047
2023-04-03,Combined Min-Variance,XOM,0.02088930408977701
2023-05-01,Combined Min-Variance,XOM,0.021138121372732778
2023-06-01,Combined Min-Variance,XOM,0.021563785561862947
2023-07-03,Combined Min-Variance,XOM,0.021781217321728975
2023-08-01,Combined Min-Variance,XOM,0.022746405115513672
2023-09-01,Combined Min-Variance,XOM,0.02290951226114912
2023-10-02,Combined Min-Variance,XOM,0.022167538209293663
2023-11-01,Combined Min-Variance,XOM,0.020941887799689862
2023-12-01,Combined Min-Variance,XOM,0.016666666666666666
2021-01-04,Combined Min-Variance,XRP-USD,0.0
2021-02-01,Combined Min-Variance,XRP-USD,0.0
2021-03-01,Combined Min-Variance,XRP-USD,0.0
2021-04-01,Combined Min-Variance,XRP-USD,0.0026656493925613163
2021-05-03,Combined Min-Variance,XRP-USD,5.692061405548898e-19
2021-06-01,Combined Min-Variance,XRP-USD,4.896688284336452e-19
2021-07-01,Combined Min-Variance,XRP-USD,4.1835576155106727e-19
2021-08-02,Combined Min-Variance,XRP-USD,0.0
2021-09-01,Combined Min-Variance,XRP-USD,0.0
2021-10-01,Combined Min-Variance,XRP-USD,2.650431838436286e-19
2021-11-01,Combined Min-Variance,XRP-USD,2.442939804973194e-19
2021-12-01,Combined Min-Variance,XRP-USD,0.000149928102925136
2022-01-03,Combined Min-Variance,XRP-USD,0.0
2022-02-01,Combined Min-Variance,XRP-USD,0.0
2022-03-01,Combined Min-Variance,XRP-USD,3.3664731954813108e-19
2022-04-01,Combined Min-Variance,XRP-USD,0.0
2022-05-02,Combined Min-Variance,XRP-USD,6.189151679758733e-19
2022-06-01,Combined Min-Variance,XRP-USD,0.0
2022-07-01,Combined Min-Variance,XRP-USD,7.243989646256199e-19
2022-08-01,Combined Min-Variance,XRP-USD,0.0
2022-09-01,Combined Min-Variance,XRP-USD,1.0916505859508565e-18
2022-10-03,Combined Min-Variance,XRP-USD,8.367116801320645e-19
2022-11-01,Combined Min-Variance,XRP-USD,5.149960319306146e-19
2022-12-01,Combined Min-Variance,XRP-USD,0.0
2023-01-03,Combined Min-Variance,XRP-USD,0.0
2023-02-01,Combined Min-Variance,XRP-USD,0.0
2023-03-01,Combined Min-Variance,XRP-USD,2.120970499924768e-18
2023-04-03,Combined Min-Variance,XRP-USD,0.0
2023-05-01,Combined Min-Variance,XRP-USD,0.0
2023-06-01,Combined Min-Variance,XRP-USD,0.0
2023-07-03,Combined Min-Variance,XRP-USD,0.0004618805802998736
2023-08-01,Combined Min-Variance,XRP-USD,0.0
2023-09-01,Combined Min-Variance,XRP-USD,0.0
2023-10-02,Combined Min-Variance,XRP-USD,0.0
2023-11-01,Combined Min-Variance,XRP-USD,9.486769009248164e-20
2023-12-01,Combined Min-Variance,XRP-USD,0.016666666666666666
2021-01-04,Combined Max-Sharpe,ABBV,3.3034783062996024e-16
2021-02-01,Combined Max-Sharpe,ABBV,0.0
2021-03-01,Combined Max-Sharpe,ABBV,1.790931692606161e-16
2021-04-01,Combined Max-Sharpe,ABBV,0.14971120546722527
2021-05-03,Combined Max-Sharpe,ABBV,0.13054869320126108
2021-06-01,Combined Max-Sharpe,ABBV,2.97370163146127e-17
2021-07-01,Combined Max-Sharpe,ABBV,0.0
2021-08-02,Combined Max-Sharpe,ABBV,0.004471593296786077
2021-09-01,Combined Max-Sharpe,ABBV,0.021178171996524983
2021-10-01,Combined Max-Sharpe,ABBV,0.003854817807060297
2021-11-01,Combined Max-Sharpe,ABBV,0.056435462889200295
2021-12-01,Combined Max-Sharpe,ABBV,0.0
2022-01-03,Combined Max-Sharpe,ABBV,2.4884414209862975e-16
2022-02-01,Combined Max-Sharpe,ABBV,0.11361418654295237
2022-03-01,Combined Max-Sharpe,ABBV,0.18047119217070287
2022-04-01,Combined Max-Sharpe,ABBV,0.3015091104005192
2022-05-02,Combined Max-Sharpe,ABBV,0.19852865671969455
2022-06-01,Combined Max-Sharpe,ABBV,0.25466304534113343
2022-07-01,Combined Max-Sharpe,ABBV,0.46619445150898486
2022-08-01,Combined Max-Sharpe,ABBV,0.24129955519387855
2022-09-01,Combined Max-Sharpe,ABBV,0.08024587845816358
2022-10-03,Combined Max-Sharpe,ABBV,0.5364761593030685
2022-11-01,Combined Max-Sharpe,ABBV,0.17567440191143577
2022-12-01,Combined Max-Sharpe,ABBV,0.06155089514469824
2023-01-03,Combined Max-Sharpe,ABBV,3.015698408480702e-15
2023-02-01,Combined Max-Sharpe,ABBV,0.0
2023-03-01,Combined Max-Sharpe,ABBV,1.2251715815541817e-16
2023-04-03,Combined Max-Sharpe,ABBV,1.766609480164933e-14
2023-05-01,Combined Max-Sharpe,ABBV,0.0
2023-06-01,Combined Max-Sharpe,ABBV,1.123143323894488e-16
2023-07-03,Combined Max-Sharpe,ABBV,0.0
2023-08-01,Combined Max-Sharpe,ABBV,1.0977847907700103e-16
2023-09-01,Combined Max-Sharpe,ABBV,0.0
2023-10-02,Combined Max-Sharpe,ABBV,2.542500482945063e-16
2023-11-01,Combined Max-Sharpe,ABBV,9.204923520302562e-17
2023-12-01,Combined Max-Sharpe,ABBV,9.29700791452051e-17
2021-01-04,Combined Max-Sharpe,ABT,0.0
2021-02-01,Combined Max-Sharpe,ABT,0.0
2021-03-01,Combined Max-Sharpe,ABT,0.0374822127948998
2021-04-01,Combined Max-Sharpe,ABT,0.030050821407727947
2021-05-03,Combined Max-Sharpe,ABT,0.0
2021-06-01,Combined Max-Sharpe,ABT,2.7798612801587994e-16
2021-07-01,Combined Max-Sharpe,ABT,0.0
2021-08-02,Combined Max-Sharpe,ABT,6.228755520561494e-17
2021-09-01,Combined Max-Sharpe,ABT,0.0
2021-10-01,Combined Max-Sharpe,ABT,4.0622739662529724e-17
2021-11-01,Combined Max-Sharpe,ABT,0.06328069128785825
2021-12-01,Combined Max-Sharpe,ABT,0.001872898612612171
2022-01-03,Combined Max-Sharpe,ABT,0.0605017534164322
2022-02-01,Combined Max-Sharpe,ABT,0.0
2022-03-01,Combined Max-Sharpe,ABT,0.0
2022-04-01,Combined Max-Sharpe,ABT,3.5770020828753516e-16
2022-05-02,Combined Max-Sharpe,ABT,0.0
2022-06-01,Combined Max-Sharpe,ABT,4.193928527308034e-16
2022-07-01,Combined Max-Sharpe,ABT,0.0
2022-08-01,Combined Max-Sharpe,ABT,1.7468336073361675e-16
2022-09-01,Combined Max-Sharpe,ABT,2.3199169567762847e-17
2022-10-03,Combined Max-Sharpe,ABT,0.0
2022-11-01,Combined Max-Sharpe,ABT,6.563348452711376e-17
2022-12-01,Combined Max-Sharpe,ABT,9.515636665380603e-17
2023-01-03,Combined Max-Sharpe,ABT,1.8030172940466287e-16
2023-02-01,Combined Max-Sharpe,ABT,1.7422511191690902e-16
2023-03-01,Combined Max-Sharpe,ABT,0.0
2023-04-03,Combined Max-Sharpe,ABT,2.1367767593846544e-14
2023-05-01,Combined Max-Sharpe,ABT,8.974295462829053e-17
2023-06-01,Combined Max-Sharpe,ABT,0.0
2023-07-03,Combined Max-Sharpe,ABT,0.0
2023-08-01,Combined Max-Sharpe,ABT,0.0
2023-09-01,Combined Max-Sharpe,ABT,0.0
2023-10-02,Combined Max-Sharpe,ABT,1.2557073786762319e-16
2023-11-01,Combined Max-Sharpe,ABT,0.0
2023-12-01,Combined Max-Sharpe,ABT,1.0081724529916348e-16
2021-01-04,Combined Max-Sharpe,ADA-USD,1.271951556297339e-16
2021-02-01,Combined Max-Sharpe,ADA-USD,1.7610441030280767e-15
2021-03-01,Combined Max-Sharpe,ADA-USD,0.11947925307585099
2021-04-01,Combined Max-Sharpe,ADA-USD,0.061413377552459236
2021-05-03,Combined Max-Sharpe,ADA-USD,0.04663051692486056
2021-06-01,Combined Max-Sharpe,ADA-USD,0.02585851955697704
2021-07-01,Combined Max-Sharpe,ADA-USD,0.006609353723086576
2021-08-02,Combined Max-Sharpe,ADA-USD,5.2978264331598646e-17
2021-09-01,Combined Max-Sharpe,ADA-USD,0.027502407057626205
2021-10-01,Combined Max-Sharpe,ADA-USD,0.03998725461324647
2021-11-01,Combined Max-Sharpe,ADA-USD,0.033386658820434845
2021-12-01,Combined Max-Sharpe,ADA-USD,0.02343954240019741
2022-01-03,Combined Max-Sharpe,ADA-USD,0.01265124573718078
2022-02-01,Combined Max-Sharpe,ADA-USD,1.23916872246685e-16
2022-03-01,Combined Max-Sharpe,ADA-USD,4.80548858485516e-16
2022-04-01,Combined Max-Sharpe,ADA-USD,0.0
2022-05-02,Combined Max-Sharpe,ADA-USD,0.0
2022-06-01,Combined Max-Sharpe,ADA-USD,1.4955566906020966e-17
2022-07-01,Combined Max-Sharpe,ADA-USD,8.151869423860196e-16
2022-08-01,Combined Max-Sharpe,ADA-USD,0.0
2022-09-01,Combined Max-Sharpe,ADA-USD,0.0
2022-10-03,Combined Max-Sharpe,ADA-USD,4.90951137848789e-16
2022-11-01,Combined Max-Sharpe,ADA-USD,7.223239434712943e-16
2022-12-01,Combined Max-Sharpe,ADA-USD,1.0116391877163898e-16
2023-01-03,Combined Max-Sharpe,ADA-USD,0.0
2023-02-01,Combined Max-Sharpe,ADA-USD,1.1582672500640268e-15
2023-03-01,Combined Max-Sharpe,ADA-USD,0.0
2023-04-03,Combined Max-Sharpe,ADA-USD,4.058806568756317e-14
2023-05-01,Combined Max-Sharpe,ADA-USD,0.0
2023-06-01,Combined Max-Sharpe,ADA-USD,0.0
2023-07-03,Combined Max-Sharpe,ADA-USD,0.0
2023-08-01,Combined Max-Sharpe,ADA-USD,0.0
2023-09-01,Combined Max-Sharpe,ADA-USD,0.0
2023-10-02,Combined Max-Sharpe,ADA-USD,0.0
2023-11-01,Combined Max-Sharpe,ADA-USD,6.734975446109022e-17
2023-12-01,Combined Max-Sharpe,ADA-USD,8.027928161119854e-17
2021-01-04,Combined Max-Sharpe,ADBE,0.0
2021-02-01,Combined Max-Sharpe,ADBE,3.024872613673348e-17
2021-03-01,Combined Max-Sharpe,ADBE,2.624157853660901e-17
2021-04-01,Combined Max-Sharpe,ADBE,0.0
2021-05-03,Combined Max-Sharpe,ADBE,0.0
2021-06-01,Combined Max-Sharpe,ADBE,0.0
2021-07-01,Combined Max-Sharpe,ADBE,3.683841518300178e-18
2021-08-02,Combined Max-Sharpe,ADBE,1.3717508925427673e-16
2021-09-01,Combined Max-Sharpe,ADBE,0.0
2021-10-01,Combined Max-Sharpe,ADBE,1.5922126619666945e-17
2021-11-01,Combined Max-Sharpe,ADBE,0.0
2021-12-01,Combined Max-Sharpe,ADBE,0.0
2022-01-03,Combined Max-Sharpe,ADBE,0.0
2022-02-01,Combined Max-Sharpe,ADBE,1.724309507145586e-17
2022-03-01,Combined Max-Sharpe,ADBE,0.0
2022-04-01,Combined Max-Sharpe,ADBE,0.0
2022-05-02,Combined Max-Sharpe,ADBE,0.0
2022-06-01,Combined Max-Sharpe,ADBE,0.0
2022-07-01,Combined Max-Sharpe,ADBE,3.1638492177979793e-16
2022-08-01,Combined Max-Sharpe,ADBE,2.105551344688019e-17
2022-09-01,Combined Max-Sharpe,ADBE,0.0
2022-10-03,Combined Max-Sharpe,ADBE,7.302665875534538e-17
2022-11-01,Combined Max-Sharpe,ADBE,1.1025182490024158e-16
2022-12-01,Combined Max-Sharpe,ADBE,0.0
2023-01-03,Combined Max-Sharpe,ADBE,0.0
2023-02-01,Combined Max-Sharpe,ADBE,4.946837552199557e-16
2023-03-01,Combined Max-Sharpe,ADBE,0.0
2023-04-03,Combined Max-Sharpe,ADBE,2.531282072367617e-14
2023-05-01,Combined Max-Sharpe,ADBE,0.0
2023-06-01,Combined Max-Sharpe,ADBE,0.0
2023-07-03,Combined Max-Sharpe,ADBE,0.0
2023-08-01,Combined Max-Sharpe,ADBE,0.0
2023-09-01,Combined Max-Sharpe,ADBE,8.702451444814657e-17
2023-10-02,Combined Max-Sharpe,ADBE,2.19289851283628e-16
2023-11-01,Combined Max-Sharpe,ADBE,0.0
2023-12-01,Combined Max-Sharpe,ADBE,0.07679372460884908
2021-01-04,Combined Max-Sharpe,AEP,1.4303258004272188e-16
2021-02-01,Combined Max-Sharpe,AEP,2.3634611001246617e-17
2021-03-01,Combined Max-Sharpe,AEP,0.0
2021-04-01,Combined Max-Sharpe,AEP,0.0
2021-05-03,Combined Max-Sharpe,AEP,0.0
2021-06-01,Combined Max-Sharpe,AEP,1.1934426418191466e-16
2021-07-01,Combined Max-Sharpe,AEP,0.0
2021-08-02,Combined Max-Sharpe,AEP,2.533725487533221e-16
2021-09-01,Combined Max-Sharpe,AEP,0.0
2021-10-01,Combined Max-Sharpe,AEP,0.0
2021-11-01,Combined Max-Sharpe,AEP,6.269830929720097e-17
2021-12-01,Combined Max-Sharpe,AEP,2.0908349619105873e-16
2022-01-03,Combined Max-Sharpe,AEP,3.5462410328179827e-16
2022-02-01,Combined Max-Sharpe,AEP,1.993531513618811e-16
2022-03-01,Combined Max-Sharpe,AEP,0.030447536830052833
2022-04-01,Combined Max-Sharpe,AEP,5.166705673448448e-16
2022-05-02,Combined Max-Sharpe,AEP,0.0
2022-06-01,Combined Max-Sharpe,AEP,0.11807855312614672
2022-07-01,Combined Max-Sharpe,AEP,0.0
2022-08-01,Combined Max-Sharpe,AEP,1.1825307183808557e-15
2022-09-01,Combined Max-Sharpe,AEP,0.0
2022-10-03,Combined Max-Sharpe,AEP,0.0
2022-11-01,Combined Max-Sharpe,AEP,0.0
2022-12-01,Combined Max-Sharpe,AEP,8.245181190102411e-17
2023-01-03,Combined Max-Sharpe,AEP,0.0
2023-02-01,Combined Max-Sharpe,AEP,0.0
2023-03-01,Combined Max-Sharpe,AEP,1.4452024580551017e-16
2023-04-03,Combined Max-Sharpe,AEP,1.8166507463053615e-14
2023-05-01,Combined Max-Sharpe,AEP,0.0
2023-06-01,Combined Max-Sharpe,AEP,1.6688360724912484e-17
2023-07-03,Combined Max-Sharpe,AEP,0.0
2023-08-01,Combined Max-Sharpe,AEP,0.0
2023-09-01,Combined Max-Sharpe,AEP,7.643236744273154e-17
2023-10-02,Combined Max-Sharpe,AEP,0.0
2023-11-01,Combined Max-Sharpe,AEP,4.5391893976714255e-17
2023-12-01,Combined Max-Sharpe,AEP,0.0
2021-01-04,Combined Max-Sharpe,AMD,0.0
2021-02-01,Combined Max-Sharpe,AMD,1.2717587812850127e-16
2021-03-01,Combined Max-Sharpe,AMD,0.0
2021-04-01,Combined Max-Sharpe,AMD,5.914919153509403e-17
2021-05-03,Combined Max-Sharpe,AMD,2.2220914628205164e-16
2021-06-01,Combined Max-Sharpe,AMD,0.0
2021-07-01,Combined Max-Sharpe,AMD,0.039332300634019816
2021-08-02,Combined Max-Sharpe,AMD,0.0
2021-09-01,Combined Max-Sharpe,AMD,2.2098053582744956e-16
2021-10-01,Combined Max-Sharpe,AMD,2.0170406946761263e-16
2021-11-01,Combined Max-Sharpe,AMD,0.0123104660343536
2021-12-01,Combined Max-Sharpe,AMD,0.0
2022-01-03,Combined Max-Sharpe,AMD,3.2379656638872455e-17
2022-02-01,Combined Max-Sharpe,AMD,7.640980724687016e-17
2022-03-01,Combined Max-Sharpe,AMD,2.3606000951448583e-16
2022-04-01,Combined Max-Sharpe,AMD,3.2800749227393193e-16
2022-05-02,Combined Max-Sharpe,AMD,1.0704826327711427e-16
2022-06-01,Combined Max-Sharpe,AMD,0.03992240712870316
2022-07-01,Combined Max-Sharpe,AMD,0.0
2022-08-01,Combined Max-Sharpe,AMD,0.0
2022-09-01,Combined Max-Sharpe,AMD,6.832661550332175e-17
2022-10-03,Combined Max-Sharpe,AMD,1.2886182256426993e-16
2022-11-01,Combined Max-Sharpe,AMD,2.601581461408831e-16
2022-12-01,Combined Max-Sharpe,AMD,0.0
2023-01-03,Combined Max-Sharpe,AMD,0.0
2023-02-01,Combined Max-Sharpe,AMD,6.681859201841506e-16
2023-03-01,Combined Max-Sharpe,AMD,0.0
2023-04-03,Combined Max-Sharpe,AMD,2.9578384583688495e-14
2023-05-01,Combined Max-Sharpe,AMD,0.0
2023-06-01,Combined Max-Sharpe,AMD,0.0
2023-07-03,Combined Max-Sharpe,AMD,0.0
2023-08-01,Combined Max-Sharpe,AMD,9.438089915460415e-18
2023-09-01,Combined Max-Sharpe,AMD,0.0
2023-10-02,Combined Max-Sharpe,AMD,0.0
2023-11-01,Combined Max-Sharpe,AMD,0.0
2023-12-01,Combined Max-Sharpe,AMD,9.59019060991701e-17
2021-01-04,Combined Max-Sharpe,AMGN,0.0
2021-02-01,Combined Max-Sharpe,AMGN,0.0
2021-03-01,Combined Max-Sharpe,AMGN,1.8653176672927274e-16
2021-04-01,Combined Max-Sharpe,AMGN,0.0
2021-05-03,Combined Max-Sharpe,AMGN,0.0
2021-06-01,Combined Max-Sharpe,AMGN,6.325727773067434e-17
2021-07-01,Combined Max-Sharpe,AMGN,0.0
2021-08-02,Combined Max-Sharpe,AMGN,1.209398563653068e-16
2021-09-01,Combined Max-Sharpe,AMGN,0.0
2021-10-01,Combined Max-Sharpe,AMGN,0.0
2021-11-01,Combined Max-Sharpe,AMGN,1.2788955568068208e-17
2021-12-01,Combined Max-Sharpe,AMGN,8.524682426389499e-17
2022-01-03,Combined Max-Sharpe,AMGN,3.671388145963028e-17
2022-02-01,Combined Max-Sharpe,AMGN,0.0
2022-03-01,Combined Max-Sharpe,AMGN,2.864616288541977e-17
2022-04-01,Combined Max-Sharpe,AMGN,0.0
2022-05-02,Combined Max-Sharpe,AMGN,8.473741398638172e-17
2022-06-01,Combined Max-Sharpe,AMGN,0.0
2022-07-01,Combined Max-Sharpe,AMGN,1.3201832984521445e-17
2022-08-01,Combined Max-Sharpe,AMGN,8.15841635118803e-17
2022-09-01,Combined Max-Sharpe,AMGN,0.062447178586248035
2022-10-03,Combined Max-Sharpe,AMGN,0.0
2022-11-01,Combined Max-Sharpe,AMGN,0.39046324521719145
2022-12-01,Combined Max-Sharpe,AMGN,0.2715125672183104
2023-01-03,Combined Max-Sharpe,AMGN,0.028342818431017786
2023-02-01,Combined Max-Sharpe,AMGN,0.0
2023-03-01,Combined Max-Sharpe,AMGN,1.0032976075628253e-16
2023-04-03,Combined Max-Sharpe,AMGN,1.5281620687807445e-14
2023-05-01,Combined Max-Sharpe,AMGN,0.0
2023-06-01,Combined Max-Sharpe,AMGN,2.256152494839963e-16
2023-07-03,Combined Max-Sharpe,AMGN,1.3311382744169668e-16
2023-08-01,Combined Max-Sharpe,AMGN,0.0
2023-09-01,Combined Max-Sharpe,AMGN,6.093606185565514e-17
2023-10-02,Combined Max-Sharpe,AMGN,0.10396338370527082
2023-11-01,Combined Max-Sharpe,AMGN,9.403059584379851e-17
2023-12-01,Combined Max-Sharpe,AMGN,0.0
2021-01-04,Combined Max-Sharpe,AMT,8.81496711801506e-17
2021-02-01,Combined Max-Sharpe,AMT,0.0
2021-03-01,Combined Max-Sharpe,AMT,0.0
2021-04-01,Combined Max-Sharpe,AMT,0.0
2021-05-03,Combined Max-Sharpe,AMT,0.0
2021-06-01,Combined Max-Sharpe,AMT,0.0
2021-07-01,Combined Max-Sharpe,AMT,0.0
2021-08-02,Combined Max-Sharpe,AMT,0.0
2021-09-01,Combined Max-Sharpe,AMT,9.653319104806167e-17
2021-10-01,Combined Max-Sharpe,AMT,0.0
2021-11-01,Combined Max-Sharpe,AMT,3.741514393447474e-19
2021-12-01,Combined Max-Sharpe,AMT,1.6310529162429656e-16
2022-01-03,Combined Max-Sharpe,AMT,6.034320103838631e-18
2022-02-01,Combined Max-Sharpe,AMT,0.0
2022-03-01,Combined Max-Sharpe,AMT,0.0
2022-04-01,Combined Max-Sharpe,AMT,0.0
2022-05-02,Combined Max-Sharpe,AMT,0.0
2022-06-01,Combined Max-Sharpe,AMT,1.196545858367423e-16
2022-07-01,Combined Max-Sharpe,AMT,1.1506173635871053e-16
2022-08-01,Combined Max-Sharpe,AMT,2.152070108715979e-16
2022-09-01,Combined Max-Sharpe,AMT,0.0
2022-10-03,Combined Max-Sharpe,AMT,6.272735719843533e-17
2022-11-01,Combined Max-Sharpe,AMT,1.8236592560296478e-16
2022-12-01,Combined Max-Sharpe,AMT,2.639764372933786e-16
2023-01-03,Combined Max-Sharpe,AMT,1.0785857604402046e-16
2023-02-01,Combined Max-Sharpe,AMT,9.36107773324779e-17
2023-03-01,Combined Max-Sharpe,AMT,0.0
2023-04-03,Combined Max-Sharpe,AMT,2.0696056914219814e-14
2023-05-01,Combined Max-Sharpe,AMT,0.0
2023-06-01,Combined Max-Sharpe,AMT,8.67549261217882e-17
2023-07-03,Combined Max-Sharpe,AMT,0.0
2023-08-01,Combined Max-Sharpe,AMT,0.0
2023-09-01,Combined Max-Sharpe,AMT,0.0
2023-10-02,Combined Max-Sharpe,AMT,0.0
2023-11-01,Combined Max-Sharpe,AMT,0.0
2023-12-01,Combined Max-Sharpe,AMT,5.596752821115029e-17
2021-01-04,Combined Max-Sharpe,BA,2.8504458537840906e-17
2021-02-01,Combined Max-Sharpe,BA,6.55677706545183e-17
2021-03-01,Combined Max-Sharpe,BA,1.0162723742003556e-16
2021-04-01,Combined Max-Sharpe,BA,7.045477715729583e-17
2021-05-03,Combined Max-Sharpe,BA,0.0
2021-06-01,Combined Max-Sharpe,BA,4.333954931752939e-17
2021-07-01,Combined Max-Sharpe,BA,0.0
2021-08-02,Combined Max-Sharpe,BA,0.0
2021-09-01,Combined Max-Sharpe,BA,1.10258248132995e-16
2021-10-01,Combined Max-Sharpe,BA,1.3536275249967824e-16
2021-11-01,Combined Max-Sharpe,BA,1.1234930457544213e-16
2021-12-01,Combined Max-Sharpe,BA,0.0
2022-01-03,Combined Max-Sharpe,BA,0.0
2022-02-01,Combined Max-Sharpe,BA,0.0
2022-03-01,Combined Max-Sharpe,BA,0.0
2022-04-01,Combined Max-Sharpe,BA,0.0
2022-05-02,Combined Max-Sharpe,BA,1.4524917147940994e-17
2022-06-01,Combined Max-Sharpe,BA,0.0
2022-07-01,Combined Max-Sharpe,BA,3.037560451153978e-16
2022-08-01,Combined Max-Sharpe,BA,0.0
2022-09-01,Combined Max-Sharpe,BA,8.17401805803788e-17
2022-10-03,Combined Max-Sharpe,BA,1.602459029741333e-16
2022-11-01,Combined Max-Sharpe,BA,2.2055899062431394e-17
2022-12-01,Combined Max-Sharpe,BA,0.0
2023-01-03,Combined Max-Sharpe,BA,1.260329467710557e-17
2023-02-01,Combined Max-Sharpe,BA,0.0
2023-03-01,Combined Max-Sharpe,BA,2.714306433434283e-16
2023-04-03,Combined Max-Sharpe,BA,1.2706084438036194e-14
2023-05-01,Combined Max-Sharpe,BA,0.0
2023-06-01,Combined Max-Sharpe,BA,0.049321132885083475
2023-07-03,Combined Max-Sharpe,BA,4.803279357372055e-16
2023-08-01,Combined Max-Sharpe,BA,1.7694054930089283e-16
2023-09-01,Combined Max-Sharpe,BA,0.0
2023-10-02,Combined Max-Sharpe,BA,6.135547607038018e-17
2023-11-01,Combined Max-Sharpe,BA,0.0
2023-12-01,Combined Max-Sharpe,BA,1.1307810817805706e-16
2021-01-04,Combined Max-Sharpe,BCH-USD,6.620366731073935e-17
2021-02-01,Combined Max-Sharpe,BCH-USD,7.143243430530634e-17
2021-03-01,Combined Max-Sharpe,BCH-USD,1.843578286824034e-16
2021-04-01,Combined Max-Sharpe,BCH-USD,6.265567239146601e-17
2021-05-03,Combined Max-Sharpe,BCH-USD,0.0
2021-06-01,Combined Max-Sharpe,BCH-USD,3.6375202557988956e-16
2021-07-01,Combined Max-Sharpe,BCH-USD,0.0
2021-08-02,Combined Max-Sharpe,BCH-USD,2.039484481906473e-16
2021-09-01,Combined Max-Sharpe,BCH-USD,0.0
2021-10-01,Combined Max-Sharpe,BCH-USD,8.137514356172e-17
2021-11-01,Combined Max-Sharpe,BCH-USD,4.003186842309622e-17
2021-12-01,Combined Max-Sharpe,BCH-USD,2.0279694616674209e-16
2022-01-03,Combined Max-Sharpe,BCH-USD,7.829333083845492e-16
2022-02-01,Combined Max-Sharpe,BCH-USD,2.387657795510551e-16
2022-03-01,Combined Max-Sharpe,BCH-USD,4.4251711312581964e-16
2022-04-01,Combined Max-Sharpe,BCH-USD,0.0
2022-05-02,Combined Max-Sharpe,BCH-USD,3.2183102456987916e-17
2022-06-01,Combined Max-Sharpe,BCH-USD,0.0
2022-07-01,Combined Max-Sharpe,BCH-USD,7.314659407581546e-16
2022-08-01,Combined Max-Sharpe,BCH-USD,0.0
2022-09-01,Combined Max-Sharpe,BCH-USD,0.0
2022-10-03,Combined Max-Sharpe,BCH-USD,9.44195845242608e-17
2022-11-01,Combined Max-Sharpe,BCH-USD,5.54157319902404e-16
2022-12-01,Combined Max-Sharpe,BCH-USD,0.0
2023-01-03,Combined Max-Sharpe,BCH-USD,0.0
2023-02-01,Combined Max-Sharpe,BCH-USD,4.482339201821978e-16
2023-03-01,Combined Max-Sharpe,BCH-USD,0.0
2023-04-03,Combined Max-Sharpe,BCH-USD,3.4327042448872975e-14
2023-05-01,Combined Max-Sharpe,BCH-USD,0.0
2023-06-01,Combined Max-Sharpe,BCH-USD,0.0
2023-07-03,Combined Max-Sharpe,BCH-USD,0.055465200243879534
2023-08-01,Combined Max-Sharpe,BCH-USD,0.032268787479491974
2023-09-01,Combined Max-Sharpe,BCH-USD,0.031026307343773034
2023-10-02,Combined Max-Sharpe,BCH-USD,0.0542185628780097
2023-11-01,Combined Max-Sharpe,BCH-USD,0.08670997189102304
2023-12-01,Combined Max-Sharpe,BCH-USD,0.044076067514490336
2021-01-04,Combined Max-Sharpe,BTC-USD,0.5784826391446857
2021-02-01,Combined Max-Sharpe,BTC-USD,0.42829581163670083
2021-03-01,Combined Max-Sharpe,BTC-USD,0.3645995237855023
2021-04-01,Combined Max-Sharpe,BTC-USD,0.21853512386977123
2021-05-03,Combined Max-Sharpe,BTC-USD,0.14275644523065772
2021-06-01,Combined Max-Sharpe,BTC-USD,0.02220275693905224
2021-07-01,Combined Max-Sharpe,BTC-USD,0.014134266746639213
2021-08-02,Combined Max-Sharpe,BTC-USD,0.0267964546101767
2021-09-01,Combined Max-Sharpe,BTC-USD,0.01458834394147107
2021-10-01,Combined Max-Sharpe,BTC-USD,0.008877344184070797
2021-11-01,Combined Max-Sharpe,BTC-USD,3.0750103405376004e-16
2021-12-01,Combined Max-Sharpe,BTC-USD,0.0
2022-01-03,Combined Max-Sharpe,BTC-USD,7.925252248419366e-18
2022-02-01,Combined Max-Sharpe,BTC-USD,2.6786451002548253e-16
2022-03-01,Combined Max-Sharpe,BTC-USD,0.0
2022-04-01,Combined Max-Sharpe,BTC-USD,3.8866797542364146e-16
2022-05-02,Combined Max-Sharpe,BTC-USD,0.0
2022-06-01,Combined Max-Sharpe,BTC-USD,0.0
2022-07-01,Combined Max-Sharpe,BTC-USD,4.574918654400242e-16
2022-08-01,Combined Max-Sharpe,BTC-USD,1.1853169474596851e-17
2022-09-01,Combined Max-Sharpe,BTC-USD,0.0
2022-10-03,Combined Max-Sharpe,BTC-USD,2.3575910674990177e-16
2022-11-01,Combined Max-Sharpe,BTC-USD,2.553895133901751e-16
2022-12-01,Combined Max-Sharpe,BTC-USD,0.0
2023-01-03,Combined Max-Sharpe,BTC-USD,0.0
2023-02-01,Combined Max-Sharpe,BTC-USD,5.210622097404583e-16
2023-03-01,Combined Max-Sharpe,BTC-USD,0.0
2023-04-03,Combined Max-Sharpe,BTC-USD,3.04940451034758e-14
2023-05-01,Combined Max-Sharpe,BTC-USD,0.0
2023-06-01,Combined Max-Sharpe,BTC-USD,0.0
2023-07-03,Combined Max-Sharpe,BTC-USD,6.378926290661572e-17
2023-08-01,Combined Max-Sharpe,BTC-USD,1.929308190840553e-16
2023-09-01,Combined Max-Sharpe,BTC-USD,7.681157686956886e-17
2023-10-02,Combined Max-Sharpe,BTC-USD,5.643688876762176e-17
2023-11-01,Combined Max-Sharpe,BTC-USD,0.0
2023-12-01,Combined Max-Sharpe,BTC-USD,0.10431557247444032
2021-01-04,Combined Max-Sharpe,CAT,5.71870901463966e-17
2021-02-01,Combined Max-Sharpe,CAT,0.0
2021-03-01,Combined Max-Sharpe,CAT,0.02049747354909026
2021-04-01,Combined Max-Sharpe,CAT,0.014363570307228197
2021-05-03,Combined Max-Sharpe,CAT,0.07969618570741278
2021-06-01,Combined Max-Sharpe,CAT,0.1448378534125951
2021-07-01,Combined Max-Sharpe,CAT,0.009517688017658713
2021-08-02,Combined Max-Sharpe,CAT,1.0683683755684784e-16
2021-09-01,Combined Max-Sharpe,CAT,3.644503529480736e-17
2021-10-01,Combined Max-Sharpe,CAT,0.0
2021-11-01,Combined Max-Sharpe,CAT,1.0570481383884215e-16
2021-12-01,Combined Max-Sharpe,CAT,0.0
2022-01-03,Combined Max-Sharpe,CAT,1.6450529347126654e-16
2022-02-01,Combined Max-Sharpe,CAT,0.0
2022-03-01,Combined Max-Sharpe,CAT,0.0
2022-04-01,Combined Max-Sharpe,CAT,3.3684621371281e-17
2022-05-02,Combined Max-Sharpe,CAT,0.0
2022-06-01,Combined Max-Sharpe,CAT,0.0
2022-07-01,Combined Max-Sharpe,CAT,9.265940938751546e-17
2022-08-01,Combined Max-Sharpe,CAT,0.0
2022-09-01,Combined Max-Sharpe,CAT,8.862349364954783e-17
2022-10-03,Combined Max-Sharpe,CAT,5.0990404499732097e-17
2022-11-01,Combined Max-Sharpe,CAT,1.0236917556222874e-15
2022-12-01,Combined Max-Sharpe,CAT,2.3859067682322664e-16
2023-01-03,Combined Max-Sharpe,CAT,3.7812140048678956e-16
2023-02-01,Combined Max-Sharpe,CAT,1.6691905012808495e-15
2023-03-01,Combined Max-Sharpe,CAT,0.0
2023-04-03,Combined Max-Sharpe,CAT,2.073347459979286e-14
2023-05-01,Combined Max-Sharpe,CAT,0.0
2023-06-01,Combined Max-Sharpe,CAT,1.4968319897218817e-17
2023-07-03,Combined Max-Sharpe,CAT,7.369616025770202e-17
2023-08-01,Combined Max-Sharpe,CAT,0.0
2023-09-01,Combined Max-Sharpe,CAT,0.0
2023-10-02,Combined Max-Sharpe,CAT,0.006843649494402821
2023-11-01,Combined Max-Sharpe,CAT,5.0236922435008853e-17
2023-12-01,Combined Max-Sharpe,CAT,3.1709489969723445e-17
2021-01-04,Combined Max-Sharpe,CCI,0.0
2021-02-01,Combined Max-Sharpe,CCI,0.0
2021-03-01,Combined Max-Sharpe,CCI,1.362261239953969e-18
2021-04-01,Combined Max-Sharpe,CCI,0.0
2021-05-03,Combined Max-Sharpe,CCI,0.0
2021-06-01,Combined Max-Sharpe,CCI,9.714062127766333e-17
2021-07-01,Combined Max-Sharpe,CCI,0.0
2021-08-02,Combined Max-Sharpe,CCI,0.0
2021-09-01,Combined Max-Sharpe,CCI,0.0
2021-10-01,Combined Max-Sharpe,CCI,6.837325786374237e-17
2021-11-01,Combined Max-Sharpe,CCI,1.7656603472204898e-16
2021-12-01,Combined Max-Sharpe,CCI,3.40842754366159e-17
2022-01-03,Combined Max-Sharpe,CCI,0.0
2022-02-01,Combined Max-Sharpe,CCI,3.167369228806994e-17
2022-03-01,Combined Max-Sharpe,CCI,1.2485885619324992e-16
2022-04-01,Combined Max-Sharpe,CCI,7.935356098541045e-18
2022-05-02,Combined Max-Sharpe,CCI,0.0
2022-06-01,Combined Max-Sharpe,CCI,0.0
2022-07-01,Combined Max-Sharpe,CCI,8.232739344530496e-17
2022-08-01,Combined Max-Sharpe,CCI,1.2279533445960577e-16
2022-09-01,Combined Max-Sharpe,CCI,0.0
2022-10-03,Combined Max-Sharpe,CCI,0.0
2022-11-01,Combined Max-Sharpe,CCI,1.9669048095589373e-16
2022-12-01,Combined Max-Sharpe,CCI,0.0
2023-01-03,Combined Max-Sharpe,CCI,0.0
2023-02-01,Combined Max-Sharpe,CCI,2.1715762751169488e-16
2023-03-01,Combined Max-Sharpe,CCI,0.0
2023-04-03,Combined Max-Sharpe,CCI,2.0807833017229398e-14
2023-05-01,Combined Max-Sharpe,CCI,0.0
2023-06-01,Combined Max-Sharpe,CCI,0.0
2023-07-03,Combined Max-Sharpe,CCI,0.0
2023-08-01,Combined Max-Sharpe,CCI,8.15629271790599e-17
2023-09-01,Combined Max-Sharpe,CCI,1.2650902701831033e-16
2023-10-02,Combined Max-Sharpe,CCI,3.1585415252084864e-17
2023-11-01,Combined Max-Sharpe,CCI,0.0
2023-12-01,Combined Max-Sharpe,CCI,1.0385921134760395e-16
2021-01-04,Combined Max-Sharpe,CMCSA,0.0
2021-02-01,Combined Max-Sharpe,CMCSA,0.0
2021-03-01,Combined Max-Sharpe,CMCSA,0.0
2021-04-01,Combined Max-Sharpe,CMCSA,0.0
2021-05-03,Combined Max-Sharpe,CMCSA,0.0
2021-06-01,Combined Max-Sharpe,CMCSA,0.0
2021-07-01,Combined Max-Sharpe,CMCSA,0.0
2021-08-02,Combined Max-Sharpe,CMCSA,0.0
2021-09-01,Combined Max-Sharpe,CMCSA,8.443646317599269e-17
2021-10-01,Combined Max-Sharpe,CMCSA,0.0
2021-11-01,Combined Max-Sharpe,CMCSA,0.0
2021-12-01,Combined Max-Sharpe,CMCSA,1.1742647105570357e-16
2022-01-03,Combined Max-Sharpe,CMCSA,1.062328485950542e-16
2022-02-01,Combined Max-Sharpe,CMCSA,3.149784599104114e-17
2022-03-01,Combined Max-Sharpe,CMCSA,3.4318782323415994e-17
2022-04-01,Combined Max-Sharpe,CMCSA,0.0
2022-05-02,Combined Max-Sharpe,CMCSA,3.052161658295783e-17
2022-06-01,Combined Max-Sharpe,CMCSA,0.0
2022-07-01,Combined Max-Sharpe,CMCSA,1.1802264830454998e-16
2022-08-01,Combined Max-Sharpe,CMCSA,0.0
2022-09-01,Combined Max-Sharpe,CMCSA,6.13012040974096e-17
2022-10-03,Combined Max-Sharpe,CMCSA,1.713469209344843e-16
2022-11-01,Combined Max-Sharpe,CMCSA,6.950975745740957e-17
2022-12-01,Combined Max-Sharpe,CMCSA,6.113986265514002e-17
2023-01-03,Combined Max-Sharpe,CMCSA,0.0
2023-02-01,Combined Max-Sharpe,CMCSA,0.0
2023-03-01,Combined Max-Sharpe,CMCSA,3.1162215363784797e-16
2023-04-03,Combined Max-Sharpe,CMCSA,2.1481507326210753e-14
2023-05-01,Combined Max-Sharpe,CMCSA,0.0
2023-06-01,Combined Max-Sharpe,CMCSA,0.0
2023-07-03,Combined Max-Sharpe,CMCSA,1.3485871531304054e-16
2023-08-01,Combined Max-Sharpe,CMCSA,0.0
2023-09-01,Combined Max-Sharpe,CMCSA,7.217186290558856e-17
2023-10-02,Combined Max-Sharpe,CMCSA,1.0399511463516166e-16
2023-11-01,Combined Max-Sharpe,CMCSA,3.3134503021519505e-17
2023-12-01,Combined Max-Sharpe,CMCSA,0.0
2021-01-04,Combined Max-Sharpe,COP,0.0
2021-02-01,Combined Max-Sharpe,COP,1.674224575466538e-17
2021-03-01,Combined Max-Sharpe,COP,2.5128539842582047e-17
2021-04-01,Combined Max-Sharpe,COP,9.389075411518525e-17
2021-05-03,Combined Max-Sharpe,COP,0.0
2021-06-01,Combined Max-Sharpe,COP,0.0
2021-07-01,Combined Max-Sharpe,COP,0.0
2021-08-02,Combined Max-Sharpe,COP,1.4507662718746756e-16
2021-09-01,Combined Max-Sharpe,COP,0.0
2021-10-01,Combined Max-Sharpe,COP,0.0
2021-11-01,Combined Max-Sharpe,COP,1.596829054260064e-16
2021-12-01,Combined Max-Sharpe,COP,0.04408115236345296
2022-01-03,Combined Max-Sharpe,COP,0.08590291100652452
2022-02-01,Combined Max-Sharpe,COP,0.16987361340276064
2022-03-01,Combined Max-Sharpe,COP,0.15800711189642036
2022-04-01,Combined Max-Sharpe,COP,0.08268308021111943
2022-05-02,Combined Max-Sharpe,COP,0.17414583959099433
2022-06-01,Combined Max-Sharpe,COP,0.04982401065438478
2022-07-01,Combined Max-Sharpe,COP,7.275076352527327e-15
2022-08-01,Combined Max-Sharpe,COP,0.0
2022-09-01,Combined Max-Sharpe,COP,0.061860765530851104
2022-10-03,Combined Max-Sharpe,COP,3.1308510932586067e-15
2022-11-01,Combined Max-Sharpe,COP,2.272945041354489e-15
2022-12-01,Combined Max-Sharpe,COP,0.0
2023-01-03,Combined Max-Sharpe,COP,0.0
2023-02-01,Combined Max-Sharpe,COP,3.6717118771989035e-15
2023-03-01,Combined Max-Sharpe,COP,2.2643167548390472e-17
2023-04-03,Combined Max-Sharpe,COP,2.1219852064755217e-14
2023-05-01,Combined Max-Sharpe,COP,0.0
2023-06-01,Combined Max-Sharpe,COP,0.0
2023-07-03,Combined Max-Sharpe,COP,5.2466126467720236e-17
2023-08-01,Combined Max-Sharpe,COP,5.1685571422512106e-17
2023-09-01,Combined Max-Sharpe,COP,0.0
2023-10-02,Combined Max-Sharpe,COP,0.0
2023-11-01,Combined Max-Sharpe,COP,0.0
2023-12-01,Combined Max-Sharpe,COP,0.0
2021-01-04,Combined Max-Sharpe,CVX,0.0
2021-02-01,Combined Max-Sharpe,CVX,2.5802662553778395e-17
2021-03-01,Combined Max-Sharpe,CVX,1.5466190531580402e-17
2021-04-01,Combined Max-Sharpe,CVX,6.952791123078791e-17
2021-05-03,Combined Max-Sharpe,CVX,0.0
2021-06-01,Combined Max-Sharpe,CVX,1.3298495924421003e-16
2021-07-01,Combined Max-Sharpe,CVX,0.0
2021-08-02,Combined Max-Sharpe,CVX,0.0
2021-09-01,Combined Max-Sharpe,CVX,0.0
2021-10-01,Combined Max-Sharpe,CVX,3.3576729739846596e-17
2021-11-01,Combined Max-Sharpe,CVX,0.0
2021-12-01,Combined Max-Sharpe,CVX,1.2951397044365767e-16
2022-01-03,Combined Max-Sharpe,CVX,0.0
2022-02-01,Combined Max-Sharpe,CVX,6.494549486985262e-17
2022-03-01,Combined Max-Sharpe,CVX,6.952006886442796e-18
2022-04-01,Combined Max-Sharpe,CVX,0.0928170929785458
2022-05-02,Combined Max-Sharpe,CVX,0.08368703567163302
2022-06-01,Combined Max-Sharpe,CVX,0.1951634163695959
2022-07-01,Combined Max-Sharpe,CVX,0.11689625695897454
2022-08-01,Combined Max-Sharpe,CVX,0.2069129231551437
2022-09-01,Combined Max-Sharpe,CVX,0.1261646708674182
2022-10-03,Combined Max-Sharpe,CVX,0.15014953261343747
2022-11-01,Combined Max-Sharpe,CVX,0.061768133325916276
2022-12-01,Combined Max-Sharpe,CVX,0.0
2023-01-03,Combined Max-Sharpe,CVX,0.0
2023-02-01,Combined Max-Sharpe,CVX,2.7454735878100142e-15
2023-03-01,Combined Max-Sharpe,CVX,0.0
2023-04-03,Combined Max-Sharpe,CVX,2.0604587063248286e-14
2023-05-01,Combined Max-Sharpe,CVX,0.0
2023-06-01,Combined Max-Sharpe,CVX,2.0157807676866098e-17
2023-07-03,Combined Max-Sharpe,CVX,2.6431245470780977e-16
2023-08-01,Combined Max-Sharpe,CVX,1.335631642359018e-16
2023-09-01,Combined Max-Sharpe,CVX,7.750873456045494e-17
2023-10-02,Combined Max-Sharpe,CVX,3.806122713932843e-18
2023-11-01,Combined Max-Sharpe,CVX,0.0
2023-12-01,Combined Max-Sharpe,CVX,2.056176645140689e-17
2021-01-04,Combined Max-Sharpe,D,0.0
2021-02-01,Combined Max-Sharpe,D,0.0
2021-03-01,Combined Max-Sharpe,D,4.5639969567946127e-17
2021-04-01,Combined Max-Sharpe,D,0.0
2021-05-03,Combined Max-Sharpe,D,0.0
2021-06-01,Combined Max-Sharpe,D,0.0
2021-07-01,Combined Max-Sharpe,D,0.0
2021-08-02,Combined Max-Sharpe,D,2.842450578292702e-17
2021-09-01,Combined Max-Sharpe,D,2.673821873099993e-17
2021-10-01,Combined Max-Sharpe,D,0.0
2021-11-01,Combined Max-Sharpe,D,1.1517883313215637e-16
2021-12-01,Combined Max-Sharpe,D,1.3795450054751762e-16
2022-01-03,Combined Max-Sharpe,D,0.0
2022-02-01,Combined Max-Sharpe,D,1.6589680910024564e-16
2022-03-01,Combined Max-Sharpe,D,2.093012153256149e-17
2022-04-01,Combined Max-Sharpe,D,2.9547799277827077e-16
2022-05-02,Combined Max-Sharpe,D,0.0
2022-06-01,Combined Max-Sharpe,D,2.814532983910492e-16
2022-07-01,Combined Max-Sharpe,D,3.2373392914713424e-16
2022-08-01,Combined Max-Sharpe,D,0.0
2022-09-01,Combined Max-Sharpe,D,7.082469157751656e-17
2022-10-03,Combined Max-Sharpe,D,5.449518190604649e-17
2022-11-01,Combined Max-Sharpe,D,0.0
2022-12-01,Combined Max-Sharpe,D,2.292160599859809e-16
2023-01-03,Combined Max-Sharpe,D,1.407938541777686e-16
2023-02-01,Combined Max-Sharpe,D,1.2698944842927062e-16
2023-03-01,Combined Max-Sharpe,D,0.0
2023-04-03,Combined Max-Sharpe,D,1.8368941953040312e-14
2023-05-01,Combined Max-Sharpe,D,0.0
2023-06-01,Combined Max-Sharpe,D,0.0
2023-07-03,Combined Max-Sharpe,D,0.0
2023-08-01,Combined Max-Sharpe,D,0.0
2023-09-01,Combined Max-Sharpe,D,0.0
2023-10-02,Combined Max-Sharpe,D,7.462678828796056e-17
2023-11-01,Combined Max-Sharpe,D,0.0
2023-12-01,Combined Max-Sharpe,D,0.0
2021-01-04,Combined Max-Sharpe,DD,0.0
2021-02-01,Combined Max-Sharpe,DD,0.0
2021-03-01,Combined Max-Sharpe,DD,8.728223889038203e-18
2021-04-01,Combined Max-Sharpe,DD,0.06578910432514892
2021-05-03,Combined Max-Sharpe,DD,1.2866954742343472e-16
2021-06-01,Combined Max-Sharpe,DD,0.0
2021-07-01,Combined Max-Sharpe,DD,0.0
2021-08-02,Combined Max-Sharpe,DD,1.397983667018652e-16
2021-09-01,Combined Max-Sharpe,DD,3.594822484857766e-17
2021-10-01,Combined Max-Sharpe,DD,8.111176952001747e-17
2021-11-01,Combined Max-Sharpe,DD,8.085700263085432e-17
2021-12-01,Combined Max-Sharpe,DD,2.5684196385371614e-17
2022-01-03,Combined Max-Sharpe,DD,0.0
2022-02-01,Combined Max-Sharpe,DD,1.784450011868763e-17
2022-03-01,Combined Max-Sharpe,DD,3.698006715044405e-17
2022-04-01,Combined Max-Sharpe,DD,2.653287789338522e-16
2022-05-02,Combined Max-Sharpe,DD,6.790727067345056e-17
2022-06-01,Combined Max-Sharpe,DD,3.836014410449635e-17
2022-07-01,Combined Max-Sharpe,DD,1.5002548781813465e-16
2022-08-01,Combined Max-Sharpe,DD,0.0
2022-09-01,Combined Max-Sharpe,DD,0.0
2022-10-03,Combined Max-Sharpe,DD,0.0
2022-11-01,Combined Max-Sharpe,DD,0.0
2022-12-01,Combined Max-Sharpe,DD,2.652850398486304e-16
2023-01-03,Combined Max-Sharpe,DD,0.0
2023-02-01,Combined Max-Sharpe,DD,2.6565282948569584e-16
2023-03-01,Combined Max-Sharpe,DD,0.0
2023-04-03,Combined Max-Sharpe,DD,2.241523700493041e-14
2023-05-01,Combined Max-Sharpe,DD,0.0
2023-06-01,Combined Max-Sharpe,DD,0.0
2023-07-03,Combined Max-Sharpe,DD,0.0
2023-08-01,Combined Max-Sharpe,DD,0.0
2023-09-01,Combined Max-Sharpe,DD,1.027372987087978e-16
2023-10-02,Combined Max-Sharpe,DD,6.288434732064173e-17
2023-11-01,Combined Max-Sharpe,DD,0.0
2023-12-01,Combined Max-Sharpe,DD,0.0
2021-01-04,Combined Max-Sharpe,DIS,6.142601761034039e-19
2021-02-01,Combined Max-Sharpe,DIS,0.0
2021-03-01,Combined Max-Sharpe,DIS,1.9095124131558802e-17
2021-04-01,Combined Max-Sharpe,DIS,8.087585629874713e-17
2021-05-03,Combined Max-Sharpe,DIS,8.563553397348543e-16
2021-06-01,Combined Max-Sharpe,DIS,7.800625334692201e-17
2021-07-01,Combined Max-Sharpe,DIS,5.218539911556451e-17
2021-08-02,Combined Max-Sharpe,DIS,0.0
2021-09-01,Combined Max-Sharpe,DIS,0.0
2021-10-01,Combined Max-Sharpe,DIS,3.447046562595573e-17
2021-11-01,Combined Max-Sharpe,DIS,8.135435899909637e-17
2021-12-01,Combined Max-Sharpe,DIS,0.0
2022-01-03,Combined Max-Sharpe,DIS,5.2186682721264725e-18
2022-02-01,Combined Max-Sharpe,DIS,1.9745480429427072e-16
2022-03-01,Combined Max-Sharpe,DIS,0.0
2022-04-01,Combined Max-Sharpe,DIS,0.0
2022-05-02,Combined Max-Sharpe,DIS,0.0
2022-06-01,Combined Max-Sharpe,DIS,0.0
2022-07-01,Combined Max-Sharpe,DIS,1.751122266263399e-16
2022-08-01,Combined Max-Sharpe,DIS,2.630725508276761e-18
2022-09-01,Combined Max-Sharpe,DIS,4.124322933222649e-17
2022-10-03,Combined Max-Sharpe,DIS,9.722306590936825e-18
2022-11-01,Combined Max-Sharpe,DIS,5.728140073322577e-17
2022-12-01,Combined Max-Sharpe,DIS,1.0295379789764029e-17
2023-01-03,Combined Max-Sharpe,DIS,0.0
2023-02-01,Combined Max-Sharpe,DIS,1.456869501351251e-16
2023-03-01,Combined Max-Sharpe,DIS,0.0
2023-04-03,Combined Max-Sharpe,DIS,2.499072425979772e-14
2023-05-01,Combined Max-Sharpe,DIS,0.0
2023-06-01,Combined Max-Sharpe,DIS,0.0
2023-07-03,Combined Max-Sharpe,DIS,0.0
2023-08-01,Combined Max-Sharpe,DIS,1.3221720968586574e-16
2023-09-01,Combined Max-Sharpe,DIS,0.0
2023-10-02,Combined Max-Sharpe,DIS,0.0
2023-11-01,Combined Max-Sharpe,DIS,5.731410810202127e-17
2023-12-01,Combined Max-Sharpe,DIS,5.4591014662543355e-17
2021-01-04,Combined Max-Sharpe,DOW,0.0
2021-02-01,Combined Max-Sharpe,DOW,0.0
2021-03-01,Combined Max-Sharpe,DOW,4.433551426208615e-17
2021-04-01,Combined Max-Sharpe,DOW,0.0
2021-05-03,Combined Max-Sharpe,DOW,7.897986263793025e-16
2021-06-01,Combined Max-Sharpe,DOW,0.0
2021-07-01,Combined Max-Sharpe,DOW,0.0
2021-08-02,Combined Max-Sharpe,DOW,1.726871915501263e-16
2021-09-01,Combined Max-Sharpe,DOW,0.0
2021-10-01,Combined Max-Sharpe,DOW,7.904429119577993e-17
2021-11-01,Combined Max-Sharpe,DOW,5.373203936281078e-17
2021-12-01,Combined Max-Sharpe,DOW,1.9246013290282773e-17
2022-01-03,Combined Max-Sharpe,DOW,2.1298793290350592e-16
2022-02-01,Combined Max-Sharpe,DOW,0.0
2022-03-01,Combined Max-Sharpe,DOW,7.658401629878747e-17
2022-04-01,Combined Max-Sharpe,DOW,0.0
2022-05-02,Combined Max-Sharpe,DOW,2.8437236857686356e-18
2022-06-01,Combined Max-Sharpe,DOW,0.0
2022-07-01,Combined Max-Sharpe,DOW,1.2284399901195937e-16
2022-08-01,Combined Max-Sharpe,DOW,4.9746115659267185e-17
2022-09-01,Combined Max-Sharpe,DOW,1.325022779825983e-18
2022-10-03,Combined Max-Sharpe,DOW,1.3720906371791529e-16
2022-11-01,Combined Max-Sharpe,DOW,9.117796214308533e-17
2022-12-01,Combined Max-Sharpe,DOW,2.485969047268764e-16
2023-01-03,Combined Max-Sharpe,DOW,0.0
2023-02-01,Combined Max-Sharpe,DOW,2.509622780051085e-16
2023-03-01,Combined Max-Sharpe,DOW,0.0
2023-04-03,Combined Max-Sharpe,DOW,2.2275598566953633e-14
2023-05-01,Combined Max-Sharpe,DOW,0.0
2023-06-01,Combined Max-Sharpe,DOW,0.0
2023-07-03,Combined Max-Sharpe,DOW,1.146197666942669e-16
2023-08-01,Combined Max-Sharpe,DOW,0.0
2023-09-01,Combined Max-Sharpe,DOW,1.8480914290434076e-17
2023-10-02,Combined Max-Sharpe,DOW,1.3789493884367689e-17
2023-11-01,Combined Max-Sharpe,DOW,7.282187613848778e-18
2023-12-01,Combined Max-Sharpe,DOW,0.0
2021-01-04,Combined Max-Sharpe,DUK,0.0
2021-02-01,Combined Max-Sharpe,DUK,1.409615836716488e-17
2021-03-01,Combined Max-Sharpe,DUK,0.0
2021-04-01,Combined Max-Sharpe,DUK,0.0
2021-05-03,Combined Max-Sharpe,DUK,0.0
2021-06-01,Combined Max-Sharpe,DUK,4.901468968371251e-17
2021-07-01,Combined Max-Sharpe,DUK,1.4393121817277808e-16
2021-08-02,Combined Max-Sharpe,DUK,0.006890799211008535
2021-09-01,Combined Max-Sharpe,DUK,0.04475288323681441
2021-10-01,Combined Max-Sharpe,DUK,4.343755177867713e-17
2021-11-01,Combined Max-Sharpe,DUK,0.0
2021-12-01,Combined Max-Sharpe,DUK,1.231200740847974e-17
2022-01-03,Combined Max-Sharpe,DUK,5.26367881104525e-18
2022-02-01,Combined Max-Sharpe,DUK,0.0
2022-03-01,Combined Max-Sharpe,DUK,5.737158050059515e-17
2022-04-01,Combined Max-Sharpe,DUK,0.0
2022-05-02,Combined Max-Sharpe,DUK,2.4675363437078477e-16
2022-06-01,Combined Max-Sharpe,DUK,0.0
2022-07-01,Combined Max-Sharpe,DUK,9.259271188093031e-17
2022-08-01,Combined Max-Sharpe,DUK,2.2955553048452735e-18
2022-09-01,Combined Max-Sharpe,DUK,8.464009914985897e-17
2022-10-03,Combined Max-Sharpe,DUK,1.0777634302690637e-16
2022-11-01,Combined Max-Sharpe,DUK,0.0
2022-12-01,Combined Max-Sharpe,DUK,0.0
2023-01-03,Combined Max-Sharpe,DUK,2.5193702862070925e-16
2023-02-01,Combined Max-Sharpe,DUK,0.0
2023-03-01,Combined Max-Sharpe,DUK,0.0
2023-04-03,Combined Max-Sharpe,DUK,1.7231110206102264e-14
2023-05-01,Combined Max-Sharpe,DUK,0.0
2023-06-01,Combined Max-Sharpe,DUK,8.527844848274636e-17
2023-07-03,Combined Max-Sharpe,DUK,9.368111223814059e-17
2023-08-01,Combined Max-Sharpe,DUK,3.2874663729888604e-17
2023-09-01,Combined Max-Sharpe,DUK,5.014572736748394e-18
2023-10-02,Combined Max-Sharpe,DUK,3.080807986060109e-17
2023-11-01,Combined Max-Sharpe,DUK,0.0
2023-12-01,Combined Max-Sharpe,DUK,4.2576083213024695e-17
2021-01-04,Combined Max-Sharpe,EA,9.111796718989994e-18
2021-02-01,Combined Max-Sharpe,EA,0.0
2021-03-01,Combined Max-Sharpe,EA,8.940546562239406e-17
2021-04-01,Combined Max-Sharpe,EA,0.08057284432153544
2021-05-03,Combined Max-Sharpe,EA,0.0
2021-06-01,Combined Max-Sharpe,EA,0.0
2021-07-01,Combined Max-Sharpe,EA,0.0
2021-08-02,Combined Max-Sharpe,EA,0.0
2021-09-01,Combined Max-Sharpe,EA,1.9535583471689364e-19
2021-10-01,Combined Max-Sharpe,EA,0.0
2021-11-01,Combined Max-Sharpe,EA,0.0016119717430276839
2021-12-01,Combined Max-Sharpe,EA,0.0
2022-01-03,Combined Max-Sharpe,EA,1.110483479391667e-16
2022-02-01,Combined Max-Sharpe,EA,1.726531696089192e-17
2022-03-01,Combined Max-Sharpe,EA,0.0
2022-04-01,Combined Max-Sharpe,EA,1.6130187608020258e-17
2022-05-02,Combined Max-Sharpe,EA,4.3147420634416206e-17
2022-06-01,Combined Max-Sharpe,EA,4.810399758511114e-18
2022-07-01,Combined Max-Sharpe,EA,0.0
2022-08-01,Combined Max-Sharpe,EA,9.111485260551098e-17
2022-09-01,Combined Max-Sharpe,EA,0.0
2022-10-03,Combined Max-Sharpe,EA,7.53284400749972e-17
2022-11-01,Combined Max-Sharpe,EA,0.0
2022-12-01,Combined Max-Sharpe,EA,6.654380889713256e-17
2023-01-03,Combined Max-Sharpe,EA,3.6318623625627537e-16
2023-02-01,Combined Max-Sharpe,EA,1.299909895615448e-17
2023-03-01,Combined Max-Sharpe,EA,0.0
2023-04-03,Combined Max-Sharpe,EA,1.725737878174103e-14
2023-05-01,Combined Max-Sharpe,EA,0.0
2023-06-01,Combined Max-Sharpe,EA,9.632235034528767e-17
2023-07-03,Combined Max-Sharpe,EA,2.250999680705398e-16
2023-08-01,Combined Max-Sharpe,EA,5.278332612215368e-17
2023-09-01,Combined Max-Sharpe,EA,8.017117087191202e-17
2023-10-02,Combined Max-Sharpe,EA,0.0
2023-11-01,Combined Max-Sharpe,EA,4.946442838711293e-17
2023-12-01,Combined Max-Sharpe,EA,5.860692465525142e-17
2021-01-04,Combined Max-Sharpe,EOS-USD,9.927581469753936e-17
2021-02-01,Combined Max-Sharpe,EOS-USD,3.3855070467903086e-16
2021-03-01,Combined Max-Sharpe,EOS-USD,1.742114355014325e-16
2021-04-01,Combined Max-Sharpe,EOS-USD,6.32231650124774e-17
2021-05-03,Combined Max-Sharpe,EOS-USD,0.0
2021-06-01,Combined Max-Sharpe,EOS-USD,6.700018005010027e-17
2021-07-01,Combined Max-Sharpe,EOS-USD,0.0
2021-08-02,Combined Max-Sharpe,EOS-USD,0.0
2021-09-01,Combined Max-Sharpe,EOS-USD,1.1062607342255034e-16
2021-10-01,Combined Max-Sharpe,EOS-USD,0.0
2021-11-01,Combined Max-Sharpe,EOS-USD,0.0
2021-12-01,Combined Max-Sharpe,EOS-USD,3.296141555023659e-16
2022-01-03,Combined Max-Sharpe,EOS-USD,3.7673998606117785e-16
2022-02-01,Combined Max-Sharpe,EOS-USD,0.0
2022-03-01,Combined Max-Sharpe,EOS-USD,2.0484099985035891e-16
2022-04-01,Combined Max-Sharpe,EOS-USD,0.0
2022-05-02,Combined Max-Sharpe,EOS-USD,0.0
2022-06-01,Combined Max-Sharpe,EOS-USD,0.0
2022-07-01,Combined Max-Sharpe,EOS-USD,6.107543601453457e-16
2022-08-01,Combined Max-Sharpe,EOS-USD,0.0
2022-09-01,Combined Max-Sharpe,EOS-USD,7.99430260445906e-18
2022-10-03,Combined Max-Sharpe,EOS-USD,1.1635838640671572e-16
2022-11-01,Combined Max-Sharpe,EOS-USD,2.953502996409553e-16
2022-12-01,Combined Max-Sharpe,EOS-USD,0.0
2023-01-03,Combined Max-Sharpe,EOS-USD,0.0
2023-02-01,Combined Max-Sharpe,EOS-USD,6.295194405462543e-16
2023-03-01,Combined Max-Sharpe,EOS-USD,0.0
2023-04-03,Combined Max-Sharpe,EOS-USD,3.426793653354791e-14
2023-05-01,Combined Max-Sharpe,EOS-USD,0.0
2023-06-01,Combined Max-Sharpe,EOS-USD,4.436876175826284e-18
2023-07-03,Combined Max-Sharpe,EOS-USD,0.0
2023-08-01,Combined Max-Sharpe,EOS-USD,7.293593400322799e-17
2023-09-01,Combined Max-Sharpe,EOS-USD,0.0
2023-10-02,Combined Max-Sharpe,EOS-USD,0.0
2023-11-01,Combined Max-Sharpe,EOS-USD,0.0
2023-12-01,Combined Max-Sharpe,EOS-USD,0.0
2021-01-04,Combined Max-Sharpe,ETC-USD,3.323403134976844e-17
2021-02-01,Combined Max-Sharpe,ETC-USD,4.117228865386485e-17
2021-03-01,Combined Max-Sharpe,ETC-USD,7.761004102682182e-17
2021-04-01,Combined Max-Sharpe,ETC-USD,0.0
2021-05-03,Combined Max-Sharpe,ETC-USD,0.0
2021-06-01,Combined Max-Sharpe,ETC-USD,0.031949099419635474
2021-07-01,Combined Max-Sharpe,ETC-USD,0.02239890208229122
2021-08-02,Combined Max-Sharpe,ETC-USD,0.014552568372457612
2021-09-01,Combined Max-Sharpe,ETC-USD,0.012163264728297296
2021-10-01,Combined Max-Sharpe,ETC-USD,0.01363870075708898
2021-11-01,Combined Max-Sharpe,ETC-USD,0.0036980209143871157
2021-12-01,Combined Max-Sharpe,ETC-USD,0.0028166497177806696
2022-01-03,Combined Max-Sharpe,ETC-USD,0.0082950655576078
2022-02-01,Combined Max-Sharpe,ETC-USD,0.017215790367660296
2022-03-01,Combined Max-Sharpe,ETC-USD,0.021584827587323076
2022-04-01,Combined Max-Sharpe,ETC-USD,0.0185997851289603
2022-05-02,Combined Max-Sharpe,ETC-USD,2.81620088109698e-16
2022-06-01,Combined Max-Sharpe,ETC-USD,0.0
2022-07-01,Combined Max-Sharpe,ETC-USD,6.329263580984622e-16
2022-08-01,Combined Max-Sharpe,ETC-USD,4.664399804435004e-17
2022-09-01,Combined Max-Sharpe,ETC-USD,0.0
2022-10-03,Combined Max-Sharpe,ETC-USD,0.0
2022-11-01,Combined Max-Sharpe,ETC-USD,2.0118926476225397e-16
2022-12-01,Combined Max-Sharpe,ETC-USD,7.75219950794134e-17
2023-01-03,Combined Max-Sharpe,ETC-USD,0.0
2023-02-01,Combined Max-Sharpe,ETC-USD,0.0
2023-03-01,Combined Max-Sharpe,ETC-USD,7.215205302975591e-16
2023-04-03,Combined Max-Sharpe,ETC-USD,4.005570545555209e-14
2023-05-01,Combined Max-Sharpe,ETC-USD,0.0
2023-06-01,Combined Max-Sharpe,ETC-USD,0.0
2023-07-03,Combined Max-Sharpe,ETC-USD,0.0
2023-08-01,Combined Max-Sharpe,ETC-USD,1.4606111617579005e-16
2023-09-01,Combined Max-Sharpe,ETC-USD,0.0
2023-10-02,Combined Max-Sharpe,ETC-USD,1.1417112760937915e-16
2023-11-01,Combined Max-Sharpe,ETC-USD,2.8101635817114955e-17
2023-12-01,Combined Max-Sharpe,ETC-USD,1.9948551721189067e-17
2021-01-04,Combined Max-Sharpe,ETH-USD,2.763707080694822e-16
2021-02-01,Combined Max-Sharpe,ETH-USD,4.0393197573378133e-17
2021-03-01,Combined Max-Sharpe,ETH-USD,5.276546124067001e-16
2021-04-01,Combined Max-Sharpe,ETH-USD,4.883891077565972e-16
2021-05-03,Combined Max-Sharpe,ETH-USD,5.114695562278319e-16
2021-06-01,Combined Max-Sharpe,ETH-USD,0.011519958320873427
2021-07-01,Combined Max-Sharpe,ETH-USD,4.9333973458479785e-17
2021-08-02,Combined Max-Sharpe,ETH-USD,0.0
2021-09-01,Combined Max-Sharpe,ETH-USD,6.843783764142835e-17
2021-10-01,Combined Max-Sharpe,ETH-USD,4.029697653061891e-17
2021-11-01,Combined Max-Sharpe,ETH-USD,0.0
2021-12-01,Combined Max-Sharpe,ETH-USD,3.2843547404254566e-16
2022-01-03,Combined Max-Sharpe,ETH-USD,0.0
2022-02-01,Combined Max-Sharpe,ETH-USD,5.59029196680191e-17
2022-03-01,Combined Max-Sharpe,ETH-USD,1.2575542531858986e-16
2022-04-01,Combined Max-Sharpe,ETH-USD,0.0
2022-05-02,Combined Max-Sharpe,ETH-USD,0.0
2022-06-01,Combined Max-Sharpe,ETH-USD,0.0
2022-07-01,Combined Max-Sharpe,ETH-USD,1.1494504362054122e-16
2022-08-01,Combined Max-Sharpe,ETH-USD,0.0
2022-09-01,Combined Max-Sharpe,ETH-USD,2.438569106350941e-16
2022-10-03,Combined Max-Sharpe,ETH-USD,2.0412238241610037e-16
2022-11-01,Combined Max-Sharpe,ETH-USD,1.676757259584162e-16
2022-12-01,Combined Max-Sharpe,ETH-USD,0.0
2023-01-03,Combined Max-Sharpe,ETH-USD,0.0
2023-02-01,Combined Max-Sharpe,ETH-USD,4.3549174255123216e-16
2023-03-01,Combined Max-Sharpe,ETH-USD,0.0
2023-04-03,Combined Max-Sharpe,ETH-USD,3.5374652286733376e-14
2023-05-01,Combined Max-Sharpe,ETH-USD,0.0
2023-06-01,Combined Max-Sharpe,ETH-USD,0.0
2023-07-03,Combined Max-Sharpe,ETH-USD,0.0
2023-08-01,Combined Max-Sharpe,ETH-USD,1.0870357507008638e-16
2023-09-01,Combined Max-Sharpe,ETH-USD,0.0
2023-10-02,Combined Max-Sharpe,ETH-USD,0.0
2023-11-01,Combined Max-Sharpe,ETH-USD,1.0619926223022317e-17
2023-12-01,Combined Max-Sharpe,ETH-USD,0.0
2021-01-04,Combined Max-Sharpe,GE,1.9274063515966856e-17
2021-02-01,Combined Max-Sharpe,GE,2.888050228798238e-17
2021-03-01,Combined Max-Sharpe,GE,6.484389055806032e-17
2021-04-01,Combined Max-Sharpe,GE,5.65998128269863e-17
2021-05-03,Combined Max-Sharpe,GE,0.0
2021-06-01,Combined Max-Sharpe,GE,0.06858944805692914
2021-07-01,Combined Max-Sharpe,GE,0.0902120662309895
2021-08-02,Combined Max-Sharpe,GE,0.07797213431572003
2021-09-01,Combined Max-Sharpe,GE,0.07069704283824167
2021-10-01,Combined Max-Sharpe,GE,0.11166138543577148
2021-11-01,Combined Max-Sharpe,GE,0.0
2021-12-01,Combined Max-Sharpe,GE,0.0
2022-01-03,Combined Max-Sharpe,GE,1.653846984392541e-17
2022-02-01,Combined Max-Sharpe,GE,0.0
2022-03-01,Combined Max-Sharpe,GE,0.0
2022-04-01,Combined Max-Sharpe,GE,0.0
2022-05-02,Combined Max-Sharpe,GE,0.0
2022-06-01,Combined Max-Sharpe,GE,0.0
2022-07-01,Combined Max-Sharpe,GE,2.5380647511502526e-16
2022-08-01,Combined Max-Sharpe,GE,0.0
2022-09-01,Combined Max-Sharpe,GE,0.0
2022-10-03,Combined Max-Sharpe,GE,8.013622286715982e-17
2022-11-01,Combined Max-Sharpe,GE,1.752240248797004e-16
2022-12-01,Combined Max-Sharpe,GE,0.0
2023-01-03,Combined Max-Sharpe,GE,0.0
2023-02-01,Combined Max-Sharpe,GE,0.0
2023-03-01,Combined Max-Sharpe,GE,4.551509916937742e-16
2023-04-03,Combined Max-Sharpe,GE,0.07008040196058848
2023-05-01,Combined Max-Sharpe,GE,0.24269800958992993
2023-06-01,Combined Max-Sharpe,GE,0.3438569069575111
2023-07-03,Combined Max-Sharpe,GE,0.45176655245357744
2023-08-01,Combined Max-Sharpe,GE,0.43631304641140517
2023-09-01,Combined Max-Sharpe,GE,0.3780933030539748
2023-10-02,Combined Max-Sharpe,GE,0.4703468602908087
2023-11-01,Combined Max-Sharpe,GE,0.49638331995308765
2023-12-01,Combined Max-Sharpe,GE,0.4541464534050557
2021-01-04,Combined Max-Sharpe,GILD,0.0
2021-02-01,Combined Max-Sharpe,GILD,0.0
2021-03-01,Combined Max-Sharpe,GILD,0.0
2021-04-01,Combined Max-Sharpe,GILD,0.0
2021-05-03,Combined Max-Sharpe,GILD,0.0
2021-06-01,Combined Max-Sharpe,GILD,0.0
2021-07-01,Combined Max-Sharpe,GILD,0.0
2021-08-02,Combined Max-Sharpe,GILD,0.0
2021-09-01,Combined Max-Sharpe,GILD,0.0
2021-10-01,Combined Max-Sharpe,GILD,0.0
2021-11-01,Combined Max-Sharpe,GILD,4.610026799525503e-18
2021-12-01,Combined Max-Sharpe,GILD,0.08499597518395074
2022-01-03,Combined Max-Sharpe,GILD,0.11243012250492979
2022-02-01,Combined Max-Sharpe,GILD,0.0
2022-03-01,Combined Max-Sharpe,GILD,9.20880661839117e-17
2022-04-01,Combined Max-Sharpe,GILD,0.0
2022-05-02,Combined Max-Sharpe,GILD,0.0
2022-06-01,Combined Max-Sharpe,GILD,1.37602282599312e-16
2022-07-01,Combined Max-Sharpe,GILD,0.0
2022-08-01,Combined Max-Sharpe,GILD,3.084335721418769e-17
2022-09-01,Combined Max-Sharpe,GILD,0.0
2022-10-03,Combined Max-Sharpe,GILD,0.0
2022-11-01,Combined Max-Sharpe,GILD,0.05133284433662782
2022-12-01,Combined Max-Sharpe,GILD,1.3234223678122428e-19
2023-01-03,Combined Max-Sharpe,GILD,1.0663470028430024e-14
2023-02-01,Combined Max-Sharpe,GILD,0.04450219191494197
2023-03-01,Combined Max-Sharpe,GILD,0.18153448541970937
2023-04-03,Combined Max-Sharpe,GILD,0.3661675764611455
2023-05-01,Combined Max-Sharpe,GILD,0.07900004270475372
2023-06-01,Combined Max-Sharpe,GILD,0.01642609322798142
2023-07-03,Combined Max-Sharpe,GILD,0.0
2023-08-01,Combined Max-Sharpe,GILD,0.033472630047591156
2023-09-01,Combined Max-Sharpe,GILD,1.8905701313482108e-17
2023-10-02,Combined Max-Sharpe,GILD,1.661617585130261e-17
2023-11-01,Combined Max-Sharpe,GILD,0.0
2023-12-01,Combined Max-Sharpe,GILD,0.0
2021-01-04,Combined Max-Sharpe,GS,0.0
2021-02-01,Combined Max-Sharpe,GS,0.0
2021-03-01,Combined Max-Sharpe,GS,0.0
2021-04-01,Combined Max-Sharpe,GS,0.02373476808837142
2021-05-03,Combined Max-Sharpe,GS,0.0
2021-06-01,Combined Max-Sharpe,GS,5.73851130407232e-17
2021-07-01,Combined Max-Sharpe,GS,0.1510288273378003
2021-08-02,Combined Max-Sharpe,GS,0.0951966921769162
2021-09-01,Combined Max-Sharpe,GS,0.18268144227986294
2021-10-01,Combined Max-Sharpe,GS,2.2336288446745723e-16
2021-11-01,Combined Max-Sharpe,GS,0.14540771569758068
2021-12-01,Combined Max-Sharpe,GS,0.10865367769315226
2022-01-03,Combined Max-Sharpe,GS,0.0
2022-02-01,Combined Max-Sharpe,GS,2.248853443822046e-16
2022-03-01,Combined Max-Sharpe,GS,1.1914661278290676e-17
2022-04-01,Combined Max-Sharpe,GS,1.0337346010362401e-16
2022-05-02,Combined Max-Sharpe,GS,1.59592106628638e-17
2022-06-01,Combined Max-Sharpe,GS,0.0
2022-07-01,Combined Max-Sharpe,GS,2.193277893132036e-16
2022-08-01,Combined Max-Sharpe,GS,0.0
2022-09-01,Combined Max-Sharpe,GS,0.0
2022-10-03,Combined Max-Sharpe,GS,1.0149530901648062e-16
2022-11-01,Combined Max-Sharpe,GS,2.2937117496157784e-16
2022-12-01,Combined Max-Sharpe,GS,3.784545648969041e-17
2023-01-03,Combined Max-Sharpe,GS,7.696251911602768e-18
2023-02-01,Combined Max-Sharpe,GS,0.0
2023-03-01,Combined Max-Sharpe,GS,9.451693277130034e-17
2023-04-03,Combined Max-Sharpe,GS,2.0736470234974464e-14
2023-05-01,Combined Max-Sharpe,GS,0.0
2023-06-01,Combined Max-Sharpe,GS,2.148595533816084e-17
2023-07-03,Combined Max-Sharpe,GS,0.0
2023-08-01,Combined Max-Sharpe,GS,0.0
2023-09-01,Combined Max-Sharpe,GS,0.0
2023-10-02,Combined Max-Sharpe,GS,0.0
2023-11-01,Combined Max-Sharpe,GS,0.0
2023-12-01,Combined Max-Sharpe,GS,5.232963617800734e-17
2021-01-04,Combined Max-Sharpe,INTC,2.1961434467562576e-17
2021-02-01,Combined Max-Sharpe,INTC,1.0349038355585034e-17
2021-03-01,Combined Max-Sharpe,INTC,6.974009450948901e-17
2021-04-01,Combined Max-Sharpe,INTC,4.335038318640425e-17
2021-05-03,Combined Max-Sharpe,INTC,0.0
2021-06-01,Combined Max-Sharpe,INTC,0.0
2021-07-01,Combined Max-Sharpe,INTC,0.0
2021-08-02,Combined Max-Sharpe,INTC,0.0
2021-09-01,Combined Max-Sharpe,INTC,0.0
2021-10-01,Combined Max-Sharpe,INTC,0.0
2021-11-01,Combined Max-Sharpe,INTC,6.097026077722167e-17
2021-12-01,Combined Max-Sharpe,INTC,0.0
2022-01-03,Combined Max-Sharpe,INTC,7.785824670947865e-17
2022-02-01,Combined Max-Sharpe,INTC,9.365076328501599e-17
2022-03-01,Combined Max-Sharpe,INTC,2.1434186383403918e-16
2022-04-01,Combined Max-Sharpe,INTC,2.7439530590655326e-17
2022-05-02,Combined Max-Sharpe,INTC,1.460143424810909e-16
2022-06-01,Combined Max-Sharpe,INTC,0.0
2022-07-01,Combined Max-Sharpe,INTC,1.2498107551587094e-16
2022-08-01,Combined Max-Sharpe,INTC,0.0
2022-09-01,Combined Max-Sharpe,INTC,8.099031861426728e-17
2022-10-03,Combined Max-Sharpe,INTC,2.0510686271269526e-16
2022-11-01,Combined Max-Sharpe,INTC,9.445693495356058e-17
2022-12-01,Combined Max-Sharpe,INTC,0.0
2023-01-03,Combined Max-Sharpe,INTC,0.0
2023-02-01,Combined Max-Sharpe,INTC,5.828250497658415e-16
2023-03-01,Combined Max-Sharpe,INTC,0.0
2023-04-03,Combined Max-Sharpe,INTC,2.689054985372599e-14
2023-05-01,Combined Max-Sharpe,INTC,0.0
2023-06-01,Combined Max-Sharpe,INTC,0.0
2023-07-03,Combined Max-Sharpe,INTC,0.0
2023-08-01,Combined Max-Sharpe,INTC,5.488477747233844e-17
2023-09-01,Combined Max-Sharpe,INTC,0.0
2023-10-02,Combined Max-Sharpe,INTC,9.855872877318718e-18
2023-11-01,Combined Max-Sharpe,INTC,2.8851725594482707e-17
2023-12-01,Combined Max-Sharpe,INTC,0.0413666696657588
2021-01-04,Combined Max-Sharpe,KO,3.4295496664391957e-17
2021-02-01,Combined Max-Sharpe,KO,0.0
2021-03-01,Combined Max-Sharpe,KO,0.0
2021-04-01,Combined Max-Sharpe,KO,0.0
2021-05-03,Combined Max-Sharpe,KO,0.0
2021-06-01,Combined Max-Sharpe,KO,1.8624685134580717e-17
2021-07-01,Combined Max-Sharpe,KO,0.0
2021-08-02,Combined Max-Sharpe,KO,0.0
2021-09-01,Combined Max-Sharpe,KO,5.775293048049588e-18
2021-10-01,Combined Max-Sharpe,KO,6.061892263435373e-17
2021-11-01,Combined Max-Sharpe,KO,6.99394609653803e-17
2021-12-01,Combined Max-Sharpe,KO,9.90915034284477e-18
2022-01-03,Combined Max-Sharpe,KO,0.0
2022-02-01,Combined Max-Sharpe,KO,1.635792956942464e-16
2022-03-01,Combined Max-Sharpe,KO,0.04018777945067321
2022-04-01,Combined Max-Sharpe,KO,4.2993500573872287e-17
2022-05-02,Combined Max-Sharpe,KO,0.02378003809921963
2022-06-01,Combined Max-Sharpe,KO,3.892101230921784e-16
2022-07-01,Combined Max-Sharpe,KO,0.04868805689363209
2022-08-01,Combined Max-Sharpe,KO,2.27334786710563e-15
2022-09-01,Combined Max-Sharpe,KO,1.0819549270647125e-15
2022-10-03,Combined Max-Sharpe,KO,2.5307766422639637e-18
2022-11-01,Combined Max-Sharpe,KO,0.0
2022-12-01,Combined Max-Sharpe,KO,1.1020472972901556e-16
2023-01-03,Combined Max-Sharpe,KO,3.891536400623522e-16
2023-02-01,Combined Max-Sharpe,KO,4.303297752396123e-17
2023-03-01,Combined Max-Sharpe,KO,9.505980090466078e-18
2023-04-03,Combined Max-Sharpe,KO,1.5885608559911598e-14
2023-05-01,Combined Max-Sharpe,KO,0.0
2023-06-01,Combined Max-Sharpe,KO,1.0368316266084521e-16
2023-07-03,Combined Max-Sharpe,KO,6.392315073520252e-17
2023-08-01,Combined Max-Sharpe,KO,0.0
2023-09-01,Combined Max-Sharpe,KO,0.0
2023-10-02,Combined Max-Sharpe,KO,0.0
2023-11-01,Combined Max-Sharpe,KO,6.628989085137236e-17
2023-12-01,Combined Max-Sharpe,KO,0.0
2021-01-04,Combined Max-Sharpe,LTC-USD,3.1794926317589366e-16
2021-02-01,Combined Max-Sharpe,LTC-USD,0.0
2021-03-01,Combined Max-Sharpe,LTC-USD,7.339068239447669e-17
2021-04-01,Combined Max-Sharpe,LTC-USD,1.2641311495678314e-16
2021-05-03,Combined Max-Sharpe,LTC-USD,0.0
2021-06-01,Combined Max-Sharpe,LTC-USD,0.0
2021-07-01,Combined Max-Sharpe,LTC-USD,0.0
2021-08-02,Combined Max-Sharpe,LTC-USD,3.26726169974305e-16
2021-09-01,Combined Max-Sharpe,LTC-USD,3.912279968619375e-16
2021-10-01,Combined Max-Sharpe,LTC-USD,0.0
2021-11-01,Combined Max-Sharpe,LTC-USD,0.0
2021-12-01,Combined Max-Sharpe,LTC-USD,0.0
2022-01-03,Combined Max-Sharpe,LTC-USD,0.0
2022-02-01,Combined Max-Sharpe,LTC-USD,1.7294163203143122e-16
2022-03-01,Combined Max-Sharpe,LTC-USD,0.0
2022-04-01,Combined Max-Sharpe,LTC-USD,1.5071347029314284e-16
2022-05-02,Combined Max-Sharpe,LTC-USD,0.0
2022-06-01,Combined Max-Sharpe,LTC-USD,2.0795937513307994e-16
2022-07-01,Combined Max-Sharpe,LTC-USD,4.1729337866058233e-16
2022-08-01,Combined Max-Sharpe,LTC-USD,0.0
2022-09-01,Combined Max-Sharpe,LTC-USD,0.0
2022-10-03,Combined Max-Sharpe,LTC-USD,2.0962897121181386e-16
2022-11-01,Combined Max-Sharpe,LTC-USD,5.729406991232229e-16
2022-12-01,Combined Max-Sharpe,LTC-USD,0.0
2023-01-03,Combined Max-Sharpe,LTC-USD,0.0
2023-02-01,Combined Max-Sharpe,LTC-USD,5.943418621922473e-16
2023-03-01,Combined Max-Sharpe,LTC-USD,0.0
2023-04-03,Combined Max-Sharpe,LTC-USD,3.2005933669570054e-14
2023-05-01,Combined Max-Sharpe,LTC-USD,0.0
2023-06-01,Combined Max-Sharpe,LTC-USD,0.0
2023-07-03,Combined Max-Sharpe,LTC-USD,0.0
2023-08-01,Combined Max-Sharpe,LTC-USD,3.781185167671634e-16
2023-09-01,Combined Max-Sharpe,LTC-USD,0.0
2023-10-02,Combined Max-Sharpe,LTC-USD,0.0
2023-11-01,Combined Max-Sharpe,LTC-USD,0.0
2023-12-01,Combined Max-Sharpe,LTC-USD,2.801855986821968e-16
2021-01-04,Combined Max-Sharpe,MMM,3.0638306994015956e-17
2021-02-01,Combined Max-Sharpe,MMM,0.0
2021-03-01,Combined Max-Sharpe,MMM,1.3654537532270297e-18
2021-04-01,Combined Max-Sharpe,MMM,0.0
2021-05-03,Combined Max-Sharpe,MMM,1.219881714260261e-16
2021-06-01,Combined Max-Sharpe,MMM,1.3580467981981796e-17
2021-07-01,Combined Max-Sharpe,MMM,3.0132040330765296e-17
2021-08-02,Combined Max-Sharpe,MMM,0.0
2021-09-01,Combined Max-Sharpe,MMM,0.0
2021-10-01,Combined Max-Sharpe,MMM,0.0
2021-11-01,Combined Max-Sharpe,MMM,5.943518887554889e-17
2021-12-01,Combined Max-Sharpe,MMM,5.134154410412675e-17
2022-01-03,Combined Max-Sharpe,MMM,0.0
2022-02-01,Combined Max-Sharpe,MMM,0.0
2022-03-01,Combined Max-Sharpe,MMM,1.293807537920806e-16
2022-04-01,Combined Max-Sharpe,MMM,0.0
2022-05-02,Combined Max-Sharpe,MMM,0.0
2022-06-01,Combined Max-Sharpe,MMM,0.0
2022-07-01,Combined Max-Sharpe,MMM,1.4986172147009877e-16
2022-08-01,Combined Max-Sharpe,MMM,5.294982272509674e-18
2022-09-01,Combined Max-Sharpe,MMM,0.0
2022-10-03,Combined Max-Sharpe,MMM,0.0
2022-11-01,Combined Max-Sharpe,MMM,0.0
2022-12-01,Combined Max-Sharpe,MMM,0.0
2023-01-03,Combined Max-Sharpe,MMM,0.0
2023-02-01,Combined Max-Sharpe,MMM,1.4433257957572282e-16
2023-03-01,Combined Max-Sharpe,MMM,0.0
2023-04-03,Combined Max-Sharpe,MMM,2.13108427494112e-14
2023-05-01,Combined Max-Sharpe,MMM,0.0
2023-06-01,Combined Max-Sharpe,MMM,0.0
2023-07-03,Combined Max-Sharpe,MMM,0.0
2023-08-01,Combined Max-Sharpe,MMM,4.642293652437219e-17
2023-09-01,Combined Max-Sharpe,MMM,1.2579363596044952e-16
2023-10-02,Combined Max-Sharpe,MMM,0.0
2023-11-01,Combined Max-Sharpe,MMM,5.011363159455754e-17
2023-12-01,Combined Max-Sharpe,MMM,2.0778903761285486e-17
2021-01-04,Combined Max-Sharpe,MRK,1.5850291182715017e-18
2021-02-01,Combined Max-Sharpe,MRK,0.0
2021-03-01,Combined Max-Sharpe,MRK,3.5367130544748417e-17
2021-04-01,Combined Max-Sharpe,MRK,0.0
2021-05-03,Combined Max-Sharpe,MRK,0.0
2021-06-01,Combined Max-Sharpe,MRK,0.0
2021-07-01,Combined Max-Sharpe,MRK,0.0
2021-08-02,Combined Max-Sharpe,MRK,0.0
2021-09-01,Combined Max-Sharpe,MRK,0.0
2021-10-01,Combined Max-Sharpe,MRK,8.850064509001003e-17
2021-11-01,Combined Max-Sharpe,MRK,0.018000023474428282
2021-12-01,Combined Max-Sharpe,MRK,0.0
2022-01-03,Combined Max-Sharpe,MRK,0.0
2022-02-01,Combined Max-Sharpe,MRK,0.0
2022-03-01,Combined Max-Sharpe,MRK,5.1781765675703175e-18
2022-04-01,Combined Max-Sharpe,MRK,0.0
2022-05-02,Combined Max-Sharpe,MRK,0.07984499688338799
2022-06-01,Combined Max-Sharpe,MRK,0.13412667183978738
2022-07-01,Combined Max-Sharpe,MRK,0.03312562589106158
2022-08-01,Combined Max-Sharpe,MRK,0.0570469242771174
2022-09-01,Combined Max-Sharpe,MRK,0.03419195099870316
2022-10-03,Combined Max-Sharpe,MRK,0.05157251301477463
2022-11-01,Combined Max-Sharpe,MRK,3.212475942209613e-15
2022-12-01,Combined Max-Sharpe,MRK,0.38785057025262243
2023-01-03,Combined Max-Sharpe,MRK,0.6416800098509565
2023-02-01,Combined Max-Sharpe,MRK,0.49634306726638266
2023-03-01,Combined Max-Sharpe,MRK,0.6024576677271912
2023-04-03,Combined Max-Sharpe,MRK,0.4028011106790904
2023-05-01,Combined Max-Sharpe,MRK,0.47191048145900205
2023-06-01,Combined Max-Sharpe,MRK,0.38496914291064765
2023-07-03,Combined Max-Sharpe,MRK,0.3147185509527385
2023-08-01,Combined Max-Sharpe,MRK,0.25382712829264775
2023-09-01,Combined Max-Sharpe,MRK,0.33214252739755756
2023-10-02,Combined Max-Sharpe,MRK,0.1621360651532678
2023-11-01,Combined Max-Sharpe,MRK,0.07848596480211878
2023-12-01,Combined Max-Sharpe,MRK,6.698006864228614e-17
2021-01-04,Combined Max-Sharpe,MS,0.0
2021-02-01,Combined Max-Sharpe,MS,5.7799855721573245e-18
2021-03-01,Combined Max-Sharpe,MS,0.0
2021-04-01,Combined Max-Sharpe,MS,0.12503651720188205
2021-05-03,Combined Max-Sharpe,MS,0.1204956420961562
2021-06-01,Combined Max-Sharpe,MS,0.13505070197295369
2021-07-01,Combined Max-Sharpe,MS,0.018870877959660273
2021-08-02,Combined Max-Sharpe,MS,0.05122822371901549
2021-09-01,Combined Max-Sharpe,MS,0.0
2021-10-01,Combined Max-Sharpe,MS,0.1790235949545581
2021-11-01,Combined Max-Sharpe,MS,0.009778847337461068
2021-12-01,Combined Max-Sharpe,MS,1.0876156146643102e-16
2022-01-03,Combined Max-Sharpe,MS,0.0
2022-02-01,Combined Max-Sharpe,MS,0.0006889020646065381
2022-03-01,Combined Max-Sharpe,MS,2.9901387473348765e-18
2022-04-01,Combined Max-Sharpe,MS,6.076767374335907e-17
2022-05-02,Combined Max-Sharpe,MS,4.5373124212453044e-17
2022-06-01,Combined Max-Sharpe,MS,0.0
2022-07-01,Combined Max-Sharpe,MS,1.57476830388997e-16
2022-08-01,Combined Max-Sharpe,MS,2.7432301239441422e-17
2022-09-01,Combined Max-Sharpe,MS,1.3640008241190052e-17
2022-10-03,Combined Max-Sharpe,MS,4.2599840750678105e-17
2022-11-01,Combined Max-Sharpe,MS,6.714107303976216e-17
2022-12-01,Combined Max-Sharpe,MS,2.4458247485092794e-16
2023-01-03,Combined Max-Sharpe,MS,0.0
2023-02-01,Combined Max-Sharpe,MS,8.836653162098409e-17
2023-03-01,Combined Max-Sharpe,MS,2.9310291134233443e-16
2023-04-03,Combined Max-Sharpe,MS,2.1211880826121423e-14
2023-05-01,Combined Max-Sharpe,MS,0.0
2023-06-01,Combined Max-Sharpe,MS,0.0
2023-07-03,Combined Max-Sharpe,MS,0.0
2023-08-01,Combined Max-Sharpe,MS,0.0
2023-09-01,Combined Max-Sharpe,MS,0.0
2023-10-02,Combined Max-Sharpe,MS,2.1758379852136146e-17
2023-11-01,Combined Max-Sharpe,MS,3.1171283217964546e-17
2023-12-01,Combined Max-Sharpe,MS,6.132687306555896e-18
2021-01-04,Combined Max-Sharpe,NEE,0.0
2021-02-01,Combined Max-Sharpe,NEE,0.0
2021-03-01,Combined Max-Sharpe,NEE,1.2845124779595355e-17
2021-04-01,Combined Max-Sharpe,NEE,0.0
2021-05-03,Combined Max-Sharpe,NEE,0.0
2021-06-01,Combined Max-Sharpe,NEE,0.0
2021-07-01,Combined Max-Sharpe,NEE,0.0
2021-08-02,Combined Max-Sharpe,NEE,0.0
2021-09-01,Combined Max-Sharpe,NEE,0.0
2021-10-01,Combined Max-Sharpe,NEE,0.0
2021-11-01,Combined Max-Sharpe,NEE,7.803358871417105e-17
2021-12-01,Combined Max-Sharpe,NEE,1.0464017353684338e-16
2022-01-03,Combined Max-Sharpe,NEE,0.0
2022-02-01,Combined Max-Sharpe,NEE,0.0
2022-03-01,Combined Max-Sharpe,NEE,2.634460396824934e-16
2022-04-01,Combined Max-Sharpe,NEE,0.001847810074683335
2022-05-02,Combined Max-Sharpe,NEE,1.4406718891918322e-17
2022-06-01,Combined Max-Sharpe,NEE,2.9375763022176117e-16
2022-07-01,Combined Max-Sharpe,NEE,5.173285569928372e-16
2022-08-01,Combined Max-Sharpe,NEE,6.228246651332318e-16
2022-09-01,Combined Max-Sharpe,NEE,4.748065759623268e-16
2022-10-03,Combined Max-Sharpe,NEE,0.0
2022-11-01,Combined Max-Sharpe,NEE,0.0
2022-12-01,Combined Max-Sharpe,NEE,0.0
2023-01-03,Combined Max-Sharpe,NEE,2.5794484967325166e-16
2023-02-01,Combined Max-Sharpe,NEE,0.0
2023-03-01,Combined Max-Sharpe,NEE,1.083363370028179e-17
2023-04-03,Combined Max-Sharpe,NEE,1.967449927897244e-14
2023-05-01,Combined Max-Sharpe,NEE,0.0
2023-06-01,Combined Max-Sharpe,NEE,2.73644275603977e-16
2023-07-03,Combined Max-Sharpe,NEE,8.106370945584055e-17
2023-08-01,Combined Max-Sharpe,NEE,5.899131268027366e-17
2023-09-01,Combined Max-Sharpe,NEE,9.281501208541932e-18
2023-10-02,Combined Max-Sharpe,NEE,8.991549213180502e-17
2023-11-01,Combined Max-Sharpe,NEE,7.003038834644735e-17
2023-12-01,Combined Max-Sharpe,NEE,0.0
2021-01-04,Combined Max-Sharpe,NEM,0.07197388164933183
2021-02-01,Combined Max-Sharpe,NEM,0.037862414595464536
2021-03-01,Combined Max-Sharpe,NEM,0.0
2021-04-01,Combined Max-Sharpe,NEM,0.0
2021-05-03,Combined Max-Sharpe,NEM,0.0
2021-06-01,Combined Max-Sharpe,NEM,1.2858013106076643e-16
2021-07-01,Combined Max-Sharpe,NEM,0.0
2021-08-02,Combined Max-Sharpe,NEM,1.9906440104032206e-17
2021-09-01,Combined Max-Sharpe,NEM,2.0609826649338962e-17
2021-10-01,Combined Max-Sharpe,NEM,0.0
2021-11-01,Combined Max-Sharpe,NEM,0.0
2021-12-01,Combined Max-Sharpe,NEM,6.041982378047604e-17
2022-01-03,Combined Max-Sharpe,NEM,0.0
2022-02-01,Combined Max-Sharpe,NEM,0.0
2022-03-01,Combined Max-Sharpe,NEM,0.013594986838350441
2022-04-01,Combined Max-Sharpe,NEM,0.049437822065829876
2022-05-02,Combined Max-Sharpe,NEM,1.4283508378604196e-16
2022-06-01,Combined Max-Sharpe,NEM,0.0
2022-07-01,Combined Max-Sharpe,NEM,0.0
2022-08-01,Combined Max-Sharpe,NEM,9.080242796024995e-18
2022-09-01,Combined Max-Sharpe,NEM,5.2124933814639407e-17
2022-10-03,Combined Max-Sharpe,NEM,2.9316914404497736e-17
2022-11-01,Combined Max-Sharpe,NEM,0.0
2022-12-01,Combined Max-Sharpe,NEM,1.1820490767499445e-16
2023-01-03,Combined Max-Sharpe,NEM,0.0
2023-02-01,Combined Max-Sharpe,NEM,1.2963967667445384e-16
2023-03-01,Combined Max-Sharpe,NEM,0.0
2023-04-03,Combined Max-Sharpe,NEM,2.0985885048617816e-14
2023-05-01,Combined Max-Sharpe,NEM,0.0
2023-06-01,Combined Max-Sharpe,NEM,0.0
2023-07-03,Combined Max-Sharpe,NEM,0.0
2023-08-01,Combined Max-Sharpe,NEM,7.715754621234342e-17
2023-09-01,Combined Max-Sharpe,NEM,2.982067604515921e-18
2023-10-02,Combined Max-Sharpe,NEM,6.952087368191164e-17
2023-11-01,Combined Max-Sharpe,NEM,1.3143655608848536e-17
2023-12-01,Combined Max-Sharpe,NEM,9.28396506872979e-17
2021-01-04,Combined Max-Sharpe,NKE,0.0
2021-02-01,Combined Max-Sharpe,NKE,1.3414220414874658e-18
2021-03-01,Combined Max-Sharpe,NKE,0.0
2021-04-01,Combined Max-Sharpe,NKE,0.0
2021-05-03,Combined Max-Sharpe,NKE,1.1091506692329799e-15
2021-06-01,Combined Max-Sharpe,NKE,0.0
2021-07-01,Combined Max-Sharpe,NKE,0.0636002947914718
2021-08-02,Combined Max-Sharpe,NKE,0.12964099128058448
2021-09-01,Combined Max-Sharpe,NKE,0.06647691507370046
2021-10-01,Combined Max-Sharpe,NKE,2.1912747076085704e-17
2021-11-01,Combined Max-Sharpe,NKE,2.463593796877466e-17
2021-12-01,Combined Max-Sharpe,NKE,0.0
2022-01-03,Combined Max-Sharpe,NKE,1.9077635328314017e-16
2022-02-01,Combined Max-Sharpe,NKE,2.0130422826506457e-17
2022-03-01,Combined Max-Sharpe,NKE,4.0524446175438856e-18
2022-04-01,Combined Max-Sharpe,NKE,0.0
2022-05-02,Combined Max-Sharpe,NKE,0.0
2022-06-01,Combined Max-Sharpe,NKE,0.0
2022-07-01,Combined Max-Sharpe,NKE,2.5473683825342404e-17
2022-08-01,Combined Max-Sharpe,NKE,0.0
2022-09-01,Combined Max-Sharpe,NKE,1.985701539914806e-17
2022-10-03,Combined Max-Sharpe,NKE,1.7062610856000806e-16
2022-11-01,Combined Max-Sharpe,NKE,4.941160896563155e-17
2022-12-01,Combined Max-Sharpe,NKE,5.660686677197222e-18
2023-01-03,Combined Max-Sharpe,NKE,0.0
2023-02-01,Combined Max-Sharpe,NKE,2.5233132036694906e-16
2023-03-01,Combined Max-Sharpe,NKE,0.0
2023-04-03,Combined Max-Sharpe,NKE,2.5612635215306066e-14
2023-05-01,Combined Max-Sharpe,NKE,0.0
2023-06-01,Combined Max-Sharpe,NKE,0.0
2023-07-03,Combined Max-Sharpe,NKE,0.0
2023-08-01,Combined Max-Sharpe,NKE,0.0
2023-09-01,Combined Max-Sharpe,NKE,0.0
2023-10-02,Combined Max-Sharpe,NKE,8.695087681641496e-17
2023-11-01,Combined Max-Sharpe,NKE,1.3513082239809336e-16
2023-12-01,Combined Max-Sharpe,NKE,0.0
2021-01-04,Combined Max-Sharpe,NUE,0.0
2021-02-01,Combined Max-Sharpe,NUE,3.2639931629205307e-17
2021-03-01,Combined Max-Sharpe,NUE,0.0
2021-04-01,Combined Max-Sharpe,NUE,0.029103120180695927
2021-05-03,Combined Max-Sharpe,NUE,6.657438535829955e-16
2021-06-01,Combined Max-Sharpe,NUE,0.02622621777276216
2021-07-01,Combined Max-Sharpe,NUE,0.0676986385818319
2021-08-02,Combined Max-Sharpe,NUE,0.09487751889322818
2021-09-01,Combined Max-Sharpe,NUE,0.08126340981535636
2021-10-01,Combined Max-Sharpe,NUE,0.016191030387494053
2021-11-01,Combined Max-Sharpe,NUE,0.0
2021-12-01,Combined Max-Sharpe,NUE,0.03899391826493237
2022-01-03,Combined Max-Sharpe,NUE,0.09734200800261693
2022-02-01,Combined Max-Sharpe,NUE,0.0675608277127277
2022-03-01,Combined Max-Sharpe,NUE,0.09321913411324936
2022-04-01,Combined Max-Sharpe,NUE,0.031432831592371265
2022-05-02,Combined Max-Sharpe,NUE,0.10447643827774222
2022-06-01,Combined Max-Sharpe,NUE,0.0
2022-07-01,Combined Max-Sharpe,NUE,2.156872420153354e-15
2022-08-01,Combined Max-Sharpe,NUE,0.022865279477694626
2022-09-01,Combined Max-Sharpe,NUE,0.0
2022-10-03,Combined Max-Sharpe,NUE,1.158534937807364e-15
2022-11-01,Combined Max-Sharpe,NUE,7.069814516792162e-15
2022-12-01,Combined Max-Sharpe,NUE,0.0
2023-01-03,Combined Max-Sharpe,NUE,0.0
2023-02-01,Combined Max-Sharpe,NUE,0.11345723122911411
2023-03-01,Combined Max-Sharpe,NUE,0.023263118137870988
2023-04-03,Combined Max-Sharpe,NUE,1.6797984045400673e-14
2023-05-01,Combined Max-Sharpe,NUE,0.0
2023-06-01,Combined Max-Sharpe,NUE,0.0
2023-07-03,Combined Max-Sharpe,NUE,4.386182827255887e-16
2023-08-01,Combined Max-Sharpe,NUE,8.395413858111193e-17
2023-09-01,Combined Max-Sharpe,NUE,1.8907183621139803e-17
2023-10-02,Combined Max-Sharpe,NUE,5.716581025916475e-17
2023-11-01,Combined Max-Sharpe,NUE,3.921160879143713e-18
2023-12-01,Combined Max-Sharpe,NUE,0.0
2021-01-04,Combined Max-Sharpe,NVDA,0.08836558788161263
2021-02-01,Combined Max-Sharpe,NVDA,0.2453498276617484
2021-03-01,Combined Max-Sharpe,NVDA,2.183677865998122e-16
2021-04-01,Combined Max-Sharpe,NVDA,1.8658830871300223e-16
2021-05-03,Combined Max-Sharpe,NVDA,0.026571174157931633
2021-06-01,Combined Max-Sharpe,NVDA,0.018413960210499944
2021-07-01,Combined Max-Sharpe,NVDA,0.07315412774507163
2021-08-02,Combined Max-Sharpe,NVDA,0.07352517196567315
2021-09-01,Combined Max-Sharpe,NVDA,0.05900295791154512
2021-10-01,Combined Max-Sharpe,NVDA,0.08604661111094909
2021-11-01,Combined Max-Sharpe,NVDA,0.07319242616636103
2021-12-01,Combined Max-Sharpe,NVDA,0.14554926363180865
2022-01-03,Combined Max-Sharpe,NVDA,0.08616719859883797
2022-02-01,Combined Max-Sharpe,NVDA,0.05648903495726995
2022-03-01,Combined Max-Sharpe,NVDA,0.050806846037322426
2022-04-01,Combined Max-Sharpe,NVDA,0.059232694693716656
2022-05-02,Combined Max-Sharpe,NVDA,0.0
2022-06-01,Combined Max-Sharpe,NVDA,0.0
2022-07-01,Combined Max-Sharpe,NVDA,0.0
2022-08-01,Combined Max-Sharpe,NVDA,0.0
2022-09-01,Combined Max-Sharpe,NVDA,1.1183041327819354e-16
2022-10-03,Combined Max-Sharpe,NVDA,6.454121575762782e-17
2022-11-01,Combined Max-Sharpe,NVDA,4.1520450906346433e-16
2022-12-01,Combined Max-Sharpe,NVDA,0.0
2023-01-03,Combined Max-Sharpe,NVDA,0.0
2023-02-01,Combined Max-Sharpe,NVDA,3.6795522032612677e-16
2023-03-01,Combined Max-Sharpe,NVDA,9.068414109551527e-16
2023-04-03,Combined Max-Sharpe,NVDA,8.161413359011942e-15
2023-05-01,Combined Max-Sharpe,NVDA,0.0
2023-06-01,Combined Max-Sharpe,NVDA,0.11075051473452548
2023-07-03,Combined Max-Sharpe,NVDA,0.09649352279708182
2023-08-01,Combined Max-Sharpe,NVDA,0.11914472727994309
2023-09-01,Combined Max-Sharpe,NVDA,0.17675142431094276
2023-10-02,Combined Max-Sharpe,NVDA,0.16189962471486088
2023-11-01,Combined Max-Sharpe,NVDA,0.22832883459534387
2023-12-01,Combined Max-Sharpe,NVDA,0.18736007876878938
2021-01-04,Combined Max-Sharpe,O,0.0
2021-02-01,Combined Max-Sharpe,O,1.9785878996843297e-17
2021-03-01,Combined Max-Sharpe,O,0.0
2021-04-01,Combined Max-Sharpe,O,3.644285766594625e-18
2021-05-03,Combined Max-Sharpe,O,0.0
2021-06-01,Combined Max-Sharpe,O,0.0
2021-07-01,Combined Max-Sharpe,O,0.0
2021-08-02,Combined Max-Sharpe,O,6.054494184318913e-17
2021-09-01,Combined Max-Sharpe,O,0.0
2021-10-01,Combined Max-Sharpe,O,4.5380420093586867e-17
2021-11-01,Combined Max-Sharpe,O,0.0
2021-12-01,Combined Max-Sharpe,O,0.0
2022-01-03,Combined Max-Sharpe,O,0.0
2022-02-01,Combined Max-Sharpe,O,0.0
2022-03-01,Combined Max-Sharpe,O,0.0
2022-04-01,Combined Max-Sharpe,O,8.229583858962098e-18
2022-05-02,Combined Max-Sharpe,O,5.313314922830092e-17
2022-06-01,Combined Max-Sharpe,O,6.226683924545637e-17
2022-07-01,Combined Max-Sharpe,O,0.0
2022-08-01,Combined Max-Sharpe,O,0.0
2022-09-01,Combined Max-Sharpe,O,7.894045705868361e-17
2022-10-03,Combined Max-Sharpe,O,0.0
2022-11-01,Combined Max-Sharpe,O,7.286258432810389e-17
2022-12-01,Combined Max-Sharpe,O,0.0
2023-01-03,Combined Max-Sharpe,O,1.2922681936464355e-16
2023-02-01,Combined Max-Sharpe,O,0.0
2023-03-01,Combined Max-Sharpe,O,6.262406760761641e-19
2023-04-03,Combined Max-Sharpe,O,1.806129894572733e-14
2023-05-01,Combined Max-Sharpe,O,0.0
2023-06-01,Combined Max-Sharpe,O,5.696647143274897e-17
2023-07-03,Combined Max-Sharpe,O,9.622723665466641e-17
2023-08-01,Combined Max-Sharpe,O,1.5412209450575242e-18
2023-09-01,Combined Max-Sharpe,O,3.347177512484524e-17
2023-10-02,Combined Max-Sharpe,O,2.030148318285875e-17
2023-11-01,Combined Max-Sharpe,O,2.777637516536931e-17
2023-12-01,Combined Max-Sharpe,O,7.319492894049054e-17
2021-01-04,Combined Max-Sharpe,OXY,0.0
2021-02-01,Combined Max-Sharpe,OXY,6.670769951644354e-17
2021-03-01,Combined Max-Sharpe,OXY,0.0
2021-04-01,Combined Max-Sharpe,OXY,0.0
2021-05-03,Combined Max-Sharpe,OXY,0.0
2021-06-01,Combined Max-Sharpe,OXY,7.93230042128316e-17
2021-07-01,Combined Max-Sharpe,OXY,1.5531689825662777e-18
2021-08-02,Combined Max-Sharpe,OXY,5.652205582416167e-17
2021-09-01,Combined Max-Sharpe,OXY,0.007099237534941178
2021-10-01,Combined Max-Sharpe,OXY,0.05364568546712813
2021-11-01,Combined Max-Sharpe,OXY,0.060357121689676586
2021-12-01,Combined Max-Sharpe,OXY,0.0
2022-01-03,Combined Max-Sharpe,OXY,1.7290772658358603e-17
2022-02-01,Combined Max-Sharpe,OXY,8.567199582615877e-16
2022-03-01,Combined Max-Sharpe,OXY,1.1847420720690753e-15
2022-04-01,Combined Max-Sharpe,OXY,0.009732649315705215
2022-05-02,Combined Max-Sharpe,OXY,0.013193368547068238
2022-06-01,Combined Max-Sharpe,OXY,0.06731464003297573
2022-07-01,Combined Max-Sharpe,OXY,0.10979278054863542
2022-08-01,Combined Max-Sharpe,OXY,0.16872939746693347
2022-09-01,Combined Max-Sharpe,OXY,0.228887279798779
2022-10-03,Combined Max-Sharpe,OXY,0.21390862698864446
2022-11-01,Combined Max-Sharpe,OXY,0.10408675372489282
2022-12-01,Combined Max-Sharpe,OXY,0.08250203407131047
2023-01-03,Combined Max-Sharpe,OXY,0.0858349179670006
2023-02-01,Combined Max-Sharpe,OXY,0.06702248871305003
2023-03-01,Combined Max-Sharpe,OXY,0.043868536240099655
2023-04-03,Combined Max-Sharpe,OXY,1.5016803847370933e-14
2023-05-01,Combined Max-Sharpe,OXY,0.0
2023-06-01,Combined Max-Sharpe,OXY,0.0
2023-07-03,Combined Max-Sharpe,OXY,0.0
2023-08-01,Combined Max-Sharpe,OXY,1.1007661163571585e-17
2023-09-01,Combined Max-Sharpe,OXY,0.0
2023-10-02,Combined Max-Sharpe,OXY,0.0
2023-11-01,Combined Max-Sharpe,OXY,0.0
2023-12-01,Combined Max-Sharpe,OXY,0.0
2021-01-04,Combined Max-Sharpe,PLD,0.0
2021-02-01,Combined Max-Sharpe,PLD,0.0
2021-03-01,Combined Max-Sharpe,PLD,0.0
2021-04-01,Combined Max-Sharpe,PLD,2.04309486811466e-17
2021-05-03,Combined Max-Sharpe,PLD,0.0
2021-06-01,Combined Max-Sharpe,PLD,0.0
2021-07-01,Combined Max-Sharpe,PLD,0.0
2021-08-02,Combined Max-Sharpe,PLD,0.0
2021-09-01,Combined Max-Sharpe,PLD,0.0
2021-10-01,Combined Max-Sharpe,PLD,8.157646095189344e-17
2021-11-01,Combined Max-Sharpe,PLD,0.04179598462463635
2021-12-01,Combined Max-Sharpe,PLD,0.035231965970588516
2022-01-03,Combined Max-Sharpe,PLD,0.09910915710494377
2022-02-01,Combined Max-Sharpe,PLD,0.06850638185431712
2022-03-01,Combined Max-Sharpe,PLD,0.0
2022-04-01,Combined Max-Sharpe,PLD,0.022715848991816643
2022-05-02,Combined Max-Sharpe,PLD,0.22363572910448032
2022-06-01,Combined Max-Sharpe,PLD,9.243387201267552e-17
2022-07-01,Combined Max-Sharpe,PLD,0.0
2022-08-01,Combined Max-Sharpe,PLD,7.477945401990158e-17
2022-09-01,Combined Max-Sharpe,PLD,7.461461442525077e-17
2022-10-03,Combined Max-Sharpe,PLD,7.050057878503438e-17
2022-11-01,Combined Max-Sharpe,PLD,0.0
2022-12-01,Combined Max-Sharpe,PLD,2.921309558935529e-17
2023-01-03,Combined Max-Sharpe,PLD,0.0
2023-02-01,Combined Max-Sharpe,PLD,1.790889828590264e-16
2023-03-01,Combined Max-Sharpe,PLD,0.0
2023-04-03,Combined Max-Sharpe,PLD,2.364837562607724e-14
2023-05-01,Combined Max-Sharpe,PLD,0.0
2023-06-01,Combined Max-Sharpe,PLD,0.0
2023-07-03,Combined Max-Sharpe,PLD,0.0
2023-08-01,Combined Max-Sharpe,PLD,7.303080169332047e-17
2023-09-01,Combined Max-Sharpe,PLD,0.0
2023-10-02,Combined Max-Sharpe,PLD,2.5306577648651955e-17
2023-11-01,Combined Max-Sharpe,PLD,0.0
2023-12-01,Combined Max-Sharpe,PLD,0.0
2021-01-04,Combined Max-Sharpe,PSA,0.0
2021-02-01,Combined Max-Sharpe,PSA,0.0
2021-03-01,Combined Max-Sharpe,PSA,0.0
2021-04-01,Combined Max-Sharpe,PSA,0.013018186777335357
2021-05-03,Combined Max-Sharpe,PSA,0.16090972178890486
2021-06-01,Combined Max-Sharpe,PSA,0.20645594587341407
2021-07-01,Combined Max-Sharpe,PSA,0.34447586743643105
2021-08-02,Combined Max-Sharpe,PSA,0.3890474696259207
2021-09-01,Combined Max-Sharpe,PSA,0.40809925732587254
2021-10-01,Combined Max-Sharpe,PSA,0.4617304870065352
2021-11-01,Combined Max-Sharpe,PSA,0.36266015258605777
2021-12-01,Combined Max-Sharpe,PSA,0.39185698287403026
2022-01-03,Combined Max-Sharpe,PSA,0.3852948398485829
2022-02-01,Combined Max-Sharpe,PSA,0.41496698999733483
2022-03-01,Combined Max-Sharpe,PSA,0.41168058507590577
2022-04-01,Combined Max-Sharpe,PSA,0.3299912745467325
2022-05-02,Combined Max-Sharpe,PSA,0.09870789710578146
2022-06-01,Combined Max-Sharpe,PSA,2.0002315543531817e-16
2022-07-01,Combined Max-Sharpe,PSA,0.0
2022-08-01,Combined Max-Sharpe,PSA,1.0964532150732726e-16
2022-09-01,Combined Max-Sharpe,PSA,1.854670785607627e-16
2022-10-03,Combined Max-Sharpe,PSA,0.0
2022-11-01,Combined Max-Sharpe,PSA,0.0
2022-12-01,Combined Max-Sharpe,PSA,0.0
2023-01-03,Combined Max-Sharpe,PSA,1.9825525828470006e-18
2023-02-01,Combined Max-Sharpe,PSA,1.9018441284678373e-16
2023-03-01,Combined Max-Sharpe,PSA,0.0
2023-04-03,Combined Max-Sharpe,PSA,2.005889652816598e-14
2023-05-01,Combined Max-Sharpe,PSA,0.0
2023-06-01,Combined Max-Sharpe,PSA,6.00188630222185e-17
2023-07-03,Combined Max-Sharpe,PSA,9.79942040055595e-17
2023-08-01,Combined Max-Sharpe,PSA,0.0
2023-09-01,Combined Max-Sharpe,PSA,0.0
2023-10-02,Combined Max-Sharpe,PSA,0.0
2023-11-01,Combined Max-Sharpe,PSA,2.118674767386562e-18
2023-12-01,Combined Max-Sharpe,PSA,0.0
2021-01-04,Combined Max-Sharpe,QCOM,0.0
2021-02-01,Combined Max-Sharpe,QCOM,0.0
2021-03-01,Combined Max-Sharpe,QCOM,9.971041893272271e-17
2021-04-01,Combined Max-Sharpe,QCOM,2.7100640010795226e-16
2021-05-03,Combined Max-Sharpe,QCOM,1.0567984333182389e-15
2021-06-01,Combined Max-Sharpe,QCOM,2.690022048834966e-18
2021-07-01,Combined Max-Sharpe,QCOM,0.0
2021-08-02,Combined Max-Sharpe,QCOM,9.098819747320413e-18
2021-09-01,Combined Max-Sharpe,QCOM,1.1099136976838189e-16
2021-10-01,Combined Max-Sharpe,QCOM,3.3395524168054713e-17
2021-11-01,Combined Max-Sharpe,QCOM,0.0
2021-12-01,Combined Max-Sharpe,QCOM,0.0
2022-01-03,Combined Max-Sharpe,QCOM,2.6439289276322883e-17
2022-02-01,Combined Max-Sharpe,QCOM,0.0
2022-03-01,Combined Max-Sharpe,QCOM,0.0
2022-04-01,Combined Max-Sharpe,QCOM,1.1365893231566848e-16
2022-05-02,Combined Max-Sharpe,QCOM,0.0
2022-06-01,Combined Max-Sharpe,QCOM,0.0
2022-07-01,Combined Max-Sharpe,QCOM,0.0
2022-08-01,Combined Max-Sharpe,QCOM,0.0
2022-09-01,Combined Max-Sharpe,QCOM,0.0
2022-10-03,Combined Max-Sharpe,QCOM,0.0
2022-11-01,Combined Max-Sharpe,QCOM,7.675612527787932e-17
2022-12-01,Combined Max-Sharpe,QCOM,0.0
2023-01-03,Combined Max-Sharpe,QCOM,0.0
2023-02-01,Combined Max-Sharpe,QCOM,3.246134807804562e-16
2023-03-01,Combined Max-Sharpe,QCOM,0.0
2023-04-03,Combined Max-Sharpe,QCOM,2.627631737072651e-14
2023-05-01,Combined Max-Sharpe,QCOM,0.0
2023-06-01,Combined Max-Sharpe,QCOM,0.0
2023-07-03,Combined Max-Sharpe,QCOM,0.0
2023-08-01,Combined Max-Sharpe,QCOM,1.6891493132250728e-16
2023-09-01,Combined Max-Sharpe,QCOM,3.9341641715412985e-17
2023-10-02,Combined Max-Sharpe,QCOM,5.226933042565084e-17
2023-11-01,Combined Max-Sharpe,QCOM,0.0
2023-12-01,Combined Max-Sharpe,QCOM,0.0
2021-01-04,Combined Max-Sharpe,SBUX,2.639151976943474e-17
2021-02-01,Combined Max-Sharpe,SBUX,9.110194857881933e-17
2021-03-01,Combined Max-Sharpe,SBUX,0.0
2021-04-01,Combined Max-Sharpe,SBUX,0.0
2021-05-03,Combined Max-Sharpe,SBUX,0.0
2021-06-01,Combined Max-Sharpe,SBUX,7.498023336227809e-18
2021-07-01,Combined Max-Sharpe,SBUX,8.136534249130921e-17
2021-08-02,Combined Max-Sharpe,SBUX,0.026276506152946622
2021-09-01,Combined Max-Sharpe,SBUX,0.0
2021-10-01,Combined Max-Sharpe,SBUX,0.0
2021-11-01,Combined Max-Sharpe,SBUX,5.289582014242908e-17
2021-12-01,Combined Max-Sharpe,SBUX,6.692340681772845e-17
2022-01-03,Combined Max-Sharpe,SBUX,0.0
2022-02-01,Combined Max-Sharpe,SBUX,3.8125584628379235e-17
2022-03-01,Combined Max-Sharpe,SBUX,0.0
2022-04-01,Combined Max-Sharpe,SBUX,1.874542850582429e-17
2022-05-02,Combined Max-Sharpe,SBUX,0.0
2022-06-01,Combined Max-Sharpe,SBUX,0.0
2022-07-01,Combined Max-Sharpe,SBUX,5.838630733313965e-17
2022-08-01,Combined Max-Sharpe,SBUX,2.4202860166276284e-17
2022-09-01,Combined Max-Sharpe,SBUX,0.0
2022-10-03,Combined Max-Sharpe,SBUX,0.0
2022-11-01,Combined Max-Sharpe,SBUX,1.549355601843308e-17
2022-12-01,Combined Max-Sharpe,SBUX,6.471446975445566e-17
2023-01-03,Combined Max-Sharpe,SBUX,1.5352504969948098e-16
2023-02-01,Combined Max-Sharpe,SBUX,0.0
2023-03-01,Combined Max-Sharpe,SBUX,0.0
2023-04-03,Combined Max-Sharpe,SBUX,0.0
2023-05-01,Combined Max-Sharpe,SBUX,0.13996328667352395
2023-06-01,Combined Max-Sharpe,SBUX,0.0
2023-07-03,Combined Max-Sharpe,SBUX,1.971325775951767e-16
2023-08-01,Combined Max-Sharpe,SBUX,0.0
2023-09-01,Combined Max-Sharpe,SBUX,6.677820899901098e-17
2023-10-02,Combined Max-Sharpe,SBUX,0.0
2023-11-01,Combined Max-Sharpe,SBUX,0.0
2023-12-01,Combined Max-Sharpe,SBUX,0.0
2021-01-04,Combined Max-Sharpe,SHW,1.5365762458975824e-17
2021-02-01,Combined Max-Sharpe,SHW,0.0
2021-03-01,Combined Max-Sharpe,SHW,0.0
2021-04-01,Combined Max-Sharpe,SHW,0.0
2021-05-03,Combined Max-Sharpe,SHW,0.08187859065510289
2021-06-01,Combined Max-Sharpe,SHW,0.0
2021-07-01,Combined Max-Sharpe,SHW,8.557301377427967e-17
2021-08-02,Combined Max-Sharpe,SHW,4.3936313018727836e-17
2021-09-01,Combined Max-Sharpe,SHW,1.6915728137121644e-17
2021-10-01,Combined Max-Sharpe,SHW,1.6035450146754375e-18
2021-11-01,Combined Max-Sharpe,SHW,0.01723429259553436
2021-12-01,Combined Max-Sharpe,SHW,0.02014984783962919
2022-01-03,Combined Max-Sharpe,SHW,0.024496737292251314
2022-02-01,Combined Max-Sharpe,SHW,1.1580911254448543e-17
2022-03-01,Combined Max-Sharpe,SHW,3.7099361419981325e-17
2022-04-01,Combined Max-Sharpe,SHW,0.0
2022-05-02,Combined Max-Sharpe,SHW,1.1684239534223922e-16
2022-06-01,Combined Max-Sharpe,SHW,1.2476930370563158e-16
2022-07-01,Combined Max-Sharpe,SHW,0.0
2022-08-01,Combined Max-Sharpe,SHW,4.918914492548128e-17
2022-09-01,Combined Max-Sharpe,SHW,0.0
2022-10-03,Combined Max-Sharpe,SHW,0.0
2022-11-01,Combined Max-Sharpe,SHW,0.0
2022-12-01,Combined Max-Sharpe,SHW,2.4741760287173978e-18
2023-01-03,Combined Max-Sharpe,SHW,4.768187208967916e-17
2023-02-01,Combined Max-Sharpe,SHW,3.5439477634937565e-17
2023-03-01,Combined Max-Sharpe,SHW,6.274243464217107e-17
2023-04-03,Combined Max-Sharpe,SHW,1.965696212030425e-14
2023-05-01,Combined Max-Sharpe,SHW,0.0
2023-06-01,Combined Max-Sharpe,SHW,0.0
2023-07-03,Combined Max-Sharpe,SHW,0.0
2023-08-01,Combined Max-Sharpe,SHW,9.476480089006962e-17
2023-09-01,Combined Max-Sharpe,SHW,3.525444641137839e-17
2023-10-02,Combined Max-Sharpe,SHW,0.0
2023-11-01,Combined Max-Sharpe,SHW,0.0
2023-12-01,Combined Max-Sharpe,SHW,2.2871037851003562e-17
2021-01-04,Combined Max-Sharpe,SLB,7.955147994124635e-17
2021-02-01,Combined Max-Sharpe,SLB,2.0915620861320567e-17
2021-03-01,Combined Max-Sharpe,SLB,0.0
2021-04-01,Combined Max-Sharpe,SLB,0.0
2021-05-03,Combined Max-Sharpe,SLB,0.0
2021-06-01,Combined Max-Sharpe,SLB,1.1531681518737478e-16
2021-07-01,Combined Max-Sharpe,SLB,0.0
2021-08-02,Combined Max-Sharpe,SLB,0.0
2021-09-01,Combined Max-Sharpe,SLB,0.0
2021-10-01,Combined Max-Sharpe,SLB,0.0
2021-11-01,Combined Max-Sharpe,SLB,0.0
2021-12-01,Combined Max-Sharpe,SLB,0.0
2022-01-03,Combined Max-Sharpe,SLB,5.517711926815572e-17
2022-02-01,Combined Max-Sharpe,SLB,3.8303941093784066e-16
2022-03-01,Combined Max-Sharpe,SLB,0.0
2022-04-01,Combined Max-Sharpe,SLB,0.0
2022-05-02,Combined Max-Sharpe,SLB,0.0
2022-06-01,Combined Max-Sharpe,SLB,0.0
2022-07-01,Combined Max-Sharpe,SLB,0.0
2022-08-01,Combined Max-Sharpe,SLB,0.0
2022-09-01,Combined Max-Sharpe,SLB,0.0
2022-10-03,Combined Max-Sharpe,SLB,8.194479529169506e-16
2022-11-01,Combined Max-Sharpe,SLB,2.1444201290453668e-14
2022-12-01,Combined Max-Sharpe,SLB,0.0
2023-01-03,Combined Max-Sharpe,SLB,0.0
2023-02-01,Combined Max-Sharpe,SLB,1.951426917623875e-15
2023-03-01,Combined Max-Sharpe,SLB,0.0
2023-04-03,Combined Max-Sharpe,SLB,0.0
2023-05-01,Combined Max-Sharpe,SLB,0.0
2023-06-01,Combined Max-Sharpe,SLB,3.081009402153618e-17
2023-07-03,Combined Max-Sharpe,SLB,3.0019615848529095e-16
2023-08-01,Combined Max-Sharpe,SLB,0.05105282228819398
2023-09-01,Combined Max-Sharpe,SLB,0.013843997666954756
2023-10-02,Combined Max-Sharpe,SLB,0.0384662771053139
2023-11-01,Combined Max-Sharpe,SLB,7.576988359704249e-17
2023-12-01,Combined Max-Sharpe,SLB,2.911851543962385e-18
2021-01-04,Combined Max-Sharpe,SO,0.0
2021-02-01,Combined Max-Sharpe,SO,0.0
2021-03-01,Combined Max-Sharpe,SO,1.2080193452384048e-17
2021-04-01,Combined Max-Sharpe,SO,0.0
2021-05-03,Combined Max-Sharpe,SO,0.0
2021-06-01,Combined Max-Sharpe,SO,1.1104251633693199e-17
2021-07-01,Combined Max-Sharpe,SO,0.0
2021-08-02,Combined Max-Sharpe,SO,4.0304616527638404e-17
2021-09-01,Combined Max-Sharpe,SO,0.0
2021-10-01,Combined Max-Sharpe,SO,1.6348421198915794e-17
2021-11-01,Combined Max-Sharpe,SO,0.0
2021-12-01,Combined Max-Sharpe,SO,4.027904813152325e-17
2022-01-03,Combined Max-Sharpe,SO,0.0
2022-02-01,Combined Max-Sharpe,SO,0.029020931514512304
2022-03-01,Combined Max-Sharpe,SO,0.0
2022-04-01,Combined Max-Sharpe,SO,0.0
2022-05-02,Combined Max-Sharpe,SO,1.148775952957844e-16
2022-06-01,Combined Max-Sharpe,SO,0.1409072555072835
2022-07-01,Combined Max-Sharpe,SO,0.22530282819869102
2022-08-01,Combined Max-Sharpe,SO,0.30314592042923094
2022-09-01,Combined Max-Sharpe,SO,0.33908116877902955
2022-10-03,Combined Max-Sharpe,SO,0.00883039575333969
2022-11-01,Combined Max-Sharpe,SO,0.0
2022-12-01,Combined Max-Sharpe,SO,0.0
2023-01-03,Combined Max-Sharpe,SO,2.317569634573772e-16
2023-02-01,Combined Max-Sharpe,SO,0.0
2023-03-01,Combined Max-Sharpe,SO,0.0
2023-04-03,Combined Max-Sharpe,SO,1.7014767852082706e-14
2023-05-01,Combined Max-Sharpe,SO,0.0
2023-06-01,Combined Max-Sharpe,SO,8.924793116981976e-17
2023-07-03,Combined Max-Sharpe,SO,9.64763209640798e-17
2023-08-01,Combined Max-Sharpe,SO,0.0
2023-09-01,Combined Max-Sharpe,SO,0.0
2023-10-02,Combined Max-Sharpe,SO,0.0
2023-11-01,Combined Max-Sharpe,SO,1.698178728556051e-17
2023-12-01,Combined Max-Sharpe,SO,0.07080226534063322
2021-01-04,Combined Max-Sharpe,T,0.0
2021-02-01,Combined Max-Sharpe,T,0.0
2021-03-01,Combined Max-Sharpe,T,0.0
2021-04-01,Combined Max-Sharpe,T,0.0
2021-05-03,Combined Max-Sharpe,T,0.0
2021-06-01,Combined Max-Sharpe,T,0.0
2021-07-01,Combined Max-Sharpe,T,1.4410049981228944e-17
2021-08-02,Combined Max-Sharpe,T,8.004917361454327e-17
2021-09-01,Combined Max-Sharpe,T,0.0
2021-10-01,Combined Max-Sharpe,T,0.0
2021-11-01,Combined Max-Sharpe,T,7.420488124976964e-17
2021-12-01,Combined Max-Sharpe,T,0.0
2022-01-03,Combined Max-Sharpe,T,1.6991864491882158e-17
2022-02-01,Combined Max-Sharpe,T,9.180066674010874e-17
2022-03-01,Combined Max-Sharpe,T,0.0
2022-04-01,Combined Max-Sharpe,T,0.0
2022-05-02,Combined Max-Sharpe,T,1.0010337744204409e-16
2022-06-01,Combined Max-Sharpe,T,0.0
2022-07-01,Combined Max-Sharpe,T,0.0
2022-08-01,Combined Max-Sharpe,T,0.0
2022-09-01,Combined Max-Sharpe,T,9.60565565585307e-17
2022-10-03,Combined Max-Sharpe,T,7.249297360523136e-17
2022-11-01,Combined Max-Sharpe,T,0.0
2022-12-01,Combined Max-Sharpe,T,2.714900667787213e-17
2023-01-03,Combined Max-Sharpe,T,1.3297386010568228e-16
2023-02-01,Combined Max-Sharpe,T,0.0
2023-03-01,Combined Max-Sharpe,T,2.6381725995531736e-16
2023-04-03,Combined Max-Sharpe,T,1.3339598903429774e-14
2023-05-01,Combined Max-Sharpe,T,0.0
2023-06-01,Combined Max-Sharpe,T,0.0
2023-07-03,Combined Max-Sharpe,T,2.202285662861181e-19
2023-08-01,Combined Max-Sharpe,T,1.4881352443721352e-16
2023-09-01,Combined Max-Sharpe,T,1.749652431672164e-17
2023-10-02,Combined Max-Sharpe,T,0.0
2023-11-01,Combined Max-Sharpe,T,3.857049228617182e-17
2023-12-01,Combined Max-Sharpe,T,0.0
2021-01-04,Combined Max-Sharpe,TMUS,0.0
2021-02-01,Combined Max-Sharpe,TMUS,2.014017637765986e-18
2021-03-01,Combined Max-Sharpe,TMUS,8.855400597293048e-18
2021-04-01,Combined Max-Sharpe,TMUS,0.0
2021-05-03,Combined Max-Sharpe,TMUS,2.4657657065618464e-16
2021-06-01,Combined Max-Sharpe,TMUS,1.3437210035219816e-17
2021-07-01,Combined Max-Sharpe,TMUS,0.0
2021-08-02,Combined Max-Sharpe,TMUS,0.0
2021-09-01,Combined Max-Sharpe,TMUS,1.7750603629751558e-16
2021-10-01,Combined Max-Sharpe,TMUS,6.259111937169971e-17
2021-11-01,Combined Max-Sharpe,TMUS,8.35462563633991e-17
2021-12-01,Combined Max-Sharpe,TMUS,0.0
2022-01-03,Combined Max-Sharpe,TMUS,3.5196763540605837e-16
2022-02-01,Combined Max-Sharpe,TMUS,0.0
2022-03-01,Combined Max-Sharpe,TMUS,0.0
2022-04-01,Combined Max-Sharpe,TMUS,0.0
2022-05-02,Combined Max-Sharpe,TMUS,0.0
2022-06-01,Combined Max-Sharpe,TMUS,3.6606161508155464e-17
2022-07-01,Combined Max-Sharpe,TMUS,0.0
2022-08-01,Combined Max-Sharpe,TMUS,1.157852323363309e-16
2022-09-01,Combined Max-Sharpe,TMUS,1.4661648585358935e-16
2022-10-03,Combined Max-Sharpe,TMUS,0.0
2022-11-01,Combined Max-Sharpe,TMUS,0.008643847653079758
2022-12-01,Combined Max-Sharpe,TMUS,0.024815938088249723
2023-01-03,Combined Max-Sharpe,TMUS,0.0
2023-02-01,Combined Max-Sharpe,TMUS,0.12554384304175228
2023-03-01,Combined Max-Sharpe,TMUS,1.3902649500858804e-16
2023-04-03,Combined Max-Sharpe,TMUS,1.3706288725706579e-14
2023-05-01,Combined Max-Sharpe,TMUS,0.0
2023-06-01,Combined Max-Sharpe,TMUS,1.292911090688964e-16
2023-07-03,Combined Max-Sharpe,TMUS,9.169639873796154e-17
2023-08-01,Combined Max-Sharpe,TMUS,0.0
2023-09-01,Combined Max-Sharpe,TMUS,1.1814627306539795e-17
2023-10-02,Combined Max-Sharpe,TMUS,0.0
2023-11-01,Combined Max-Sharpe,TMUS,0.0
2023-12-01,Combined Max-Sharpe,TMUS,0.0
2021-01-04,Combined Max-Sharpe,TRX-USD,1.8271762631286578e-16
2021-02-01,Combined Max-Sharpe,TRX-USD,1.969921562763295e-16
2021-03-01,Combined Max-Sharpe,TRX-USD,6.163409827878594e-16
2021-04-01,Combined Max-Sharpe,TRX-USD,0.051381340705948346
2021-05-03,Combined Max-Sharpe,TRX-USD,0.02680655668373795
2021-06-01,Combined Max-Sharpe,TRX-USD,0.0035260068815064494
2021-07-01,Combined Max-Sharpe,TRX-USD,0.008709333591733696
2021-08-02,Combined Max-Sharpe,TRX-USD,0.009523876379564805
2021-09-01,Combined Max-Sharpe,TRX-USD,0.004494666259746121
2021-10-01,Combined Max-Sharpe,TRX-USD,3.757718589267702e-17
2021-11-01,Combined Max-Sharpe,TRX-USD,1.528186468434369e-17
2021-12-01,Combined Max-Sharpe,TRX-USD,1.454918319731503e-16
2022-01-03,Combined Max-Sharpe,TRX-USD,0.0
2022-02-01,Combined Max-Sharpe,TRX-USD,1.5215574468555345e-16
2022-03-01,Combined Max-Sharpe,TRX-USD,0.0
2022-04-01,Combined Max-Sharpe,TRX-USD,0.0
2022-05-02,Combined Max-Sharpe,TRX-USD,0.0
2022-06-01,Combined Max-Sharpe,TRX-USD,8.834781949232309e-17
2022-07-01,Combined Max-Sharpe,TRX-USD,0.0
2022-08-01,Combined Max-Sharpe,TRX-USD,0.0
2022-09-01,Combined Max-Sharpe,TRX-USD,0.0
2022-10-03,Combined Max-Sharpe,TRX-USD,5.392077844565229e-17
2022-11-01,Combined Max-Sharpe,TRX-USD,2.535156865486095e-16
2022-12-01,Combined Max-Sharpe,TRX-USD,0.0
2023-01-03,Combined Max-Sharpe,TRX-USD,0.0
2023-02-01,Combined Max-Sharpe,TRX-USD,1.517348480701603e-16
2023-03-01,Combined Max-Sharpe,TRX-USD,1.987328387495581e-16
2023-04-03,Combined Max-Sharpe,TRX-USD,2.7288865566986217e-14
2023-05-01,Combined Max-Sharpe,TRX-USD,0.0
2023-06-01,Combined Max-Sharpe,TRX-USD,0.0
2023-07-03,Combined Max-Sharpe,TRX-USD,0.0
2023-08-01,Combined Max-Sharpe,TRX-USD,2.87178050437098e-17
2023-09-01,Combined Max-Sharpe,TRX-USD,0.0
2023-10-02,Combined Max-Sharpe,TRX-USD,0.0
2023-11-01,Combined Max-Sharpe,TRX-USD,2.55465136891897e-18
2023-12-01,Combined Max-Sharpe,TRX-USD,0.0
2021-01-04,Combined Max-Sharpe,TTWO,0.08147170291591661
2021-02-01,Combined Max-Sharpe,TTWO,0.0007210811915767945
2021-03-01,Combined Max-Sharpe,TTWO,0.03412936919928414
2021-04-01,Combined Max-Sharpe,TTWO,0.0292807366996418
2021-05-03,Combined Max-Sharpe,TTWO,0.018943984066919484
2021-06-01,Combined Max-Sharpe,TTWO,0.10677181724982761
2021-07-01,Combined Max-Sharpe,TTWO,0.0
2021-08-02,Combined Max-Sharpe,TTWO,2.481525547427303e-17
2021-09-01,Combined Max-Sharpe,TTWO,5.0797008713077535e-17
2021-10-01,Combined Max-Sharpe,TTWO,9.058421397794534e-17
2021-11-01,Combined Max-Sharpe,TTWO,1.5297011466900356e-17
2021-12-01,Combined Max-Sharpe,TTWO,1.209546118964284e-17
2022-01-03,Combined Max-Sharpe,TTWO,2.0580751148319487e-16
2022-02-01,Combined Max-Sharpe,TTWO,0.0
2022-03-01,Combined Max-Sharpe,TTWO,2.5377590011942425e-17
2022-04-01,Combined Max-Sharpe,TTWO,0.0
2022-05-02,Combined Max-Sharpe,TTWO,1.4061827071932104e-17
2022-06-01,Combined Max-Sharpe,TTWO,0.0
2022-07-01,Combined Max-Sharpe,TTWO,1.1305710209960621e-16
2022-08-01,Combined Max-Sharpe,TTWO,0.0
2022-09-01,Combined Max-Sharpe,TTWO,0.0
2022-10-03,Combined Max-Sharpe,TTWO,1.2323866371851717e-17
2022-11-01,Combined Max-Sharpe,TTWO,0.0
2022-12-01,Combined Max-Sharpe,TTWO,0.0
2023-01-03,Combined Max-Sharpe,TTWO,0.0
2023-02-01,Combined Max-Sharpe,TTWO,1.9025118341037913e-16
2023-03-01,Combined Max-Sharpe,TTWO,0.0
2023-04-03,Combined Max-Sharpe,TTWO,2.1864109421341066e-14
2023-05-01,Combined Max-Sharpe,TTWO,0.0
2023-06-01,Combined Max-Sharpe,TTWO,0.0
2023-07-03,Combined Max-Sharpe,TTWO,1.2756654998828665e-16
2023-08-01,Combined Max-Sharpe,TTWO,0.0
2023-09-01,Combined Max-Sharpe,TTWO,0.0
2023-10-02,Combined Max-Sharpe,TTWO,0.0
2023-11-01,Combined Max-Sharpe,TTWO,2.8345110546917907e-17
2023-12-01,Combined Max-Sharpe,TTWO,0.02113916822198285
2021-01-04,Combined Max-Sharpe,UPS,0.12115127126718993
2021-02-01,Combined Max-Sharpe,UPS,0.12326742970219709
2021-03-01,Combined Max-Sharpe,UPS,0.37451298883182466
2021-04-01,Combined Max-Sharpe,UPS,0.10800928309502793
2021-05-03,Combined Max-Sharpe,UPS,0.16476248948706498
2021-06-01,Combined Max-Sharpe,UPS,0.19859771433297263
2021-07-01,Combined Max-Sharpe,UPS,0.09025745512131819
2021-08-02,Combined Max-Sharpe,UPS,0.0
2021-09-01,Combined Max-Sharpe,UPS,4.325718439597265e-17
2021-10-01,Combined Max-Sharpe,UPS,5.72449668940561e-17
2021-11-01,Combined Max-Sharpe,UPS,0.0
2021-12-01,Combined Max-Sharpe,UPS,0.0
2022-01-03,Combined Max-Sharpe,UPS,0.0
2022-02-01,Combined Max-Sharpe,UPS,0.0
2022-03-01,Combined Max-Sharpe,UPS,0.0
2022-04-01,Combined Max-Sharpe,UPS,2.021084140703792e-17
2022-05-02,Combined Max-Sharpe,UPS,5.385067086272987e-18
2022-06-01,Combined Max-Sharpe,UPS,6.527393698049304e-17
2022-07-01,Combined Max-Sharpe,UPS,0.0
2022-08-01,Combined Max-Sharpe,UPS,8.957505925063955e-17
2022-09-01,Combined Max-Sharpe,UPS,2.2564517157846187e-16
2022-10-03,Combined Max-Sharpe,UPS,0.0
2022-11-01,Combined Max-Sharpe,UPS,3.033346148702954e-17
2022-12-01,Combined Max-Sharpe,UPS,0.0
2023-01-03,Combined Max-Sharpe,UPS,0.0
2023-02-01,Combined Max-Sharpe,UPS,3.188625240496861e-17
2023-03-01,Combined Max-Sharpe,UPS,0.0
2023-04-03,Combined Max-Sharpe,UPS,1.9843091202034374e-14
2023-05-01,Combined Max-Sharpe,UPS,0.0
2023-06-01,Combined Max-Sharpe,UPS,5.610746242612485e-17
2023-07-03,Combined Max-Sharpe,UPS,0.0
2023-08-01,Combined Max-Sharpe,UPS,7.928228386300251e-19
2023-09-01,Combined Max-Sharpe,UPS,0.0
2023-10-02,Combined Max-Sharpe,UPS,0.0
2023-11-01,Combined Max-Sharpe,UPS,0.0
2023-12-01,Combined Max-Sharpe,UPS,0.0
2021-01-04,Combined Max-Sharpe,USB,2.064307022363677e-17
2021-02-01,Combined Max-Sharpe,USB,1.5754531818451462e-17
2021-03-01,Combined Max-Sharpe,USB,0.0
2021-04-01,Combined Max-Sharpe,USB,4.7156715393681304e-17
2021-05-03,Combined Max-Sharpe,USB,8.224036572632486e-16
2021-06-01,Combined Max-Sharpe,USB,0.0
2021-07-01,Combined Max-Sharpe,USB,0.0
2021-08-02,Combined Max-Sharpe,USB,1.31922049450178e-16
2021-09-01,Combined Max-Sharpe,USB,2.820889040430157e-16
2021-10-01,Combined Max-Sharpe,USB,0.0
2021-11-01,Combined Max-Sharpe,USB,6.339771173766765e-17
2021-12-01,Combined Max-Sharpe,USB,7.590581803591295e-17
2022-01-03,Combined Max-Sharpe,USB,0.0
2022-02-01,Combined Max-Sharpe,USB,1.1456436761508385e-16
2022-03-01,Combined Max-Sharpe,USB,2.0730319493637788e-17
2022-04-01,Combined Max-Sharpe,USB,1.2206180135276028e-17
2022-05-02,Combined Max-Sharpe,USB,5.517843343098531e-17
2022-06-01,Combined Max-Sharpe,USB,0.0
2022-07-01,Combined Max-Sharpe,USB,8.419397295087677e-17
2022-08-01,Combined Max-Sharpe,USB,0.0
2022-09-01,Combined Max-Sharpe,USB,0.0
2022-10-03,Combined Max-Sharpe,USB,0.0
2022-11-01,Combined Max-Sharpe,USB,3.360841676426538e-17
2022-12-01,Combined Max-Sharpe,USB,0.0
2023-01-03,Combined Max-Sharpe,USB,0.0
2023-02-01,Combined Max-Sharpe,USB,5.66243231671574e-17
2023-03-01,Combined Max-Sharpe,USB,0.0
2023-04-03,Combined Max-Sharpe,USB,2.321754218298514e-14
2023-05-01,Combined Max-Sharpe,USB,0.0
2023-06-01,Combined Max-Sharpe,USB,0.0
2023-07-03,Combined Max-Sharpe,USB,0.0
2023-08-01,Combined Max-Sharpe,USB,0.0
2023-09-01,Combined Max-Sharpe,USB,7.235397787093596e-17
2023-10-02,Combined Max-Sharpe,USB,3.648001497234821e-17
2023-11-01,Combined Max-Sharpe,USB,0.0
2023-12-01,Combined Max-Sharpe,USB,0.0
2021-01-04,Combined Max-Sharpe,V,5.089940229304373e-18
2021-02-01,Combined Max-Sharpe,V,0.0
2021-03-01,Combined Max-Sharpe,V,0.0
2021-04-01,Combined Max-Sharpe,V,4.7132042546928956e-17
2021-05-03,Combined Max-Sharpe,V,0.0
2021-06-01,Combined Max-Sharpe,V,3.3910865425363375e-17
2021-07-01,Combined Max-Sharpe,V,0.0
2021-08-02,Combined Max-Sharpe,V,1.0522961003596087e-16
2021-09-01,Combined Max-Sharpe,V,0.0
2021-10-01,Combined Max-Sharpe,V,0.0
2021-11-01,Combined Max-Sharpe,V,1.5118890402519102e-17
2021-12-01,Combined Max-Sharpe,V,5.39037885903591e-17
2022-01-03,Combined Max-Sharpe,V,1.4715093664032445e-16
2022-02-01,Combined Max-Sharpe,V,5.75620985816159e-17
2022-03-01,Combined Max-Sharpe,V,0.0
2022-04-01,Combined Max-Sharpe,V,1.100184442642618e-16
2022-05-02,Combined Max-Sharpe,V,0.0
2022-06-01,Combined Max-Sharpe,V,6.8877773144563335e-18
2022-07-01,Combined Max-Sharpe,V,1.303864308226367e-16
2022-08-01,Combined Max-Sharpe,V,8.480458882099683e-17
2022-09-01,Combined Max-Sharpe,V,1.112194248852174e-16
2022-10-03,Combined Max-Sharpe,V,9.867820743566207e-17
2022-11-01,Combined Max-Sharpe,V,0.0
2022-12-01,Combined Max-Sharpe,V,0.0
2023-01-03,Combined Max-Sharpe,V,8.264008240581455e-17
2023-02-01,Combined Max-Sharpe,V,5.30260858307252e-17
2023-03-01,Combined Max-Sharpe,V,0.0
2023-04-03,Combined Max-Sharpe,V,2.000936596742512e-14
2023-05-01,Combined Max-Sharpe,V,0.0
2023-06-01,Combined Max-Sharpe,V,0.0
2023-07-03,Combined Max-Sharpe,V,1.1194048617733932e-16
2023-08-01,Combined Max-Sharpe,V,4.424900116456465e-17
2023-09-01,Combined Max-Sharpe,V,0.0
2023-10-02,Combined Max-Sharpe,V,2.5299180068591443e-17
2023-11-01,Combined Max-Sharpe,V,3.433532754990032e-17
2023-12-01,Combined Max-Sharpe,V,0.0
2021-01-04,Combined Max-Sharpe,WFC,1.1002000233242751e-16
2021-02-01,Combined Max-Sharpe,WFC,3.9867590181791317e-17
2021-03-01,Combined Max-Sharpe,WFC,1.9771062382022547e-17
2021-04-01,Combined Max-Sharpe,WFC,1.0784520618716884e-16
2021-05-03,Combined Max-Sharpe,WFC,0.0
2021-06-01,Combined Max-Sharpe,WFC,0.0
2021-07-01,Combined Max-Sharpe,WFC,1.3747373928138372e-16
2021-08-02,Combined Max-Sharpe,WFC,1.83100735254784e-16
2021-09-01,Combined Max-Sharpe,WFC,0.0
2021-10-01,Combined Max-Sharpe,WFC,0.025343088276097263
2021-11-01,Combined Max-Sharpe,WFC,0.10085016413900173
2021-12-01,Combined Max-Sharpe,WFC,0.07651789466344898
2022-01-03,Combined Max-Sharpe,WFC,0.02780896093009042
2022-02-01,Combined Max-Sharpe,WFC,0.06206334158585622
2022-03-01,Combined Max-Sharpe,WFC,1.1652670258325739e-16
2022-04-01,Combined Max-Sharpe,WFC,4.951112612238645e-19
2022-05-02,Combined Max-Sharpe,WFC,0.0
2022-06-01,Combined Max-Sharpe,WFC,0.0
2022-07-01,Combined Max-Sharpe,WFC,0.0
2022-08-01,Combined Max-Sharpe,WFC,6.271776430962937e-17
2022-09-01,Combined Max-Sharpe,WFC,1.067308218393803e-17
2022-10-03,Combined Max-Sharpe,WFC,2.6131489918711953e-17
2022-11-01,Combined Max-Sharpe,WFC,0.0
2022-12-01,Combined Max-Sharpe,WFC,0.0
2023-01-03,Combined Max-Sharpe,WFC,8.610370028174884e-17
2023-02-01,Combined Max-Sharpe,WFC,1.6470947005928461e-16
2023-03-01,Combined Max-Sharpe,WFC,0.0
2023-04-03,Combined Max-Sharpe,WFC,2.367952086266461e-14
2023-05-01,Combined Max-Sharpe,WFC,0.0
2023-06-01,Combined Max-Sharpe,WFC,0.0
2023-07-03,Combined Max-Sharpe,WFC,0.0
2023-08-01,Combined Max-Sharpe,WFC,8.120674271916428e-17
2023-09-01,Combined Max-Sharpe,WFC,0.0
2023-10-02,Combined Max-Sharpe,WFC,0.0
2023-11-01,Combined Max-Sharpe,WFC,0.0
2023-12-01,Combined Max-Sharpe,WFC,1.4916929385494937e-17
2021-01-04,Combined Max-Sharpe,WMT,0.0
2021-02-01,Combined Max-Sharpe,WMT,0.0
2021-03-01,Combined Max-Sharpe,WMT,0.0
2021-04-01,Combined Max-Sharpe,WMT,0.0
2021-05-03,Combined Max-Sharpe,WMT,0.0
2021-06-01,Combined Max-Sharpe,WMT,2.557040894623318e-17
2021-07-01,Combined Max-Sharpe,WMT,0.0
2021-08-02,Combined Max-Sharpe,WMT,1.572719158580014e-17
2021-09-01,Combined Max-Sharpe,WMT,0.0
2021-10-01,Combined Max-Sharpe,WMT,1.2183598803917021e-16
2021-11-01,Combined Max-Sharpe,WMT,7.338943686085624e-17
2021-12-01,Combined Max-Sharpe,WMT,0.0
2022-01-03,Combined Max-Sharpe,WMT,4.977282250945168e-17
2022-02-01,Combined Max-Sharpe,WMT,0.0
2022-03-01,Combined Max-Sharpe,WMT,0.0
2022-04-01,Combined Max-Sharpe,WMT,0.0
2022-05-02,Combined Max-Sharpe,WMT,7.484800746836928e-18
2022-06-01,Combined Max-Sharpe,WMT,0.0
2022-07-01,Combined Max-Sharpe,WMT,0.0
2022-08-01,Combined Max-Sharpe,WMT,5.193629471455407e-17
2022-09-01,Combined Max-Sharpe,WMT,7.440880422356436e-17
2022-10-03,Combined Max-Sharpe,WMT,0.0
2022-11-01,Combined Max-Sharpe,WMT,0.0
2022-12-01,Combined Max-Sharpe,WMT,0.0
2023-01-03,Combined Max-Sharpe,WMT,1.0431797452016703e-16
2023-02-01,Combined Max-Sharpe,WMT,0.0
2023-03-01,Combined Max-Sharpe,WMT,1.6861010525763073e-16
2023-04-03,Combined Max-Sharpe,WMT,1.715825870607628e-14
2023-05-01,Combined Max-Sharpe,WMT,0.0
2023-06-01,Combined Max-Sharpe,WMT,0.0
2023-07-03,Combined Max-Sharpe,WMT,0.06031020116859187
2023-08-01,Combined Max-Sharpe,WMT,0.01812526402249286
2023-09-01,Combined Max-Sharpe,WMT,0.03543556292098175
2023-10-02,Combined Max-Sharpe,WMT,0.0
2023-11-01,Combined Max-Sharpe,WMT,0.10183510354070736
2023-12-01,Combined Max-Sharpe,WMT,0.0
2021-01-04,Combined Max-Sharpe,XLM-USD,0.05855491714126267
2021-02-01,Combined Max-Sharpe,XLM-USD,0.16450343521231042
2021-03-01,Combined Max-Sharpe,XLM-USD,0.04929917876354589
2021-04-01,Combined Max-Sharpe,XLM-USD,4.094049566676996e-16
2021-05-03,Combined Max-Sharpe,XLM-USD,0.0
2021-06-01,Combined Max-Sharpe,XLM-USD,1.203364943242011e-16
2021-07-01,Combined Max-Sharpe,XLM-USD,0.0
2021-08-02,Combined Max-Sharpe,XLM-USD,1.0909047158987684e-16
2021-09-01,Combined Max-Sharpe,XLM-USD,0.0
2021-10-01,Combined Max-Sharpe,XLM-USD,0.0
2021-11-01,Combined Max-Sharpe,XLM-USD,0.0
2021-12-01,Combined Max-Sharpe,XLM-USD,0.0
2022-01-03,Combined Max-Sharpe,XLM-USD,0.0
2022-02-01,Combined Max-Sharpe,XLM-USD,0.0
2022-03-01,Combined Max-Sharpe,XLM-USD,0.0
2022-04-01,Combined Max-Sharpe,XLM-USD,4.16203898473267e-16
2022-05-02,Combined Max-Sharpe,XLM-USD,0.0
2022-06-01,Combined Max-Sharpe,XLM-USD,0.0
2022-07-01,Combined Max-Sharpe,XLM-USD,4.873555986053618e-16
2022-08-01,Combined Max-Sharpe,XLM-USD,0.0
2022-09-01,Combined Max-Sharpe,XLM-USD,0.0
2022-10-03,Combined Max-Sharpe,XLM-USD,2.3731133185491477e-16
2022-11-01,Combined Max-Sharpe,XLM-USD,2.839019621710073e-16
2022-12-01,Combined Max-Sharpe,XLM-USD,0.0
2023-01-03,Combined Max-Sharpe,XLM-USD,0.0
2023-02-01,Combined Max-Sharpe,XLM-USD,4.946264245660137e-16
2023-03-01,Combined Max-Sharpe,XLM-USD,0.0
2023-04-03,Combined Max-Sharpe,XLM-USD,3.281948361204443e-14
2023-05-01,Combined Max-Sharpe,XLM-USD,0.0
2023-06-01,Combined Max-Sharpe,XLM-USD,0.0
2023-07-03,Combined Max-Sharpe,XLM-USD,0.0
2023-08-01,Combined Max-Sharpe,XLM-USD,3.520268928788872e-16
2023-09-01,Combined Max-Sharpe,XLM-USD,0.0
2023-10-02,Combined Max-Sharpe,XLM-USD,1.4219989118505194e-16
2023-11-01,Combined Max-Sharpe,XLM-USD,2.5864998077357315e-17
2023-12-01,Combined Max-Sharpe,XLM-USD,0.0
2021-01-04,Combined Max-Sharpe,XOM,0.0
2021-02-01,Combined Max-Sharpe,XOM,0.0
2021-03-01,Combined Max-Sharpe,XOM,2.4205912480554356e-17
2021-04-01,Combined Max-Sharpe,XOM,7.747768165746692e-17
2021-05-03,Combined Max-Sharpe,XOM,0.0
2021-06-01,Combined Max-Sharpe,XOM,0.0
2021-07-01,Combined Max-Sharpe,XOM,0.0
2021-08-02,Combined Max-Sharpe,XOM,3.893723653570051e-17
2021-09-01,Combined Max-Sharpe,XOM,0.0
2021-10-01,Combined Max-Sharpe,XOM,0.0
2021-11-01,Combined Max-Sharpe,XOM,0.0
2021-12-01,Combined Max-Sharpe,XOM,0.025840230784416097
2022-01-03,Combined Max-Sharpe,XOM,0.0
2022-02-01,Combined Max-Sharpe,XOM,4.7502180093787757e-17
2022-03-01,Combined Max-Sharpe,XOM,7.009552641711416e-16
2022-04-01,Combined Max-Sharpe,XOM,0.0
2022-05-02,Combined Max-Sharpe,XOM,0.0
2022-06-01,Combined Max-Sharpe,XOM,0.0
2022-07-01,Combined Max-Sharpe,XOM,6.413333790598716e-15
2022-08-01,Combined Max-Sharpe,XOM,4.968456321003927e-15
2022-09-01,Combined Max-Sharpe,XOM,0.06712110698081201
2022-10-03,Combined Max-Sharpe,XOM,0.039062772326730194
2022-11-01,Combined Max-Sharpe,XOM,0.20803077383081725
2022-12-01,Combined Max-Sharpe,XOM,0.17176799522481165
2023-01-03,Combined Max-Sharpe,XOM,0.24414225375104134
2023-02-01,Combined Max-Sharpe,XOM,0.15313117783474584
2023-03-01,Combined Max-Sharpe,XOM,0.14887619247513229
2023-04-03,Combined Max-Sharpe,XOM,0.16095091089810584
2023-05-01,Combined Max-Sharpe,XOM,0.06642817957283892
2023-06-01,Combined Max-Sharpe,XOM,0.0
2023-07-03,Combined Max-Sharpe,XOM,1.7225600828542353e-16
2023-08-01,Combined Max-Sharpe,XOM,0.0
2023-09-01,Combined Max-Sharpe,XOM,2.353862208772338e-17
2023-10-02,Combined Max-Sharpe,XOM,0.0
2023-11-01,Combined Max-Sharpe,XOM,4.088119816628155e-17
2023-12-01,Combined Max-Sharpe,XOM,2.5442164762175566e-17
2021-01-04,Combined Max-Sharpe,XRP-USD,8.897443758616743e-17
2021-02-01,Combined Max-Sharpe,XRP-USD,3.915955965048979e-16
2021-03-01,Combined Max-Sharpe,XRP-USD,2.0729756096597012e-17
2021-04-01,Combined Max-Sharpe,XRP-USD,4.761546366382666e-18
2021-05-03,Combined Max-Sharpe,XRP-USD,0.0
2021-06-01,Combined Max-Sharpe,XRP-USD,1.0976644229797056e-16
2021-07-01,Combined Max-Sharpe,XRP-USD,4.028000074074272e-17
2021-08-02,Combined Max-Sharpe,XRP-USD,9.512232723063729e-17
2021-09-01,Combined Max-Sharpe,XRP-USD,0.0
2021-10-01,Combined Max-Sharpe,XRP-USD,0.0
2021-11-01,Combined Max-Sharpe,XRP-USD,0.0
2021-12-01,Combined Max-Sharpe,XRP-USD,0.0
2022-01-03,Combined Max-Sharpe,XRP-USD,0.0
2022-02-01,Combined Max-Sharpe,XRP-USD,0.0
2022-03-01,Combined Max-Sharpe,XRP-USD,5.632139447401998e-17
2022-04-01,Combined Max-Sharpe,XRP-USD,5.058707818155209e-17
2022-05-02,Combined Max-Sharpe,XRP-USD,1.3977757853615814e-16
2022-06-01,Combined Max-Sharpe,XRP-USD,0.0
2022-07-01,Combined Max-Sharpe,XRP-USD,5.227791891884278e-16
2022-08-01,Combined Max-Sharpe,XRP-USD,0.0
2022-09-01,Combined Max-Sharpe,XRP-USD,4.2961452158967095e-17
2022-10-03,Combined Max-Sharpe,XRP-USD,2.580454042947679e-16
2022-11-01,Combined Max-Sharpe,XRP-USD,2.2858839281883305e-18
2022-12-01,Combined Max-Sharpe,XRP-USD,1.0941261546892112e-16
2023-01-03,Combined Max-Sharpe,XRP-USD,0.0
2023-02-01,Combined Max-Sharpe,XRP-USD,0.0
2023-03-01,Combined Max-Sharpe,XRP-USD,0.0
2023-04-03,Combined Max-Sharpe,XRP-USD,2.1547226968195083e-14
2023-05-01,Combined Max-Sharpe,XRP-USD,0.0
2023-06-01,Combined Max-Sharpe,XRP-USD,0.09467620928426143
2023-07-03,Combined Max-Sharpe,XRP-USD,0.021245972384137182
2023-08-01,Combined Max-Sharpe,XRP-USD,0.055795594178232405
2023-09-01,Combined Max-Sharpe,XRP-USD,0.03270687730581604
2023-10-02,Combined Max-Sharpe,XRP-USD,0.0021255766580647413
2023-11-01,Combined Max-Sharpe,XRP-USD,0.008256805217719286
2023-12-01,Combined Max-Sharpe,XRP-USD,2.6766621638793357e-17
2021-01-04,Combined Risk-Parity,ABBV,0.016666666666666666
2021-02-01,Combined Risk-Parity,ABBV,0.016666666666666666
2021-03-01,Combined Risk-Parity,ABBV,0.016666666666666666
2021-04-01,Combined Risk-Parity,ABBV,0.016666666666666666
2021-05-03,Combined Risk-Parity,ABBV,0.016666666666666666
2021-06-01,Combined Risk-Parity,ABBV,0.016666666666666666
2021-07-01,Combined Risk-Parity,ABBV,0.016666666666666666
2021-08-02,Combined Risk-Parity,ABBV,0.016666666666666666
2021-09-01,Combined Risk-Parity,ABBV,0.016666666666666666
2021-10-01,Combined Risk-Parity,ABBV,0.016666666666666666
2021-11-01,Combined Risk-Parity,ABBV,0.016666666666666666
2021-12-01,Combined Risk-Parity,ABBV,0.016666666666666666
2022-01-03,Combined Risk-Parity,ABBV,0.016666666666666666
2022-02-01,Combined Risk-Parity,ABBV,0.016666666666666666
2022-03-01,Combined Risk-Parity,ABBV,0.016666666666666666
2022-04-01,Combined Risk-Parity,ABBV,0.016666666666666666
2022-05-02,Combined Risk-Parity,ABBV,0.016666666666666666
2022-06-01,Combined Risk-Parity,ABBV,0.016666666666666666
2022-07-01,Combined Risk-Parity,ABBV,0.016666666666666666
2022-08-01,Combined Risk-Parity,ABBV,0.016666666666666666
2022-09-01,Combined Risk-Parity,ABBV,0.016666666666666666
2022-10-03,Combined Risk-Parity,ABBV,0.016666666666666666
2022-11-01,Combined Risk-Parity,ABBV,0.016666666666666666
2022-12-01,Combined Risk-Parity,ABBV,0.016666666666666666
2023-01-03,Combined Risk-Parity,ABBV,0.016666666666666666
2023-02-01,Combined Risk-Parity,ABBV,0.016666666666666666
2023-03-01,Combined Risk-Parity,ABBV,0.016666666666666666
2023-04-03,Combined Risk-Parity,ABBV,0.016666666666666666
2023-05-01,Combined Risk-Parity,ABBV,0.016666666666666666
2023-06-01,Combined Risk-Parity,ABBV,0.016666666666666666
2023-07-03,Combined Risk-Parity,ABBV,0.016666666666666666
2023-08-01,Combined Risk-Parity,ABBV,0.016666666666666666
2023-09-01,Combined Risk-Parity,ABBV,0.016666666666666666
2023-10-02,Combined Risk-Parity,ABBV,0.016666666666666666
2023-11-01,Combined Risk-Parity,ABBV,0.016666666666666666
2023-12-01,Combined Risk-Parity,ABBV,0.016666666666666666
2021-01-04,Combined Risk-Parity,ABT,0.016666666666666666
2021-02-01,Combined Risk-Parity,ABT,0.016666666666666666
2021-03-01,Combined Risk-Parity,ABT,0.016666666666666666
2021-04-01,Combined Risk-Parity,ABT,0.016666666666666666
2021-05-03,Combined Risk-Parity,ABT,0.016666666666666666
2021-06-01,Combined Risk-Parity,ABT,0.016666666666666666
2021-07-01,Combined Risk-Parity,ABT,0.016666666666666666
2021-08-02,Combined Risk-Parity,ABT,0.016666666666666666
2021-09-01,Combined Risk-Parity,ABT,0.016666666666666666
2021-10-01,Combined Risk-Parity,ABT,0.016666666666666666
2021-11-01,Combined Risk-Parity,ABT,0.016666666666666666
2021-12-01,Combined Risk-Parity,ABT,0.016666666666666666
2022-01-03,Combined Risk-Parity,ABT,0.016666666666666666
2022-02-01,Combined Risk-Parity,ABT,0.016666666666666666
2022-03-01,Combined Risk-Parity,ABT,0.016666666666666666
2022-04-01,Combined Risk-Parity,ABT,0.016666666666666666
2022-05-02,Combined Risk-Parity,ABT,0.016666666666666666
2022-06-01,Combined Risk-Parity,ABT,0.016666666666666666
2022-07-01,Combined Risk-Parity,ABT,0.016666666666666666
2022-08-01,Combined Risk-Parity,ABT,0.016666666666666666
2022-09-01,Combined Risk-Parity,ABT,0.016666666666666666
2022-10-03,Combined Risk-Parity,ABT,0.016666666666666666
2022-11-01,Combined Risk-Parity,ABT,0.016666666666666666
2022-12-01,Combined Risk-Parity,ABT,0.016666666666666666
2023-01-03,Combined Risk-Parity,ABT,0.016666666666666666
2023-02-01,Combined Risk-Parity,ABT,0.016666666666666666
2023-03-01,Combined Risk-Parity,ABT,0.016666666666666666
2023-04-03,Combined Risk-Parity,ABT,0.016666666666666666
2023-05-01,Combined Risk-Parity,ABT,0.016666666666666666
2023-06-01,Combined Risk-Parity,ABT,0.016666666666666666
2023-07-03,Combined Risk-Parity,ABT,0.016666666666666666
2023-08-01,Combined Risk-Parity,ABT,0.016666666666666666
2023-09-01,Combined Risk-Parity,ABT,0.016666666666666666
2023-10-02,Combined Risk-Parity,ABT,0.016666666666666666
2023-11-01,Combined Risk-Parity,ABT,0.016666666666666666
2023-12-01,Combined Risk-Parity,ABT,0.016666666666666666
2021-01-04,Combined Risk-Parity,ADA-USD,0.016666666666666666
2021-02-01,Combined Risk-Parity,ADA-USD,0.016666666666666666
2021-03-01,Combined Risk-Parity,ADA-USD,0.016666666666666666
2021-04-01,Combined Risk-Parity,ADA-USD,0.016666666666666666
2021-05-03,Combined Risk-Parity,ADA-USD,0.016666666666666666
2021-06-01,Combined Risk-Parity,ADA-USD,0.016666666666666666
2021-07-01,Combined Risk-Parity,ADA-USD,0.016666666666666666
2021-08-02,Combined Risk-Parity,ADA-USD,0.016666666666666666
2021-09-01,Combined Risk-Parity,ADA-USD,0.016666666666666666
2021-10-01,Combined Risk-Parity,ADA-USD,0.016666666666666666
2021-11-01,Combined Risk-Parity,ADA-USD,0.016666666666666666
2021-12-01,Combined Risk-Parity,ADA-USD,0.016666666666666666
2022-01-03,Combined Risk-Parity,ADA-USD,0.016666666666666666
2022-02-01,Combined Risk-Parity,ADA-USD,0.016666666666666666
2022-03-01,Combined Risk-Parity,ADA-USD,0.016666666666666666
2022-04-01,Combined Risk-Parity,ADA-USD,0.016666666666666666
2022-05-02,Combined Risk-Parity,ADA-USD,0.016666666666666666
2022-06-01,Combined Risk-Parity,ADA-USD,0.016666666666666666
2022-07-01,Combined Risk-Parity,ADA-USD,0.016666666666666666
2022-08-01,Combined Risk-Parity,ADA-USD,0.016666666666666666
2022-09-01,Combined Risk-Parity,ADA-USD,0.016666666666666666
2022-10-03,Combined Risk-Parity,ADA-USD,0.016666666666666666
2022-11-01,Combined Risk-Parity,ADA-USD,0.016666666666666666
2022-12-01,Combined Risk-Parity,ADA-USD,0.016666666666666666
2023-01-03,Combined Risk-Parity,ADA-USD,0.016666666666666666
2023-02-01,Combined Risk-Parity,ADA-USD,0.016666666666666666
2023-03-01,Combined Risk-Parity,ADA-USD,0.016666666666666666
2023-04-03,Combined Risk-Parity,ADA-USD,0.016666666666666666
2023-05-01,Combined Risk-Parity,ADA-USD,0.016666666666666666
2023-06-01,Combined Risk-Parity,ADA-USD,0.016666666666666666
2023-07-03,Combined Risk-Parity,ADA-USD,0.016666666666666666
2023-08-01,Combined Risk-Parity,ADA-USD,0.016666666666666666
2023-09-01,Combined Risk-Parity,ADA-USD,0.016666666666666666
2023-10-02,Combined Risk-Parity,ADA-USD,0.016666666666666666
2023-11-01,Combined Risk-Parity,ADA-USD,0.016666666666666666
2023-12-01,Combined Risk-Parity,ADA-USD,0.016666666666666666
2021-01-04,Combined Risk-Parity,ADBE,0.016666666666666666
2021-02-01,Combined Risk-Parity,ADBE,0.016666666666666666
2021-03-01,Combined Risk-Parity,ADBE,0.016666666666666666
2021-04-01,Combined Risk-Parity,ADBE,0.016666666666666666
2021-05-03,Combined Risk-Parity,ADBE,0.016666666666666666
2021-06-01,Combined Risk-Parity,ADBE,0.016666666666666666
2021-07-01,Combined Risk-Parity,ADBE,0.016666666666666666
2021-08-02,Combined Risk-Parity,ADBE,0.016666666666666666
2021-09-01,Combined Risk-Parity,ADBE,0.016666666666666666
2021-10-01,Combined Risk-Parity,ADBE,0.016666666666666666
2021-11-01,Combined Risk-Parity,ADBE,0.016666666666666666
2021-12-01,Combined Risk-Parity,ADBE,0.016666666666666666
2022-01-03,Combined Risk-Parity,ADBE,0.016666666666666666
2022-02-01,Combined Risk-Parity,ADBE,0.016666666666666666
2022-03-01,Combined Risk-Parity,ADBE,0.016666666666666666
2022-04-01,Combined Risk-Parity,ADBE,0.016666666666666666
2022-05-02,Combined Risk-Parity,ADBE,0.016666666666666666
2022-06-01,Combined Risk-Parity,ADBE,0.016666666666666666
2022-07-01,Combined Risk-Parity,ADBE,0.016666666666666666
2022-08-01,Combined Risk-Parity,ADBE,0.016666666666666666
2022-09-01,Combined Risk-Parity,ADBE,0.016666666666666666
2022-10-03,Combined Risk-Parity,ADBE,0.016666666666666666
2022-11-01,Combined Risk-Parity,ADBE,0.016666666666666666
2022-12-01,Combined Risk-Parity,ADBE,0.016666666666666666
2023-01-03,Combined Risk-Parity,ADBE,0.016666666666666666
2023-02-01,Combined Risk-Parity,ADBE,0.016666666666666666
2023-03-01,Combined Risk-Parity,ADBE,0.016666666666666666
2023-04-03,Combined Risk-Parity,ADBE,0.016666666666666666
2023-05-01,Combined Risk-Parity,ADBE,0.016666666666666666
2023-06-01,Combined Risk-Parity,ADBE,0.016666666666666666
2023-07-03,Combined Risk-Parity,ADBE,0.016666666666666666
2023-08-01,Combined Risk-Parity,ADBE,0.016666666666666666
2023-09-01,Combined Risk-Parity,ADBE,0.016666666666666666
2023-10-02,Combined Risk-Parity,ADBE,0.016666666666666666
2023-11-01,Combined Risk-Parity,ADBE,0.016666666666666666
2023-12-01,Combined Risk-Parity,ADBE,0.016666666666666666
2021-01-04,Combined Risk-Parity,AEP,0.016666666666666666
2021-02-01,Combined Risk-Parity,AEP,0.016666666666666666
2021-03-01,Combined Risk-Parity,AEP,0.016666666666666666
2021-04-01,Combined Risk-Parity,AEP,0.016666666666666666
2021-05-03,Combined Risk-Parity,AEP,0.016666666666666666
2021-06-01,Combined Risk-Parity,AEP,0.016666666666666666
2021-07-01,Combined Risk-Parity,AEP,0.016666666666666666
2021-08-02,Combined Risk-Parity,AEP,0.016666666666666666
2021-09-01,Combined Risk-Parity,AEP,0.016666666666666666
2021-10-01,Combined Risk-Parity,AEP,0.016666666666666666
2021-11-01,Combined Risk-Parity,AEP,0.016666666666666666
2021-12-01,Combined Risk-Parity,AEP,0.016666666666666666
2022-01-03,Combined Risk-Parity,AEP,0.016666666666666666
2022-02-01,Combined Risk-Parity,AEP,0.016666666666666666
2022-03-01,Combined Risk-Parity,AEP,0.016666666666666666
2022-04-01,Combined Risk-Parity,AEP,0.016666666666666666
2022-05-02,Combined Risk-Parity,AEP,0.016666666666666666
2022-06-01,Combined Risk-Parity,AEP,0.016666666666666666
2022-07-01,Combined Risk-Parity,AEP,0.016666666666666666
2022-08-01,Combined Risk-Parity,AEP,0.016666666666666666
2022-09-01,Combined Risk-Parity,AEP,0.016666666666666666
2022-10-03,Combined Risk-Parity,AEP,0.016666666666666666
2022-11-01,Combined Risk-Parity,AEP,0.016666666666666666
2022-12-01,Combined Risk-Parity,AEP,0.016666666666666666
2023-01-03,Combined Risk-Parity,AEP,0.016666666666666666
2023-02-01,Combined Risk-Parity,AEP,0.016666666666666666
2023-03-01,Combined Risk-Parity,AEP,0.016666666666666666
2023-04-03,Combined Risk-Parity,AEP,0.016666666666666666
2023-05-01,Combined Risk-Parity,AEP,0.016666666666666666
2023-06-01,Combined Risk-Parity,AEP,0.016666666666666666
2023-07-03,Combined Risk-Parity,AEP,0.016666666666666666
2023-08-01,Combined Risk-Parity,AEP,0.016666666666666666
2023-09-01,Combined Risk-Parity,AEP,0.016666666666666666
2023-10-02,Combined Risk-Parity,AEP,0.016666666666666666
2023-11-01,Combined Risk-Parity,AEP,0.016666666666666666
2023-12-01,Combined Risk-Parity,AEP,0.016666666666666666
2021-01-04,Combined Risk-Parity,AMD,0.016666666666666666
2021-02-01,Combined Risk-Parity,AMD,0.016666666666666666
2021-03-01,Combined Risk-Parity,AMD,0.016666666666666666
2021-04-01,Combined Risk-Parity,AMD,0.016666666666666666
2021-05-03,Combined Risk-Parity,AMD,0.016666666666666666
2021-06-01,Combined Risk-Parity,AMD,0.016666666666666666
2021-07-01,Combined Risk-Parity,AMD,0.016666666666666666
2021-08-02,Combined Risk-Parity,AMD,0.016666666666666666
2021-09-01,Combined Risk-Parity,AMD,0.016666666666666666
2021-10-01,Combined Risk-Parity,AMD,0.016666666666666666
2021-11-01,Combined Risk-Parity,AMD,0.016666666666666666
2021-12-01,Combined Risk-Parity,AMD,0.016666666666666666
2022-01-03,Combined Risk-Parity,AMD,0.016666666666666666
2022-02-01,Combined Risk-Parity,AMD,0.016666666666666666
2022-03-01,Combined Risk-Parity,AMD,0.016666666666666666
2022-04-01,Combined Risk-Parity,AMD,0.016666666666666666
2022-05-02,Combined Risk-Parity,AMD,0.016666666666666666
2022-06-01,Combined Risk-Parity,AMD,0.016666666666666666
2022-07-01,Combined Risk-Parity,AMD,0.016666666666666666
2022-08-01,Combined Risk-Parity,AMD,0.016666666666666666
2022-09-01,Combined Risk-Parity,AMD,0.016666666666666666
2022-10-03,Combined Risk-Parity,AMD,0.016666666666666666
2022-11-01,Combined Risk-Parity,AMD,0.016666666666666666
2022-12-01,Combined Risk-Parity,AMD,0.016666666666666666
2023-01-03,Combined Risk-Parity,AMD,0.016666666666666666
2023-02-01,Combined Risk-Parity,AMD,0.016666666666666666
2023-03-01,Combined Risk-Parity,AMD,0.016666666666666666
2023-04-03,Combined Risk-Parity,AMD,0.016666666666666666
2023-05-01,Combined Risk-Parity,AMD,0.016666666666666666
2023-06-01,Combined Risk-Parity,AMD,0.016666666666666666
2023-07-03,Combined Risk-Parity,AMD,0.016666666666666666
2023-08-01,Combined Risk-Parity,AMD,0.016666666666666666
2023-09-01,Combined Risk-Parity,AMD,0.016666666666666666
2023-10-02,Combined Risk-Parity,AMD,0.016666666666666666
2023-11-01,Combined Risk-Parity,AMD,0.016666666666666666
2023-12-01,Combined Risk-Parity,AMD,0.016666666666666666
2021-01-04,Combined Risk-Parity,AMGN,0.016666666666666666
2021-02-01,Combined Risk-Parity,AMGN,0.016666666666666666
2021-03-01,Combined Risk-Parity,AMGN,0.016666666666666666
2021-04-01,Combined Risk-Parity,AMGN,0.016666666666666666
2021-05-03,Combined Risk-Parity,AMGN,0.016666666666666666
2021-06-01,Combined Risk-Parity,AMGN,0.016666666666666666
2021-07-01,Combined Risk-Parity,AMGN,0.016666666666666666
2021-08-02,Combined Risk-Parity,AMGN,0.016666666666666666
2021-09-01,Combined Risk-Parity,AMGN,0.016666666666666666
2021-10-01,Combined Risk-Parity,AMGN,0.016666666666666666
2021-11-01,Combined Risk-Parity,AMGN,0.016666666666666666
2021-12-01,Combined Risk-Parity,AMGN,0.016666666666666666
2022-01-03,Combined Risk-Parity,AMGN,0.016666666666666666
2022-02-01,Combined Risk-Parity,AMGN,0.016666666666666666
2022-03-01,Combined Risk-Parity,AMGN,0.016666666666666666
2022-04-01,Combined Risk-Parity,AMGN,0.016666666666666666
2022-05-02,Combined Risk-Parity,AMGN,0.016666666666666666
2022-06-01,Combined Risk-Parity,AMGN,0.016666666666666666
2022-07-01,Combined Risk-Parity,AMGN,0.016666666666666666
2022-08-01,Combined Risk-Parity,AMGN,0.016666666666666666
2022-09-01,Combined Risk-Parity,AMGN,0.016666666666666666
2022-10-03,Combined Risk-Parity,AMGN,0.016666666666666666
2022-11-01,Combined Risk-Parity,AMGN,0.016666666666666666
2022-12-01,Combined Risk-Parity,AMGN,0.016666666666666666
2023-01-03,Combined Risk-Parity,AMGN,0.016666666666666666
2023-02-01,Combined Risk-Parity,AMGN,0.016666666666666666
2023-03-01,Combined Risk-Parity,AMGN,0.016666666666666666
2023-04-03,Combined Risk-Parity,AMGN,0.016666666666666666
2023-05-01,Combined Risk-Parity,AMGN,0.016666666666666666
2023-06-01,Combined Risk-Parity,AMGN,0.016666666666666666
2023-07-03,Combined Risk-Parity,AMGN,0.016666666666666666
2023-08-01,Combined Risk-Parity,AMGN,0.016666666666666666
2023-09-01,Combined Risk-Parity,AMGN,0.016666666666666666
2023-10-02,Combined Risk-Parity,AMGN,0.016666666666666666
2023-11-01,Combined Risk-Parity,AMGN,0.016666666666666666
2023-12-01,Combined Risk-Parity,AMGN,0.016666666666666666
2021-01-04,Combined Risk-Parity,AMT,0.016666666666666666
2021-02-01,Combined Risk-Parity,AMT,0.016666666666666666
2021-03-01,Combined Risk-Parity,AMT,0.016666666666666666
2021-04-01,Combined Risk-Parity,AMT,0.016666666666666666
2021-05-03,Combined Risk-Parity,AMT,0.016666666666666666
2021-06-01,Combined Risk-Parity,AMT,0.016666666666666666
2021-07-01,Combined Risk-Parity,AMT,0.016666666666666666
2021-08-02,Combined Risk-Parity,AMT,0.016666666666666666
2021-09-01,Combined Risk-Parity,AMT,0.016666666666666666
2021-10-01,Combined Risk-Parity,AMT,0.016666666666666666
2021-11-01,Combined Risk-Parity,AMT,0.016666666666666666
2021-12-01,Combined Risk-Parity,AMT,0.016666666666666666
2022-01-03,Combined Risk-Parity,AMT,0.016666666666666666
2022-02-01,Combined Risk-Parity,AMT,0.016666666666666666
2022-03-01,Combined Risk-Parity,AMT,0.016666666666666666
2022-04-01,Combined Risk-Parity,AMT,0.016666666666666666
2022-05-02,Combined Risk-Parity,AMT,0.016666666666666666
2022-06-01,Combined Risk-Parity,AMT,0.016666666666666666
2022-07-01,Combined Risk-Parity,AMT,0.016666666666666666
2022-08-01,Combined Risk-Parity,AMT,0.016666666666666666
2022-09-01,Combined Risk-Parity,AMT,0.016666666666666666
2022-10-03,Combined Risk-Parity,AMT,0.016666666666666666
2022-11-01,Combined Risk-Parity,AMT,0.016666666666666666
2022-12-01,Combined Risk-Parity,AMT,0.016666666666666666
2023-01-03,Combined Risk-Parity,AMT,0.016666666666666666
2023-02-01,Combined Risk-Parity,AMT,0.016666666666666666
2023-03-01,Combined Risk-Parity,AMT,0.016666666666666666
2023-04-03,Combined Risk-Parity,AMT,0.016666666666666666
2023-05-01,Combined Risk-Parity,AMT,0.016666666666666666
2023-06-01,Combined Risk-Parity,AMT,0.016666666666666666
2023-07-03,Combined Risk-Parity,AMT,0.016666666666666666
2023-08-01,Combined Risk-Parity,AMT,0.016666666666666666
2023-09-01,Combined Risk-Parity,AMT,0.016666666666666666
2023-10-02,Combined Risk-Parity,AMT,0.016666666666666666
2023-11-01,Combined Risk-Parity,AMT,0.016666666666666666
2023-12-01,Combined Risk-Parity,AMT,0.016666666666666666
2021-01-04,Combined Risk-Parity,BA,0.016666666666666666
2021-02-01,Combined Risk-Parity,BA,0.016666666666666666
2021-03-01,Combined Risk-Parity,BA,0.016666666666666666
2021-04-01,Combined Risk-Parity,BA,0.016666666666666666
2021-05-03,Combined Risk-Parity,BA,0.016666666666666666
2021-06-01,Combined Risk-Parity,BA,0.016666666666666666
2021-07-01,Combined Risk-Parity,BA,0.016666666666666666
2021-08-02,Combined Risk-Parity,BA,0.016666666666666666
2021-09-01,Combined Risk-Parity,BA,0.016666666666666666
2021-10-01,Combined Risk-Parity,BA,0.016666666666666666
2021-11-01,Combined Risk-Parity,BA,0.016666666666666666
2021-12-01,Combined Risk-Parity,BA,0.016666666666666666
2022-01-03,Combined Risk-Parity,BA,0.016666666666666666
2022-02-01,Combined Risk-Parity,BA,0.016666666666666666
2022-03-01,Combined Risk-Parity,BA,0.016666666666666666
2022-04-01,Combined Risk-Parity,BA,0.016666666666666666
2022-05-02,Combined Risk-Parity,BA,0.016666666666666666
2022-06-01,Combined Risk-Parity,BA,0.016666666666666666
2022-07-01,Combined Risk-Parity,BA,0.016666666666666666
2022-08-01,Combined Risk-Parity,BA,0.016666666666666666
2022-09-01,Combined Risk-Parity,BA,0.016666666666666666
2022-10-03,Combined Risk-Parity,BA,0.016666666666666666
2022-11-01,Combined Risk-Parity,BA,0.016666666666666666
2022-12-01,Combined Risk-Parity,BA,0.016666666666666666
2023-01-03,Combined Risk-Parity,BA,0.016666666666666666
2023-02-01,Combined Risk-Parity,BA,0.016666666666666666
2023-03-01,Combined Risk-Parity,BA,0.016666666666666666
2023-04-03,Combined Risk-Parity,BA,0.016666666666666666
2023-05-01,Combined Risk-Parity,BA,0.016666666666666666
2023-06-01,Combined Risk-Parity,BA,0.016666666666666666
2023-07-03,Combined Risk-Parity,BA,0.016666666666666666
2023-08-01,Combined Risk-Parity,BA,0.016666666666666666
2023-09-01,Combined Risk-Parity,BA,0.016666666666666666
2023-10-02,Combined Risk-Parity,BA,0.016666666666666666
2023-11-01,Combined Risk-Parity,BA,0.016666666666666666
2023-12-01,Combined Risk-Parity,BA,0.016666666666666666
2021-01-04,Combined Risk-Parity,BCH-USD,0.016666666666666666
2021-02-01,Combined Risk-Parity,BCH-USD,0.016666666666666666
2021-03-01,Combined Risk-Parity,BCH-USD,0.016666666666666666
2021-04-01,Combined Risk-Parity,BCH-USD,0.016666666666666666
2021-05-03,Combined Risk-Parity,BCH-USD,0.016666666666666666
2021-06-01,Combined Risk-Parity,BCH-USD,0.016666666666666666
2021-07-01,Combined Risk-Parity,BCH-USD,0.016666666666666666
2021-08-02,Combined Risk-Parity,BCH-USD,0.016666666666666666
2021-09-01,Combined Risk-Parity,BCH-USD,0.016666666666666666
2021-10-01,Combined Risk-Parity,BCH-USD,0.016666666666666666
2021-11-01,Combined Risk-Parity,BCH-USD,0.016666666666666666
2021-12-01,Combined Risk-Parity,BCH-USD,0.016666666666666666
2022-01-03,Combined Risk-Parity,BCH-USD,0.016666666666666666
2022-02-01,Combined Risk-Parity,BCH-USD,0.016666666666666666
2022-03-01,Combined Risk-Parity,BCH-USD,0.016666666666666666
2022-04-01,Combined Risk-Parity,BCH-USD,0.016666666666666666
2022-05-02,Combined Risk-Parity,BCH-USD,0.016666666666666666
2022-06-01,Combined Risk-Parity,BCH-USD,0.016666666666666666
2022-07-01,Combined Risk-Parity,BCH-USD,0.016666666666666666
2022-08-01,Combined Risk-Parity,BCH-USD,0.016666666666666666
2022-09-01,Combined Risk-Parity,BCH-USD,0.016666666666666666
2022-10-03,Combined Risk-Parity,BCH-USD,0.016666666666666666
2022-11-01,Combined Risk-Parity,BCH-USD,0.016666666666666666
2022-12-01,Combined Risk-Parity,BCH-USD,0.016666666666666666
2023-01-03,Combined Risk-Parity,BCH-USD,0.016666666666666666
2023-02-01,Combined Risk-Parity,BCH-USD,0.016666666666666666
2023-03-01,Combined Risk-Parity,BCH-USD,0.016666666666666666
2023-04-03,Combined Risk-Parity,BCH-USD,0.016666666666666666
2023-05-01,Combined Risk-Parity,BCH-USD,0.016666666666666666
2023-06-01,Combined Risk-Parity,BCH-USD,0.016666666666666666
2023-07-03,Combined Risk-Parity,BCH-USD,0.016666666666666666
2023-08-01,Combined Risk-Parity,BCH-USD,0.016666666666666666
2023-09-01,Combined Risk-Parity,BCH-USD,0.016666666666666666
2023-10-02,Combined Risk-Parity,BCH-USD,0.016666666666666666
2023-11-01,Combined Risk-Parity,BCH-USD,0.016666666666666666
2023-12-01,Combined Risk-Parity,BCH-USD,0.016666666666666666
2021-01-04,Combined Risk-Parity,BTC-USD,0.016666666666666666
2021-02-01,Combined Risk-Parity,BTC-USD,0.016666666666666666
2021-03-01,Combined Risk-Parity,BTC-USD,0.016666666666666666
2021-04-01,Combined Risk-Parity,BTC-USD,0.016666666666666666
2021-05-03,Combined Risk-Parity,BTC-USD,0.016666666666666666
2021-06-01,Combined Risk-Parity,BTC-USD,0.016666666666666666
2021-07-01,Combined Risk-Parity,BTC-USD,0.016666666666666666
2021-08-02,Combined Risk-Parity,BTC-USD,0.016666666666666666
2021-09-01,Combined Risk-Parity,BTC-USD,0.016666666666666666
2021-10-01,Combined Risk-Parity,BTC-USD,0.016666666666666666
2021-11-01,Combined Risk-Parity,BTC-USD,0.016666666666666666
2021-12-01,Combined Risk-Parity,BTC-USD,0.016666666666666666
2022-01-03,Combined Risk-Parity,BTC-USD,0.016666666666666666
2022-02-01,Combined Risk-Parity,BTC-USD,0.016666666666666666
2022-03-01,Combined Risk-Parity,BTC-USD,0.016666666666666666
2022-04-01,Combined Risk-Parity,BTC-USD,0.016666666666666666
2022-05-02,Combined Risk-Parity,BTC-USD,0.016666666666666666
2022-06-01,Combined Risk-Parity,BTC-USD,0.016666666666666666
2022-07-01,Combined Risk-Parity,BTC-USD,0.016666666666666666
2022-08-01,Combined Risk-Parity,BTC-USD,0.016666666666666666
2022-09-01,Combined Risk-Parity,BTC-USD,0.016666666666666666
2022-10-03,Combined Risk-Parity,BTC-USD,0.016666666666666666
2022-11-01,Combined Risk-Parity,BTC-USD,0.016666666666666666
2022-12-01,Combined Risk-Parity,BTC-USD,0.016666666666666666
2023-01-03,Combined Risk-Parity,BTC-USD,0.016666666666666666
2023-02-01,Combined Risk-Parity,BTC-USD,0.016666666666666666
2023-03-01,Combined Risk-Parity,BTC-USD,0.016666666666666666
2023-04-03,Combined Risk-Parity,BTC-USD,0.016666666666666666
2023-05-01,Combined Risk-Parity,BTC-USD,0.016666666666666666
2023-06-01,Combined Risk-Parity,BTC-USD,0.016666666666666666
2023-07-03,Combined Risk-Parity,BTC-USD,0.016666666666666666
2023-08-01,Combined Risk-Parity,BTC-USD,0.016666666666666666
2023-09-01,Combined Risk-Parity,BTC-USD,0.016666666666666666
2023-10-02,Combined Risk-Parity,BTC-USD,0.016666666666666666
2023-11-01,Combined Risk-Parity,BTC-USD,0.016666666666666666
2023-12-01,Combined Risk-Parity,BTC-USD,0.016666666666666666
2021-01-04,Combined Risk-Parity,CAT,0.016666666666666666
2021-02-01,Combined Risk-Parity,CAT,0.016666666666666666
2021-03-01,Combined Risk-Parity,CAT,0.016666666666666666
2021-04-01,Combined Risk-Parity,CAT,0.016666666666666666
2021-05-03,Combined Risk-Parity,CAT,0.016666666666666666
2021-06-01,Combined Risk-Parity,CAT,0.016666666666666666
2021-07-01,Combined Risk-Parity,CAT,0.016666666666666666
2021-08-02,Combined Risk-Parity,CAT,0.016666666666666666
2021-09-01,Combined Risk-Parity,CAT,0.016666666666666666
2021-10-01,Combined Risk-Parity,CAT,0.016666666666666666
2021-11-01,Combined Risk-Parity,CAT,0.016666666666666666
2021-12-01,Combined Risk-Parity,CAT,0.016666666666666666
2022-01-03,Combined Risk-Parity,CAT,0.016666666666666666
2022-02-01,Combined Risk-Parity,CAT,0.016666666666666666
2022-03-01,Combined Risk-Parity,CAT,0.016666666666666666
2022-04-01,Combined Risk-Parity,CAT,0.016666666666666666
2022-05-02,Combined Risk-Parity,CAT,0.016666666666666666
2022-06-01,Combined Risk-Parity,CAT,0.016666666666666666
2022-07-01,Combined Risk-Parity,CAT,0.016666666666666666
2022-08-01,Combined Risk-Parity,CAT,0.016666666666666666
2022-09-01,Combined Risk-Parity,CAT,0.016666666666666666
2022-10-03,Combined Risk-Parity,CAT,0.016666666666666666
2022-11-01,Combined Risk-Parity,CAT,0.016666666666666666
2022-12-01,Combined Risk-Parity,CAT,0.016666666666666666
2023-01-03,Combined Risk-Parity,CAT,0.016666666666666666
2023-02-01,Combined Risk-Parity,CAT,0.016666666666666666
2023-03-01,Combined Risk-Parity,CAT,0.016666666666666666
2023-04-03,Combined Risk-Parity,CAT,0.016666666666666666
2023-05-01,Combined Risk-Parity,CAT,0.016666666666666666
2023-06-01,Combined Risk-Parity,CAT,0.016666666666666666
2023-07-03,Combined Risk-Parity,CAT,0.016666666666666666
2023-08-01,Combined Risk-Parity,CAT,0.016666666666666666
2023-09-01,Combined Risk-Parity,CAT,0.016666666666666666
2023-10-02,Combined Risk-Parity,CAT,0.016666666666666666
2023-11-01,Combined Risk-Parity,CAT,0.016666666666666666
2023-12-01,Combined Risk-Parity,CAT,0.016666666666666666
2021-01-04,Combined Risk-Parity,CCI,0.016666666666666666
2021-02-01,Combined Risk-Parity,CCI,0.016666666666666666
2021-03-01,Combined Risk-Parity,CCI,0.016666666666666666
2021-04-01,Combined Risk-Parity,CCI,0.016666666666666666
2021-05-03,Combined Risk-Parity,CCI,0.016666666666666666
2021-06-01,Combined Risk-Parity,CCI,0.016666666666666666
2021-07-01,Combined Risk-Parity,CCI,0.016666666666666666
2021-08-02,Combined Risk-Parity,CCI,0.016666666666666666
2021-09-01,Combined Risk-Parity,CCI,0.016666666666666666
2021-10-01,Combined Risk-Parity,CCI,0.016666666666666666
2021-11-01,Combined Risk-Parity,CCI,0.016666666666666666
2021-12-01,Combined Risk-Parity,CCI,0.016666666666666666
2022-01-03,Combined Risk-Parity,CCI,0.016666666666666666
2022-02-01,Combined Risk-Parity,CCI,0.016666666666666666
2022-03-01,Combined Risk-Parity,CCI,0.016666666666666666
2022-04-01,Combined Risk-Parity,CCI,0.016666666666666666
2022-05-02,Combined Risk-Parity,CCI,0.016666666666666666
2022-06-01,Combined Risk-Parity,CCI,0.016666666666666666
2022-07-01,Combined Risk-Parity,CCI,0.016666666666666666
2022-08-01,Combined Risk-Parity,CCI,0.016666666666666666
2022-09-01,Combined Risk-Parity,CCI,0.016666666666666666
2022-10-03,Combined Risk-Parity,CCI,0.016666666666666666
2022-11-01,Combined Risk-Parity,CCI,0.016666666666666666
2022-12-01,Combined Risk-Parity,CCI,0.016666666666666666
2023-01-03,Combined Risk-Parity,CCI,0.016666666666666666
2023-02-01,Combined Risk-Parity,CCI,0.016666666666666666
2023-03-01,Combined Risk-Parity,CCI,0.016666666666666666
2023-04-03,Combined Risk-Parity,CCI,0.016666666666666666
2023-05-01,Combined Risk-Parity,CCI,0.016666666666666666
2023-06-01,Combined Risk-Parity,CCI,0.016666666666666666
2023-07-03,Combined Risk-Parity,CCI,0.016666666666666666
2023-08-01,Combined Risk-Parity,CCI,0.016666666666666666
2023-09-01,Combined Risk-Parity,CCI,0.016666666666666666
2023-10-02,Combined Risk-Parity,CCI,0.016666666666666666
2023-11-01,Combined Risk-Parity,CCI,0.016666666666666666
2023-12-01,Combined Risk-Parity,CCI,0.016666666666666666
2021-01-04,Combined Risk-Parity,CMCSA,0.016666666666666666
2021-02-01,Combined Risk-Parity,CMCSA,0.016666666666666666
2021-03-01,Combined Risk-Parity,CMCSA,0.016666666666666666
2021-04-01,Combined Risk-Parity,CMCSA,0.016666666666666666
2021-05-03,Combined Risk-Parity,CMCSA,0.016666666666666666
2021-06-01,Combined Risk-Parity,CMCSA,0.016666666666666666
2021-07-01,Combined Risk-Parity,CMCSA,0.016666666666666666
2021-08-02,Combined Risk-Parity,CMCSA,0.016666666666666666
2021-09-01,Combined Risk-Parity,CMCSA,0.016666666666666666
2021-10-01,Combined Risk-Parity,CMCSA,0.016666666666666666
2021-11-01,Combined Risk-Parity,CMCSA,0.016666666666666666
2021-12-01,Combined Risk-Parity,CMCSA,0.016666666666666666
2022-01-03,Combined Risk-Parity,CMCSA,0.016666666666666666
2022-02-01,Combined Risk-Parity,CMCSA,0.016666666666666666
2022-03-01,Combined Risk-Parity,CMCSA,0.016666666666666666
2022-04-01,Combined Risk-Parity,CMCSA,0.016666666666666666
2022-05-02,Combined Risk-Parity,CMCSA,0.016666666666666666
2022-06-01,Combined Risk-Parity,CMCSA,0.016666666666666666
2022-07-01,Combined Risk-Parity,CMCSA,0.016666666666666666
2022-08-01,Combined Risk-Parity,CMCSA,0.016666666666666666
2022-09-01,Combined Risk-Parity,CMCSA,0.016666666666666666
2022-10-03,Combined Risk-Parity,CMCSA,0.016666666666666666
2022-11-01,Combined Risk-Parity,CMCSA,0.016666666666666666
2022-12-01,Combined Risk-Parity,CMCSA,0.016666666666666666
2023-01-03,Combined Risk-Parity,CMCSA,0.016666666666666666
2023-02-01,Combined Risk-Parity,CMCSA,0.016666666666666666
2023-03-01,Combined Risk-Parity,CMCSA,0.016666666666666666
2023-04-03,Combined Risk-Parity,CMCSA,0.016666666666666666
2023-05-01,Combined Risk-Parity,CMCSA,0.016666666666666666
2023-06-01,Combined Risk-Parity,CMCSA,0.016666666666666666
2023-07-03,Combined Risk-Parity,CMCSA,0.016666666666666666
2023-08-01,Combined Risk-Parity,CMCSA,0.016666666666666666
2023-09-01,Combined Risk-Parity,CMCSA,0.016666666666666666
2023-10-02,Combined Risk-Parity,CMCSA,0.016666666666666666
2023-11-01,Combined Risk-Parity,CMCSA,0.016666666666666666
2023-12-01,Combined Risk-Parity,CMCSA,0.016666666666666666
2021-01-04,Combined Risk-Parity,COP,0.016666666666666666
2021-02-01,Combined Risk-Parity,COP,0.016666666666666666
2021-03-01,Combined Risk-Parity,COP,0.016666666666666666
2021-04-01,Combined Risk-Parity,COP,0.016666666666666666
2021-05-03,Combined Risk-Parity,COP,0.016666666666666666
2021-06-01,Combined Risk-Parity,COP,0.016666666666666666
2021-07-01,Combined Risk-Parity,COP,0.016666666666666666
2021-08-02,Combined Risk-Parity,COP,0.016666666666666666
2021-09-01,Combined Risk-Parity,COP,0.016666666666666666
2021-10-01,Combined Risk-Parity,COP,0.016666666666666666
2021-11-01,Combined Risk-Parity,COP,0.016666666666666666
2021-12-01,Combined Risk-Parity,COP,0.016666666666666666
2022-01-03,Combined Risk-Parity,COP,0.016666666666666666
2022-02-01,Combined Risk-Parity,COP,0.016666666666666666
2022-03-01,Combined Risk-Parity,COP,0.016666666666666666
2022-04-01,Combined Risk-Parity,COP,0.016666666666666666
2022-05-02,Combined Risk-Parity,COP,0.016666666666666666
2022-06-01,Combined Risk-Parity,COP,0.016666666666666666
2022-07-01,Combined Risk-Parity,COP,0.016666666666666666
2022-08-01,Combined Risk-Parity,COP,0.016666666666666666
2022-09-01,Combined Risk-Parity,COP,0.016666666666666666
2022-10-03,Combined Risk-Parity,COP,0.016666666666666666
2022-11-01,Combined Risk-Parity,COP,0.016666666666666666
2022-12-01,Combined Risk-Parity,COP,0.016666666666666666
2023-01-03,Combined Risk-Parity,COP,0.016666666666666666
2023-02-01,Combined Risk-Parity,COP,0.016666666666666666
2023-03-01,Combined Risk-Parity,COP,0.016666666666666666
2023-04-03,Combined Risk-Parity,COP,0.016666666666666666
2023-05-01,Combined Risk-Parity,COP,0.016666666666666666
2023-06-01,Combined Risk-Parity,COP,0.016666666666666666
2023-07-03,Combined Risk-Parity,COP,0.016666666666666666
2023-08-01,Combined Risk-Parity,COP,0.016666666666666666
2023-09-01,Combined Risk-Parity,COP,0.016666666666666666
2023-10-02,Combined Risk-Parity,COP,0.016666666666666666
2023-11-01,Combined Risk-Parity,COP,0.016666666666666666
2023-12-01,Combined Risk-Parity,COP,0.016666666666666666
2021-01-04,Combined Risk-Parity,CVX,0.016666666666666666
2021-02-01,Combined Risk-Parity,CVX,0.016666666666666666
2021-03-01,Combined Risk-Parity,CVX,0.016666666666666666
2021-04-01,Combined Risk-Parity,CVX,0.016666666666666666
2021-05-03,Combined Risk-Parity,CVX,0.016666666666666666
2021-06-01,Combined Risk-Parity,CVX,0.016666666666666666
2021-07-01,Combined Risk-Parity,CVX,0.016666666666666666
2021-08-02,Combined Risk-Parity,CVX,0.016666666666666666
2021-09-01,Combined Risk-Parity,CVX,0.016666666666666666
2021-10-01,Combined Risk-Parity,CVX,0.016666666666666666
2021-11-01,Combined Risk-Parity,CVX,0.016666666666666666
2021-12-01,Combined Risk-Parity,CVX,0.016666666666666666
2022-01-03,Combined Risk-Parity,CVX,0.016666666666666666
2022-02-01,Combined Risk-Parity,CVX,0.016666666666666666
2022-03-01,Combined Risk-Parity,CVX,0.016666666666666666
2022-04-01,Combined Risk-Parity,CVX,0.016666666666666666
2022-05-02,Combined Risk-Parity,CVX,0.016666666666666666
2022-06-01,Combined Risk-Parity,CVX,0.016666666666666666
2022-07-01,Combined Risk-Parity,CVX,0.016666666666666666
2022-08-01,Combined Risk-Parity,CVX,0.016666666666666666
2022-09-01,Combined Risk-Parity,CVX,0.016666666666666666
2022-10-03,Combined Risk-Parity,CVX,0.016666666666666666
2022-11-01,Combined Risk-Parity,CVX,0.016666666666666666
2022-12-01,Combined Risk-Parity,CVX,0.016666666666666666
2023-01-03,Combined Risk-Parity,CVX,0.016666666666666666
2023-02-01,Combined Risk-Parity,CVX,0.016666666666666666
2023-03-01,Combined Risk-Parity,CVX,0.016666666666666666
2023-04-03,Combined Risk-Parity,CVX,0.016666666666666666
2023-05-01,Combined Risk-Parity,CVX,0.016666666666666666
2023-06-01,Combined Risk-Parity,CVX,0.016666666666666666
2023-07-03,Combined Risk-Parity,CVX,0.016666666666666666
2023-08-01,Combined Risk-Parity,CVX,0.016666666666666666
2023-09-01,Combined Risk-Parity,CVX,0.016666666666666666
2023-10-02,Combined Risk-Parity,CVX,0.016666666666666666
2023-11-01,Combined Risk-Parity,CVX,0.016666666666666666
2023-12-01,Combined Risk-Parity,CVX,0.016666666666666666
2021-01-04,Combined Risk-Parity,D,0.016666666666666666
2021-02-01,Combined Risk-Parity,D,0.016666666666666666
2021-03-01,Combined Risk-Parity,D,0.016666666666666666
2021-04-01,Combined Risk-Parity,D,0.016666666666666666
2021-05-03,Combined Risk-Parity,D,0.016666666666666666
2021-06-01,Combined Risk-Parity,D,0.016666666666666666
2021-07-01,Combined Risk-Parity,D,0.016666666666666666
2021-08-02,Combined Risk-Parity,D,0.016666666666666666
2021-09-01,Combined Risk-Parity,D,0.016666666666666666
2021-10-01,Combined Risk-Parity,D,0.016666666666666666
2021-11-01,Combined Risk-Parity,D,0.016666666666666666
2021-12-01,Combined Risk-Parity,D,0.016666666666666666
2022-01-03,Combined Risk-Parity,D,0.016666666666666666
2022-02-01,Combined Risk-Parity,D,0.016666666666666666
2022-03-01,Combined Risk-Parity,D,0.016666666666666666
2022-04-01,Combined Risk-Parity,D,0.016666666666666666
2022-05-02,Combined Risk-Parity,D,0.016666666666666666
2022-06-01,Combined Risk-Parity,D,0.016666666666666666
2022-07-01,Combined Risk-Parity,D,0.016666666666666666
2022-08-01,Combined Risk-Parity,D,0.016666666666666666
2022-09-01,Combined Risk-Parity,D,0.016666666666666666
2022-10-03,Combined Risk-Parity,D,0.016666666666666666
2022-11-01,Combined Risk-Parity,D,0.016666666666666666
2022-12-01,Combined Risk-Parity,D,0.016666666666666666
2023-01-03,Combined Risk-Parity,D,0.016666666666666666
2023-02-01,Combined Risk-Parity,D,0.016666666666666666
2023-03-01,Combined Risk-Parity,D,0.016666666666666666
2023-04-03,Combined Risk-Parity,D,0.016666666666666666
2023-05-01,Combined Risk-Parity,D,0.016666666666666666
2023-06-01,Combined Risk-Parity,D,0.016666666666666666
2023-07-03,Combined Risk-Parity,D,0.016666666666666666
2023-08-01,Combined Risk-Parity,D,0.016666666666666666
2023-09-01,Combined Risk-Parity,D,0.016666666666666666
2023-10-02,Combined Risk-Parity,D,0.016666666666666666
2023-11-01,Combined Risk-Parity,D,0.016666666666666666
2023-12-01,Combined Risk-Parity,D,0.016666666666666666
2021-01-04,Combined Risk-Parity,DD,0.016666666666666666
2021-02-01,Combined Risk-Parity,DD,0.016666666666666666
2021-03-01,Combined Risk-Parity,DD,0.016666666666666666
2021-04-01,Combined Risk-Parity,DD,0.016666666666666666
2021-05-03,Combined Risk-Parity,DD,0.016666666666666666
2021-06-01,Combined Risk-Parity,DD,0.016666666666666666
2021-07-01,Combined Risk-Parity,DD,0.016666666666666666
2021-08-02,Combined Risk-Parity,DD,0.016666666666666666
2021-09-01,Combined Risk-Parity,DD,0.016666666666666666
2021-10-01,Combined Risk-Parity,DD,0.016666666666666666
2021-11-01,Combined Risk-Parity,DD,0.016666666666666666
2021-12-01,Combined Risk-Parity,DD,0.016666666666666666
2022-01-03,Combined Risk-Parity,DD,0.016666666666666666
2022-02-01,Combined Risk-Parity,DD,0.016666666666666666
2022-03-01,Combined Risk-Parity,DD,0.016666666666666666
2022-04-01,Combined Risk-Parity,DD,0.016666666666666666
2022-05-02,Combined Risk-Parity,DD,0.016666666666666666
2022-06-01,Combined Risk-Parity,DD,0.016666666666666666
2022-07-01,Combined Risk-Parity,DD,0.016666666666666666
2022-08-01,Combined Risk-Parity,DD,0.016666666666666666
2022-09-01,Combined Risk-Parity,DD,0.016666666666666666
2022-10-03,Combined Risk-Parity,DD,0.016666666666666666
2022-11-01,Combined Risk-Parity,DD,0.016666666666666666
2022-12-01,Combined Risk-Parity,DD,0.016666666666666666
2023-01-03,Combined Risk-Parity,DD,0.016666666666666666
2023-02-01,Combined Risk-Parity,DD,0.016666666666666666
2023-03-01,Combined Risk-Parity,DD,0.016666666666666666
2023-04-03,Combined Risk-Parity,DD,0.016666666666666666
2023-05-01,Combined Risk-Parity,DD,0.016666666666666666
2023-06-01,Combined Risk-Parity,DD,0.016666666666666666
2023-07-03,Combined Risk-Parity,DD,0.016666666666666666
2023-08-01,Combined Risk-Parity,DD,0.016666666666666666
2023-09-01,Combined Risk-Parity,DD,0.016666666666666666
2023-10-02,Combined Risk-Parity,DD,0.016666666666666666
2023-11-01,Combined Risk-Parity,DD,0.016666666666666666
2023-12-01,Combined Risk-Parity,DD,0.016666666666666666
2021-01-04,Combined Risk-Parity,DIS,0.016666666666666666
2021-02-01,Combined Risk-Parity,DIS,0.016666666666666666
2021-03-01,Combined Risk-Parity,DIS,0.016666666666666666
2021-04-01,Combined Risk-Parity,DIS,0.016666666666666666
2021-05-03,Combined Risk-Parity,DIS,0.016666666666666666
2021-06-01,Combined Risk-Parity,DIS,0.016666666666666666
2021-07-01,Combined Risk-Parity,DIS,0.016666666666666666
2021-08-02,Combined Risk-Parity,DIS,0.016666666666666666
2021-09-01,Combined Risk-Parity,DIS,0.016666666666666666
2021-10-01,Combined Risk-Parity,DIS,0.016666666666666666
2021-11-01,Combined Risk-Parity,DIS,0.016666666666666666
2021-12-01,Combined Risk-Parity,DIS,0.016666666666666666
2022-01-03,Combined Risk-Parity,DIS,0.016666666666666666
2022-02-01,Combined Risk-Parity,DIS,0.016666666666666666
2022-03-01,Combined Risk-Parity,DIS,0.016666666666666666
2022-04-01,Combined Risk-Parity,DIS,0.016666666666666666
2022-05-02,Combined Risk-Parity,DIS,0.016666666666666666
2022-06-01,Combined Risk-Parity,DIS,0.016666666666666666
2022-07-01,Combined Risk-Parity,DIS,0.016666666666666666
2022-08-01,Combined Risk-Parity,DIS,0.016666666666666666
2022-09-01,Combined Risk-Parity,DIS,0.016666666666666666
2022-10-03,Combined Risk-Parity,DIS,0.016666666666666666
2022-11-01,Combined Risk-Parity,DIS,0.016666666666666666
2022-12-01,Combined Risk-Parity,DIS,0.016666666666666666
2023-01-03,Combined Risk-Parity,DIS,0.016666666666666666
2023-02-01,Combined Risk-Parity,DIS,0.016666666666666666
2023-03-01,Combined Risk-Parity,DIS,0.016666666666666666
2023-04-03,Combined Risk-Parity,DIS,0.016666666666666666
2023-05-01,Combined Risk-Parity,DIS,0.016666666666666666
2023-06-01,Combined Risk-Parity,DIS,0.016666666666666666
2023-07-03,Combined Risk-Parity,DIS,0.016666666666666666
2023-08-01,Combined Risk-Parity,DIS,0.016666666666666666
2023-09-01,Combined Risk-Parity,DIS,0.016666666666666666
2023-10-02,Combined Risk-Parity,DIS,0.016666666666666666
2023-11-01,Combined Risk-Parity,DIS,0.016666666666666666
2023-12-01,Combined Risk-Parity,DIS,0.016666666666666666
2021-01-04,Combined Risk-Parity,DOW,0.016666666666666666
2021-02-01,Combined Risk-Parity,DOW,0.016666666666666666
2021-03-01,Combined Risk-Parity,DOW,0.016666666666666666
2021-04-01,Combined Risk-Parity,DOW,0.016666666666666666
2021-05-03,Combined Risk-Parity,DOW,0.016666666666666666
2021-06-01,Combined Risk-Parity,DOW,0.016666666666666666
2021-07-01,Combined Risk-Parity,DOW,0.016666666666666666
2021-08-02,Combined Risk-Parity,DOW,0.016666666666666666
2021-09-01,Combined Risk-Parity,DOW,0.016666666666666666
2021-10-01,Combined Risk-Parity,DOW,0.016666666666666666
2021-11-01,Combined Risk-Parity,DOW,0.016666666666666666
2021-12-01,Combined Risk-Parity,DOW,0.016666666666666666
2022-01-03,Combined Risk-Parity,DOW,0.016666666666666666
2022-02-01,Combined Risk-Parity,DOW,0.016666666666666666
2022-03-01,Combined Risk-Parity,DOW,0.016666666666666666
2022-04-01,Combined Risk-Parity,DOW,0.016666666666666666
2022-05-02,Combined Risk-Parity,DOW,0.016666666666666666
2022-06-01,Combined Risk-Parity,DOW,0.016666666666666666
2022-07-01,Combined Risk-Parity,DOW,0.016666666666666666
2022-08-01,Combined Risk-Parity,DOW,0.016666666666666666
2022-09-01,Combined Risk-Parity,DOW,0.016666666666666666
2022-10-03,Combined Risk-Parity,DOW,0.016666666666666666
2022-11-01,Combined Risk-Parity,DOW,0.016666666666666666
2022-12-01,Combined Risk-Parity,DOW,0.016666666666666666
2023-01-03,Combined Risk-Parity,DOW,0.016666666666666666
2023-02-01,Combined Risk-Parity,DOW,0.016666666666666666
2023-03-01,Combined Risk-Parity,DOW,0.016666666666666666
2023-04-03,Combined Risk-Parity,DOW,0.016666666666666666
2023-05-01,Combined Risk-Parity,DOW,0.016666666666666666
2023-06-01,Combined Risk-Parity,DOW,0.016666666666666666
2023-07-03,Combined Risk-Parity,DOW,0.016666666666666666
2023-08-01,Combined Risk-Parity,DOW,0.016666666666666666
2023-09-01,Combined Risk-Parity,DOW,0.016666666666666666
2023-10-02,Combined Risk-Parity,DOW,0.016666666666666666
2023-11-01,Combined Risk-Parity,DOW,0.016666666666666666
2023-12-01,Combined Risk-Parity,DOW,0.016666666666666666
2021-01-04,Combined Risk-Parity,DUK,0.016666666666666666
2021-02-01,Combined Risk-Parity,DUK,0.016666666666666666
2021-03-01,Combined Risk-Parity,DUK,0.016666666666666666
2021-04-01,Combined Risk-Parity,DUK,0.016666666666666666
2021-05-03,Combined Risk-Parity,DUK,0.016666666666666666
2021-06-01,Combined Risk-Parity,DUK,0.016666666666666666
2021-07-01,Combined Risk-Parity,DUK,0.016666666666666666
2021-08-02,Combined Risk-Parity,DUK,0.016666666666666666
2021-09-01,Combined Risk-Parity,DUK,0.016666666666666666
2021-10-01,Combined Risk-Parity,DUK,0.016666666666666666
2021-11-01,Combined Risk-Parity,DUK,0.016666666666666666
2021-12-01,Combined Risk-Parity,DUK,0.016666666666666666
2022-01-03,Combined Risk-Parity,DUK,0.016666666666666666
2022-02-01,Combined Risk-Parity,DUK,0.016666666666666666
2022-03-01,Combined Risk-Parity,DUK,0.016666666666666666
2022-04-01,Combined Risk-Parity,DUK,0.016666666666666666
2022-05-02,Combined Risk-Parity,DUK,0.016666666666666666
2022-06-01,Combined Risk-Parity,DUK,0.016666666666666666
2022-07-01,Combined Risk-Parity,DUK,0.016666666666666666
2022-08-01,Combined Risk-Parity,DUK,0.016666666666666666
2022-09-01,Combined Risk-Parity,DUK,0.016666666666666666
2022-10-03,Combined Risk-Parity,DUK,0.016666666666666666
2022-11-01,Combined Risk-Parity,DUK,0.016666666666666666
2022-12-01,Combined Risk-Parity,DUK,0.016666666666666666
2023-01-03,Combined Risk-Parity,DUK,0.016666666666666666
2023-02-01,Combined Risk-Parity,DUK,0.016666666666666666
2023-03-01,Combined Risk-Parity,DUK,0.016666666666666666
2023-04-03,Combined Risk-Parity,DUK,0.016666666666666666
2023-05-01,Combined Risk-Parity,DUK,0.016666666666666666
2023-06-01,Combined Risk-Parity,DUK,0.016666666666666666
2023-07-03,Combined Risk-Parity,DUK,0.016666666666666666
2023-08-01,Combined Risk-Parity,DUK,0.016666666666666666
2023-09-01,Combined Risk-Parity,DUK,0.016666666666666666
2023-10-02,Combined Risk-Parity,DUK,0.016666666666666666
2023-11-01,Combined Risk-Parity,DUK,0.016666666666666666
2023-12-01,Combined Risk-Parity,DUK,0.016666666666666666
2021-01-04,Combined Risk-Parity,EA,0.016666666666666666
2021-02-01,Combined Risk-Parity,EA,0.016666666666666666
2021-03-01,Combined Risk-Parity,EA,0.016666666666666666
2021-04-01,Combined Risk-Parity,EA,0.016666666666666666
2021-05-03,Combined Risk-Parity,EA,0.016666666666666666
2021-06-01,Combined Risk-Parity,EA,0.016666666666666666
2021-07-01,Combined Risk-Parity,EA,0.016666666666666666
2021-08-02,Combined Risk-Parity,EA,0.016666666666666666
2021-09-01,Combined Risk-Parity,EA,0.016666666666666666
2021-10-01,Combined Risk-Parity,EA,0.016666666666666666
2021-11-01,Combined Risk-Parity,EA,0.016666666666666666
2021-12-01,Combined Risk-Parity,EA,0.016666666666666666
2022-01-03,Combined Risk-Parity,EA,0.016666666666666666
2022-02-01,Combined Risk-Parity,EA,0.016666666666666666
2022-03-01,Combined Risk-Parity,EA,0.016666666666666666
2022-04-01,Combined Risk-Parity,EA,0.016666666666666666
2022-05-02,Combined Risk-Parity,EA,0.016666666666666666
2022-06-01,Combined Risk-Parity,EA,0.016666666666666666
2022-07-01,Combined Risk-Parity,EA,0.016666666666666666
2022-08-01,Combined Risk-Parity,EA,0.016666666666666666
2022-09-01,Combined Risk-Parity,EA,0.016666666666666666
2022-10-03,Combined Risk-Parity,EA,0.016666666666666666
2022-11-01,Combined Risk-Parity,EA,0.016666666666666666
2022-12-01,Combined Risk-Parity,EA,0.016666666666666666
2023-01-03,Combined Risk-Parity,EA,0.016666666666666666
2023-02-01,Combined Risk-Parity,EA,0.016666666666666666
2023-03-01,Combined Risk-Parity,EA,0.016666666666666666
2023-04-03,Combined Risk-Parity,EA,0.016666666666666666
2023-05-01,Combined Risk-Parity,EA,0.016666666666666666
2023-06-01,Combined Risk-Parity,EA,0.016666666666666666
2023-07-03,Combined Risk-Parity,EA,0.016666666666666666
2023-08-01,Combined Risk-Parity,EA,0.016666666666666666
2023-09-01,Combined Risk-Parity,EA,0.016666666666666666
2023-10-02,Combined Risk-Parity,EA,0.016666666666666666
2023-11-01,Combined Risk-Parity,EA,0.016666666666666666
2023-12-01,Combined Risk-Parity,EA,0.016666666666666666
2021-01-04,Combined Risk-Parity,EOS-USD,0.016666666666666666
2021-02-01,Combined Risk-Parity,EOS-USD,0.016666666666666666
2021-03-01,Combined Risk-Parity,EOS-USD,0.016666666666666666
2021-04-01,Combined Risk-Parity,EOS-USD,0.016666666666666666
2021-05-03,Combined Risk-Parity,EOS-USD,0.016666666666666666
2021-06-01,Combined Risk-Parity,EOS-USD,0.016666666666666666
2021-07-01,Combined Risk-Parity,EOS-USD,0.016666666666666666
2021-08-02,Combined Risk-Parity,EOS-USD,0.016666666666666666
2021-09-01,Combined Risk-Parity,EOS-USD,0.016666666666666666
2021-10-01,Combined Risk-Parity,EOS-USD,0.016666666666666666
2021-11-01,Combined Risk-Parity,EOS-USD,0.016666666666666666
2021-12-01,Combined Risk-Parity,EOS-USD,0.016666666666666666
2022-01-03,Combined Risk-Parity,EOS-USD,0.016666666666666666
2022-02-01,Combined Risk-Parity,EOS-USD,0.016666666666666666
2022-03-01,Combined Risk-Parity,EOS-USD,0.016666666666666666
2022-04-01,Combined Risk-Parity,EOS-USD,0.016666666666666666
2022-05-02,Combined Risk-Parity,EOS-USD,0.016666666666666666
2022-06-01,Combined Risk-Parity,EOS-USD,0.016666666666666666
2022-07-01,Combined Risk-Parity,EOS-USD,0.016666666666666666
2022-08-01,Combined Risk-Parity,EOS-USD,0.016666666666666666
2022-09-01,Combined Risk-Parity,EOS-USD,0.016666666666666666
2022-10-03,Combined Risk-Parity,EOS-USD,0.016666666666666666
2022-11-01,Combined Risk-Parity,EOS-USD,0.016666666666666666
2022-12-01,Combined Risk-Parity,EOS-USD,0.016666666666666666
2023-01-03,Combined Risk-Parity,EOS-USD,0.016666666666666666
2023-02-01,Combined Risk-Parity,EOS-USD,0.016666666666666666
2023-03-01,Combined Risk-Parity,EOS-USD,0.016666666666666666
2023-04-03,Combined Risk-Parity,EOS-USD,0.016666666666666666
2023-05-01,Combined Risk-Parity,EOS-USD,0.016666666666666666
2023-06-01,Combined Risk-Parity,EOS-USD,0.016666666666666666
2023-07-03,Combined Risk-Parity,EOS-USD,0.016666666666666666
2023-08-01,Combined Risk-Parity,EOS-USD,0.016666666666666666
2023-09-01,Combined Risk-Parity,EOS-USD,0.016666666666666666
2023-10-02,Combined Risk-Parity,EOS-USD,0.016666666666666666
2023-11-01,Combined Risk-Parity,EOS-USD,0.016666666666666666
2023-12-01,Combined Risk-Parity,EOS-USD,0.016666666666666666
2021-01-04,Combined Risk-Parity,ETC-USD,0.016666666666666666
2021-02-01,Combined Risk-Parity,ETC-USD,0.016666666666666666
2021-03-01,Combined Risk-Parity,ETC-USD,0.016666666666666666
2021-04-01,Combined Risk-Parity,ETC-USD,0.016666666666666666
2021-05-03,Combined Risk-Parity,ETC-USD,0.016666666666666666
2021-06-01,Combined Risk-Parity,ETC-USD,0.016666666666666666
2021-07-01,Combined Risk-Parity,ETC-USD,0.016666666666666666
2021-08-02,Combined Risk-Parity,ETC-USD,0.016666666666666666
2021-09-01,Combined Risk-Parity,ETC-USD,0.016666666666666666
2021-10-01,Combined Risk-Parity,ETC-USD,0.016666666666666666
2021-11-01,Combined Risk-Parity,ETC-USD,0.016666666666666666
2021-12-01,Combined Risk-Parity,ETC-USD,0.016666666666666666
2022-01-03,Combined Risk-Parity,ETC-USD,0.016666666666666666
2022-02-01,Combined Risk-Parity,ETC-USD,0.016666666666666666
2022-03-01,Combined Risk-Parity,ETC-USD,0.016666666666666666
2022-04-01,Combined Risk-Parity,ETC-USD,0.016666666666666666
2022-05-02,Combined Risk-Parity,ETC-USD,0.016666666666666666
2022-06-01,Combined Risk-Parity,ETC-USD,0.016666666666666666
2022-07-01,Combined Risk-Parity,ETC-USD,0.016666666666666666
2022-08-01,Combined Risk-Parity,ETC-USD,0.016666666666666666
2022-09-01,Combined Risk-Parity,ETC-USD,0.016666666666666666
2022-10-03,Combined Risk-Parity,ETC-USD,0.016666666666666666
2022-11-01,Combined Risk-Parity,ETC-USD,0.016666666666666666
2022-12-01,Combined Risk-Parity,ETC-USD,0.016666666666666666
2023-01-03,Combined Risk-Parity,ETC-USD,0.016666666666666666
2023-02-01,Combined Risk-Parity,ETC-USD,0.016666666666666666
2023-03-01,Combined Risk-Parity,ETC-USD,0.016666666666666666
2023-04-03,Combined Risk-Parity,ETC-USD,0.016666666666666666
2023-05-01,Combined Risk-Parity,ETC-USD,0.016666666666666666
2023-06-01,Combined Risk-Parity,ETC-USD,0.016666666666666666
2023-07-03,Combined Risk-Parity,ETC-USD,0.016666666666666666
2023-08-01,Combined Risk-Parity,ETC-USD,0.016666666666666666
2023-09-01,Combined Risk-Parity,ETC-USD,0.016666666666666666
2023-10-02,Combined Risk-Parity,ETC-USD,0.016666666666666666
2023-11-01,Combined Risk-Parity,ETC-USD,0.016666666666666666
2023-12-01,Combined Risk-Parity,ETC-USD,0.016666666666666666
2021-01-04,Combined Risk-Parity,ETH-USD,0.016666666666666666
2021-02-01,Combined Risk-Parity,ETH-USD,0.016666666666666666
2021-03-01,Combined Risk-Parity,ETH-USD,0.016666666666666666
2021-04-01,Combined Risk-Parity,ETH-USD,0.016666666666666666
2021-05-03,Combined Risk-Parity,ETH-USD,0.016666666666666666
2021-06-01,Combined Risk-Parity,ETH-USD,0.016666666666666666
2021-07-01,Combined Risk-Parity,ETH-USD,0.016666666666666666
2021-08-02,Combined Risk-Parity,ETH-USD,0.016666666666666666
2021-09-01,Combined Risk-Parity,ETH-USD,0.016666666666666666
2021-10-01,Combined Risk-Parity,ETH-USD,0.016666666666666666
2021-11-01,Combined Risk-Parity,ETH-USD,0.016666666666666666
2021-12-01,Combined Risk-Parity,ETH-USD,0.016666666666666666
2022-01-03,Combined Risk-Parity,ETH-USD,0.016666666666666666
2022-02-01,Combined Risk-Parity,ETH-USD,0.016666666666666666
2022-03-01,Combined Risk-Parity,ETH-USD,0.016666666666666666
2022-04-01,Combined Risk-Parity,ETH-USD,0.016666666666666666
2022-05-02,Combined Risk-Parity,ETH-USD,0.016666666666666666
2022-06-01,Combined Risk-Parity,ETH-USD,0.016666666666666666
2022-07-01,Combined Risk-Parity,ETH-USD,0.016666666666666666
2022-08-01,Combined Risk-Parity,ETH-USD,0.016666666666666666
2022-09-01,Combined Risk-Parity,ETH-USD,0.016666666666666666
2022-10-03,Combined Risk-Parity,ETH-USD,0.016666666666666666
2022-11-01,Combined Risk-Parity,ETH-USD,0.016666666666666666
2022-12-01,Combined Risk-Parity,ETH-USD,0.016666666666666666
2023-01-03,Combined Risk-Parity,ETH-USD,0.016666666666666666
2023-02-01,Combined Risk-Parity,ETH-USD,0.016666666666666666
2023-03-01,Combined Risk-Parity,ETH-USD,0.016666666666666666
2023-04-03,Combined Risk-Parity,ETH-USD,0.016666666666666666
2023-05-01,Combined Risk-Parity,ETH-USD,0.016666666666666666
2023-06-01,Combined Risk-Parity,ETH-USD,0.016666666666666666
2023-07-03,Combined Risk-Parity,ETH-USD,0.016666666666666666
2023-08-01,Combined Risk-Parity,ETH-USD,0.016666666666666666
2023-09-01,Combined Risk-Parity,ETH-USD,0.016666666666666666
2023-10-02,Combined Risk-Parity,ETH-USD,0.016666666666666666
2023-11-01,Combined Risk-Parity,ETH-USD,0.016666666666666666
2023-12-01,Combined Risk-Parity,ETH-USD,0.016666666666666666
2021-01-04,Combined Risk-Parity,GE,0.016666666666666666
2021-02-01,Combined Risk-Parity,GE,0.016666666666666666
2021-03-01,Combined Risk-Parity,GE,0.016666666666666666
2021-04-01,Combined Risk-Parity,GE,0.016666666666666666
2021-05-03,Combined Risk-Parity,GE,0.016666666666666666
2021-06-01,Combined Risk-Parity,GE,0.016666666666666666
2021-07-01,Combined Risk-Parity,GE,0.016666666666666666
2021-08-02,Combined Risk-Parity,GE,0.016666666666666666
2021-09-01,Combined Risk-Parity,GE,0.016666666666666666
2021-10-01,Combined Risk-Parity,GE,0.016666666666666666
2021-11-01,Combined Risk-Parity,GE,0.016666666666666666
2021-12-01,Combined Risk-Parity,GE,0.016666666666666666
2022-01-03,Combined Risk-Parity,GE,0.016666666666666666
2022-02-01,Combined Risk-Parity,GE,0.016666666666666666
2022-03-01,Combined Risk-Parity,GE,0.016666666666666666
2022-04-01,Combined Risk-Parity,GE,0.016666666666666666
2022-05-02,Combined Risk-Parity,GE,0.016666666666666666
2022-06-01,Combined Risk-Parity,GE,0.016666666666666666
2022-07-01,Combined Risk-Parity,GE,0.016666666666666666
2022-08-01,Combined Risk-Parity,GE,0.016666666666666666
2022-09-01,Combined Risk-Parity,GE,0.016666666666666666
2022-10-03,Combined Risk-Parity,GE,0.016666666666666666
2022-11-01,Combined Risk-Parity,GE,0.016666666666666666
2022-12-01,Combined Risk-Parity,GE,0.016666666666666666
2023-01-03,Combined Risk-Parity,GE,0.016666666666666666
2023-02-01,Combined Risk-Parity,GE,0.016666666666666666
2023-03-01,Combined Risk-Parity,GE,0.016666666666666666
2023-04-03,Combined Risk-Parity,GE,0.016666666666666666
2023-05-01,Combined Risk-Parity,GE,0.016666666666666666
2023-06-01,Combined Risk-Parity,GE,0.016666666666666666
2023-07-03,Combined Risk-Parity,GE,0.016666666666666666
2023-08-01,Combined Risk-Parity,GE,0.016666666666666666
2023-09-01,Combined Risk-Parity,GE,0.016666666666666666
2023-10-02,Combined Risk-Parity,GE,0.016666666666666666
2023-11-01,Combined Risk-Parity,GE,0.016666666666666666
2023-12-01,Combined Risk-Parity,GE,0.016666666666666666
2021-01-04,Combined Risk-Parity,GILD,0.016666666666666666
2021-02-01,Combined Risk-Parity,GILD,0.016666666666666666
2021-03-01,Combined Risk-Parity,GILD,0.016666666666666666
2021-04-01,Combined Risk-Parity,GILD,0.016666666666666666
2021-05-03,Combined Risk-Parity,GILD,0.016666666666666666
2021-06-01,Combined Risk-Parity,GILD,0.016666666666666666
2021-07-01,Combined Risk-Parity,GILD,0.016666666666666666
2021-08-02,Combined Risk-Parity,GILD,0.016666666666666666
2021-09-01,Combined Risk-Parity,GILD,0.016666666666666666
2021-10-01,Combined Risk-Parity,GILD,0.016666666666666666
2021-11-01,Combined Risk-Parity,GILD,0.016666666666666666
2021-12-01,Combined Risk-Parity,GILD,0.016666666666666666
2022-01-03,Combined Risk-Parity,GILD,0.016666666666666666
2022-02-01,Combined Risk-Parity,GILD,0.016666666666666666
2022-03-01,Combined Risk-Parity,GILD,0.016666666666666666
2022-04-01,Combined Risk-Parity,GILD,0.016666666666666666
2022-05-02,Combined Risk-Parity,GILD,0.016666666666666666
2022-06-01,Combined Risk-Parity,GILD,0.016666666666666666
2022-07-01,Combined Risk-Parity,GILD,0.016666666666666666
2022-08-01,Combined Risk-Parity,GILD,0.016666666666666666
2022-09-01,Combined Risk-Parity,GILD,0.016666666666666666
2022-10-03,Combined Risk-Parity,GILD,0.016666666666666666
2022-11-01,Combined Risk-Parity,GILD,0.016666666666666666
2022-12-01,Combined Risk-Parity,GILD,0.016666666666666666
2023-01-03,Combined Risk-Parity,GILD,0.016666666666666666
2023-02-01,Combined Risk-Parity,GILD,0.016666666666666666
2023-03-01,Combined Risk-Parity,GILD,0.016666666666666666
2023-04-03,Combined Risk-Parity,GILD,0.016666666666666666
2023-05-01,Combined Risk-Parity,GILD,0.016666666666666666
2023-06-01,Combined Risk-Parity,GILD,0.016666666666666666
2023-07-03,Combined Risk-Parity,GILD,0.016666666666666666
2023-08-01,Combined Risk-Parity,GILD,0.016666666666666666
2023-09-01,Combined Risk-Parity,GILD,0.016666666666666666
2023-10-02,Combined Risk-Parity,GILD,0.016666666666666666
2023-11-01,Combined Risk-Parity,GILD,0.016666666666666666
2023-12-01,Combined Risk-Parity,GILD,0.016666666666666666
2021-01-04,Combined Risk-Parity,GS,0.016666666666666666
2021-02-01,Combined Risk-Parity,GS,0.016666666666666666
2021-03-01,Combined Risk-Parity,GS,0.016666666666666666
2021-04-01,Combined Risk-Parity,GS,0.016666666666666666
2021-05-03,Combined Risk-Parity,GS,0.016666666666666666
2021-06-01,Combined Risk-Parity,GS,0.016666666666666666
2021-07-01,Combined Risk-Parity,GS,0.016666666666666666
2021-08-02,Combined Risk-Parity,GS,0.016666666666666666
2021-09-01,Combined Risk-Parity,GS,0.016666666666666666
2021-10-01,Combined Risk-Parity,GS,0.016666666666666666
2021-11-01,Combined Risk-Parity,GS,0.016666666666666666
2021-12-01,Combined Risk-Parity,GS,0.016666666666666666
2022-01-03,Combined Risk-Parity,GS,0.016666666666666666
2022-02-01,Combined Risk-Parity,GS,0.016666666666666666
2022-03-01,Combined Risk-Parity,GS,0.016666666666666666
2022-04-01,Combined Risk-Parity,GS,0.016666666666666666
2022-05-02,Combined Risk-Parity,GS,0.016666666666666666
2022-06-01,Combined Risk-Parity,GS,0.016666666666666666
2022-07-01,Combined Risk-Parity,GS,0.016666666666666666
2022-08-01,Combined Risk-Parity,GS,0.016666666666666666
2022-09-01,Combined Risk-Parity,GS,0.016666666666666666
2022-10-03,Combined Risk-Parity,GS,0.016666666666666666
2022-11-01,Combined Risk-Parity,GS,0.016666666666666666
2022-12-01,Combined Risk-Parity,GS,0.016666666666666666
2023-01-03,Combined Risk-Parity,GS,0.016666666666666666
2023-02-01,Combined Risk-Parity,GS,0.016666666666666666
2023-03-01,Combined Risk-Parity,GS,0.016666666666666666
2023-04-03,Combined Risk-Parity,GS,0.016666666666666666
2023-05-01,Combined Risk-Parity,GS,0.016666666666666666
2023-06-01,Combined Risk-Parity,GS,0.016666666666666666
2023-07-03,Combined Risk-Parity,GS,0.016666666666666666
2023-08-01,Combined Risk-Parity,GS,0.016666666666666666
2023-09-01,Combined Risk-Parity,GS,0.016666666666666666
2023-10-02,Combined Risk-Parity,GS,0.016666666666666666
2023-11-01,Combined Risk-Parity,GS,0.016666666666666666
2023-12-01,Combined Risk-Parity,GS,0.016666666666666666
2021-01-04,Combined Risk-Parity,INTC,0.016666666666666666
2021-02-01,Combined Risk-Parity,INTC,0.016666666666666666
2021-03-01,Combined Risk-Parity,INTC,0.016666666666666666
2021-04-01,Combined Risk-Parity,INTC,0.016666666666666666
2021-05-03,Combined Risk-Parity,INTC,0.016666666666666666
2021-06-01,Combined Risk-Parity,INTC,0.016666666666666666
2021-07-01,Combined Risk-Parity,INTC,0.016666666666666666
2021-08-02,Combined Risk-Parity,INTC,0.016666666666666666
2021-09-01,Combined Risk-Parity,INTC,0.016666666666666666
2021-10-01,Combined Risk-Parity,INTC,0.016666666666666666
2021-11-01,Combined Risk-Parity,INTC,0.016666666666666666
2021-12-01,Combined Risk-Parity,INTC,0.016666666666666666
2022-01-03,Combined Risk-Parity,INTC,0.016666666666666666
2022-02-01,Combined Risk-Parity,INTC,0.016666666666666666
2022-03-01,Combined Risk-Parity,INTC,0.016666666666666666
2022-04-01,Combined Risk-Parity,INTC,0.016666666666666666
2022-05-02,Combined Risk-Parity,INTC,0.016666666666666666
2022-06-01,Combined Risk-Parity,INTC,0.016666666666666666
2022-07-01,Combined Risk-Parity,INTC,0.016666666666666666
2022-08-01,Combined Risk-Parity,INTC,0.016666666666666666
2022-09-01,Combined Risk-Parity,INTC,0.016666666666666666
2022-10-03,Combined Risk-Parity,INTC,0.016666666666666666
2022-11-01,Combined Risk-Parity,INTC,0.016666666666666666
2022-12-01,Combined Risk-Parity,INTC,0.016666666666666666
2023-01-03,Combined Risk-Parity,INTC,0.016666666666666666
2023-02-01,Combined Risk-Parity,INTC,0.016666666666666666
2023-03-01,Combined Risk-Parity,INTC,0.016666666666666666
2023-04-03,Combined Risk-Parity,INTC,0.016666666666666666
2023-05-01,Combined Risk-Parity,INTC,0.016666666666666666
2023-06-01,Combined Risk-Parity,INTC,0.016666666666666666
2023-07-03,Combined Risk-Parity,INTC,0.016666666666666666
2023-08-01,Combined Risk-Parity,INTC,0.016666666666666666
2023-09-01,Combined Risk-Parity,INTC,0.016666666666666666
2023-10-02,Combined Risk-Parity,INTC,0.016666666666666666
2023-11-01,Combined Risk-Parity,INTC,0.016666666666666666
2023-12-01,Combined Risk-Parity,INTC,0.016666666666666666
2021-01-04,Combined Risk-Parity,KO,0.016666666666666666
2021-02-01,Combined Risk-Parity,KO,0.016666666666666666
2021-03-01,Combined Risk-Parity,KO,0.016666666666666666
2021-04-01,Combined Risk-Parity,KO,0.016666666666666666
2021-05-03,Combined Risk-Parity,KO,0.016666666666666666
2021-06-01,Combined Risk-Parity,KO,0.016666666666666666
2021-07-01,Combined Risk-Parity,KO,0.016666666666666666
2021-08-02,Combined Risk-Parity,KO,0.016666666666666666
2021-09-01,Combined Risk-Parity,KO,0.016666666666666666
2021-10-01,Combined Risk-Parity,KO,0.016666666666666666
2021-11-01,Combined Risk-Parity,KO,0.016666666666666666
2021-12-01,Combined Risk-Parity,KO,0.016666666666666666
2022-01-03,Combined Risk-Parity,KO,0.016666666666666666
2022-02-01,Combined Risk-Parity,KO,0.016666666666666666
2022-03-01,Combined Risk-Parity,KO,0.016666666666666666
2022-04-01,Combined Risk-Parity,KO,0.016666666666666666
2022-05-02,Combined Risk-Parity,KO,0.016666666666666666
2022-06-01,Combined Risk-Parity,KO,0.016666666666666666
2022-07-01,Combined Risk-Parity,KO,0.016666666666666666
2022-08-01,Combined Risk-Parity,KO,0.016666666666666666
2022-09-01,Combined Risk-Parity,KO,0.016666666666666666
2022-10-03,Combined Risk-Parity,KO,0.016666666666666666
2022-11-01,Combined Risk-Parity,KO,0.016666666666666666
2022-12-01,Combined Risk-Parity,KO,0.016666666666666666
2023-01-03,Combined Risk-Parity,KO,0.016666666666666666
2023-02-01,Combined Risk-Parity,KO,0.016666666666666666
2023-03-01,Combined Risk-Parity,KO,0.016666666666666666
2023-04-03,Combined Risk-Parity,KO,0.016666666666666666
2023-05-01,Combined Risk-Parity,KO,0.016666666666666666
2023-06-01,Combined Risk-Parity,KO,0.016666666666666666
2023-07-03,Combined Risk-Parity,KO,0.016666666666666666
2023-08-01,Combined Risk-Parity,KO,0.016666666666666666
2023-09-01,Combined Risk-Parity,KO,0.016666666666666666
2023-10-02,Combined Risk-Parity,KO,0.016666666666666666
2023-11-01,Combined Risk-Parity,KO,0.016666666666666666
2023-12-01,Combined Risk-Parity,KO,0.016666666666666666
2021-01-04,Combined Risk-Parity,LTC-USD,0.016666666666666666
2021-02-01,Combined Risk-Parity,LTC-USD,0.016666666666666666
2021-03-01,Combined Risk-Parity,LTC-USD,0.016666666666666666
2021-04-01,Combined Risk-Parity,LTC-USD,0.016666666666666666
2021-05-03,Combined Risk-Parity,LTC-USD,0.016666666666666666
2021-06-01,Combined Risk-Parity,LTC-USD,0.016666666666666666
2021-07-01,Combined Risk-Parity,LTC-USD,0.016666666666666666
2021-08-02,Combined Risk-Parity,LTC-USD,0.016666666666666666
2021-09-01,Combined Risk-Parity,LTC-USD,0.016666666666666666
2021-10-01,Combined Risk-Parity,LTC-USD,0.016666666666666666
2021-11-01,Combined Risk-Parity,LTC-USD,0.016666666666666666
2021-12-01,Combined Risk-Parity,LTC-USD,0.016666666666666666
2022-01-03,Combined Risk-Parity,LTC-USD,0.016666666666666666
2022-02-01,Combined Risk-Parity,LTC-USD,0.016666666666666666
2022-03-01,Combined Risk-Parity,LTC-USD,0.016666666666666666
2022-04-01,Combined Risk-Parity,LTC-USD,0.016666666666666666
2022-05-02,Combined Risk-Parity,LTC-USD,0.016666666666666666
2022-06-01,Combined Risk-Parity,LTC-USD,0.016666666666666666
2022-07-01,Combined Risk-Parity,LTC-USD,0.016666666666666666
2022-08-01,Combined Risk-Parity,LTC-USD,0.016666666666666666
2022-09-01,Combined Risk-Parity,LTC-USD,0.016666666666666666
2022-10-03,Combined Risk-Parity,LTC-USD,0.016666666666666666
2022-11-01,Combined Risk-Parity,LTC-USD,0.016666666666666666
2022-12-01,Combined Risk-Parity,LTC-USD,0.016666666666666666
2023-01-03,Combined Risk-Parity,LTC-USD,0.016666666666666666
2023-02-01,Combined Risk-Parity,LTC-USD,0.016666666666666666
2023-03-01,Combined Risk-Parity,LTC-USD,0.016666666666666666
2023-04-03,Combined Risk-Parity,LTC-USD,0.016666666666666666
2023-05-01,Combined Risk-Parity,LTC-USD,0.016666666666666666
2023-06-01,Combined Risk-Parity,LTC-USD,0.016666666666666666
2023-07-03,Combined Risk-Parity,LTC-USD,0.016666666666666666
2023-08-01,Combined Risk-Parity,LTC-USD,0.016666666666666666
2023-09-01,Combined Risk-Parity,LTC-USD,0.016666666666666666
2023-10-02,Combined Risk-Parity,LTC-USD,0.016666666666666666
2023-11-01,Combined Risk-Parity,LTC-USD,0.016666666666666666
2023-12-01,Combined Risk-Parity,LTC-USD,0.016666666666666666
2021-01-04,Combined Risk-Parity,MMM,0.016666666666666666
2021-02-01,Combined Risk-Parity,MMM,0.016666666666666666
2021-03-01,Combined Risk-Parity,MMM,0.016666666666666666
2021-04-01,Combined Risk-Parity,MMM,0.016666666666666666
2021-05-03,Combined Risk-Parity,MMM,0.016666666666666666
2021-06-01,Combined Risk-Parity,MMM,0.016666666666666666
2021-07-01,Combined Risk-Parity,MMM,0.016666666666666666
2021-08-02,Combined Risk-Parity,MMM,0.016666666666666666
2021-09-01,Combined Risk-Parity,MMM,0.016666666666666666
2021-10-01,Combined Risk-Parity,MMM,0.016666666666666666
2021-11-01,Combined Risk-Parity,MMM,0.016666666666666666
2021-12-01,Combined Risk-Parity,MMM,0.016666666666666666
2022-01-03,Combined Risk-Parity,MMM,0.016666666666666666
2022-02-01,Combined Risk-Parity,MMM,0.016666666666666666
2022-03-01,Combined Risk-Parity,MMM,0.016666666666666666
2022-04-01,Combined Risk-Parity,MMM,0.016666666666666666
2022-05-02,Combined Risk-Parity,MMM,0.016666666666666666
2022-06-01,Combined Risk-Parity,MMM,0.016666666666666666
2022-07-01,Combined Risk-Parity,MMM,0.016666666666666666
2022-08-01,Combined Risk-Parity,MMM,0.016666666666666666
2022-09-01,Combined Risk-Parity,MMM,0.016666666666666666
2022-10-03,Combined Risk-Parity,MMM,0.016666666666666666
2022-11-01,Combined Risk-Parity,MMM,0.016666666666666666
2022-12-01,Combined Risk-Parity,MMM,0.016666666666666666
2023-01-03,Combined Risk-Parity,MMM,0.016666666666666666
2023-02-01,Combined Risk-Parity,MMM,0.016666666666666666
2023-03-01,Combined Risk-Parity,MMM,0.016666666666666666
2023-04-03,Combined Risk-Parity,MMM,0.016666666666666666
2023-05-01,Combined Risk-Parity,MMM,0.016666666666666666
2023-06-01,Combined Risk-Parity,MMM,0.016666666666666666
2023-07-03,Combined Risk-Parity,MMM,0.016666666666666666
2023-08-01,Combined Risk-Parity,MMM,0.016666666666666666
2023-09-01,Combined Risk-Parity,MMM,0.016666666666666666
2023-10-02,Combined Risk-Parity,MMM,0.016666666666666666
2023-11-01,Combined Risk-Parity,MMM,0.016666666666666666
2023-12-01,Combined Risk-Parity,MMM,0.016666666666666666
2021-01-04,Combined Risk-Parity,MRK,0.016666666666666666
2021-02-01,Combined Risk-Parity,MRK,0.016666666666666666
2021-03-01,Combined Risk-Parity,MRK,0.016666666666666666
2021-04-01,Combined Risk-Parity,MRK,0.016666666666666666
2021-05-03,Combined Risk-Parity,MRK,0.016666666666666666
2021-06-01,Combined Risk-Parity,MRK,0.016666666666666666
2021-07-01,Combined Risk-Parity,MRK,0.016666666666666666
2021-08-02,Combined Risk-Parity,MRK,0.016666666666666666
2021-09-01,Combined Risk-Parity,MRK,0.016666666666666666
2021-10-01,Combined Risk-Parity,MRK,0.016666666666666666
2021-11-01,Combined Risk-Parity,MRK,0.016666666666666666
2021-12-01,Combined Risk-Parity,MRK,0.016666666666666666
2022-01-03,Combined Risk-Parity,MRK,0.016666666666666666
2022-02-01,Combined Risk-Parity,MRK,0.016666666666666666
2022-03-01,Combined Risk-Parity,MRK,0.016666666666666666
2022-04-01,Combined Risk-Parity,MRK,0.016666666666666666
2022-05-02,Combined Risk-Parity,MRK,0.016666666666666666
2022-06-01,Combined Risk-Parity,MRK,0.016666666666666666
2022-07-01,Combined Risk-Parity,MRK,0.016666666666666666
2022-08-01,Combined Risk-Parity,MRK,0.016666666666666666
2022-09-01,Combined Risk-Parity,MRK,0.016666666666666666
2022-10-03,Combined Risk-Parity,MRK,0.016666666666666666
2022-11-01,Combined Risk-Parity,MRK,0.016666666666666666
2022-12-01,Combined Risk-Parity,MRK,0.016666666666666666
2023-01-03,Combined Risk-Parity,MRK,0.016666666666666666
2023-02-01,Combined Risk-Parity,MRK,0.016666666666666666
2023-03-01,Combined Risk-Parity,MRK,0.016666666666666666
2023-04-03,Combined Risk-Parity,MRK,0.016666666666666666
2023-05-01,Combined Risk-Parity,MRK,0.016666666666666666
2023-06-01,Combined Risk-Parity,MRK,0.016666666666666666
2023-07-03,Combined Risk-Parity,MRK,0.016666666666666666
2023-08-01,Combined Risk-Parity,MRK,0.016666666666666666
2023-09-01,Combined Risk-Parity,MRK,0.016666666666666666
2023-10-02,Combined Risk-Parity,MRK,0.016666666666666666
2023-11-01,Combined Risk-Parity,MRK,0.016666666666666666
2023-12-01,Combined Risk-Parity,MRK,0.016666666666666666
2021-01-04,Combined Risk-Parity,MS,0.016666666666666666
2021-02-01,Combined Risk-Parity,MS,0.016666666666666666
2021-03-01,Combined Risk-Parity,MS,0.016666666666666666
2021-04-01,Combined Risk-Parity,MS,0.016666666666666666
2021-05-03,Combined Risk-Parity,MS,0.016666666666666666
2021-06-01,Combined Risk-Parity,MS,0.016666666666666666
2021-07-01,Combined Risk-Parity,MS,0.016666666666666666
2021-08-02,Combined Risk-Parity,MS,0.016666666666666666
2021-09-01,Combined Risk-Parity,MS,0.016666666666666666
2021-10-01,Combined Risk-Parity,MS,0.016666666666666666
2021-11-01,Combined Risk-Parity,MS,0.016666666666666666
2021-12-01,Combined Risk-Parity,MS,0.016666666666666666
2022-01-03,Combined Risk-Parity,MS,0.016666666666666666
2022-02-01,Combined Risk-Parity,MS,0.016666666666666666
2022-03-01,Combined Risk-Parity,MS,0.016666666666666666
2022-04-01,Combined Risk-Parity,MS,0.016666666666666666
2022-05-02,Combined Risk-Parity,MS,0.016666666666666666
2022-06-01,Combined Risk-Parity,MS,0.016666666666666666
2022-07-01,Combined Risk-Parity,MS,0.016666666666666666
2022-08-01,Combined Risk-Parity,MS,0.016666666666666666
2022-09-01,Combined Risk-Parity,MS,0.016666666666666666
2022-10-03,Combined Risk-Parity,MS,0.016666666666666666
2022-11-01,Combined Risk-Parity,MS,0.016666666666666666
2022-12-01,Combined Risk-Parity,MS,0.016666666666666666
2023-01-03,Combined Risk-Parity,MS,0.016666666666666666
2023-02-01,Combined Risk-Parity,MS,0.016666666666666666
2023-03-01,Combined Risk-Parity,MS,0.016666666666666666
2023-04-03,Combined Risk-Parity,MS,0.016666666666666666
2023-05-01,Combined Risk-Parity,MS,0.016666666666666666
2023-06-01,Combined Risk-Parity,MS,0.016666666666666666
2023-07-03,Combined Risk-Parity,MS,0.016666666666666666
2023-08-01,Combined Risk-Parity,MS,0.016666666666666666
2023-09-01,Combined Risk-Parity,MS,0.016666666666666666
2023-10-02,Combined Risk-Parity,MS,0.016666666666666666
2023-11-01,Combined Risk-Parity,MS,0.016666666666666666
2023-12-01,Combined Risk-Parity,MS,0.016666666666666666
2021-01-04,Combined Risk-Parity,NEE,0.016666666666666666
2021-02-01,Combined Risk-Parity,NEE,0.016666666666666666
2021-03-01,Combined Risk-Parity,NEE,0.016666666666666666
2021-04-01,Combined Risk-Parity,NEE,0.016666666666666666
2021-05-03,Combined Risk-Parity,NEE,0.016666666666666666
2021-06-01,Combined Risk-Parity,NEE,0.016666666666666666
2021-07-01,Combined Risk-Parity,NEE,0.016666666666666666
2021-08-02,Combined Risk-Parity,NEE,0.016666666666666666
2021-09-01,Combined Risk-Parity,NEE,0.016666666666666666
2021-10-01,Combined Risk-Parity,NEE,0.016666666666666666
2021-11-01,Combined Risk-Parity,NEE,0.016666666666666666
2021-12-01,Combined Risk-Parity,NEE,0.016666666666666666
2022-01-03,Combined Risk-Parity,NEE,0.016666666666666666
2022-02-01,Combined Risk-Parity,NEE,0.016666666666666666
2022-03-01,Combined Risk-Parity,NEE,0.016666666666666666
2022-04-01,Combined Risk-Parity,NEE,0.016666666666666666
2022-05-02,Combined Risk-Parity,NEE,0.016666666666666666
2022-06-01,Combined Risk-Parity,NEE,0.016666666666666666
2022-07-01,Combined Risk-Parity,NEE,0.016666666666666666
2022-08-01,Combined Risk-Parity,NEE,0.016666666666666666
2022-09-01,Combined Risk-Parity,NEE,0.016666666666666666
2022-10-03,Combined Risk-Parity,NEE,0.016666666666666666
2022-11-01,Combined Risk-Parity,NEE,0.016666666666666666
2022-12-01,Combined Risk-Parity,NEE,0.016666666666666666
2023-01-03,Combined Risk-Parity,NEE,0.016666666666666666
2023-02-01,Combined Risk-Parity,NEE,0.016666666666666666
2023-03-01,Combined Risk-Parity,NEE,0.016666666666666666
2023-04-03,Combined Risk-Parity,NEE,0.016666666666666666
2023-05-01,Combined Risk-Parity,NEE,0.016666666666666666
2023-06-01,Combined Risk-Parity,NEE,0.016666666666666666
2023-07-03,Combined Risk-Parity,NEE,0.016666666666666666
2023-08-01,Combined Risk-Parity,NEE,0.016666666666666666
2023-09-01,Combined Risk-Parity,NEE,0.016666666666666666
2023-10-02,Combined Risk-Parity,NEE,0.016666666666666666
2023-11-01,Combined Risk-Parity,NEE,0.016666666666666666
2023-12-01,Combined Risk-Parity,NEE,0.016666666666666666
2021-01-04,Combined Risk-Parity,NEM,0.016666666666666666
2021-02-01,Combined Risk-Parity,NEM,0.016666666666666666
2021-03-01,Combined Risk-Parity,NEM,0.016666666666666666
2021-04-01,Combined Risk-Parity,NEM,0.016666666666666666
2021-05-03,Combined Risk-Parity,NEM,0.016666666666666666
2021-06-01,Combined Risk-Parity,NEM,0.016666666666666666
2021-07-01,Combined Risk-Parity,NEM,0.016666666666666666
2021-08-02,Combined Risk-Parity,NEM,0.016666666666666666
2021-09-01,Combined Risk-Parity,NEM,0.016666666666666666
2021-10-01,Combined Risk-Parity,NEM,0.016666666666666666
2021-11-01,Combined Risk-Parity,NEM,0.016666666666666666
2021-12-01,Combined Risk-Parity,NEM,0.016666666666666666
2022-01-03,Combined Risk-Parity,NEM,0.016666666666666666
2022-02-01,Combined Risk-Parity,NEM,0.016666666666666666
2022-03-01,Combined Risk-Parity,NEM,0.016666666666666666
2022-04-01,Combined Risk-Parity,NEM,0.016666666666666666
2022-05-02,Combined Risk-Parity,NEM,0.016666666666666666
2022-06-01,Combined Risk-Parity,NEM,0.016666666666666666
2022-07-01,Combined Risk-Parity,NEM,0.016666666666666666
2022-08-01,Combined Risk-Parity,NEM,0.016666666666666666
2022-09-01,Combined Risk-Parity,NEM,0.016666666666666666
2022-10-03,Combined Risk-Parity,NEM,0.016666666666666666
2022-11-01,Combined Risk-Parity,NEM,0.016666666666666666
2022-12-01,Combined Risk-Parity,NEM,0.016666666666666666
2023-01-03,Combined Risk-Parity,NEM,0.016666666666666666
2023-02-01,Combined Risk-Parity,NEM,0.016666666666666666
2023-03-01,Combined Risk-Parity,NEM,0.016666666666666666
2023-04-03,Combined Risk-Parity,NEM,0.016666666666666666
2023-05-01,Combined Risk-Parity,NEM,0.016666666666666666
2023-06-01,Combined Risk-Parity,NEM,0.016666666666666666
2023-07-03,Combined Risk-Parity,NEM,0.016666666666666666
2023-08-01,Combined Risk-Parity,NEM,0.016666666666666666
2023-09-01,Combined Risk-Parity,NEM,0.016666666666666666
2023-10-02,Combined Risk-Parity,NEM,0.016666666666666666
2023-11-01,Combined Risk-Parity,NEM,0.016666666666666666
2023-12-01,Combined Risk-Parity,NEM,0.016666666666666666
2021-01-04,Combined Risk-Parity,NKE,0.016666666666666666
2021-02-01,Combined Risk-Parity,NKE,0.016666666666666666
2021-03-01,Combined Risk-Parity,NKE,0.016666666666666666
2021-04-01,Combined Risk-Parity,NKE,0.016666666666666666
2021-05-03,Combined Risk-Parity,NKE,0.016666666666666666
2021-06-01,Combined Risk-Parity,NKE,0.016666666666666666
2021-07-01,Combined Risk-Parity,NKE,0.016666666666666666
2021-08-02,Combined Risk-Parity,NKE,0.016666666666666666
2021-09-01,Combined Risk-Parity,NKE,0.016666666666666666
2021-10-01,Combined Risk-Parity,NKE,0.016666666666666666
2021-11-01,Combined Risk-Parity,NKE,0.016666666666666666
2021-12-01,Combined Risk-Parity,NKE,0.016666666666666666
2022-01-03,Combined Risk-Parity,NKE,0.016666666666666666
2022-02-01,Combined Risk-Parity,NKE,0.016666666666666666
2022-03-01,Combined Risk-Parity,NKE,0.016666666666666666
2022-04-01,Combined Risk-Parity,NKE,0.016666666666666666
2022-05-02,Combined Risk-Parity,NKE,0.016666666666666666
2022-06-01,Combined Risk-Parity,NKE,0.016666666666666666
2022-07-01,Combined Risk-Parity,NKE,0.016666666666666666
2022-08-01,Combined Risk-Parity,NKE,0.016666666666666666
2022-09-01,Combined Risk-Parity,NKE,0.016666666666666666
2022-10-03,Combined Risk-Parity,NKE,0.016666666666666666
2022-11-01,Combined Risk-Parity,NKE,0.016666666666666666
2022-12-01,Combined Risk-Parity,NKE,0.016666666666666666
2023-01-03,Combined Risk-Parity,NKE,0.016666666666666666
2023-02-01,Combined Risk-Parity,NKE,0.016666666666666666
2023-03-01,Combined Risk-Parity,NKE,0.016666666666666666
2023-04-03,Combined Risk-Parity,NKE,0.016666666666666666
2023-05-01,Combined Risk-Parity,NKE,0.016666666666666666
2023-06-01,Combined Risk-Parity,NKE,0.016666666666666666
2023-07-03,Combined Risk-Parity,NKE,0.016666666666666666
2023-08-01,Combined Risk-Parity,NKE,0.016666666666666666
2023-09-01,Combined Risk-Parity,NKE,0.016666666666666666
2023-10-02,Combined Risk-Parity,NKE,0.016666666666666666
2023-11-01,Combined Risk-Parity,NKE,0.016666666666666666
2023-12-01,Combined Risk-Parity,NKE,0.016666666666666666
2021-01-04,Combined Risk-Parity,NUE,0.016666666666666666
2021-02-01,Combined Risk-Parity,NUE,0.016666666666666666
2021-03-01,Combined Risk-Parity,NUE,0.016666666666666666
2021-04-01,Combined Risk-Parity,NUE,0.016666666666666666
2021-05-03,Combined Risk-Parity,NUE,0.016666666666666666
2021-06-01,Combined Risk-Parity,NUE,0.016666666666666666
2021-07-01,Combined Risk-Parity,NUE,0.016666666666666666
2021-08-02,Combined Risk-Parity,NUE,0.016666666666666666
2021-09-01,Combined Risk-Parity,NUE,0.016666666666666666
2021-10-01,Combined Risk-Parity,NUE,0.016666666666666666
2021-11-01,Combined Risk-Parity,NUE,0.016666666666666666
2021-12-01,Combined Risk-Parity,NUE,0.016666666666666666
2022-01-03,Combined Risk-Parity,NUE,0.016666666666666666
2022-02-01,Combined Risk-Parity,NUE,0.016666666666666666
2022-03-01,Combined Risk-Parity,NUE,0.016666666666666666
2022-04-01,Combined Risk-Parity,NUE,0.016666666666666666
2022-05-02,Combined Risk-Parity,NUE,0.016666666666666666
2022-06-01,Combined Risk-Parity,NUE,0.016666666666666666
2022-07-01,Combined Risk-Parity,NUE,0.016666666666666666
2022-08-01,Combined Risk-Parity,NUE,0.016666666666666666
2022-09-01,Combined Risk-Parity,NUE,0.016666666666666666
2022-10-03,Combined Risk-Parity,NUE,0.016666666666666666
2022-11-01,Combined Risk-Parity,NUE,0.016666666666666666
2022-12-01,Combined Risk-Parity,NUE,0.016666666666666666
2023-01-03,Combined Risk-Parity,NUE,0.016666666666666666
2023-02-01,Combined Risk-Parity,NUE,0.016666666666666666
2023-03-01,Combined Risk-Parity,NUE,0.016666666666666666
2023-04-03,Combined Risk-Parity,NUE,0.016666666666666666
2023-05-01,Combined Risk-Parity,NUE,0.016666666666666666
2023-06-01,Combined Risk-Parity,NUE,0.016666666666666666
2023-07-03,Combined Risk-Parity,NUE,0.016666666666666666
2023-08-01,Combined Risk-Parity,NUE,0.016666666666666666
2023-09-01,Combined Risk-Parity,NUE,0.016666666666666666
2023-10-02,Combined Risk-Parity,NUE,0.016666666666666666
2023-11-01,Combined Risk-Parity,NUE,0.016666666666666666
2023-12-01,Combined Risk-Parity,NUE,0.016666666666666666
2021-01-04,Combined Risk-Parity,NVDA,0.016666666666666666
2021-02-01,Combined Risk-Parity,NVDA,0.016666666666666666
2021-03-01,Combined Risk-Parity,NVDA,0.016666666666666666
2021-04-01,Combined Risk-Parity,NVDA,0.016666666666666666
2021-05-03,Combined Risk-Parity,NVDA,0.016666666666666666
2021-06-01,Combined Risk-Parity,NVDA,0.016666666666666666
2021-07-01,Combined Risk-Parity,NVDA,0.016666666666666666
2021-08-02,Combined Risk-Parity,NVDA,0.016666666666666666
2021-09-01,Combined Risk-Parity,NVDA,0.016666666666666666
2021-10-01,Combined Risk-Parity,NVDA,0.016666666666666666
2021-11-01,Combined Risk-Parity,NVDA,0.016666666666666666
2021-12-01,Combined Risk-Parity,NVDA,0.016666666666666666
2022-01-03,Combined Risk-Parity,NVDA,0.016666666666666666
2022-02-01,Combined Risk-Parity,NVDA,0.016666666666666666
2022-03-01,Combined Risk-Parity,NVDA,0.016666666666666666
2022-04-01,Combined Risk-Parity,NVDA,0.016666666666666666
2022-05-02,Combined Risk-Parity,NVDA,0.016666666666666666
2022-06-01,Combined Risk-Parity,NVDA,0.016666666666666666
2022-07-01,Combined Risk-Parity,NVDA,0.016666666666666666
2022-08-01,Combined Risk-Parity,NVDA,0.016666666666666666
2022-09-01,Combined Risk-Parity,NVDA,0.016666666666666666
2022-10-03,Combined Risk-Parity,NVDA,0.016666666666666666
2022-11-01,Combined Risk-Parity,NVDA,0.016666666666666666
2022-12-01,Combined Risk-Parity,NVDA,0.016666666666666666
2023-01-03,Combined Risk-Parity,NVDA,0.016666666666666666
2023-02-01,Combined Risk-Parity,NVDA,0.016666666666666666
2023-03-01,Combined Risk-Parity,NVDA,0.016666666666666666
2023-04-03,Combined Risk-Parity,NVDA,0.016666666666666666
2023-05-01,Combined Risk-Parity,NVDA,0.016666666666666666
2023-06-01,Combined Risk-Parity,NVDA,0.016666666666666666
2023-07-03,Combined Risk-Parity,NVDA,0.016666666666666666
2023-08-01,Combined Risk-Parity,NVDA,0.016666666666666666
2023-09-01,Combined Risk-Parity,NVDA,0.016666666666666666
2023-10-02,Combined Risk-Parity,NVDA,0.016666666666666666
2023-11-01,Combined Risk-Parity,NVDA,0.016666666666666666
2023-12-01,Combined Risk-Parity,NVDA,0.016666666666666666
2021-01-04,Combined Risk-Parity,O,0.016666666666666666
2021-02-01,Combined Risk-Parity,O,0.016666666666666666
2021-03-01,Combined Risk-Parity,O,0.016666666666666666
2021-04-01,Combined Risk-Parity,O,0.016666666666666666
2021-05-03,Combined Risk-Parity,O,0.016666666666666666
2021-06-01,Combined Risk-Parity,O,0.016666666666666666
2021-07-01,Combined Risk-Parity,O,0.016666666666666666
2021-08-02,Combined Risk-Parity,O,0.016666666666666666
2021-09-01,Combined Risk-Parity,O,0.016666666666666666
2021-10-01,Combined Risk-Parity,O,0.016666666666666666
2021-11-01,Combined Risk-Parity,O,0.016666666666666666
2021-12-01,Combined Risk-Parity,O,0.016666666666666666
2022-01-03,Combined Risk-Parity,O,0.016666666666666666
2022-02-01,Combined Risk-Parity,O,0.016666666666666666
2022-03-01,Combined Risk-Parity,O,0.016666666666666666
2022-04-01,Combined Risk-Parity,O,0.016666666666666666
2022-05-02,Combined Risk-Parity,O,0.016666666666666666
2022-06-01,Combined Risk-Parity,O,0.016666666666666666
2022-07-01,Combined Risk-Parity,O,0.016666666666666666
2022-08-01,Combined Risk-Parity,O,0.016666666666666666
2022-09-01,Combined Risk-Parity,O,0.016666666666666666
2022-10-03,Combined Risk-Parity,O,0.016666666666666666
2022-11-01,Combined Risk-Parity,O,0.016666666666666666
2022-12-01,Combined Risk-Parity,O,0.016666666666666666
2023-01-03,Combined Risk-Parity,O,0.016666666666666666
2023-02-01,Combined Risk-Parity,O,0.016666666666666666
2023-03-01,Combined Risk-Parity,O,0.016666666666666666
2023-04-03,Combined Risk-Parity,O,0.016666666666666666
2023-05-01,Combined Risk-Parity,O,0.016666666666666666
2023-06-01,Combined Risk-Parity,O,0.016666666666666666
2023-07-03,Combined Risk-Parity,O,0.016666666666666666
2023-08-01,Combined Risk-Parity,O,0.016666666666666666
2023-09-01,Combined Risk-Parity,O,0.016666666666666666
2023-10-02,Combined Risk-Parity,O,0.016666666666666666
2023-11-01,Combined Risk-Parity,O,0.016666666666666666
2023-12-01,Combined Risk-Parity,O,0.016666666666666666
2021-01-04,Combined Risk-Parity,OXY,0.016666666666666666
2021-02-01,Combined Risk-Parity,OXY,0.016666666666666666
2021-03-01,Combined Risk-Parity,OXY,0.016666666666666666
2021-04-01,Combined Risk-Parity,OXY,0.016666666666666666
2021-05-03,Combined Risk-Parity,OXY,0.016666666666666666
2021-06-01,Combined Risk-Parity,OXY,0.016666666666666666
2021-07-01,Combined Risk-Parity,OXY,0.016666666666666666
2021-08-02,Combined Risk-Parity,OXY,0.016666666666666666
2021-09-01,Combined Risk-Parity,OXY,0.016666666666666666
2021-10-01,Combined Risk-Parity,OXY,0.016666666666666666
2021-11-01,Combined Risk-Parity,OXY,0.016666666666666666
2021-12-01,Combined Risk-Parity,OXY,0.016666666666666666
2022-01-03,Combined Risk-Parity,OXY,0.016666666666666666
2022-02-01,Combined Risk-Parity,OXY,0.016666666666666666
2022-03-01,Combined Risk-Parity,OXY,0.016666666666666666
2022-04-01,Combined Risk-Parity,OXY,0.016666666666666666
2022-05-02,Combined Risk-Parity,OXY,0.016666666666666666
2022-06-01,Combined Risk-Parity,OXY,0.016666666666666666
2022-07-01,Combined Risk-Parity,OXY,0.016666666666666666
2022-08-01,Combined Risk-Parity,OXY,0.016666666666666666
2022-09-01,Combined Risk-Parity,OXY,0.016666666666666666
2022-10-03,Combined Risk-Parity,OXY,0.016666666666666666
2022-11-01,Combined Risk-Parity,OXY,0.016666666666666666
2022-12-01,Combined Risk-Parity,OXY,0.016666666666666666
2023-01-03,Combined Risk-Parity,OXY,0.016666666666666666
2023-02-01,Combined Risk-Parity,OXY,0.016666666666666666
2023-03-01,Combined Risk-Parity,OXY,0.016666666666666666
2023-04-03,Combined Risk-Parity,OXY,0.016666666666666666
2023-05-01,Combined Risk-Parity,OXY,0.016666666666666666
2023-06-01,Combined Risk-Parity,OXY,0.016666666666666666
2023-07-03,Combined Risk-Parity,OXY,0.016666666666666666
2023-08-01,Combined Risk-Parity,OXY,0.016666666666666666
2023-09-01,Combined Risk-Parity,OXY,0.016666666666666666
2023-10-02,Combined Risk-Parity,OXY,0.016666666666666666
2023-11-01,Combined Risk-Parity,OXY,0.016666666666666666
2023-12-01,Combined Risk-Parity,OXY,0.016666666666666666
2021-01-04,Combined Risk-Parity,PLD,0.016666666666666666
2021-02-01,Combined Risk-Parity,PLD,0.016666666666666666
2021-03-01,Combined Risk-Parity,PLD,0.016666666666666666
2021-04-01,Combined Risk-Parity,PLD,0.016666666666666666
2021-05-03,Combined Risk-Parity,PLD,0.016666666666666666
2021-06-01,Combined Risk-Parity,PLD,0.016666666666666666
2021-07-01,Combined Risk-Parity,PLD,0.016666666666666666
2021-08-02,Combined Risk-Parity,PLD,0.016666666666666666
2021-09-01,Combined Risk-Parity,PLD,0.016666666666666666
2021-10-01,Combined Risk-Parity,PLD,0.016666666666666666
2021-11-01,Combined Risk-Parity,PLD,0.016666666666666666
2021-12-01,Combined Risk-Parity,PLD,0.016666666666666666
2022-01-03,Combined Risk-Parity,PLD,0.016666666666666666
2022-02-01,Combined Risk-Parity,PLD,0.016666666666666666
2022-03-01,Combined Risk-Parity,PLD,0.016666666666666666
2022-04-01,Combined Risk-Parity,PLD,0.016666666666666666
2022-05-02,Combined Risk-Parity,PLD,0.016666666666666666
2022-06-01,Combined Risk-Parity,PLD,0.016666666666666666
2022-07-01,Combined Risk-Parity,PLD,0.016666666666666666
2022-08-01,Combined Risk-Parity,PLD,0.016666666666666666
2022-09-01,Combined Risk-Parity,PLD,0.016666666666666666
2022-10-03,Combined Risk-Parity,PLD,0.016666666666666666
2022-11-01,Combined Risk-Parity,PLD,0.016666666666666666
2022-12-01,Combined Risk-Parity,PLD,0.016666666666666666
2023-01-03,Combined Risk-Parity,PLD,0.016666666666666666
2023-02-01,Combined Risk-Parity,PLD,0.016666666666666666
2023-03-01,Combined Risk-Parity,PLD,0.016666666666666666
2023-04-03,Combined Risk-Parity,PLD,0.016666666666666666
2023-05-01,Combined Risk-Parity,PLD,0.016666666666666666
2023-06-01,Combined Risk-Parity,PLD,0.016666666666666666
2023-07-03,Combined Risk-Parity,PLD,0.016666666666666666
2023-08-01,Combined Risk-Parity,PLD,0.016666666666666666
2023-09-01,Combined Risk-Parity,PLD,0.016666666666666666
2023-10-02,Combined Risk-Parity,PLD,0.016666666666666666
2023-11-01,Combined Risk-Parity,PLD,0.016666666666666666
2023-12-01,Combined Risk-Parity,PLD,0.016666666666666666
2021-01-04,Combined Risk-Parity,PSA,0.016666666666666666
2021-02-01,Combined Risk-Parity,PSA,0.016666666666666666
2021-03-01,Combined Risk-Parity,PSA,0.016666666666666666
2021-04-01,Combined Risk-Parity,PSA,0.016666666666666666
2021-05-03,Combined Risk-Parity,PSA,0.016666666666666666
2021-06-01,Combined Risk-Parity,PSA,0.016666666666666666
2021-07-01,Combined Risk-Parity,PSA,0.016666666666666666
2021-08-02,Combined Risk-Parity,PSA,0.016666666666666666
2021-09-01,Combined Risk-Parity,PSA,0.016666666666666666
2021-10-01,Combined Risk-Parity,PSA,0.016666666666666666
2021-11-01,Combined Risk-Parity,PSA,0.016666666666666666
2021-12-01,Combined Risk-Parity,PSA,0.016666666666666666
2022-01-03,Combined Risk-Parity,PSA,0.016666666666666666
2022-02-01,Combined Risk-Parity,PSA,0.016666666666666666
2022-03-01,Combined Risk-Parity,PSA,0.016666666666666666
2022-04-01,Combined Risk-Parity,PSA,0.016666666666666666
2022-05-02,Combined Risk-Parity,PSA,0.016666666666666666
2022-06-01,Combined Risk-Parity,PSA,0.016666666666666666
2022-07-01,Combined Risk-Parity,PSA,0.016666666666666666
2022-08-01,Combined Risk-Parity,PSA,0.016666666666666666
2022-09-01,Combined Risk-Parity,PSA,0.016666666666666666
2022-10-03,Combined Risk-Parity,PSA,0.016666666666666666
2022-11-01,Combined Risk-Parity,PSA,0.016666666666666666
2022-12-01,Combined Risk-Parity,PSA,0.016666666666666666
2023-01-03,Combined Risk-Parity,PSA,0.016666666666666666
2023-02-01,Combined Risk-Parity,PSA,0.016666666666666666
2023-03-01,Combined Risk-Parity,PSA,0.016666666666666666
2023-04-03,Combined Risk-Parity,PSA,0.016666666666666666
2023-05-01,Combined Risk-Parity,PSA,0.016666666666666666
2023-06-01,Combined Risk-Parity,PSA,0.016666666666666666
2023-07-03,Combined Risk-Parity,PSA,0.016666666666666666
2023-08-01,Combined Risk-Parity,PSA,0.016666666666666666
2023-09-01,Combined Risk-Parity,PSA,0.016666666666666666
2023-10-02,Combined Risk-Parity,PSA,0.016666666666666666
2023-11-01,Combined Risk-Parity,PSA,0.016666666666666666
2023-12-01,Combined Risk-Parity,PSA,0.016666666666666666
2021-01-04,Combined Risk-Parity,QCOM,0.016666666666666666
2021-02-01,Combined Risk-Parity,QCOM,0.016666666666666666
2021-03-01,Combined Risk-Parity,QCOM,0.016666666666666666
2021-04-01,Combined Risk-Parity,QCOM,0.016666666666666666
2021-05-03,Combined Risk-Parity,QCOM,0.016666666666666666
2021-06-01,Combined Risk-Parity,QCOM,0.016666666666666666
2021-07-01,Combined Risk-Parity,QCOM,0.016666666666666666
2021-08-02,Combined Risk-Parity,QCOM,0.016666666666666666
2021-09-01,Combined Risk-Parity,QCOM,0.016666666666666666
2021-10-01,Combined Risk-Parity,QCOM,0.016666666666666666
2021-11-01,Combined Risk-Parity,QCOM,0.016666666666666666
2021-12-01,Combined Risk-Parity,QCOM,0.016666666666666666
2022-01-03,Combined Risk-Parity,QCOM,0.016666666666666666
2022-02-01,Combined Risk-Parity,QCOM,0.016666666666666666
2022-03-01,Combined Risk-Parity,QCOM,0.016666666666666666
2022-04-01,Combined Risk-Parity,QCOM,0.016666666666666666
2022-05-02,Combined Risk-Parity,QCOM,0.016666666666666666
2022-06-01,Combined Risk-Parity,QCOM,0.016666666666666666
2022-07-01,Combined Risk-Parity,QCOM,0.016666666666666666
2022-08-01,Combined Risk-Parity,QCOM,0.016666666666666666
2022-09-01,Combined Risk-Parity,QCOM,0.016666666666666666
2022-10-03,Combined Risk-Parity,QCOM,0.016666666666666666
2022-11-01,Combined Risk-Parity,QCOM,0.016666666666666666
2022-12-01,Combined Risk-Parity,QCOM,0.016666666666666666
2023-01-03,Combined Risk-Parity,QCOM,0.016666666666666666
2023-02-01,Combined Risk-Parity,QCOM,0.016666666666666666
2023-03-01,Combined Risk-Parity,QCOM,0.016666666666666666
2023-04-03,Combined Risk-Parity,QCOM,0.016666666666666666
2023-05-01,Combined Risk-Parity,QCOM,0.016666666666666666
2023-06-01,Combined Risk-Parity,QCOM,0.016666666666666666
2023-07-03,Combined Risk-Parity,QCOM,0.016666666666666666
2023-08-01,Combined Risk-Parity,QCOM,0.016666666666666666
2023-09-01,Combined Risk-Parity,QCOM,0.016666666666666666
2023-10-02,Combined Risk-Parity,QCOM,0.016666666666666666
2023-11-01,Combined Risk-Parity,QCOM,0.016666666666666666
2023-12-01,Combined Risk-Parity,QCOM,0.016666666666666666
2021-01-04,Combined Risk-Parity,SBUX,0.016666666666666666
2021-02-01,Combined Risk-Parity,SBUX,0.016666666666666666
2021-03-01,Combined Risk-Parity,SBUX,0.016666666666666666
2021-04-01,Combined Risk-Parity,SBUX,0.016666666666666666
2021-05-03,Combined Risk-Parity,SBUX,0.016666666666666666
2021-06-01,Combined Risk-Parity,SBUX,0.016666666666666666
2021-07-01,Combined Risk-Parity,SBUX,0.016666666666666666
2021-08-02,Combined Risk-Parity,SBUX,0.016666666666666666
2021-09-01,Combined Risk-Parity,SBUX,0.016666666666666666
2021-10-01,Combined Risk-Parity,SBUX,0.016666666666666666
2021-11-01,Combined Risk-Parity,SBUX,0.016666666666666666
2021-12-01,Combined Risk-Parity,SBUX,0.016666666666666666
2022-01-03,Combined Risk-Parity,SBUX,0.016666666666666666
2022-02-01,Combined Risk-Parity,SBUX,0.016666666666666666
2022-03-01,Combined Risk-Parity,SBUX,0.016666666666666666
2022-04-01,Combined Risk-Parity,SBUX,0.016666666666666666
2022-05-02,Combined Risk-Parity,SBUX,0.016666666666666666
2022-06-01,Combined Risk-Parity,SBUX,0.016666666666666666
2022-07-01,Combined Risk-Parity,SBUX,0.016666666666666666
2022-08-01,Combined Risk-Parity,SBUX,0.016666666666666666
2022-09-01,Combined Risk-Parity,SBUX,0.016666666666666666
2022-10-03,Combined Risk-Parity,SBUX,0.016666666666666666
2022-11-01,Combined Risk-Parity,SBUX,0.016666666666666666
2022-12-01,Combined Risk-Parity,SBUX,0.016666666666666666
2023-01-03,Combined Risk-Parity,SBUX,0.016666666666666666
2023-02-01,Combined Risk-Parity,SBUX,0.016666666666666666
2023-03-01,Combined Risk-Parity,SBUX,0.016666666666666666
2023-04-03,Combined Risk-Parity,SBUX,0.016666666666666666
2023-05-01,Combined Risk-Parity,SBUX,0.016666666666666666
2023-06-01,Combined Risk-Parity,SBUX,0.016666666666666666
2023-07-03,Combined Risk-Parity,SBUX,0.016666666666666666
2023-08-01,Combined Risk-Parity,SBUX,0.016666666666666666
2023-09-01,Combined Risk-Parity,SBUX,0.016666666666666666
2023-10-02,Combined Risk-Parity,SBUX,0.016666666666666666
2023-11-01,Combined Risk-Parity,SBUX,0.016666666666666666
2023-12-01,Combined Risk-Parity,SBUX,0.016666666666666666
2021-01-04,Combined Risk-Parity,SHW,0.016666666666666666
2021-02-01,Combined Risk-Parity,SHW,0.016666666666666666
2021-03-01,Combined Risk-Parity,SHW,0.016666666666666666
2021-04-01,Combined Risk-Parity,SHW,0.016666666666666666
2021-05-03,Combined Risk-Parity,SHW,0.016666666666666666
2021-06-01,Combined Risk-Parity,SHW,0.016666666666666666
2021-07-01,Combined Risk-Parity,SHW,0.016666666666666666
2021-08-02,Combined Risk-Parity,SHW,0.016666666666666666
2021-09-01,Combined Risk-Parity,SHW,0.016666666666666666
2021-10-01,Combined Risk-Parity,SHW,0.016666666666666666
2021-11-01,Combined Risk-Parity,SHW,0.016666666666666666
2021-12-01,Combined Risk-Parity,SHW,0.016666666666666666
2022-01-03,Combined Risk-Parity,SHW,0.016666666666666666
2022-02-01,Combined Risk-Parity,SHW,0.016666666666666666
2022-03-01,Combined Risk-Parity,SHW,0.016666666666666666
2022-04-01,Combined Risk-Parity,SHW,0.016666666666666666
2022-05-02,Combined Risk-Parity,SHW,0.016666666666666666
2022-06-01,Combined Risk-Parity,SHW,0.016666666666666666
2022-07-01,Combined Risk-Parity,SHW,0.016666666666666666
2022-08-01,Combined Risk-Parity,SHW,0.016666666666666666
2022-09-01,Combined Risk-Parity,SHW,0.016666666666666666
2022-10-03,Combined Risk-Parity,SHW,0.016666666666666666
2022-11-01,Combined Risk-Parity,SHW,0.016666666666666666
2022-12-01,Combined Risk-Parity,SHW,0.016666666666666666
2023-01-03,Combined Risk-Parity,SHW,0.016666666666666666
2023-02-01,Combined Risk-Parity,SHW,0.016666666666666666
2023-03-01,Combined Risk-Parity,SHW,0.016666666666666666
2023-04-03,Combined Risk-Parity,SHW,0.016666666666666666
2023-05-01,Combined Risk-Parity,SHW,0.016666666666666666
2023-06-01,Combined Risk-Parity,SHW,0.016666666666666666
2023-07-03,Combined Risk-Parity,SHW,0.016666666666666666
2023-08-01,Combined Risk-Parity,SHW,0.016666666666666666
2023-09-01,Combined Risk-Parity,SHW,0.016666666666666666
2023-10-02,Combined Risk-Parity,SHW,0.016666666666666666
2023-11-01,Combined Risk-Parity,SHW,0.016666666666666666
2023-12-01,Combined Risk-Parity,SHW,0.016666666666666666
2021-01-04,Combined Risk-Parity,SLB,0.016666666666666666
2021-02-01,Combined Risk-Parity,SLB,0.016666666666666666
2021-03-01,Combined Risk-Parity,SLB,0.016666666666666666
2021-04-01,Combined Risk-Parity,SLB,0.016666666666666666
2021-05-03,Combined Risk-Parity,SLB,0.016666666666666666
2021-06-01,Combined Risk-Parity,SLB,0.016666666666666666
2021-07-01,Combined Risk-Parity,SLB,0.016666666666666666
2021-08-02,Combined Risk-Parity,SLB,0.016666666666666666
2021-09-01,Combined Risk-Parity,SLB,0.016666666666666666
2021-10-01,Combined Risk-Parity,SLB,0.016666666666666666
2021-11-01,Combined Risk-Parity,SLB,0.016666666666666666
2021-12-01,Combined Risk-Parity,SLB,0.016666666666666666
2022-01-03,Combined Risk-Parity,SLB,0.016666666666666666
2022-02-01,Combined Risk-Parity,SLB,0.016666666666666666
2022-03-01,Combined Risk-Parity,SLB,0.016666666666666666
2022-04-01,Combined Risk-Parity,SLB,0.016666666666666666
2022-05-02,Combined Risk-Parity,SLB,0.016666666666666666
2022-06-01,Combined Risk-Parity,SLB,0.016666666666666666
2022-07-01,Combined Risk-Parity,SLB,0.016666666666666666
2022-08-01,Combined Risk-Parity,SLB,0.016666666666666666
2022-09-01,Combined Risk-Parity,SLB,0.016666666666666666
2022-10-03,Combined Risk-Parity,SLB,0.016666666666666666
2022-11-01,Combined Risk-Parity,SLB,0.016666666666666666
2022-12-01,Combined Risk-Parity,SLB,0.016666666666666666
2023-01-03,Combined Risk-Parity,SLB,0.016666666666666666
2023-02-01,Combined Risk-Parity,SLB,0.016666666666666666
2023-03-01,Combined Risk-Parity,SLB,0.016666666666666666
2023-04-03,Combined Risk-Parity,SLB,0.016666666666666666
2023-05-01,Combined Risk-Parity,SLB,0.016666666666666666
2023-06-01,Combined Risk-Parity,SLB,0.016666666666666666
2023-07-03,Combined Risk-Parity,SLB,0.016666666666666666
2023-08-01,Combined Risk-Parity,SLB,0.016666666666666666
2023-09-01,Combined Risk-Parity,SLB,0.016666666666666666
2023-10-02,Combined Risk-Parity,SLB,0.016666666666666666
2023-11-01,Combined Risk-Parity,SLB,0.016666666666666666
2023-12-01,Combined Risk-Parity,SLB,0.016666666666666666
2021-01-04,Combined Risk-Parity,SO,0.016666666666666666
2021-02-01,Combined Risk-Parity,SO,0.016666666666666666
2021-03-01,Combined Risk-Parity,SO,0.016666666666666666
2021-04-01,Combined Risk-Parity,SO,0.016666666666666666
2021-05-03,Combined Risk-Parity,SO,0.016666666666666666
2021-06-01,Combined Risk-Parity,SO,0.016666666666666666
2021-07-01,Combined Risk-Parity,SO,0.016666666666666666
2021-08-02,Combined Risk-Parity,SO,0.016666666666666666
2021-09-01,Combined Risk-Parity,SO,0.016666666666666666
2021-10-01,Combined Risk-Parity,SO,0.016666666666666666
2021-11-01,Combined Risk-Parity,SO,0.016666666666666666
2021-12-01,Combined Risk-Parity,SO,0.016666666666666666
2022-01-03,Combined Risk-Parity,SO,0.016666666666666666
2022-02-01,Combined Risk-Parity,SO,0.016666666666666666
2022-03-01,Combined Risk-Parity,SO,0.016666666666666666
2022-04-01,Combined Risk-Parity,SO,0.016666666666666666
2022-05-02,Combined Risk-Parity,SO,0.016666666666666666
2022-06-01,Combined Risk-Parity,SO,0.016666666666666666
2022-07-01,Combined Risk-Parity,SO,0.016666666666666666
2022-08-01,Combined Risk-Parity,SO,0.016666666666666666
2022-09-01,Combined Risk-Parity,SO,0.016666666666666666
2022-10-03,Combined Risk-Parity,SO,0.016666666666666666
2022-11-01,Combined Risk-Parity,SO,0.016666666666666666
2022-12-01,Combined Risk-Parity,SO,0.016666666666666666
2023-01-03,Combined Risk-Parity,SO,0.016666666666666666
2023-02-01,Combined Risk-Parity,SO,0.016666666666666666
2023-03-01,Combined Risk-Parity,SO,0.016666666666666666
2023-04-03,Combined Risk-Parity,SO,0.016666666666666666
2023-05-01,Combined Risk-Parity,SO,0.016666666666666666
2023-06-01,Combined Risk-Parity,SO,0.016666666666666666
2023-07-03,Combined Risk-Parity,SO,0.016666666666666666
2023-08-01,Combined Risk-Parity,SO,0.016666666666666666
2023-09-01,Combined Risk-Parity,SO,0.016666666666666666
2023-10-02,Combined Risk-Parity,SO,0.016666666666666666
2023-11-01,Combined Risk-Parity,SO,0.016666666666666666
2023-12-01,Combined Risk-Parity,SO,0.016666666666666666
2021-01-04,Combined Risk-Parity,T,0.016666666666666666
2021-02-01,Combined Risk-Parity,T,0.016666666666666666
2021-03-01,Combined Risk-Parity,T,0.016666666666666666
2021-04-01,Combined Risk-Parity,T,0.016666666666666666
2021-05-03,Combined Risk-Parity,T,0.016666666666666666
2021-06-01,Combined Risk-Parity,T,0.016666666666666666
2021-07-01,Combined Risk-Parity,T,0.016666666666666666
2021-08-02,Combined Risk-Parity,T,0.016666666666666666
2021-09-01,Combined Risk-Parity,T,0.016666666666666666
2021-10-01,Combined Risk-Parity,T,0.016666666666666666
2021-11-01,Combined Risk-Parity,T,0.016666666666666666
2021-12-01,Combined Risk-Parity,T,0.016666666666666666
2022-01-03,Combined Risk-Parity,T,0.016666666666666666
2022-02-01,Combined Risk-Parity,T,0.016666666666666666
2022-03-01,Combined Risk-Parity,T,0.016666666666666666
2022-04-01,Combined Risk-Parity,T,0.016666666666666666
2022-05-02,Combined Risk-Parity,T,0.016666666666666666
2022-06-01,Combined Risk-Parity,T,0.016666666666666666
2022-07-01,Combined Risk-Parity,T,0.016666666666666666
2022-08-01,Combined Risk-Parity,T,0.016666666666666666
2022-09-01,Combined Risk-Parity,T,0.016666666666666666
2022-10-03,Combined Risk-Parity,T,0.016666666666666666
2022-11-01,Combined Risk-Parity,T,0.016666666666666666
2022-12-01,Combined Risk-Parity,T,0.016666666666666666
2023-01-03,Combined Risk-Parity,T,0.016666666666666666
2023-02-01,Combined Risk-Parity,T,0.016666666666666666
2023-03-01,Combined Risk-Parity,T,0.016666666666666666
2023-04-03,Combined Risk-Parity,T,0.016666666666666666
2023-05-01,Combined Risk-Parity,T,0.016666666666666666
2023-06-01,Combined Risk-Parity,T,0.016666666666666666
2023-07-03,Combined Risk-Parity,T,0.016666666666666666
2023-08-01,Combined Risk-Parity,T,0.016666666666666666
2023-09-01,Combined Risk-Parity,T,0.016666666666666666
2023-10-02,Combined Risk-Parity,T,0.016666666666666666
2023-11-01,Combined Risk-Parity,T,0.016666666666666666
2023-12-01,Combined Risk-Parity,T,0.016666666666666666
2021-01-04,Combined Risk-Parity,TMUS,0.016666666666666666
2021-02-01,Combined Risk-Parity,TMUS,0.016666666666666666
2021-03-01,Combined Risk-Parity,TMUS,0.016666666666666666
2021-04-01,Combined Risk-Parity,TMUS,0.016666666666666666
2021-05-03,Combined Risk-Parity,TMUS,0.016666666666666666
2021-06-01,Combined Risk-Parity,TMUS,0.016666666666666666
2021-07-01,Combined Risk-Parity,TMUS,0.016666666666666666
2021-08-02,Combined Risk-Parity,TMUS,0.016666666666666666
2021-09-01,Combined Risk-Parity,TMUS,0.016666666666666666
2021-10-01,Combined Risk-Parity,TMUS,0.016666666666666666
2021-11-01,Combined Risk-Parity,TMUS,0.016666666666666666
2021-12-01,Combined Risk-Parity,TMUS,0.016666666666666666
2022-01-03,Combined Risk-Parity,TMUS,0.016666666666666666
2022-02-01,Combined Risk-Parity,TMUS,0.016666666666666666
2022-03-01,Combined Risk-Parity,TMUS,0.016666666666666666
2022-04-01,Combined Risk-Parity,TMUS,0.016666666666666666
2022-05-02,Combined Risk-Parity,TMUS,0.016666666666666666
2022-06-01,Combined Risk-Parity,TMUS,0.016666666666666666
2022-07-01,Combined Risk-Parity,TMUS,0.016666666666666666
2022-08-01,Combined Risk-Parity,TMUS,0.016666666666666666
2022-09-01,Combined Risk-Parity,TMUS,0.016666666666666666
2022-10-03,Combined Risk-Parity,TMUS,0.016666666666666666
2022-11-01,Combined Risk-Parity,TMUS,0.016666666666666666
2022-12-01,Combined Risk-Parity,TMUS,0.016666666666666666
2023-01-03,Combined Risk-Parity,TMUS,0.016666666666666666
2023-02-01,Combined Risk-Parity,TMUS,0.016666666666666666
2023-03-01,Combined Risk-Parity,TMUS,0.016666666666666666
2023-04-03,Combined Risk-Parity,TMUS,0.016666666666666666
2023-05-01,Combined Risk-Parity,TMUS,0.016666666666666666
2023-06-01,Combined Risk-Parity,TMUS,0.016666666666666666
2023-07-03,Combined Risk-Parity,TMUS,0.016666666666666666
2023-08-01,Combined Risk-Parity,TMUS,0.016666666666666666
2023-09-01,Combined Risk-Parity,TMUS,0.016666666666666666
2023-10-02,Combined Risk-Parity,TMUS,0.016666666666666666
2023-11-01,Combined Risk-Parity,TMUS,0.016666666666666666
2023-12-01,Combined Risk-Parity,TMUS,0.016666666666666666
2021-01-04,Combined Risk-Parity,TRX-USD,0.016666666666666666
2021-02-01,Combined Risk-Parity,TRX-USD,0.016666666666666666
2021-03-01,Combined Risk-Parity,TRX-USD,0.016666666666666666
2021-04-01,Combined Risk-Parity,TRX-USD,0.016666666666666666
2021-05-03,Combined Risk-Parity,TRX-USD,0.016666666666666666
2021-06-01,Combined Risk-Parity,TRX-USD,0.016666666666666666
2021-07-01,Combined Risk-Parity,TRX-USD,0.016666666666666666
2021-08-02,Combined Risk-Parity,TRX-USD,0.016666666666666666
2021-09-01,Combined Risk-Parity,TRX-USD,0.016666666666666666
2021-10-01,Combined Risk-Parity,TRX-USD,0.016666666666666666
2021-11-01,Combined Risk-Parity,TRX-USD,0.016666666666666666
2021-12-01,Combined Risk-Parity,TRX-USD,0.016666666666666666
2022-01-03,Combined Risk-Parity,TRX-USD,0.016666666666666666
2022-02-01,Combined Risk-Parity,TRX-USD,0.016666666666666666
2022-03-01,Combined Risk-Parity,TRX-USD,0.016666666666666666
2022-04-01,Combined Risk-Parity,TRX-USD,0.016666666666666666
2022-05-02,Combined Risk-Parity,TRX-USD,0.016666666666666666
2022-06-01,Combined Risk-Parity,TRX-USD,0.016666666666666666
2022-07-01,Combined Risk-Parity,TRX-USD,0.016666666666666666
2022-08-01,Combined Risk-Parity,TRX-USD,0.016666666666666666
2022-09-01,Combined Risk-Parity,TRX-USD,0.016666666666666666
2022-10-03,Combined Risk-Parity,TRX-USD,0.016666666666666666
2022-11-01,Combined Risk-Parity,TRX-USD,0.016666666666666666
2022-12-01,Combined Risk-Parity,TRX-USD,0.016666666666666666
2023-01-03,Combined Risk-Parity,TRX-USD,0.016666666666666666
2023-02-01,Combined Risk-Parity,TRX-USD,0.016666666666666666
2023-03-01,Combined Risk-Parity,TRX-USD,0.016666666666666666
2023-04-03,Combined Risk-Parity,TRX-USD,0.016666666666666666
2023-05-01,Combined Risk-Parity,TRX-USD,0.016666666666666666
2023-06-01,Combined Risk-Parity,TRX-USD,0.016666666666666666
2023-07-03,Combined Risk-Parity,TRX-USD,0.016666666666666666
2023-08-01,Combined Risk-Parity,TRX-USD,0.016666666666666666
2023-09-01,Combined Risk-Parity,TRX-USD,0.016666666666666666
2023-10-02,Combined Risk-Parity,TRX-USD,0.016666666666666666
2023-11-01,Combined Risk-Parity,TRX-USD,0.016666666666666666
2023-12-01,Combined Risk-Parity,TRX-USD,0.016666666666666666
2021-01-04,Combined Risk-Parity,TTWO,0.016666666666666666
2021-02-01,Combined Risk-Parity,TTWO,0.016666666666666666
2021-03-01,Combined Risk-Parity,TTWO,0.016666666666666666
2021-04-01,Combined Risk-Parity,TTWO,0.016666666666666666
2021-05-03,Combined Risk-Parity,TTWO,0.016666666666666666
2021-06-01,Combined Risk-Parity,TTWO,0.016666666666666666
2021-07-01,Combined Risk-Parity,TTWO,0.016666666666666666
2021-08-02,Combined Risk-Parity,TTWO,0.016666666666666666
2021-09-01,Combined Risk-Parity,TTWO,0.016666666666666666
2021-10-01,Combined Risk-Parity,TTWO,0.016666666666666666
2021-11-01,Combined Risk-Parity,TTWO,0.016666666666666666
2021-12-01,Combined Risk-Parity,TTWO,0.016666666666666666
2022-01-03,Combined Risk-Parity,TTWO,0.016666666666666666
2022-02-01,Combined Risk-Parity,TTWO,0.016666666666666666
2022-03-01,Combined Risk-Parity,TTWO,0.016666666666666666
2022-04-01,Combined Risk-Parity,TTWO,0.016666666666666666
2022-05-02,Combined Risk-Parity,TTWO,0.016666666666666666
2022-06-01,Combined Risk-Parity,TTWO,0.016666666666666666
2022-07-01,Combined Risk-Parity,TTWO,0.016666666666666666
2022-08-01,Combined Risk-Parity,TTWO,0.016666666666666666
2022-09-01,Combined Risk-Parity,TTWO,0.016666666666666666
2022-10-03,Combined Risk-Parity,TTWO,0.016666666666666666
2022-11-01,Combined Risk-Parity,TTWO,0.016666666666666666
2022-12-01,Combined Risk-Parity,TTWO,0.016666666666666666
2023-01-03,Combined Risk-Parity,TTWO,0.016666666666666666
2023-02-01,Combined Risk-Parity,TTWO,0.016666666666666666
2023-03-01,Combined Risk-Parity,TTWO,0.016666666666666666
2023-04-03,Combined Risk-Parity,TTWO,0.016666666666666666
2023-05-01,Combined Risk-Parity,TTWO,0.016666666666666666
2023-06-01,Combined Risk-Parity,TTWO,0.016666666666666666
2023-07-03,Combined Risk-Parity,TTWO,0.016666666666666666
2023-08-01,Combined Risk-Parity,TTWO,0.016666666666666666
2023-09-01,Combined Risk-Parity,TTWO,0.016666666666666666
2023-10-02,Combined Risk-Parity,TTWO,0.016666666666666666
2023-11-01,Combined Risk-Parity,TTWO,0.016666666666666666
2023-12-01,Combined Risk-Parity,TTWO,0.016666666666666666
2021-01-04,Combined Risk-Parity,UPS,0.016666666666666666
2021-02-01,Combined Risk-Parity,UPS,0.016666666666666666
2021-03-01,Combined Risk-Parity,UPS,0.016666666666666666
2021-04-01,Combined Risk-Parity,UPS,0.016666666666666666
2021-05-03,Combined Risk-Parity,UPS,0.016666666666666666
2021-06-01,Combined Risk-Parity,UPS,0.016666666666666666
2021-07-01,Combined Risk-Parity,UPS,0.016666666666666666
2021-08-02,Combined Risk-Parity,UPS,0.016666666666666666
2021-09-01,Combined Risk-Parity,UPS,0.016666666666666666
2021-10-01,Combined Risk-Parity,UPS,0.016666666666666666
2021-11-01,Combined Risk-Parity,UPS,0.016666666666666666
2021-12-01,Combined Risk-Parity,UPS,0.016666666666666666
2022-01-03,Combined Risk-Parity,UPS,0.016666666666666666
2022-02-01,Combined Risk-Parity,UPS,0.016666666666666666
2022-03-01,Combined Risk-Parity,UPS,0.016666666666666666
2022-04-01,Combined Risk-Parity,UPS,0.016666666666666666
2022-05-02,Combined Risk-Parity,UPS,0.016666666666666666
2022-06-01,Combined Risk-Parity,UPS,0.016666666666666666
2022-07-01,Combined Risk-Parity,UPS,0.016666666666666666
2022-08-01,Combined Risk-Parity,UPS,0.016666666666666666
2022-09-01,Combined Risk-Parity,UPS,0.016666666666666666
2022-10-03,Combined Risk-Parity,UPS,0.016666666666666666
2022-11-01,Combined Risk-Parity,UPS,0.016666666666666666
2022-12-01,Combined Risk-Parity,UPS,0.016666666666666666
2023-01-03,Combined Risk-Parity,UPS,0.016666666666666666
2023-02-01,Combined Risk-Parity,UPS,0.016666666666666666
2023-03-01,Combined Risk-Parity,UPS,0.016666666666666666
2023-04-03,Combined Risk-Parity,UPS,0.016666666666666666
2023-05-01,Combined Risk-Parity,UPS,0.016666666666666666
2023-06-01,Combined Risk-Parity,UPS,0.016666666666666666
2023-07-03,Combined Risk-Parity,UPS,0.016666666666666666
2023-08-01,Combined Risk-Parity,UPS,0.016666666666666666
2023-09-01,Combined Risk-Parity,UPS,0.016666666666666666
2023-10-02,Combined Risk-Parity,UPS,0.016666666666666666
2023-11-01,Combined Risk-Parity,UPS,0.016666666666666666
2023-12-01,Combined Risk-Parity,UPS,0.016666666666666666
2021-01-04,Combined Risk-Parity,USB,0.016666666666666666
2021-02-01,Combined Risk-Parity,USB,0.016666666666666666
2021-03-01,Combined Risk-Parity,USB,0.016666666666666666
2021-04-01,Combined Risk-Parity,USB,0.016666666666666666
2021-05-03,Combined Risk-Parity,USB,0.016666666666666666
2021-06-01,Combined Risk-Parity,USB,0.016666666666666666
2021-07-01,Combined Risk-Parity,USB,0.016666666666666666
2021-08-02,Combined Risk-Parity,USB,0.016666666666666666
2021-09-01,Combined Risk-Parity,USB,0.016666666666666666
2021-10-01,Combined Risk-Parity,USB,0.016666666666666666
2021-11-01,Combined Risk-Parity,USB,0.016666666666666666
2021-12-01,Combined Risk-Parity,USB,0.016666666666666666
2022-01-03,Combined Risk-Parity,USB,0.016666666666666666
2022-02-01,Combined Risk-Parity,USB,0.016666666666666666
2022-03-01,Combined Risk-Parity,USB,0.016666666666666666
2022-04-01,Combined Risk-Parity,USB,0.016666666666666666
2022-05-02,Combined Risk-Parity,USB,0.016666666666666666
2022-06-01,Combined Risk-Parity,USB,0.016666666666666666
2022-07-01,Combined Risk-Parity,USB,0.016666666666666666
2022-08-01,Combined Risk-Parity,USB,0.016666666666666666
2022-09-01,Combined Risk-Parity,USB,0.016666666666666666
2022-10-03,Combined Risk-Parity,USB,0.016666666666666666
2022-11-01,Combined Risk-Parity,USB,0.016666666666666666
2022-12-01,Combined Risk-Parity,USB,0.016666666666666666
2023-01-03,Combined Risk-Parity,USB,0.016666666666666666
2023-02-01,Combined Risk-Parity,USB,0.016666666666666666
2023-03-01,Combined Risk-Parity,USB,0.016666666666666666
2023-04-03,Combined Risk-Parity,USB,0.016666666666666666
2023-05-01,Combined Risk-Parity,USB,0.016666666666666666
2023-06-01,Combined Risk-Parity,USB,0.016666666666666666
2023-07-03,Combined Risk-Parity,USB,0.016666666666666666
2023-08-01,Combined Risk-Parity,USB,0.016666666666666666
2023-09-01,Combined Risk-Parity,USB,0.016666666666666666
2023-10-02,Combined Risk-Parity,USB,0.016666666666666666
2023-11-01,Combined Risk-Parity,USB,0.016666666666666666
2023-12-01,Combined Risk-Parity,USB,0.016666666666666666
2021-01-04,Combined Risk-Parity,V,0.016666666666666666
2021-02-01,Combined Risk-Parity,V,0.016666666666666666
2021-03-01,Combined Risk-Parity,V,0.016666666666666666
2021-04-01,Combined Risk-Parity,V,0.016666666666666666
2021-05-03,Combined Risk-Parity,V,0.016666666666666666
2021-06-01,Combined Risk-Parity,V,0.016666666666666666
2021-07-01,Combined Risk-Parity,V,0.016666666666666666
2021-08-02,Combined Risk-Parity,V,0.016666666666666666
2021-09-01,Combined Risk-Parity,V,0.016666666666666666
2021-10-01,Combined Risk-Parity,V,0.016666666666666666
2021-11-01,Combined Risk-Parity,V,0.016666666666666666
2021-12-01,Combined Risk-Parity,V,0.016666666666666666
2022-01-03,Combined Risk-Parity,V,0.016666666666666666
2022-02-01,Combined Risk-Parity,V,0.016666666666666666
2022-03-01,Combined Risk-Parity,V,0.016666666666666666
2022-04-01,Combined Risk-Parity,V,0.016666666666666666
2022-05-02,Combined Risk-Parity,V,0.016666666666666666
2022-06-01,Combined Risk-Parity,V,0.016666666666666666
2022-07-01,Combined Risk-Parity,V,0.016666666666666666
2022-08-01,Combined Risk-Parity,V,0.016666666666666666
2022-09-01,Combined Risk-Parity,V,0.016666666666666666
2022-10-03,Combined Risk-Parity,V,0.016666666666666666
2022-11-01,Combined Risk-Parity,V,0.016666666666666666
2022-12-01,Combined Risk-Parity,V,0.016666666666666666
2023-01-03,Combined Risk-Parity,V,0.016666666666666666
2023-02-01,Combined Risk-Parity,V,0.016666666666666666
2023-03-01,Combined Risk-Parity,V,0.016666666666666666
2023-04-03,Combined Risk-Parity,V,0.016666666666666666
2023-05-01,Combined Risk-Parity,V,0.016666666666666666
2023-06-01,Combined Risk-Parity,V,0.016666666666666666
2023-07-03,Combined Risk-Parity,V,0.016666666666666666
2023-08-01,Combined Risk-Parity,V,0.016666666666666666
2023-09-01,Combined Risk-Parity,V,0.016666666666666666
2023-10-02,Combined Risk-Parity,V,0.016666666666666666
2023-11-01,Combined Risk-Parity,V,0.016666666666666666
2023-12-01,Combined Risk-Parity,V,0.016666666666666666
2021-01-04,Combined Risk-Parity,WFC,0.016666666666666666
2021-02-01,Combined Risk-Parity,WFC,0.016666666666666666
2021-03-01,Combined Risk-Parity,WFC,0.016666666666666666
2021-04-01,Combined Risk-Parity,WFC,0.016666666666666666
2021-05-03,Combined Risk-Parity,WFC,0.016666666666666666
2021-06-01,Combined Risk-Parity,WFC,0.016666666666666666
2021-07-01,Combined Risk-Parity,WFC,0.016666666666666666
2021-08-02,Combined Risk-Parity,WFC,0.016666666666666666
2021-09-01,Combined Risk-Parity,WFC,0.016666666666666666
2021-10-01,Combined Risk-Parity,WFC,0.016666666666666666
2021-11-01,Combined Risk-Parity,WFC,0.016666666666666666
2021-12-01,Combined Risk-Parity,WFC,0.016666666666666666
2022-01-03,Combined Risk-Parity,WFC,0.016666666666666666
2022-02-01,Combined Risk-Parity,WFC,0.016666666666666666
2022-03-01,Combined Risk-Parity,WFC,0.016666666666666666
2022-04-01,Combined Risk-Parity,WFC,0.016666666666666666
2022-05-02,Combined Risk-Parity,WFC,0.016666666666666666
2022-06-01,Combined Risk-Parity,WFC,0.016666666666666666
2022-07-01,Combined Risk-Parity,WFC,0.016666666666666666
2022-08-01,Combined Risk-Parity,WFC,0.016666666666666666
2022-09-01,Combined Risk-Parity,WFC,0.016666666666666666
2022-10-03,Combined Risk-Parity,WFC,0.016666666666666666
2022-11-01,Combined Risk-Parity,WFC,0.016666666666666666
2022-12-01,Combined Risk-Parity,WFC,0.016666666666666666
2023-01-03,Combined Risk-Parity,WFC,0.016666666666666666
2023-02-01,Combined Risk-Parity,WFC,0.016666666666666666
2023-03-01,Combined Risk-Parity,WFC,0.016666666666666666
2023-04-03,Combined Risk-Parity,WFC,0.016666666666666666
2023-05-01,Combined Risk-Parity,WFC,0.016666666666666666
2023-06-01,Combined Risk-Parity,WFC,0.016666666666666666
2023-07-03,Combined Risk-Parity,WFC,0.016666666666666666
2023-08-01,Combined Risk-Parity,WFC,0.016666666666666666
2023-09-01,Combined Risk-Parity,WFC,0.016666666666666666
2023-10-02,Combined Risk-Parity,WFC,0.016666666666666666
2023-11-01,Combined Risk-Parity,WFC,0.016666666666666666
2023-12-01,Combined Risk-Parity,WFC,0.016666666666666666
2021-01-04,Combined Risk-Parity,WMT,0.016666666666666666
2021-02-01,Combined Risk-Parity,WMT,0.016666666666666666
2021-03-01,Combined Risk-Parity,WMT,0.016666666666666666
2021-04-01,Combined Risk-Parity,WMT,0.016666666666666666
2021-05-03,Combined Risk-Parity,WMT,0.016666666666666666
2021-06-01,Combined Risk-Parity,WMT,0.016666666666666666
2021-07-01,Combined Risk-Parity,WMT,0.016666666666666666
2021-08-02,Combined Risk-Parity,WMT,0.016666666666666666
2021-09-01,Combined Risk-Parity,WMT,0.016666666666666666
2021-10-01,Combined Risk-Parity,WMT,0.016666666666666666
2021-11-01,Combined Risk-Parity,WMT,0.016666666666666666
2021-12-01,Combined Risk-Parity,WMT,0.016666666666666666
2022-01-03,Combined Risk-Parity,WMT,0.016666666666666666
2022-02-01,Combined Risk-Parity,WMT,0.016666666666666666
2022-03-01,Combined Risk-Parity,WMT,0.016666666666666666
2022-04-01,Combined Risk-Parity,WMT,0.016666666666666666
2022-05-02,Combined Risk-Parity,WMT,0.016666666666666666
2022-06-01,Combined Risk-Parity,WMT,0.016666666666666666
2022-07-01,Combined Risk-Parity,WMT,0.016666666666666666
2022-08-01,Combined Risk-Parity,WMT,0.016666666666666666
2022-09-01,Combined Risk-Parity,WMT,0.016666666666666666
2022-10-03,Combined Risk-Parity,WMT,0.016666666666666666
2022-11-01,Combined Risk-Parity,WMT,0.016666666666666666
2022-12-01,Combined Risk-Parity,WMT,0.016666666666666666
2023-01-03,Combined Risk-Parity,WMT,0.016666666666666666
2023-02-01,Combined Risk-Parity,WMT,0.016666666666666666
2023-03-01,Combined Risk-Parity,WMT,0.016666666666666666
2023-04-03,Combined Risk-Parity,WMT,0.016666666666666666
2023-05-01,Combined Risk-Parity,WMT,0.016666666666666666
2023-06-01,Combined Risk-Parity,WMT,0.016666666666666666
2023-07-03,Combined Risk-Parity,WMT,0.016666666666666666
2023-08-01,Combined Risk-Parity,WMT,0.016666666666666666
2023-09-01,Combined Risk-Parity,WMT,0.016666666666666666
2023-10-02,Combined Risk-Parity,WMT,0.016666666666666666
2023-11-01,Combined Risk-Parity,WMT,0.016666666666666666
2023-12-01,Combined Risk-Parity,WMT,0.016666666666666666
2021-01-04,Combined Risk-Parity,XLM-USD,0.016666666666666666
2021-02-01,Combined Risk-Parity,XLM-USD,0.016666666666666666
2021-03-01,Combined Risk-Parity,XLM-USD,0.016666666666666666
2021-04-01,Combined Risk-Parity,XLM-USD,0.016666666666666666
2021-05-03,Combined Risk-Parity,XLM-USD,0.016666666666666666
2021-06-01,Combined Risk-Parity,XLM-USD,0.016666666666666666
2021-07-01,Combined Risk-Parity,XLM-USD,0.016666666666666666
2021-08-02,Combined Risk-Parity,XLM-USD,0.016666666666666666
2021-09-01,Combined Risk-Parity,XLM-USD,0.016666666666666666
2021-10-01,Combined Risk-Parity,XLM-USD,0.016666666666666666
2021-11-01,Combined Risk-Parity,XLM-USD,0.016666666666666666
2021-12-01,Combined Risk-Parity,XLM-USD,0.016666666666666666
2022-01-03,Combined Risk-Parity,XLM-USD,0.016666666666666666
2022-02-01,Combined Risk-Parity,XLM-USD,0.016666666666666666
2022-03-01,Combined Risk-Parity,XLM-USD,0.016666666666666666
2022-04-01,Combined Risk-Parity,XLM-USD,0.016666666666666666
2022-05-02,Combined Risk-Parity,XLM-USD,0.016666666666666666
2022-06-01,Combined Risk-Parity,XLM-USD,0.016666666666666666
2022-07-01,Combined Risk-Parity,XLM-USD,0.016666666666666666
2022-08-01,Combined Risk-Parity,XLM-USD,0.016666666666666666
2022-09-01,Combined Risk-Parity,XLM-USD,0.016666666666666666
2022-10-03,Combined Risk-Parity,XLM-USD,0.016666666666666666
2022-11-01,Combined Risk-Parity,XLM-USD,0.016666666666666666
2022-12-01,Combined Risk-Parity,XLM-USD,0.016666666666666666
2023-01-03,Combined Risk-Parity,XLM-USD,0.016666666666666666
2023-02-01,Combined Risk-Parity,XLM-USD,0.016666666666666666
2023-03-01,Combined Risk-Parity,XLM-USD,0.016666666666666666
2023-04-03,Combined Risk-Parity,XLM-USD,0.016666666666666666
2023-05-01,Combined Risk-Parity,XLM-USD,0.016666666666666666
2023-06-01,Combined Risk-Parity,XLM-USD,0.016666666666666666
2023-07-03,Combined Risk-Parity,XLM-USD,0.016666666666666666
2023-08-01,Combined Risk-Parity,XLM-USD,0.016666666666666666
2023-09-01,Combined Risk-Parity,XLM-USD,0.016666666666666666
2023-10-02,Combined Risk-Parity,XLM-USD,0.016666666666666666
2023-11-01,Combined Risk-Parity,XLM-USD,0.016666666666666666
2023-12-01,Combined Risk-Parity,XLM-USD,0.016666666666666666
2021-01-04,Combined Risk-Parity,XOM,0.016666666666666666
2021-02-01,Combined Risk-Parity,XOM,0.016666666666666666
2021-03-01,Combined Risk-Parity,XOM,0.016666666666666666
2021-04-01,Combined Risk-Parity,XOM,0.016666666666666666
2021-05-03,Combined Risk-Parity,XOM,0.016666666666666666
2021-06-01,Combined Risk-Parity,XOM,0.016666666666666666
2021-07-01,Combined Risk-Parity,XOM,0.016666666666666666
2021-08-02,Combined Risk-Parity,XOM,0.016666666666666666
2021-09-01,Combined Risk-Parity,XOM,0.016666666666666666
2021-10-01,Combined Risk-Parity,XOM,0.016666666666666666
2021-11-01,Combined Risk-Parity,XOM,0.016666666666666666
2021-12-01,Combined Risk-Parity,XOM,0.016666666666666666
2022-01-03,Combined Risk-Parity,XOM,0.016666666666666666
2022-02-01,Combined Risk-Parity,XOM,0.016666666666666666
2022-03-01,Combined Risk-Parity,XOM,0.016666666666666666
2022-04-01,Combined Risk-Parity,XOM,0.016666666666666666
2022-05-02,Combined Risk-Parity,XOM,0.016666666666666666
2022-06-01,Combined Risk-Parity,XOM,0.016666666666666666
2022-07-01,Combined Risk-Parity,XOM,0.016666666666666666
2022-08-01,Combined Risk-Parity,XOM,0.016666666666666666
2022-09-01,Combined Risk-Parity,XOM,0.016666666666666666
2022-10-03,Combined Risk-Parity,XOM,0.016666666666666666
2022-11-01,Combined Risk-Parity,XOM,0.016666666666666666
2022-12-01,Combined Risk-Parity,XOM,0.016666666666666666
2023-01-03,Combined Risk-Parity,XOM,0.016666666666666666
2023-02-01,Combined Risk-Parity,XOM,0.016666666666666666
2023-03-01,Combined Risk-Parity,XOM,0.016666666666666666
2023-04-03,Combined Risk-Parity,XOM,0.016666666666666666
2023-05-01,Combined Risk-Parity,XOM,0.016666666666666666
2023-06-01,Combined Risk-Parity,XOM,0.016666666666666666
2023-07-03,Combined Risk-Parity,XOM,0.016666666666666666
2023-08-01,Combined Risk-Parity,XOM,0.016666666666666666
2023-09-01,Combined Risk-Parity,XOM,0.016666666666666666
2023-10-02,Combined Risk-Parity,XOM,0.016666666666666666
2023-11-01,Combined Risk-Parity,XOM,0.016666666666666666
2023-12-01,Combined Risk-Parity,XOM,0.016666666666666666
2021-01-04,Combined Risk-Parity,XRP-USD,0.016666666666666666
2021-02-01,Combined Risk-Parity,XRP-USD,0.016666666666666666
2021-03-01,Combined Risk-Parity,XRP-USD,0.016666666666666666
2021-04-01,Combined Risk-Parity,XRP-USD,0.016666666666666666
2021-05-03,Combined Risk-Parity,XRP-USD,0.016666666666666666
2021-06-01,Combined Risk-Parity,XRP-USD,0.016666666666666666
2021-07-01,Combined Risk-Parity,XRP-USD,0.016666666666666666
2021-08-02,Combined Risk-Parity,XRP-USD,0.016666666666666666
2021-09-01,Combined Risk-Parity,XRP-USD,0.016666666666666666
2021-10-01,Combined Risk-Parity,XRP-USD,0.016666666666666666
2021-11-01,Combined Risk-Parity,XRP-USD,0.016666666666666666
2021-12-01,Combined Risk-Parity,XRP-USD,0.016666666666666666
2022-01-03,Combined Risk-Parity,XRP-USD,0.016666666666666666
2022-02-01,Combined Risk-Parity,XRP-USD,0.016666666666666666
2022-03-01,Combined Risk-Parity,XRP-USD,0.016666666666666666
2022-04-01,Combined Risk-Parity,XRP-USD,0.016666666666666666
2022-05-02,Combined Risk-Parity,XRP-USD,0.016666666666666666
2022-06-01,Combined Risk-Parity,XRP-USD,0.016666666666666666
2022-07-01,Combined Risk-Parity,XRP-USD,0.016666666666666666
2022-08-01,Combined Risk-Parity,XRP-USD,0.016666666666666666
2022-09-01,Combined Risk-Parity,XRP-USD,0.016666666666666666
2022-10-03,Combined Risk-Parity,XRP-USD,0.016666666666666666
2022-11-01,Combined Risk-Parity,XRP-USD,0.016666666666666666
2022-12-01,Combined Risk-Parity,XRP-USD,0.016666666666666666
2023-01-03,Combined Risk-Parity,XRP-USD,0.016666666666666666
2023-02-01,Combined Risk-Parity,XRP-USD,0.016666666666666666
2023-03-01,Combined Risk-Parity,XRP-USD,0.016666666666666666
2023-04-03,Combined Risk-Parity,XRP-USD,0.016666666666666666
2023-05-01,Combined Risk-Parity,XRP-USD,0.016666666666666666
2023-06-01,Combined Risk-Parity,XRP-USD,0.016666666666666666
2023-07-03,Combined Risk-Parity,XRP-USD,0.016666666666666666
2023-08-01,Combined Risk-Parity,XRP-USD,0.016666666666666666
2023-09-01,Combined Risk-Parity,XRP-USD,0.016666666666666666
2023-10-02,Combined Risk-Parity,XRP-USD,0.016666666666666666
2023-11-01,Combined Risk-Parity,XRP-USD,0.016666666666666666
2023-12-01,Combined Risk-Parity,XRP-USD,0.016666666666666666
2021-01-04,Equity Max-Sharpe + Sentiment Tilt,ABBV,1.1751215771054783e-16
2021-02-01,Equity Max-Sharpe + Sentiment Tilt,ABBV,0.003486649029736775
2021-03-01,Equity Max-Sharpe + Sentiment Tilt,ABBV,0.0
2021-04-01,Equity Max-Sharpe + Sentiment Tilt,ABBV,0.12942514288101084
2021-05-03,Equity Max-Sharpe + Sentiment Tilt,ABBV,0.13088670957924817
2021-06-01,Equity Max-Sharpe + Sentiment Tilt,ABBV,9.400438807228884e-17
2021-07-01,Equity Max-Sharpe + Sentiment Tilt,ABBV,0.0
2021-08-02,Equity Max-Sharpe + Sentiment Tilt,ABBV,0.0032198535246297445
2021-09-01,Equity Max-Sharpe + Sentiment Tilt,ABBV,0.021570275134096203
2021-10-01,Equity Max-Sharpe + Sentiment Tilt,ABBV,0.008275584477971023
2021-11-01,Equity Max-Sharpe + Sentiment Tilt,ABBV,0.04932953258616416
2021-12-01,Equity Max-Sharpe + Sentiment Tilt,ABBV,0.0
2022-01-03,Equity Max-Sharpe + Sentiment Tilt,ABBV,4.9898798006679e-17
2022-02-01,Equity Max-Sharpe + Sentiment Tilt,ABBV,0.10571022768000563
2022-03-01,Equity Max-Sharpe + Sentiment Tilt,ABBV,0.1901232628490196
2022-04-01,Equity Max-Sharpe + Sentiment Tilt,ABBV,0.31087824865122193
2022-05-02,Equity Max-Sharpe + Sentiment Tilt,ABBV,0.20362276224174386
2022-06-01,Equity Max-Sharpe + Sentiment Tilt,ABBV,0.2906724041625347
2022-07-01,Equity Max-Sharpe + Sentiment Tilt,ABBV,0.47298519278572687
2022-08-01,Equity Max-Sharpe + Sentiment Tilt,ABBV,0.2406416366206475
2022-09-01,Equity Max-Sharpe + Sentiment Tilt,ABBV,0.07470984267323567
2022-10-03,Equity Max-Sharpe + Sentiment Tilt,ABBV,0.5145787604845796
2022-11-01,Equity Max-Sharpe + Sentiment Tilt,ABBV,0.1809546627822812
2022-12-01,Equity Max-Sharpe + Sentiment Tilt,ABBV,0.06355076044122523
2023-01-03,Equity Max-Sharpe + Sentiment Tilt,ABBV,0.0
2023-02-01,Equity Max-Sharpe + Sentiment Tilt,ABBV,0.0
2023-03-01,Equity Max-Sharpe + Sentiment Tilt,ABBV,0.0
2023-04-03,Equity Max-Sharpe + Sentiment Tilt,ABBV,0.0
2023-05-01,Equity Max-Sharpe + Sentiment Tilt,ABBV,3.8234637305255605e-16
2023-06-01,Equity Max-Sharpe + Sentiment Tilt,ABBV,1.3974710537435641e-16
2023-07-03,Equity Max-Sharpe + Sentiment Tilt,ABBV,1.3825124088616581e-16
2023-08-01,Equity Max-Sharpe + Sentiment Tilt,ABBV,3.488362026184758e-16
2023-09-01,Equity Max-Sharpe + Sentiment Tilt,ABBV,5.72547886024126e-16
2023-10-02,Equity Max-Sharpe + Sentiment Tilt,ABBV,2.1092016748452287e-16
2023-11-01,Equity Max-Sharpe + Sentiment Tilt,ABBV,0.0
2023-12-01,Equity Max-Sharpe + Sentiment Tilt,ABBV,0.0
2021-01-04,Equity Max-Sharpe + Sentiment Tilt,ABT,1.495015449705326e-16
2021-02-01,Equity Max-Sharpe + Sentiment Tilt,ABT,6.240123486359351e-19
2021-03-01,Equity Max-Sharpe + Sentiment Tilt,ABT,6.752948461962206e-18
2021-04-01,Equity Max-Sharpe + Sentiment Tilt,ABT,0.07004702169964812
2021-05-03,Equity Max-Sharpe + Sentiment Tilt,ABT,0.0
2021-06-01,Equity Max-Sharpe + Sentiment Tilt,ABT,1.3679855537520408e-16
2021-07-01,Equity Max-Sharpe + Sentiment Tilt,ABT,0.023617610853244257
2021-08-02,Equity Max-Sharpe + Sentiment Tilt,ABT,3.4693892646079554e-17
2021-09-01,Equity Max-Sharpe + Sentiment Tilt,ABT,0.0
2021-10-01,Equity Max-Sharpe + Sentiment Tilt,ABT,0.0016661843784757106
2021-11-01,Equity Max-Sharpe + Sentiment Tilt,ABT,0.08048467895359873
2021-12-01,Equity Max-Sharpe + Sentiment Tilt,ABT,0.020670492428111312
2022-01-03,Equity Max-Sharpe + Sentiment Tilt,ABT,0.07751308989423353
2022-02-01,Equity Max-Sharpe + Sentiment Tilt,ABT,2.9072974845746093e-17
2022-03-01,Equity Max-Sharpe + Sentiment Tilt,ABT,0.0
2022-04-01,Equity Max-Sharpe + Sentiment Tilt,ABT,5.584633826702676e-17
2022-05-02,Equity Max-Sharpe + Sentiment Tilt,ABT,7.08376896602468e-17
2022-06-01,Equity Max-Sharpe + Sentiment Tilt,ABT,0.0
2022-07-01,Equity Max-Sharpe + Sentiment Tilt,ABT,0.0
2022-08-01,Equity Max-Sharpe + Sentiment Tilt,ABT,2.108832334283779e-17
2022-09-01,Equity Max-Sharpe + Sentiment Tilt,ABT,0.0
2022-10-03,Equity Max-Sharpe + Sentiment Tilt,ABT,3.07792628940748e-17
2022-11-01,Equity Max-Sharpe + Sentiment Tilt,ABT,0.0
2022-12-01,Equity Max-Sharpe + Sentiment Tilt,ABT,5.500466865354905e-17
2023-01-03,Equity Max-Sharpe + Sentiment Tilt,ABT,1.474087749741437e-16
2023-02-01,Equity Max-Sharpe + Sentiment Tilt,ABT,0.0
2023-03-01,Equity Max-Sharpe + Sentiment Tilt,ABT,0.0
2023-04-03,Equity Max-Sharpe + Sentiment Tilt,ABT,0.0
2023-05-01,Equity Max-Sharpe + Sentiment Tilt,ABT,0.0
2023-06-01,Equity Max-Sharpe + Sentiment Tilt,ABT,0.0
2023-07-03,Equity Max-Sharpe + Sentiment Tilt,ABT,0.0
2023-08-01,Equity Max-Sharpe + Sentiment Tilt,ABT,2.5805078097375998e-17
2023-09-01,Equity Max-Sharpe + Sentiment Tilt,ABT,4.1558118767593e-16
2023-10-02,Equity Max-Sharpe + Sentiment Tilt,ABT,6.802406578216901e-17
2023-11-01,Equity Max-Sharpe + Sentiment Tilt,ABT,0.0
2023-12-01,Equity Max-Sharpe + Sentiment Tilt,ABT,1.2571171156215984e-17
2021-01-04,Equity Max-Sharpe + Sentiment Tilt,ADBE,0.0
2021-02-01,Equity Max-Sharpe + Sentiment Tilt,ADBE,1.1213384304589146e-16
2021-03-01,Equity Max-Sharpe + Sentiment Tilt,ADBE,6.435474536807531e-17
2021-04-01,Equity Max-Sharpe + Sentiment Tilt,ADBE,0.0
2021-05-03,Equity Max-Sharpe + Sentiment Tilt,ADBE,0.0
2021-06-01,Equity Max-Sharpe + Sentiment Tilt,ADBE,5.45616337632938e-17
2021-07-01,Equity Max-Sharpe + Sentiment Tilt,ADBE,0.0
2021-08-02,Equity Max-Sharpe + Sentiment Tilt,ADBE,0.006801348657418486
2021-09-01,Equity Max-Sharpe + Sentiment Tilt,ADBE,1.4366834535164136e-16
2021-10-01,Equity Max-Sharpe + Sentiment Tilt,ADBE,1.1832386971816459e-16
2021-11-01,Equity Max-Sharpe + Sentiment Tilt,ADBE,0.0
2021-12-01,Equity Max-Sharpe + Sentiment Tilt,ADBE,0.0
2022-01-03,Equity Max-Sharpe + Sentiment Tilt,ADBE,1.6599211264112464e-17
2022-02-01,Equity Max-Sharpe + Sentiment Tilt,ADBE,8.02794281654444e-17
2022-03-01,Equity Max-Sharpe + Sentiment Tilt,ADBE,8.990459217631685e-17
2022-04-01,Equity Max-Sharpe + Sentiment Tilt,ADBE,4.4566452501329206e-17
2022-05-02,Equity Max-Sharpe + Sentiment Tilt,ADBE,1.1334902709724385e-16
2022-06-01,Equity Max-Sharpe + Sentiment Tilt,ADBE,4.0298264788507045e-17
2022-07-01,Equity Max-Sharpe + Sentiment Tilt,ADBE,5.699975309460938e-17
2022-08-01,Equity Max-Sharpe + Sentiment Tilt,ADBE,2.738192201328319e-17
2022-09-01,Equity Max-Sharpe + Sentiment Tilt,ADBE,0.0
2022-10-03,Equity Max-Sharpe + Sentiment Tilt,ADBE,1.4715483529308259e-16
2022-11-01,Equity Max-Sharpe + Sentiment Tilt,ADBE,0.0
2022-12-01,Equity Max-Sharpe + Sentiment Tilt,ADBE,0.0
2023-01-03,Equity Max-Sharpe + Sentiment Tilt,ADBE,0.0
2023-02-01,Equity Max-Sharpe + Sentiment Tilt,ADBE,0.0
2023-03-01,Equity Max-Sharpe + Sentiment Tilt,ADBE,0.0
2023-04-03,Equity Max-Sharpe + Sentiment Tilt,ADBE,1.0629039239101445e-16
2023-05-01,Equity Max-Sharpe + Sentiment Tilt,ADBE,3.469483336813193e-17
2023-06-01,Equity Max-Sharpe + Sentiment Tilt,ADBE,7.412459888318537e-17
2023-07-03,Equity Max-Sharpe + Sentiment Tilt,ADBE,2.095656091830884e-17
2023-08-01,Equity Max-Sharpe + Sentiment Tilt,ADBE,0.0
2023-09-01,Equity Max-Sharpe + Sentiment Tilt,ADBE,2.2416960727503997e-16
2023-10-02,Equity Max-Sharpe + Sentiment Tilt,ADBE,0.0
2023-11-01,Equity Max-Sharpe + Sentiment Tilt,ADBE,5.4408031732694234e-17
2023-12-01,Equity Max-Sharpe + Sentiment Tilt,ADBE,0.09013202695679387
2021-01-04,Equity Max-Sharpe + Sentiment Tilt,AEP,0.0
2021-02-01,Equity Max-Sharpe + Sentiment Tilt,AEP,3.4386551475331506e-17
2021-03-01,Equity Max-Sharpe + Sentiment Tilt,AEP,0.0
2021-04-01,Equity Max-Sharpe + Sentiment Tilt,AEP,6.913281493276216e-17
2021-05-03,Equity Max-Sharpe + Sentiment Tilt,AEP,0.0
2021-06-01,Equity Max-Sharpe + Sentiment Tilt,AEP,0.0
2021-07-01,Equity Max-Sharpe + Sentiment Tilt,AEP,0.0
2021-08-02,Equity Max-Sharpe + Sentiment Tilt,AEP,0.0
2021-09-01,Equity Max-Sharpe + Sentiment Tilt,AEP,0.0
2021-10-01,Equity Max-Sharpe + Sentiment Tilt,AEP,0.0
2021-11-01,Equity Max-Sharpe + Sentiment Tilt,AEP,0.0
2021-12-01,Equity Max-Sharpe + Sentiment Tilt,AEP,0.0
2022-01-03,Equity Max-Sharpe + Sentiment Tilt,AEP,0.0
2022-02-01,Equity Max-Sharpe + Sentiment Tilt,AEP,0.0
2022-03-01,Equity Max-Sharpe + Sentiment Tilt,AEP,0.035702051133193
2022-04-01,Equity Max-Sharpe + Sentiment Tilt,AEP,0.0
2022-05-02,Equity Max-Sharpe + Sentiment Tilt,AEP,0.0
2022-06-01,Equity Max-Sharpe + Sentiment Tilt,AEP,0.11125142387637665
2022-07-01,Equity Max-Sharpe + Sentiment Tilt,AEP,0.0
2022-08-01,Equity Max-Sharpe + Sentiment Tilt,AEP,1.438804404660646e-17
2022-09-01,Equity Max-Sharpe + Sentiment Tilt,AEP,1.6109794281377179e-16
2022-10-03,Equity Max-Sharpe + Sentiment Tilt,AEP,1.0403659902733908e-16
2022-11-01,Equity Max-Sharpe + Sentiment Tilt,AEP,0.0
2022-12-01,Equity Max-Sharpe + Sentiment Tilt,AEP,0.0
2023-01-03,Equity Max-Sharpe + Sentiment Tilt,AEP,0.0
2023-02-01,Equity Max-Sharpe + Sentiment Tilt,AEP,0.0
2023-03-01,Equity Max-Sharpe + Sentiment Tilt,AEP,0.0
2023-04-03,Equity Max-Sharpe + Sentiment Tilt,AEP,0.0
2023-05-01,Equity Max-Sharpe + Sentiment Tilt,AEP,0.0
2023-06-01,Equity Max-Sharpe + Sentiment Tilt,AEP,0.0
2023-07-03,Equity Max-Sharpe + Sentiment Tilt,AEP,9.252848401659696e-17
2023-08-01,Equity Max-Sharpe + Sentiment Tilt,AEP,2.406681040941391e-16
2023-09-01,Equity Max-Sharpe + Sentiment Tilt,AEP,1.2633488400909812e-16
2023-10-02,Equity Max-Sharpe + Sentiment Tilt,AEP,8.69786554934818e-17
2023-11-01,Equity Max-Sharpe + Sentiment Tilt,AEP,3.1128177291131136e-17
2023-12-01,Equity Max-Sharpe + Sentiment Tilt,AEP,0.0
2021-01-04,Equity Max-Sharpe + Sentiment Tilt,AMD,0.0
2021-02-01,Equity Max-Sharpe + Sentiment Tilt,AMD,1.0513634739090942e-16
2021-03-01,Equity Max-Sharpe + Sentiment Tilt,AMD,7.679798062413392e-18
2021-04-01,Equity Max-Sharpe + Sentiment Tilt,AMD,7.096527553857821e-17
2021-05-03,Equity Max-Sharpe + Sentiment Tilt,AMD,9.515120867725342e-17
2021-06-01,Equity Max-Sharpe + Sentiment Tilt,AMD,0.0
2021-07-01,Equity Max-Sharpe + Sentiment Tilt,AMD,0.03914509210348204
2021-08-02,Equity Max-Sharpe + Sentiment Tilt,AMD,0.0
2021-09-01,Equity Max-Sharpe + Sentiment Tilt,AMD,0.0
2021-10-01,Equity Max-Sharpe + Sentiment Tilt,AMD,3.131933887078003e-19
2021-11-01,Equity Max-Sharpe + Sentiment Tilt,AMD,0.011747535088750937
2021-12-01,Equity Max-Sharpe + Sentiment Tilt,AMD,0.0
2022-01-03,Equity Max-Sharpe + Sentiment Tilt,AMD,1.7036003427815267e-16
2022-02-01,Equity Max-Sharpe + Sentiment Tilt,AMD,0.0
2022-03-01,Equity Max-Sharpe + Sentiment Tilt,AMD,0.0
2022-04-01,Equity Max-Sharpe + Sentiment Tilt,AMD,0.0
2022-05-02,Equity Max-Sharpe + Sentiment Tilt,AMD,0.0
2022-06-01,Equity Max-Sharpe + Sentiment Tilt,AMD,0.03949602443013708
2022-07-01,Equity Max-Sharpe + Sentiment Tilt,AMD,2.6044821347432178e-17
2022-08-01,Equity Max-Sharpe + Sentiment Tilt,AMD,6.842676225195164e-17
2022-09-01,Equity Max-Sharpe + Sentiment Tilt,AMD,1.5224318151245233e-16
2022-10-03,Equity Max-Sharpe + Sentiment Tilt,AMD,8.993246205911458e-18
2022-11-01,Equity Max-Sharpe + Sentiment Tilt,AMD,0.0
2022-12-01,Equity Max-Sharpe + Sentiment Tilt,AMD,6.386594818277884e-17
2023-01-03,Equity Max-Sharpe + Sentiment Tilt,AMD,2.7013425436692836e-16
2023-02-01,Equity Max-Sharpe + Sentiment Tilt,AMD,0.0
2023-03-01,Equity Max-Sharpe + Sentiment Tilt,AMD,7.311927385599761e-17
2023-04-03,Equity Max-Sharpe + Sentiment Tilt,AMD,0.0
2023-05-01,Equity Max-Sharpe + Sentiment Tilt,AMD,0.0
2023-06-01,Equity Max-Sharpe + Sentiment Tilt,AMD,0.0
2023-07-03,Equity Max-Sharpe + Sentiment Tilt,AMD,3.212082943985369e-17
2023-08-01,Equity Max-Sharpe + Sentiment Tilt,AMD,0.0
2023-09-01,Equity Max-Sharpe + Sentiment Tilt,AMD,0.0
2023-10-02,Equity Max-Sharpe + Sentiment Tilt,AMD,0.0
2023-11-01,Equity Max-Sharpe + Sentiment Tilt,AMD,0.0
2023-12-01,Equity Max-Sharpe + Sentiment Tilt,AMD,0.0
2021-01-04,Equity Max-Sharpe + Sentiment Tilt,AMGN,0.0
2021-02-01,Equity Max-Sharpe + Sentiment Tilt,AMGN,2.2258132089531445e-17
2021-03-01,Equity Max-Sharpe + Sentiment Tilt,AMGN,0.0
2021-04-01,Equity Max-Sharpe + Sentiment Tilt,AMGN,3.636548335338697e-17
2021-05-03,Equity Max-Sharpe + Sentiment Tilt,AMGN,0.0
2021-06-01,Equity Max-Sharpe + Sentiment Tilt,AMGN,3.051382972680162e-17
2021-07-01,Equity Max-Sharpe + Sentiment Tilt,AMGN,0.0
2021-08-02,Equity Max-Sharpe + Sentiment Tilt,AMGN,0.0
2021-09-01,Equity Max-Sharpe + Sentiment Tilt,AMGN,0.0
2021-10-01,Equity Max-Sharpe + Sentiment Tilt,AMGN,0.0
2021-11-01,Equity Max-Sharpe + Sentiment Tilt,AMGN,1.4104681746570384e-18
2021-12-01,Equity Max-Sharpe + Sentiment Tilt,AMGN,1.1303562605637215e-16
2022-01-03,Equity Max-Sharpe + Sentiment Tilt,AMGN,1.4206953137728896e-16
2022-02-01,Equity Max-Sharpe + Sentiment Tilt,AMGN,0.0
2022-03-01,Equity Max-Sharpe + Sentiment Tilt,AMGN,8.096539046886365e-17
2022-04-01,Equity Max-Sharpe + Sentiment Tilt,AMGN,0.0
2022-05-02,Equity Max-Sharpe + Sentiment Tilt,AMGN,9.518749186536878e-17
2022-06-01,Equity Max-Sharpe + Sentiment Tilt,AMGN,0.0
2022-07-01,Equity Max-Sharpe + Sentiment Tilt,AMGN,2.0445276248577883e-16
2022-08-01,Equity Max-Sharpe + Sentiment Tilt,AMGN,0.0
2022-09-01,Equity Max-Sharpe + Sentiment Tilt,AMGN,0.054311718636923426
2022-10-03,Equity Max-Sharpe + Sentiment Tilt,AMGN,0.0
2022-11-01,Equity Max-Sharpe + Sentiment Tilt,AMGN,0.37846784472141626
2022-12-01,Equity Max-Sharpe + Sentiment Tilt,AMGN,0.2730516818296509
2023-01-03,Equity Max-Sharpe + Sentiment Tilt,AMGN,0.027578829320276096
2023-02-01,Equity Max-Sharpe + Sentiment Tilt,AMGN,0.0
2023-03-01,Equity Max-Sharpe + Sentiment Tilt,AMGN,4.0010113625776446e-17
2023-04-03,Equity Max-Sharpe + Sentiment Tilt,AMGN,0.0
2023-05-01,Equity Max-Sharpe + Sentiment Tilt,AMGN,0.0
2023-06-01,Equity Max-Sharpe + Sentiment Tilt,AMGN,1.0158275990982618e-17
2023-07-03,Equity Max-Sharpe + Sentiment Tilt,AMGN,8.331209875798067e-17
2023-08-01,Equity Max-Sharpe + Sentiment Tilt,AMGN,0.0
2023-09-01,Equity Max-Sharpe + Sentiment Tilt,AMGN,0.0
2023-10-02,Equity Max-Sharpe + Sentiment Tilt,AMGN,0.09823541097171165
2023-11-01,Equity Max-Sharpe + Sentiment Tilt,AMGN,0.0
2023-12-01,Equity Max-Sharpe + Sentiment Tilt,AMGN,0.0
2021-01-04,Equity Max-Sharpe + Sentiment Tilt,AMT,0.0
2021-02-01,Equity Max-Sharpe + Sentiment Tilt,AMT,0.0
2021-03-01,Equity Max-Sharpe + Sentiment Tilt,AMT,8.098389194073855e-18
2021-04-01,Equity Max-Sharpe + Sentiment Tilt,AMT,3.9512107742394433e-17
2021-05-03,Equity Max-Sharpe + Sentiment Tilt,AMT,6.098428977311972e-17
2021-06-01,Equity Max-Sharpe + Sentiment Tilt,AMT,0.0
2021-07-01,Equity Max-Sharpe + Sentiment Tilt,AMT,2.4592259227628502e-17
2021-08-02,Equity Max-Sharpe + Sentiment Tilt,AMT,1.4492251597866655e-16
2021-09-01,Equity Max-Sharpe + Sentiment Tilt,AMT,4.2597272036677064e-17
2021-10-01,Equity Max-Sharpe + Sentiment Tilt,AMT,0.0
2021-11-01,Equity Max-Sharpe + Sentiment Tilt,AMT,0.0
2021-12-01,Equity Max-Sharpe + Sentiment Tilt,AMT,2.436108051362161e-18
2022-01-03,Equity Max-Sharpe + Sentiment Tilt,AMT,1.7750091944614128e-16
2022-02-01,Equity Max-Sharpe + Sentiment Tilt,AMT,7.670208974504518e-17
2022-03-01,Equity Max-Sharpe + Sentiment Tilt,AMT,0.0
2022-04-01,Equity Max-Sharpe + Sentiment Tilt,AMT,7.26277596977836e-18
2022-05-02,Equity Max-Sharpe + Sentiment Tilt,AMT,0.0
2022-06-01,Equity Max-Sharpe + Sentiment Tilt,AMT,5.799183333061495e-17
2022-07-01,Equity Max-Sharpe + Sentiment Tilt,AMT,0.0
2022-08-01,Equity Max-Sharpe + Sentiment Tilt,AMT,0.0
2022-09-01,Equity Max-Sharpe + Sentiment Tilt,AMT,0.0
2022-10-03,Equity Max-Sharpe + Sentiment Tilt,AMT,6.278935821331887e-19
2022-11-01,Equity Max-Sharpe + Sentiment Tilt,AMT,4.7632653286761506e-17
2022-12-01,Equity Max-Sharpe + Sentiment Tilt,AMT,1.2894794857302866e-17
2023-01-03,Equity Max-Sharpe + Sentiment Tilt,AMT,8.881271485299308e-17
2023-02-01,Equity Max-Sharpe + Sentiment Tilt,AMT,0.0
2023-03-01,Equity Max-Sharpe + Sentiment Tilt,AMT,8.384790557519157e-17
2023-04-03,Equity Max-Sharpe + Sentiment Tilt,AMT,0.0
2023-05-01,Equity Max-Sharpe + Sentiment Tilt,AMT,1.9815844183831196e-16
2023-06-01,Equity Max-Sharpe + Sentiment Tilt,AMT,8.273704721843221e-18
2023-07-03,Equity Max-Sharpe + Sentiment Tilt,AMT,4.515909988241713e-17
2023-08-01,Equity Max-Sharpe + Sentiment Tilt,AMT,0.0
2023-09-01,Equity Max-Sharpe + Sentiment Tilt,AMT,3.500651662983738e-17
2023-10-02,Equity Max-Sharpe + Sentiment Tilt,AMT,5.204308523449034e-17
2023-11-01,Equity Max-Sharpe + Sentiment Tilt,AMT,0.0
2023-12-01,Equity Max-Sharpe + Sentiment Tilt,AMT,0.0
2021-01-04,Equity Max-Sharpe + Sentiment Tilt,BA,0.0
2021-02-01,Equity Max-Sharpe + Sentiment Tilt,BA,0.0
2021-03-01,Equity Max-Sharpe + Sentiment Tilt,BA,5.91458756391883e-17
2021-04-01,Equity Max-Sharpe + Sentiment Tilt,BA,4.9571706832943666e-17
2021-05-03,Equity Max-Sharpe + Sentiment Tilt,BA,0.0
2021-06-01,Equity Max-Sharpe + Sentiment Tilt,BA,0.0
2021-07-01,Equity Max-Sharpe + Sentiment Tilt,BA,1.715969567381809e-16
2021-08-02,Equity Max-Sharpe + Sentiment Tilt,BA,0.0
2021-09-01,Equity Max-Sharpe + Sentiment Tilt,BA,0.0
2021-10-01,Equity Max-Sharpe + Sentiment Tilt,BA,8.015388012297838e-17
2021-11-01,Equity Max-Sharpe + Sentiment Tilt,BA,0.0
2021-12-01,Equity Max-Sharpe + Sentiment Tilt,BA,6.262247427374722e-17
2022-01-03,Equity Max-Sharpe + Sentiment Tilt,BA,1.932784386339529e-17
2022-02-01,Equity Max-Sharpe + Sentiment Tilt,BA,0.0
2022-03-01,Equity Max-Sharpe + Sentiment Tilt,BA,0.0
2022-04-01,Equity Max-Sharpe + Sentiment Tilt,BA,0.0
2022-05-02,Equity Max-Sharpe + Sentiment Tilt,BA,7.59496640289921e-17
2022-06-01,Equity Max-Sharpe + Sentiment Tilt,BA,0.0
2022-07-01,Equity Max-Sharpe + Sentiment Tilt,BA,1.0464315767211297e-16
2022-08-01,Equity Max-Sharpe + Sentiment Tilt,BA,6.1076887225637135e-18
2022-09-01,Equity Max-Sharpe + Sentiment Tilt,BA,9.866714631074621e-17
2022-10-03,Equity Max-Sharpe + Sentiment Tilt,BA,1.3385278113011832e-17
2022-11-01,Equity Max-Sharpe + Sentiment Tilt,BA,1.4956862053081744e-18
2022-12-01,Equity Max-Sharpe + Sentiment Tilt,BA,0.0
2023-01-03,Equity Max-Sharpe + Sentiment Tilt,BA,0.0
2023-02-01,Equity Max-Sharpe + Sentiment Tilt,BA,0.0
2023-03-01,Equity Max-Sharpe + Sentiment Tilt,BA,0.0
2023-04-03,Equity Max-Sharpe + Sentiment Tilt,BA,1.3205344355631238e-17
2023-05-01,Equity Max-Sharpe + Sentiment Tilt,BA,9.038214860517688e-17
2023-06-01,Equity Max-Sharpe + Sentiment Tilt,BA,0.0424202453861438
2023-07-03,Equity Max-Sharpe + Sentiment Tilt,BA,2.225413031456277e-16
2023-08-01,Equity Max-Sharpe + Sentiment Tilt,BA,0.0
2023-09-01,Equity Max-Sharpe + Sentiment Tilt,BA,6.352550927043135e-17
2023-10-02,Equity Max-Sharpe + Sentiment Tilt,BA,0.0
2023-11-01,Equity Max-Sharpe + Sentiment Tilt,BA,4.8068723883341787e-17
2023-12-01,Equity Max-Sharpe + Sentiment Tilt,BA,2.223627570100511e-17
2021-01-04,Equity Max-Sharpe + Sentiment Tilt,CAT,2.0158495920885927e-16
2021-02-01,Equity Max-Sharpe + Sentiment Tilt,CAT,0.0
2021-03-01,Equity Max-Sharpe + Sentiment Tilt,CAT,0.2795769349530715
2021-04-01,Equity Max-Sharpe + Sentiment Tilt,CAT,0.03271900706679483
2021-05-03,Equity Max-Sharpe + Sentiment Tilt,CAT,0.14052218043446496
2021-06-01,Equity Max-Sharpe + Sentiment Tilt,CAT,0.11747688334349586
2021-07-01,Equity Max-Sharpe + Sentiment Tilt,CAT,0.0
2021-08-02,Equity Max-Sharpe + Sentiment Tilt,CAT,1.1261106221382388e-17
2021-09-01,Equity Max-Sharpe + Sentiment Tilt,CAT,3.026069336769083e-17
2021-10-01,Equity Max-Sharpe + Sentiment Tilt,CAT,0.0
2021-11-01,Equity Max-Sharpe + Sentiment Tilt,CAT,2.529687773672236e-17
2021-12-01,Equity Max-Sharpe + Sentiment Tilt,CAT,5.037076618613189e-18
2022-01-03,Equity Max-Sharpe + Sentiment Tilt,CAT,1.4445401209169834e-16
2022-02-01,Equity Max-Sharpe + Sentiment Tilt,CAT,0.0
2022-03-01,Equity Max-Sharpe + Sentiment Tilt,CAT,0.0
2022-04-01,Equity Max-Sharpe + Sentiment Tilt,CAT,0.0
2022-05-02,Equity Max-Sharpe + Sentiment Tilt,CAT,0.0
2022-06-01,Equity Max-Sharpe + Sentiment Tilt,CAT,0.0
2022-07-01,Equity Max-Sharpe + Sentiment Tilt,CAT,0.0
2022-08-01,Equity Max-Sharpe + Sentiment Tilt,CAT,0.0
2022-09-01,Equity Max-Sharpe + Sentiment Tilt,CAT,5.028759331124297e-17
2022-10-03,Equity Max-Sharpe + Sentiment Tilt,CAT,4.0827109010252096e-17
2022-11-01,Equity Max-Sharpe + Sentiment Tilt,CAT,0.0
2022-12-01,Equity Max-Sharpe + Sentiment Tilt,CAT,1.0197194180799273e-16
2023-01-03,Equity Max-Sharpe + Sentiment Tilt,CAT,2.995704569365568e-16
2023-02-01,Equity Max-Sharpe + Sentiment Tilt,CAT,1.8917376292789278e-17
2023-03-01,Equity Max-Sharpe + Sentiment Tilt,CAT,0.0
2023-04-03,Equity Max-Sharpe + Sentiment Tilt,CAT,0.0
2023-05-01,Equity Max-Sharpe + Sentiment Tilt,CAT,6.608215747350978e-17
2023-06-01,Equity Max-Sharpe + Sentiment Tilt,CAT,0.0
2023-07-03,Equity Max-Sharpe + Sentiment Tilt,CAT,1.5085683374491507e-17
2023-08-01,Equity Max-Sharpe + Sentiment Tilt,CAT,0.0
2023-09-01,Equity Max-Sharpe + Sentiment Tilt,CAT,0.0
2023-10-02,Equity Max-Sharpe + Sentiment Tilt,CAT,0.016598413707795225
2023-11-01,Equity Max-Sharpe + Sentiment Tilt,CAT,1.5206004941972384e-17
2023-12-01,Equity Max-Sharpe + Sentiment Tilt,CAT,4.616566538120281e-17
2021-01-04,Equity Max-Sharpe + Sentiment Tilt,CCI,2.3944823153668843e-17
2021-02-01,Equity Max-Sharpe + Sentiment Tilt,CCI,0.0
2021-03-01,Equity Max-Sharpe + Sentiment Tilt,CCI,0.0
2021-04-01,Equity Max-Sharpe + Sentiment Tilt,CCI,0.0
2021-05-03,Equity Max-Sharpe + Sentiment Tilt,CCI,0.0
2021-06-01,Equity Max-Sharpe + Sentiment Tilt,CCI,1.3921724622943625e-16
2021-07-01,Equity Max-Sharpe + Sentiment Tilt,CCI,3.989727279749113e-17
2021-08-02,Equity Max-Sharpe + Sentiment Tilt,CCI,0.0
2021-09-01,Equity Max-Sharpe + Sentiment Tilt,CCI,3.88104620664353e-17
2021-10-01,Equity Max-Sharpe + Sentiment Tilt,CCI,0.0
2021-11-01,Equity Max-Sharpe + Sentiment Tilt,CCI,1.608863218457823e-16
2021-12-01,Equity Max-Sharpe + Sentiment Tilt,CCI,0.0
2022-01-03,Equity Max-Sharpe + Sentiment Tilt,CCI,1.0626371136245911e-16
2022-02-01,Equity Max-Sharpe + Sentiment Tilt,CCI,1.7950415095160843e-17
2022-03-01,Equity Max-Sharpe + Sentiment Tilt,CCI,0.0
2022-04-01,Equity Max-Sharpe + Sentiment Tilt,CCI,0.0
2022-05-02,Equity Max-Sharpe + Sentiment Tilt,CCI,0.0
2022-06-01,Equity Max-Sharpe + Sentiment Tilt,CCI,0.0
2022-07-01,Equity Max-Sharpe + Sentiment Tilt,CCI,0.0
2022-08-01,Equity Max-Sharpe + Sentiment Tilt,CCI,6.74108228776553e-17
2022-09-01,Equity Max-Sharpe + Sentiment Tilt,CCI,0.0
2022-10-03,Equity Max-Sharpe + Sentiment Tilt,CCI,2.5510244780721354e-16
2022-11-01,Equity Max-Sharpe + Sentiment Tilt,CCI,0.0
2022-12-01,Equity Max-Sharpe + Sentiment Tilt,CCI,1.3281448227902122e-16
2023-01-03,Equity Max-Sharpe + Sentiment Tilt,CCI,0.0
2023-02-01,Equity Max-Sharpe + Sentiment Tilt,CCI,1.9486912966565923e-17
2023-03-01,Equity Max-Sharpe + Sentiment Tilt,CCI,4.3023003161646e-17
2023-04-03,Equity Max-Sharpe + Sentiment Tilt,CCI,0.0
2023-05-01,Equity Max-Sharpe + Sentiment Tilt,CCI,0.0
2023-06-01,Equity Max-Sharpe + Sentiment Tilt,CCI,0.0
2023-07-03,Equity Max-Sharpe + Sentiment Tilt,CCI,1.582014846734505e-16
2023-08-01,Equity Max-Sharpe + Sentiment Tilt,CCI,2.032875815990479e-17
2023-09-01,Equity Max-Sharpe + Sentiment Tilt,CCI,0.0
2023-10-02,Equity Max-Sharpe + Sentiment Tilt,CCI,0.0
2023-11-01,Equity Max-Sharpe + Sentiment Tilt,CCI,6.828588657775606e-17
2023-12-01,Equity Max-Sharpe + Sentiment Tilt,CCI,0.0
2021-01-04,Equity Max-Sharpe + Sentiment Tilt,CMCSA,3.501947987070113e-17
2021-02-01,Equity Max-Sharpe + Sentiment Tilt,CMCSA,0.0
2021-03-01,Equity Max-Sharpe + Sentiment Tilt,CMCSA,9.760309296156805e-17
2021-04-01,Equity Max-Sharpe + Sentiment Tilt,CMCSA,4.595505173817711e-17
2021-05-03,Equity Max-Sharpe + Sentiment Tilt,CMCSA,0.0
2021-06-01,Equity Max-Sharpe + Sentiment Tilt,CMCSA,0.0
2021-07-01,Equity Max-Sharpe + Sentiment Tilt,CMCSA,0.0
2021-08-02,Equity Max-Sharpe + Sentiment Tilt,CMCSA,0.0
2021-09-01,Equity Max-Sharpe + Sentiment Tilt,CMCSA,2.6844719473787695e-17
2021-10-01,Equity Max-Sharpe + Sentiment Tilt,CMCSA,7.770283297617104e-17
2021-11-01,Equity Max-Sharpe + Sentiment Tilt,CMCSA,4.696188525663654e-17
2021-12-01,Equity Max-Sharpe + Sentiment Tilt,CMCSA,0.0
2022-01-03,Equity Max-Sharpe + Sentiment Tilt,CMCSA,0.0
2022-02-01,Equity Max-Sharpe + Sentiment Tilt,CMCSA,5.325766354677362e-17
2022-03-01,Equity Max-Sharpe + Sentiment Tilt,CMCSA,7.101172541356905e-17
2022-04-01,Equity Max-Sharpe + Sentiment Tilt,CMCSA,4.141679896665251e-18
2022-05-02,Equity Max-Sharpe + Sentiment Tilt,CMCSA,0.0
2022-06-01,Equity Max-Sharpe + Sentiment Tilt,CMCSA,3.977741298795973e-17
2022-07-01,Equity Max-Sharpe + Sentiment Tilt,CMCSA,1.0350918188359913e-17
2022-08-01,Equity Max-Sharpe + Sentiment Tilt,CMCSA,7.324749158303724e-17
2022-09-01,Equity Max-Sharpe + Sentiment Tilt,CMCSA,1.168625917015808e-16
2022-10-03,Equity Max-Sharpe + Sentiment Tilt,CMCSA,1.0519888705710458e-16
2022-11-01,Equity Max-Sharpe + Sentiment Tilt,CMCSA,0.0
2022-12-01,Equity Max-Sharpe + Sentiment Tilt,CMCSA,0.0
2023-01-03,Equity Max-Sharpe + Sentiment Tilt,CMCSA,2.948083073282749e-18
2023-02-01,Equity Max-Sharpe + Sentiment Tilt,CMCSA,7.744273643922449e-17
2023-03-01,Equity Max-Sharpe + Sentiment Tilt,CMCSA,9.87380505368229e-17
2023-04-03,Equity Max-Sharpe + Sentiment Tilt,CMCSA,8.78312331951606e-17
2023-05-01,Equity Max-Sharpe + Sentiment Tilt,CMCSA,1.7929167172667105e-16
2023-06-01,Equity Max-Sharpe + Sentiment Tilt,CMCSA,1.147448171578181e-16
2023-07-03,Equity Max-Sharpe + Sentiment Tilt,CMCSA,0.0
2023-08-01,Equity Max-Sharpe + Sentiment Tilt,CMCSA,1.9667386806037436e-16
2023-09-01,Equity Max-Sharpe + Sentiment Tilt,CMCSA,4.156638872214695e-18
2023-10-02,Equity Max-Sharpe + Sentiment Tilt,CMCSA,6.888635339546311e-18
2023-11-01,Equity Max-Sharpe + Sentiment Tilt,CMCSA,9.983224459686234e-17
2023-12-01,Equity Max-Sharpe + Sentiment Tilt,CMCSA,5.375725336460917e-17
2021-01-04,Equity Max-Sharpe + Sentiment Tilt,COP,0.0
2021-02-01,Equity Max-Sharpe + Sentiment Tilt,COP,2.5923453221127975e-17
2021-03-01,Equity Max-Sharpe + Sentiment Tilt,COP,0.0
2021-04-01,Equity Max-Sharpe + Sentiment Tilt,COP,0.0
2021-05-03,Equity Max-Sharpe + Sentiment Tilt,COP,1.391589058888241e-17
2021-06-01,Equity Max-Sharpe + Sentiment Tilt,COP,5.661418841172934e-17
2021-07-01,Equity Max-Sharpe + Sentiment Tilt,COP,0.0
2021-08-02,Equity Max-Sharpe + Sentiment Tilt,COP,0.0
2021-09-01,Equity Max-Sharpe + Sentiment Tilt,COP,0.0
2021-10-01,Equity Max-Sharpe + Sentiment Tilt,COP,0.0
2021-11-01,Equity Max-Sharpe + Sentiment Tilt,COP,0.0006812855589354712
2021-12-01,Equity Max-Sharpe + Sentiment Tilt,COP,0.04340033402043884
2022-01-03,Equity Max-Sharpe + Sentiment Tilt,COP,0.10595642127884822
2022-02-01,Equity Max-Sharpe + Sentiment Tilt,COP,0.15925355842774405
2022-03-01,Equity Max-Sharpe + Sentiment Tilt,COP,0.15641951376679694
2022-04-01,Equity Max-Sharpe + Sentiment Tilt,COP,0.07119649925047786
2022-05-02,Equity Max-Sharpe + Sentiment Tilt,COP,0.1535029434858168
2022-06-01,Equity Max-Sharpe + Sentiment Tilt,COP,0.05158469999253231
2022-07-01,Equity Max-Sharpe + Sentiment Tilt,COP,0.0
2022-08-01,Equity Max-Sharpe + Sentiment Tilt,COP,0.0
2022-09-01,Equity Max-Sharpe + Sentiment Tilt,COP,0.0690927259748157
2022-10-03,Equity Max-Sharpe + Sentiment Tilt,COP,1.237379068576482e-16
2022-11-01,Equity Max-Sharpe + Sentiment Tilt,COP,0.0
2022-12-01,Equity Max-Sharpe + Sentiment Tilt,COP,1.3309667299708594e-17
2023-01-03,Equity Max-Sharpe + Sentiment Tilt,COP,2.802354228430487e-15
2023-02-01,Equity Max-Sharpe + Sentiment Tilt,COP,6.541714230264537e-17
2023-03-01,Equity Max-Sharpe + Sentiment Tilt,COP,0.0
2023-04-03,Equity Max-Sharpe + Sentiment Tilt,COP,1.7982908861566892e-17
2023-05-01,Equity Max-Sharpe + Sentiment Tilt,COP,0.0
2023-06-01,Equity Max-Sharpe + Sentiment Tilt,COP,1.49067126357333e-17
2023-07-03,Equity Max-Sharpe + Sentiment Tilt,COP,2.4241351719031202e-17
2023-08-01,Equity Max-Sharpe + Sentiment Tilt,COP,0.0
2023-09-01,Equity Max-Sharpe + Sentiment Tilt,COP,1.655031141064958e-16
2023-10-02,Equity Max-Sharpe + Sentiment Tilt,COP,0.0
2023-11-01,Equity Max-Sharpe + Sentiment Tilt,COP,0.0
2023-12-01,Equity Max-Sharpe + Sentiment Tilt,COP,2.3928250147584473e-17
2021-01-04,Equity Max-Sharpe + Sentiment Tilt,CVX,0.0
2021-02-01,Equity Max-Sharpe + Sentiment Tilt,CVX,0.0
2021-03-01,Equity Max-Sharpe + Sentiment Tilt,CVX,0.0
2021-04-01,Equity Max-Sharpe + Sentiment Tilt,CVX,0.0
2021-05-03,Equity Max-Sharpe + Sentiment Tilt,CVX,0.0
2021-06-01,Equity Max-Sharpe + Sentiment Tilt,CVX,8.046570591757918e-17
2021-07-01,Equity Max-Sharpe + Sentiment Tilt,CVX,5.681485198923153e-17
2021-08-02,Equity Max-Sharpe + Sentiment Tilt,CVX,0.0
2021-09-01,Equity Max-Sharpe + Sentiment Tilt,CVX,1.5785860202035893e-16
2021-10-01,Equity Max-Sharpe + Sentiment Tilt,CVX,6.794712442199704e-18
2021-11-01,Equity Max-Sharpe + Sentiment Tilt,CVX,7.932546367626943e-17
2021-12-01,Equity Max-Sharpe + Sentiment Tilt,CVX,0.0
2022-01-03,Equity Max-Sharpe + Sentiment Tilt,CVX,3.795490973653566e-17
2022-02-01,Equity Max-Sharpe + Sentiment Tilt,CVX,0.0
2022-03-01,Equity Max-Sharpe + Sentiment Tilt,CVX,0.0
2022-04-01,Equity Max-Sharpe + Sentiment Tilt,CVX,0.09827599513582652
2022-05-02,Equity Max-Sharpe + Sentiment Tilt,CVX,0.08365539800711388
2022-06-01,Equity Max-Sharpe + Sentiment Tilt,CVX,0.1896257854919494
2022-07-01,Equity Max-Sharpe + Sentiment Tilt,CVX,0.11348705778759831
2022-08-01,Equity Max-Sharpe + Sentiment Tilt,CVX,0.21857867169859882
2022-09-01,Equity Max-Sharpe + Sentiment Tilt,CVX,0.12675886373718165
2022-10-03,Equity Max-Sharpe + Sentiment Tilt,CVX,0.15190409523491294
2022-11-01,Equity Max-Sharpe + Sentiment Tilt,CVX,0.06251698228648057
2022-12-01,Equity Max-Sharpe + Sentiment Tilt,CVX,0.0
2023-01-03,Equity Max-Sharpe + Sentiment Tilt,CVX,9.607934915557508e-16
2023-02-01,Equity Max-Sharpe + Sentiment Tilt,CVX,9.609845745281492e-17
2023-03-01,Equity Max-Sharpe + Sentiment Tilt,CVX,0.0
2023-04-03,Equity Max-Sharpe + Sentiment Tilt,CVX,2.4287666230220127e-17
2023-05-01,Equity Max-Sharpe + Sentiment Tilt,CVX,0.0
2023-06-01,Equity Max-Sharpe + Sentiment Tilt,CVX,8.110510067697598e-17
2023-07-03,Equity Max-Sharpe + Sentiment Tilt,CVX,0.0
2023-08-01,Equity Max-Sharpe + Sentiment Tilt,CVX,0.0
2023-09-01,Equity Max-Sharpe + Sentiment Tilt,CVX,0.0
2023-10-02,Equity Max-Sharpe + Sentiment Tilt,CVX,1.9635019529013426e-17
2023-11-01,Equity Max-Sharpe + Sentiment Tilt,CVX,8.080019581599985e-18
2023-12-01,Equity Max-Sharpe + Sentiment Tilt,CVX,5.668663171967502e-17
2021-01-04,Equity Max-Sharpe + Sentiment Tilt,D,0.0
2021-02-01,Equity Max-Sharpe + Sentiment Tilt,D,4.865525964626146e-18
2021-03-01,Equity Max-Sharpe + Sentiment Tilt,D,0.0
2021-04-01,Equity Max-Sharpe + Sentiment Tilt,D,8.456443946937008e-17
2021-05-03,Equity Max-Sharpe + Sentiment Tilt,D,0.0
2021-06-01,Equity Max-Sharpe + Sentiment Tilt,D,9.295715470176993e-17
2021-07-01,Equity Max-Sharpe + Sentiment Tilt,D,3.888541212009312e-17
2021-08-02,Equity Max-Sharpe + Sentiment Tilt,D,5.574883939144456e-17
2021-09-01,Equity Max-Sharpe + Sentiment Tilt,D,0.0
2021-10-01,Equity Max-Sharpe + Sentiment Tilt,D,0.0
2021-11-01,Equity Max-Sharpe + Sentiment Tilt,D,0.0
2021-12-01,Equity Max-Sharpe + Sentiment Tilt,D,2.3297710808702575e-17
2022-01-03,Equity Max-Sharpe + Sentiment Tilt,D,0.0
2022-02-01,Equity Max-Sharpe + Sentiment Tilt,D,0.0
2022-03-01,Equity Max-Sharpe + Sentiment Tilt,D,8.603478283611565e-17
2022-04-01,Equity Max-Sharpe + Sentiment Tilt,D,4.746543444016379e-17
2022-05-02,Equity Max-Sharpe + Sentiment Tilt,D,9.346589400310573e-17
2022-06-01,Equity Max-Sharpe + Sentiment Tilt,D,1.14254933603155e-16
2022-07-01,Equity Max-Sharpe + Sentiment Tilt,D,0.0
2022-08-01,Equity Max-Sharpe + Sentiment Tilt,D,0.0
2022-09-01,Equity Max-Sharpe + Sentiment Tilt,D,0.0
2022-10-03,Equity Max-Sharpe + Sentiment Tilt,D,0.0
2022-11-01,Equity Max-Sharpe + Sentiment Tilt,D,1.1904718135166779e-17
2022-12-01,Equity Max-Sharpe + Sentiment Tilt,D,0.0
2023-01-03,Equity Max-Sharpe + Sentiment Tilt,D,9.237854690429971e-18
2023-02-01,Equity Max-Sharpe + Sentiment Tilt,D,3.576620030702375e-17
2023-03-01,Equity Max-Sharpe + Sentiment Tilt,D,5.819877909418775e-17
2023-04-03,Equity Max-Sharpe + Sentiment Tilt,D,0.0
2023-05-01,Equity Max-Sharpe + Sentiment Tilt,D,0.0
2023-06-01,Equity Max-Sharpe + Sentiment Tilt,D,7.013871233236305e-17
2023-07-03,Equity Max-Sharpe + Sentiment Tilt,D,9.387967760501487e-17
2023-08-01,Equity Max-Sharpe + Sentiment Tilt,D,3.287945934817603e-17
2023-09-01,Equity Max-Sharpe + Sentiment Tilt,D,1.8046573702415062e-17
2023-10-02,Equity Max-Sharpe + Sentiment Tilt,D,0.0
2023-11-01,Equity Max-Sharpe + Sentiment Tilt,D,3.502924680538004e-17
2023-12-01,Equity Max-Sharpe + Sentiment Tilt,D,2.979297402601216e-17
2021-01-04,Equity Max-Sharpe + Sentiment Tilt,DD,2.8610229397610713e-18
2021-02-01,Equity Max-Sharpe + Sentiment Tilt,DD,0.10445885671446138
2021-03-01,Equity Max-Sharpe + Sentiment Tilt,DD,1.422347528748855e-16
2021-04-01,Equity Max-Sharpe + Sentiment Tilt,DD,0.07893358394004533
2021-05-03,Equity Max-Sharpe + Sentiment Tilt,DD,4.502204685871232e-20
2021-06-01,Equity Max-Sharpe + Sentiment Tilt,DD,0.0
2021-07-01,Equity Max-Sharpe + Sentiment Tilt,DD,0.0
2021-08-02,Equity Max-Sharpe + Sentiment Tilt,DD,3.7120779158541813e-17
2021-09-01,Equity Max-Sharpe + Sentiment Tilt,DD,7.978789333693193e-17
2021-10-01,Equity Max-Sharpe + Sentiment Tilt,DD,0.0
2021-11-01,Equity Max-Sharpe + Sentiment Tilt,DD,1.1672565149263169e-17
2021-12-01,Equity Max-Sharpe + Sentiment Tilt,DD,0.0
2022-01-03,Equity Max-Sharpe + Sentiment Tilt,DD,0.0
2022-02-01,Equity Max-Sharpe + Sentiment Tilt,DD,0.0
2022-03-01,Equity Max-Sharpe + Sentiment Tilt,DD,5.255692092820384e-17
2022-04-01,Equity Max-Sharpe + Sentiment Tilt,DD,1.0384088356305238e-16
2022-05-02,Equity Max-Sharpe + Sentiment Tilt,DD,0.0
2022-06-01,Equity Max-Sharpe + Sentiment Tilt,DD,2.637528600897921e-17
2022-07-01,Equity Max-Sharpe + Sentiment Tilt,DD,2.5327158298638118e-17
2022-08-01,Equity Max-Sharpe + Sentiment Tilt,DD,9.202474931584371e-18
2022-09-01,Equity Max-Sharpe + Sentiment Tilt,DD,1.6826433916589507e-16
2022-10-03,Equity Max-Sharpe + Sentiment Tilt,DD,0.0
2022-11-01,Equity Max-Sharpe + Sentiment Tilt,DD,1.588537677750586e-16
2022-12-01,Equity Max-Sharpe + Sentiment Tilt,DD,2.8885198825916154e-17
2023-01-03,Equity Max-Sharpe + Sentiment Tilt,DD,7.055546425267958e-17
2023-02-01,Equity Max-Sharpe + Sentiment Tilt,DD,1.7823951646647737e-17
2023-03-01,Equity Max-Sharpe + Sentiment Tilt,DD,2.1472923849047798e-16
2023-04-03,Equity Max-Sharpe + Sentiment Tilt,DD,0.0
2023-05-01,Equity Max-Sharpe + Sentiment Tilt,DD,0.0
2023-06-01,Equity Max-Sharpe + Sentiment Tilt,DD,6.525485775057787e-18
2023-07-03,Equity Max-Sharpe + Sentiment Tilt,DD,0.0
2023-08-01,Equity Max-Sharpe + Sentiment Tilt,DD,0.0
2023-09-01,Equity Max-Sharpe + Sentiment Tilt,DD,0.0
2023-10-02,Equity Max-Sharpe + Sentiment Tilt,DD,0.0
2023-11-01,Equity Max-Sharpe + Sentiment Tilt,DD,0.0
2023-12-01,Equity Max-Sharpe + Sentiment Tilt,DD,0.0
2021-01-04,Equity Max-Sharpe + Sentiment Tilt,DIS,1.3897024883628491e-16
2021-02-01,Equity Max-Sharpe + Sentiment Tilt,DIS,0.0
2021-03-01,Equity Max-Sharpe + Sentiment Tilt,DIS,1.1320175818771057e-16
2021-04-01,Equity Max-Sharpe + Sentiment Tilt,DIS,0.05517420553882336
2021-05-03,Equity Max-Sharpe + Sentiment Tilt,DIS,6.927161431155086e-17
2021-06-01,Equity Max-Sharpe + Sentiment Tilt,DIS,6.90833909183423e-17
2021-07-01,Equity Max-Sharpe + Sentiment Tilt,DIS,0.006364297142566758
2021-08-02,Equity Max-Sharpe + Sentiment Tilt,DIS,5.5367568938762915e-17
2021-09-01,Equity Max-Sharpe + Sentiment Tilt,DIS,0.0
2021-10-01,Equity Max-Sharpe + Sentiment Tilt,DIS,0.0
2021-11-01,Equity Max-Sharpe + Sentiment Tilt,DIS,6.097404795651182e-17
2021-12-01,Equity Max-Sharpe + Sentiment Tilt,DIS,7.80390117085586e-18
2022-01-03,Equity Max-Sharpe + Sentiment Tilt,DIS,2.2898491423130215e-17
2022-02-01,Equity Max-Sharpe + Sentiment Tilt,DIS,3.68422755987495e-18
2022-03-01,Equity Max-Sharpe + Sentiment Tilt,DIS,1.7827301511985847e-17
2022-04-01,Equity Max-Sharpe + Sentiment Tilt,DIS,0.0
2022-05-02,Equity Max-Sharpe + Sentiment Tilt,DIS,7.05058930324754e-17
2022-06-01,Equity Max-Sharpe + Sentiment Tilt,DIS,2.1766138170258524e-17
2022-07-01,Equity Max-Sharpe + Sentiment Tilt,DIS,0.0
2022-08-01,Equity Max-Sharpe + Sentiment Tilt,DIS,5.680670359090583e-17
2022-09-01,Equity Max-Sharpe + Sentiment Tilt,DIS,1.0660088666388076e-16
2022-10-03,Equity Max-Sharpe + Sentiment Tilt,DIS,8.325551913630432e-17
2022-11-01,Equity Max-Sharpe + Sentiment Tilt,DIS,0.0
2022-12-01,Equity Max-Sharpe + Sentiment Tilt,DIS,6.351765025409888e-17
2023-01-03,Equity Max-Sharpe + Sentiment Tilt,DIS,2.382470605384885e-16
2023-02-01,Equity Max-Sharpe + Sentiment Tilt,DIS,3.117041547826741e-17
2023-03-01,Equity Max-Sharpe + Sentiment Tilt,DIS,0.0
2023-04-03,Equity Max-Sharpe + Sentiment Tilt,DIS,6.853511801381582e-17
2023-05-01,Equity Max-Sharpe + Sentiment Tilt,DIS,1.0172217382350739e-16
2023-06-01,Equity Max-Sharpe + Sentiment Tilt,DIS,7.727848023185831e-17
2023-07-03,Equity Max-Sharpe + Sentiment Tilt,DIS,0.0
2023-08-01,Equity Max-Sharpe + Sentiment Tilt,DIS,0.0
2023-09-01,Equity Max-Sharpe + Sentiment Tilt,DIS,0.0
2023-10-02,Equity Max-Sharpe + Sentiment Tilt,DIS,6.7112183978097916e-18
2023-11-01,Equity Max-Sharpe + Sentiment Tilt,DIS,0.0
2023-12-01,Equity Max-Sharpe + Sentiment Tilt,DIS,1.3319091430297665e-17
2021-01-04,Equity Max-Sharpe + Sentiment Tilt,DOW,0.0
2021-02-01,Equity Max-Sharpe + Sentiment Tilt,DOW,9.297719263945812e-18
2021-03-01,Equity Max-Sharpe + Sentiment Tilt,DOW,0.0
2021-04-01,Equity Max-Sharpe + Sentiment Tilt,DOW,0.0
2021-05-03,Equity Max-Sharpe + Sentiment Tilt,DOW,0.0
2021-06-01,Equity Max-Sharpe + Sentiment Tilt,DOW,0.0
2021-07-01,Equity Max-Sharpe + Sentiment Tilt,DOW,3.014319122770906e-17
2021-08-02,Equity Max-Sharpe + Sentiment Tilt,DOW,0.0
2021-09-01,Equity Max-Sharpe + Sentiment Tilt,DOW,0.0
2021-10-01,Equity Max-Sharpe + Sentiment Tilt,DOW,0.0
2021-11-01,Equity Max-Sharpe + Sentiment Tilt,DOW,5.578545940018917e-17
2021-12-01,Equity Max-Sharpe + Sentiment Tilt,DOW,0.0
2022-01-03,Equity Max-Sharpe + Sentiment Tilt,DOW,4.62665372726394e-17
2022-02-01,Equity Max-Sharpe + Sentiment Tilt,DOW,0.0
2022-03-01,Equity Max-Sharpe + Sentiment Tilt,DOW,0.0
2022-04-01,Equity Max-Sharpe + Sentiment Tilt,DOW,5.765351415293594e-17
2022-05-02,Equity Max-Sharpe + Sentiment Tilt,DOW,0.0
2022-06-01,Equity Max-Sharpe + Sentiment Tilt,DOW,0.0
2022-07-01,Equity Max-Sharpe + Sentiment Tilt,DOW,0.0
2022-08-01,Equity Max-Sharpe + Sentiment Tilt,DOW,0.0
2022-09-01,Equity Max-Sharpe + Sentiment Tilt,DOW,1.182898530192151e-19
2022-10-03,Equity Max-Sharpe + Sentiment Tilt,DOW,0.0
2022-11-01,Equity Max-Sharpe + Sentiment Tilt,DOW,0.0
2022-12-01,Equity Max-Sharpe + Sentiment Tilt,DOW,4.2553498404953856e-17
2023-01-03,Equity Max-Sharpe + Sentiment Tilt,DOW,3.13850483772526e-17
2023-02-01,Equity Max-Sharpe + Sentiment Tilt,DOW,0.0
2023-03-01,Equity Max-Sharpe + Sentiment Tilt,DOW,0.0
2023-04-03,Equity Max-Sharpe + Sentiment Tilt,DOW,2.9800725758161006e-17
2023-05-01,Equity Max-Sharpe + Sentiment Tilt,DOW,3.145352871873456e-16
2023-06-01,Equity Max-Sharpe + Sentiment Tilt,DOW,1.8879631355217938e-17
2023-07-03,Equity Max-Sharpe + Sentiment Tilt,DOW,5.325120903618689e-17
2023-08-01,Equity Max-Sharpe + Sentiment Tilt,DOW,3.654874329753301e-17
2023-09-01,Equity Max-Sharpe + Sentiment Tilt,DOW,0.0
2023-10-02,Equity Max-Sharpe + Sentiment Tilt,DOW,0.0
2023-11-01,Equity Max-Sharpe + Sentiment Tilt,DOW,7.238007304477838e-17
2023-12-01,Equity Max-Sharpe + Sentiment Tilt,DOW,2.257575887295829e-17
2021-01-04,Equity Max-Sharpe + Sentiment Tilt,DUK,0.0
2021-02-01,Equity Max-Sharpe + Sentiment Tilt,DUK,0.0
2021-03-01,Equity Max-Sharpe + Sentiment Tilt,DUK,2.8456624226692537e-17
2021-04-01,Equity Max-Sharpe + Sentiment Tilt,DUK,1.0162602022949556e-17
2021-05-03,Equity Max-Sharpe + Sentiment Tilt,DUK,3.689341270326401e-17
2021-06-01,Equity Max-Sharpe + Sentiment Tilt,DUK,0.0
2021-07-01,Equity Max-Sharpe + Sentiment Tilt,DUK,0.0
2021-08-02,Equity Max-Sharpe + Sentiment Tilt,DUK,0.002935483605518197
2021-09-01,Equity Max-Sharpe + Sentiment Tilt,DUK,0.059163446801642004
2021-10-01,Equity Max-Sharpe + Sentiment Tilt,DUK,1.436082206304875e-17
2021-11-01,Equity Max-Sharpe + Sentiment Tilt,DUK,6.959912397538473e-17
2021-12-01,Equity Max-Sharpe + Sentiment Tilt,DUK,2.1213857090588218e-17
2022-01-03,Equity Max-Sharpe + Sentiment Tilt,DUK,3.520738801911423e-17
2022-02-01,Equity Max-Sharpe + Sentiment Tilt,DUK,4.139526549687428e-17
2022-03-01,Equity Max-Sharpe + Sentiment Tilt,DUK,0.0
2022-04-01,Equity Max-Sharpe + Sentiment Tilt,DUK,8.328640676035255e-17
2022-05-02,Equity Max-Sharpe + Sentiment Tilt,DUK,0.0
2022-06-01,Equity Max-Sharpe + Sentiment Tilt,DUK,2.020073306303494e-17
2022-07-01,Equity Max-Sharpe + Sentiment Tilt,DUK,0.0
2022-08-01,Equity Max-Sharpe + Sentiment Tilt,DUK,3.973364243964763e-17
2022-09-01,Equity Max-Sharpe + Sentiment Tilt,DUK,0.0
2022-10-03,Equity Max-Sharpe + Sentiment Tilt,DUK,0.0
2022-11-01,Equity Max-Sharpe + Sentiment Tilt,DUK,0.0
2022-12-01,Equity Max-Sharpe + Sentiment Tilt,DUK,0.0
2023-01-03,Equity Max-Sharpe + Sentiment Tilt,DUK,1.2160725196241663e-16
2023-02-01,Equity Max-Sharpe + Sentiment Tilt,DUK,3.923491568391675e-17
2023-03-01,Equity Max-Sharpe + Sentiment Tilt,DUK,3.281516203339507e-17
2023-04-03,Equity Max-Sharpe + Sentiment Tilt,DUK,8.717318000734161e-17
2023-05-01,Equity Max-Sharpe + Sentiment Tilt,DUK,3.2199375469982385e-17
2023-06-01,Equity Max-Sharpe + Sentiment Tilt,DUK,0.0
2023-07-03,Equity Max-Sharpe + Sentiment Tilt,DUK,0.0
2023-08-01,Equity Max-Sharpe + Sentiment Tilt,DUK,0.0
2023-09-01,Equity Max-Sharpe + Sentiment Tilt,DUK,7.868565551580483e-17
2023-10-02,Equity Max-Sharpe + Sentiment Tilt,DUK,2.630044249246045e-17
2023-11-01,Equity Max-Sharpe + Sentiment Tilt,DUK,5.955534580733065e-17
2023-12-01,Equity Max-Sharpe + Sentiment Tilt,DUK,1.1012904213202733e-16
2021-01-04,Equity Max-Sharpe + Sentiment Tilt,EA,5.590447065463869e-17
2021-02-01,Equity Max-Sharpe + Sentiment Tilt,EA,0.0
2021-03-01,Equity Max-Sharpe + Sentiment Tilt,EA,3.1274045113511034e-18
2021-04-01,Equity Max-Sharpe + Sentiment Tilt,EA,0.06319980291516428
2021-05-03,Equity Max-Sharpe + Sentiment Tilt,EA,8.897847402783688e-17
2021-06-01,Equity Max-Sharpe + Sentiment Tilt,EA,1.2056005149760307e-16
2021-07-01,Equity Max-Sharpe + Sentiment Tilt,EA,0.0
2021-08-02,Equity Max-Sharpe + Sentiment Tilt,EA,0.0
2021-09-01,Equity Max-Sharpe + Sentiment Tilt,EA,0.0
2021-10-01,Equity Max-Sharpe + Sentiment Tilt,EA,0.0
2021-11-01,Equity Max-Sharpe + Sentiment Tilt,EA,6.508573141545072e-17
2021-12-01,Equity Max-Sharpe + Sentiment Tilt,EA,3.511354210637803e-18
2022-01-03,Equity Max-Sharpe + Sentiment Tilt,EA,9.8021526669271e-17
2022-02-01,Equity Max-Sharpe + Sentiment Tilt,EA,2.484180446369753e-17
2022-03-01,Equity Max-Sharpe + Sentiment Tilt,EA,6.752830631051966e-17
2022-04-01,Equity Max-Sharpe + Sentiment Tilt,EA,9.765004119515507e-18
2022-05-02,Equity Max-Sharpe + Sentiment Tilt,EA,4.8705418343831814e-17
2022-06-01,Equity Max-Sharpe + Sentiment Tilt,EA,0.0
2022-07-01,Equity Max-Sharpe + Sentiment Tilt,EA,0.0
2022-08-01,Equity Max-Sharpe + Sentiment Tilt,EA,0.0
2022-09-01,Equity Max-Sharpe + Sentiment Tilt,EA,0.0
2022-10-03,Equity Max-Sharpe + Sentiment Tilt,EA,0.0
2022-11-01,Equity Max-Sharpe + Sentiment Tilt,EA,0.0
2022-12-01,Equity Max-Sharpe + Sentiment Tilt,EA,7.018799055323596e-17
2023-01-03,Equity Max-Sharpe + Sentiment Tilt,EA,0.0
2023-02-01,Equity Max-Sharpe + Sentiment Tilt,EA,0.0
2023-03-01,Equity Max-Sharpe + Sentiment Tilt,EA,2.2518188552737038e-17
2023-04-03,Equity Max-Sharpe + Sentiment Tilt,EA,2.996569770725255e-17
2023-05-01,Equity Max-Sharpe + Sentiment Tilt,EA,1.8600688767179223e-17
2023-06-01,Equity Max-Sharpe + Sentiment Tilt,EA,0.0
2023-07-03,Equity Max-Sharpe + Sentiment Tilt,EA,1.313157957711302e-16
2023-08-01,Equity Max-Sharpe + Sentiment Tilt,EA,5.174726190855996e-18
2023-09-01,Equity Max-Sharpe + Sentiment Tilt,EA,0.0
2023-10-02,Equity Max-Sharpe + Sentiment Tilt,EA,0.0
2023-11-01,Equity Max-Sharpe + Sentiment Tilt,EA,3.669281280113165e-17
2023-12-01,Equity Max-Sharpe + Sentiment Tilt,EA,8.357132734010203e-17
2021-01-04,Equity Max-Sharpe + Sentiment Tilt,GE,4.1329978792078773e-17
2021-02-01,Equity Max-Sharpe + Sentiment Tilt,GE,0.0
2021-03-01,Equity Max-Sharpe + Sentiment Tilt,GE,1.530569630432142e-18
2021-04-01,Equity Max-Sharpe + Sentiment Tilt,GE,0.0
2021-05-03,Equity Max-Sharpe + Sentiment Tilt,GE,0.005782088841327496
2021-06-01,Equity Max-Sharpe + Sentiment Tilt,GE,0.06781333300549636
2021-07-01,Equity Max-Sharpe + Sentiment Tilt,GE,0.08135295067890493
2021-08-02,Equity Max-Sharpe + Sentiment Tilt,GE,0.07780265940046706
2021-09-01,Equity Max-Sharpe + Sentiment Tilt,GE,0.07098984185514622
2021-10-01,Equity Max-Sharpe + Sentiment Tilt,GE,0.10370628845847854
2021-11-01,Equity Max-Sharpe + Sentiment Tilt,GE,8.0503700864526455e-19
2021-12-01,Equity Max-Sharpe + Sentiment Tilt,GE,0.0
2022-01-03,Equity Max-Sharpe + Sentiment Tilt,GE,0.0
2022-02-01,Equity Max-Sharpe + Sentiment Tilt,GE,0.0
2022-03-01,Equity Max-Sharpe + Sentiment Tilt,GE,3.502342149011127e-17
2022-04-01,Equity Max-Sharpe + Sentiment Tilt,GE,0.0
2022-05-02,Equity Max-Sharpe + Sentiment Tilt,GE,0.0
2022-06-01,Equity Max-Sharpe + Sentiment Tilt,GE,0.0
2022-07-01,Equity Max-Sharpe + Sentiment Tilt,GE,5.9821308682924144e-18
2022-08-01,Equity Max-Sharpe + Sentiment Tilt,GE,0.0
2022-09-01,Equity Max-Sharpe + Sentiment Tilt,GE,9.319111990101418e-17
2022-10-03,Equity Max-Sharpe + Sentiment Tilt,GE,7.331512163819513e-17
2022-11-01,Equity Max-Sharpe + Sentiment Tilt,GE,9.936859773795e-17
2022-12-01,Equity Max-Sharpe + Sentiment Tilt,GE,1.0269362324864384e-16
2023-01-03,Equity Max-Sharpe + Sentiment Tilt,GE,3.01293877515888e-17
2023-02-01,Equity Max-Sharpe + Sentiment Tilt,GE,1.165365037355483e-16
2023-03-01,Equity Max-Sharpe + Sentiment Tilt,GE,0.0
2023-04-03,Equity Max-Sharpe + Sentiment Tilt,GE,0.07187741448580649
2023-05-01,Equity Max-Sharpe + Sentiment Tilt,GE,0.2567753179398676
2023-06-01,Equity Max-Sharpe + Sentiment Tilt,GE,0.38115124244408677
2023-07-03,Equity Max-Sharpe + Sentiment Tilt,GE,0.4791606528130867
2023-08-01,Equity Max-Sharpe + Sentiment Tilt,GE,0.4524738752548202
2023-09-01,Equity Max-Sharpe + Sentiment Tilt,GE,0.40696195900037124
2023-10-02,Equity Max-Sharpe + Sentiment Tilt,GE,0.47328822954542304
2023-11-01,Equity Max-Sharpe + Sentiment Tilt,GE,0.5199971884131227
2023-12-01,Equity Max-Sharpe + Sentiment Tilt,GE,0.47600534340458045
2021-01-04,Equity Max-Sharpe + Sentiment Tilt,GILD,0.0
2021-02-01,Equity Max-Sharpe + Sentiment Tilt,GILD,0.0
2021-03-01,Equity Max-Sharpe + Sentiment Tilt,GILD,0.0
2021-04-01,Equity Max-Sharpe + Sentiment Tilt,GILD,0.0
2021-05-03,Equity Max-Sharpe + Sentiment Tilt,GILD,0.0
2021-06-01,Equity Max-Sharpe + Sentiment Tilt,GILD,0.0
2021-07-01,Equity Max-Sharpe + Sentiment Tilt,GILD,0.0
2021-08-02,Equity Max-Sharpe + Sentiment Tilt,GILD,1.5779243438213125e-18
2021-09-01,Equity Max-Sharpe + Sentiment Tilt,GILD,0.0
2021-10-01,Equity Max-Sharpe + Sentiment Tilt,GILD,0.01406758659272428
2021-11-01,Equity Max-Sharpe + Sentiment Tilt,GILD,0.0
2021-12-01,Equity Max-Sharpe + Sentiment Tilt,GILD,0.0942074531035246
2022-01-03,Equity Max-Sharpe + Sentiment Tilt,GILD,0.12011693228458077
2022-02-01,Equity Max-Sharpe + Sentiment Tilt,GILD,5.406215171566397e-17
2022-03-01,Equity Max-Sharpe + Sentiment Tilt,GILD,0.0
2022-04-01,Equity Max-Sharpe + Sentiment Tilt,GILD,0.0
2022-05-02,Equity Max-Sharpe + Sentiment Tilt,GILD,0.0
2022-06-01,Equity Max-Sharpe + Sentiment Tilt,GILD,9.276195801926871e-17
2022-07-01,Equity Max-Sharpe + Sentiment Tilt,GILD,0.0
2022-08-01,Equity Max-Sharpe + Sentiment Tilt,GILD,5.848974210881334e-17
2022-09-01,Equity Max-Sharpe + Sentiment Tilt,GILD,0.0
2022-10-03,Equity Max-Sharpe + Sentiment Tilt,GILD,0.0
2022-11-01,Equity Max-Sharpe + Sentiment Tilt,GILD,0.049826908320903515
2022-12-01,Equity Max-Sharpe + Sentiment Tilt,GILD,3.865173440002403e-19
2023-01-03,Equity Max-Sharpe + Sentiment Tilt,GILD,0.0
2023-02-01,Equity Max-Sharpe + Sentiment Tilt,GILD,0.04223295993633214
2023-03-01,Equity Max-Sharpe + Sentiment Tilt,GILD,0.16471234754218422
2023-04-03,Equity Max-Sharpe + Sentiment Tilt,GILD,0.32867855703511056
2023-05-01,Equity Max-Sharpe + Sentiment Tilt,GILD,0.0777663227965462
2023-06-01,Equity Max-Sharpe + Sentiment Tilt,GILD,0.008999963132114479
2023-07-03,Equity Max-Sharpe + Sentiment Tilt,GILD,0.0
2023-08-01,Equity Max-Sharpe + Sentiment Tilt,GILD,0.056311626896295076
2023-09-01,Equity Max-Sharpe + Sentiment Tilt,GILD,4.410232845375338e-16
2023-10-02,Equity Max-Sharpe + Sentiment Tilt,GILD,1.3034506413896196e-17
2023-11-01,Equity Max-Sharpe + Sentiment Tilt,GILD,0.0
2023-12-01,Equity Max-Sharpe + Sentiment Tilt,GILD,2.289348949321656e-17
2021-01-04,Equity Max-Sharpe + Sentiment Tilt,GS,7.137784903677952e-17
2021-02-01,Equity Max-Sharpe + Sentiment Tilt,GS,1.428172473851502e-17
2021-03-01,Equity Max-Sharpe + Sentiment Tilt,GS,0.0
2021-04-01,Equity Max-Sharpe + Sentiment Tilt,GS,0.11171497735233857
2021-05-03,Equity Max-Sharpe + Sentiment Tilt,GS,0.0
2021-06-01,Equity Max-Sharpe + Sentiment Tilt,GS,0.0
2021-07-01,Equity Max-Sharpe + Sentiment Tilt,GS,0.17561489209335657
2021-08-02,Equity Max-Sharpe + Sentiment Tilt,GS,0.11860356575857221
2021-09-01,Equity Max-Sharpe + Sentiment Tilt,GS,0.20966973271263464
2021-10-01,Equity Max-Sharpe + Sentiment Tilt,GS,0.04305834907321578
2021-11-01,Equity Max-Sharpe + Sentiment Tilt,GS,0.1664254011723974
2021-12-01,Equity Max-Sharpe + Sentiment Tilt,GS,0.1312376842125106
2022-01-03,Equity Max-Sharpe + Sentiment Tilt,GS,2.3651768334243382e-17
2022-02-01,Equity Max-Sharpe + Sentiment Tilt,GS,5.056447803218603e-17
2022-03-01,Equity Max-Sharpe + Sentiment Tilt,GS,0.0
2022-04-01,Equity Max-Sharpe + Sentiment Tilt,GS,0.0
2022-05-02,Equity Max-Sharpe + Sentiment Tilt,GS,0.0
2022-06-01,Equity Max-Sharpe + Sentiment Tilt,GS,2.789489378800235e-17
2022-07-01,Equity Max-Sharpe + Sentiment Tilt,GS,0.0
2022-08-01,Equity Max-Sharpe + Sentiment Tilt,GS,0.0
2022-09-01,Equity Max-Sharpe + Sentiment Tilt,GS,0.0
2022-10-03,Equity Max-Sharpe + Sentiment Tilt,GS,1.2385687500258008e-17
2022-11-01,Equity Max-Sharpe + Sentiment Tilt,GS,8.890248938789331e-17
2022-12-01,Equity Max-Sharpe + Sentiment Tilt,GS,0.0
2023-01-03,Equity Max-Sharpe + Sentiment Tilt,GS,0.0
2023-02-01,Equity Max-Sharpe + Sentiment Tilt,GS,1.1690163691499807e-16
2023-03-01,Equity Max-Sharpe + Sentiment Tilt,GS,0.0
2023-04-03,Equity Max-Sharpe + Sentiment Tilt,GS,6.3745328139743014e-18
2023-05-01,Equity Max-Sharpe + Sentiment Tilt,GS,0.0
2023-06-01,Equity Max-Sharpe + Sentiment Tilt,GS,0.0
2023-07-03,Equity Max-Sharpe + Sentiment Tilt,GS,1.262747282207304e-17
2023-08-01,Equity Max-Sharpe + Sentiment Tilt,GS,0.0
2023-09-01,Equity Max-Sharpe + Sentiment Tilt,GS,1.192007652593532e-16
2023-10-02,Equity Max-Sharpe + Sentiment Tilt,GS,2.455004088631375e-17
2023-11-01,Equity Max-Sharpe + Sentiment Tilt,GS,1.0649318513046811e-18
2023-12-01,Equity Max-Sharpe + Sentiment Tilt,GS,1.5922595812954797e-17
2021-01-04,Equity Max-Sharpe + Sentiment Tilt,INTC,0.0
2021-02-01,Equity Max-Sharpe + Sentiment Tilt,INTC,7.631838229641105e-18
2021-03-01,Equity Max-Sharpe + Sentiment Tilt,INTC,0.0
2021-04-01,Equity Max-Sharpe + Sentiment Tilt,INTC,0.0
2021-05-03,Equity Max-Sharpe + Sentiment Tilt,INTC,0.0
2021-06-01,Equity Max-Sharpe + Sentiment Tilt,INTC,1.0917835500861057e-16
2021-07-01,Equity Max-Sharpe + Sentiment Tilt,INTC,0.0
2021-08-02,Equity Max-Sharpe + Sentiment Tilt,INTC,2.97507669963408e-17
2021-09-01,Equity Max-Sharpe + Sentiment Tilt,INTC,3.0887925651527986e-17
2021-10-01,Equity Max-Sharpe + Sentiment Tilt,INTC,0.0
2021-11-01,Equity Max-Sharpe + Sentiment Tilt,INTC,0.0
2021-12-01,Equity Max-Sharpe + Sentiment Tilt,INTC,0.0
2022-01-03,Equity Max-Sharpe + Sentiment Tilt,INTC,0.0
2022-02-01,Equity Max-Sharpe + Sentiment Tilt,INTC,0.0
2022-03-01,Equity Max-Sharpe + Sentiment Tilt,INTC,0.0
2022-04-01,Equity Max-Sharpe + Sentiment Tilt,INTC,2.794980559638522e-17
2022-05-02,Equity Max-Sharpe + Sentiment Tilt,INTC,0.0
2022-06-01,Equity Max-Sharpe + Sentiment Tilt,INTC,0.0
2022-07-01,Equity Max-Sharpe + Sentiment Tilt,INTC,0.0
2022-08-01,Equity Max-Sharpe + Sentiment Tilt,INTC,0.0
2022-09-01,Equity Max-Sharpe + Sentiment Tilt,INTC,1.0067197320702126e-16
2022-10-03,Equity Max-Sharpe + Sentiment Tilt,INTC,8.796520079774126e-17
2022-11-01,Equity Max-Sharpe + Sentiment Tilt,INTC,1.2995315620249502e-17
2022-12-01,Equity Max-Sharpe + Sentiment Tilt,INTC,0.0
2023-01-03,Equity Max-Sharpe + Sentiment Tilt,INTC,7.258524230799533e-17
2023-02-01,Equity Max-Sharpe + Sentiment Tilt,INTC,9.369714513651829e-17
2023-03-01,Equity Max-Sharpe + Sentiment Tilt,INTC,6.847944679352766e-17
2023-04-03,Equity Max-Sharpe + Sentiment Tilt,INTC,0.0
2023-05-01,Equity Max-Sharpe + Sentiment Tilt,INTC,0.0
2023-06-01,Equity Max-Sharpe + Sentiment Tilt,INTC,2.7070009615566683e-17
2023-07-03,Equity Max-Sharpe + Sentiment Tilt,INTC,0.0
2023-08-01,Equity Max-Sharpe + Sentiment Tilt,INTC,0.0
2023-09-01,Equity Max-Sharpe + Sentiment Tilt,INTC,0.0
2023-10-02,Equity Max-Sharpe + Sentiment Tilt,INTC,1.2549497523038827e-17
2023-11-01,Equity Max-Sharpe + Sentiment Tilt,INTC,0.0
2023-12-01,Equity Max-Sharpe + Sentiment Tilt,INTC,0.04575121719574623
2021-01-04,Equity Max-Sharpe + Sentiment Tilt,KO,2.6597228463287102e-17
2021-02-01,Equity Max-Sharpe + Sentiment Tilt,KO,0.0
2021-03-01,Equity Max-Sharpe + Sentiment Tilt,KO,0.0
2021-04-01,Equity Max-Sharpe + Sentiment Tilt,KO,0.0
2021-05-03,Equity Max-Sharpe + Sentiment Tilt,KO,0.0
2021-06-01,Equity Max-Sharpe + Sentiment Tilt,KO,4.38830794102059e-17
2021-07-01,Equity Max-Sharpe + Sentiment Tilt,KO,3.3234874247611986e-18
2021-08-02,Equity Max-Sharpe + Sentiment Tilt,KO,0.0
2021-09-01,Equity Max-Sharpe + Sentiment Tilt,KO,0.0
2021-10-01,Equity Max-Sharpe + Sentiment Tilt,KO,4.1704329434391275e-17
2021-11-01,Equity Max-Sharpe + Sentiment Tilt,KO,1.518737160630895e-17
2021-12-01,Equity Max-Sharpe + Sentiment Tilt,KO,4.09599811678167e-17
2022-01-03,Equity Max-Sharpe + Sentiment Tilt,KO,0.0
2022-02-01,Equity Max-Sharpe + Sentiment Tilt,KO,0.0
2022-03-01,Equity Max-Sharpe + Sentiment Tilt,KO,0.04247910086405778
2022-04-01,Equity Max-Sharpe + Sentiment Tilt,KO,0.0
2022-05-02,Equity Max-Sharpe + Sentiment Tilt,KO,0.023436163977510315
2022-06-01,Equity Max-Sharpe + Sentiment Tilt,KO,0.0
2022-07-01,Equity Max-Sharpe + Sentiment Tilt,KO,0.0455895516593039
2022-08-01,Equity Max-Sharpe + Sentiment Tilt,KO,0.0
2022-09-01,Equity Max-Sharpe + Sentiment Tilt,KO,0.0
2022-10-03,Equity Max-Sharpe + Sentiment Tilt,KO,2.2066190789090454e-17
2022-11-01,Equity Max-Sharpe + Sentiment Tilt,KO,0.0
2022-12-01,Equity Max-Sharpe + Sentiment Tilt,KO,1.2781454851946503e-16
2023-01-03,Equity Max-Sharpe + Sentiment Tilt,KO,0.0
2023-02-01,Equity Max-Sharpe + Sentiment Tilt,KO,0.0
2023-03-01,Equity Max-Sharpe + Sentiment Tilt,KO,1.1803652150734662e-16
2023-04-03,Equity Max-Sharpe + Sentiment Tilt,KO,0.0
2023-05-01,Equity Max-Sharpe + Sentiment Tilt,KO,0.0
2023-06-01,Equity Max-Sharpe + Sentiment Tilt,KO,0.0
2023-07-03,Equity Max-Sharpe + Sentiment Tilt,KO,1.1023858663622386e-16
2023-08-01,Equity Max-Sharpe + Sentiment Tilt,KO,6.162297045169532e-17
2023-09-01,Equity Max-Sharpe + Sentiment Tilt,KO,3.067665687214348e-18
2023-10-02,Equity Max-Sharpe + Sentiment Tilt,KO,3.521495859134234e-17
2023-11-01,Equity Max-Sharpe + Sentiment Tilt,KO,0.0
2023-12-01,Equity Max-Sharpe + Sentiment Tilt,KO,1.4398966997470857e-17
2021-01-04,Equity Max-Sharpe + Sentiment Tilt,MMM,0.0
2021-02-01,Equity Max-Sharpe + Sentiment Tilt,MMM,1.3485322517057381e-16
2021-03-01,Equity Max-Sharpe + Sentiment Tilt,MMM,0.0
2021-04-01,Equity Max-Sharpe + Sentiment Tilt,MMM,0.0
2021-05-03,Equity Max-Sharpe + Sentiment Tilt,MMM,1.3309916340130152e-17
2021-06-01,Equity Max-Sharpe + Sentiment Tilt,MMM,0.0
2021-07-01,Equity Max-Sharpe + Sentiment Tilt,MMM,3.5201935686060466e-17
2021-08-02,Equity Max-Sharpe + Sentiment Tilt,MMM,8.110997458789618e-17
2021-09-01,Equity Max-Sharpe + Sentiment Tilt,MMM,0.0
2021-10-01,Equity Max-Sharpe + Sentiment Tilt,MMM,2.1470787882872377e-17
2021-11-01,Equity Max-Sharpe + Sentiment Tilt,MMM,0.0
2021-12-01,Equity Max-Sharpe + Sentiment Tilt,MMM,0.0
2022-01-03,Equity Max-Sharpe + Sentiment Tilt,MMM,0.0
2022-02-01,Equity Max-Sharpe + Sentiment Tilt,MMM,7.023369790014481e-17
2022-03-01,Equity Max-Sharpe + Sentiment Tilt,MMM,0.0
2022-04-01,Equity Max-Sharpe + Sentiment Tilt,MMM,0.0
2022-05-02,Equity Max-Sharpe + Sentiment Tilt,MMM,0.0
2022-06-01,Equity Max-Sharpe + Sentiment Tilt,MMM,0.0
2022-07-01,Equity Max-Sharpe + Sentiment Tilt,MMM,0.0
2022-08-01,Equity Max-Sharpe + Sentiment Tilt,MMM,0.0
2022-09-01,Equity Max-Sharpe + Sentiment Tilt,MMM,1.5439349049253745e-17
2022-10-03,Equity Max-Sharpe + Sentiment Tilt,MMM,0.0
2022-11-01,Equity Max-Sharpe + Sentiment Tilt,MMM,5.839192760880949e-17
2022-12-01,Equity Max-Sharpe + Sentiment Tilt,MMM,0.0
2023-01-03,Equity Max-Sharpe + Sentiment Tilt,MMM,6.62238663876154e-17
2023-02-01,Equity Max-Sharpe + Sentiment Tilt,MMM,0.0
2023-03-01,Equity Max-Sharpe + Sentiment Tilt,MMM,8.600223569541029e-18
2023-04-03,Equity Max-Sharpe + Sentiment Tilt,MMM,0.0
2023-05-01,Equity Max-Sharpe + Sentiment Tilt,MMM,0.0
2023-06-01,Equity Max-Sharpe + Sentiment Tilt,MMM,0.0
2023-07-03,Equity Max-Sharpe + Sentiment Tilt,MMM,0.0
2023-08-01,Equity Max-Sharpe + Sentiment Tilt,MMM,0.0
2023-09-01,Equity Max-Sharpe + Sentiment Tilt,MMM,6.436070270422918e-17
2023-10-02,Equity Max-Sharpe + Sentiment Tilt,MMM,0.0
2023-11-01,Equity Max-Sharpe + Sentiment Tilt,MMM,0.0
2023-12-01,Equity Max-Sharpe + Sentiment Tilt,MMM,5.1186388438094724e-17
2021-01-04,Equity Max-Sharpe + Sentiment Tilt,MRK,2.0083860937748333e-17
2021-02-01,Equity Max-Sharpe + Sentiment Tilt,MRK,0.0
2021-03-01,Equity Max-Sharpe + Sentiment Tilt,MRK,0.0
2021-04-01,Equity Max-Sharpe + Sentiment Tilt,MRK,3.3878472380661374e-17
2021-05-03,Equity Max-Sharpe + Sentiment Tilt,MRK,0.0
2021-06-01,Equity Max-Sharpe + Sentiment Tilt,MRK,0.0
2021-07-01,Equity Max-Sharpe + Sentiment Tilt,MRK,0.0
2021-08-02,Equity Max-Sharpe + Sentiment Tilt,MRK,1.4328009629861247e-17
2021-09-01,Equity Max-Sharpe + Sentiment Tilt,MRK,0.0
2021-10-01,Equity Max-Sharpe + Sentiment Tilt,MRK,4.639886865231437e-17
2021-11-01,Equity Max-Sharpe + Sentiment Tilt,MRK,0.03093678304852524
2021-12-01,Equity Max-Sharpe + Sentiment Tilt,MRK,5.182186860355719e-18
2022-01-03,Equity Max-Sharpe + Sentiment Tilt,MRK,0.0
2022-02-01,Equity Max-Sharpe + Sentiment Tilt,MRK,4.5326262256067866e-17
2022-03-01,Equity Max-Sharpe + Sentiment Tilt,MRK,2.48122810718177e-17
2022-04-01,Equity Max-Sharpe + Sentiment Tilt,MRK,1.0699293428305015e-17
2022-05-02,Equity Max-Sharpe + Sentiment Tilt,MRK,0.07781799864840813
2022-06-01,Equity Max-Sharpe + Sentiment Tilt,MRK,0.12375427873786414
2022-07-01,Equity Max-Sharpe + Sentiment Tilt,MRK,0.033165924046845416
2022-08-01,Equity Max-Sharpe + Sentiment Tilt,MRK,0.05704682839072436
2022-09-01,Equity Max-Sharpe + Sentiment Tilt,MRK,0.02964269614662207
2022-10-03,Equity Max-Sharpe + Sentiment Tilt,MRK,0.05086700585710824
2022-11-01,Equity Max-Sharpe + Sentiment Tilt,MRK,1.1103282759447638e-16
2022-12-01,Equity Max-Sharpe + Sentiment Tilt,MRK,0.38307608717523806
2023-01-03,Equity Max-Sharpe + Sentiment Tilt,MRK,0.6364395219387139
2023-02-01,Equity Max-Sharpe + Sentiment Tilt,MRK,0.525928911561133
2023-03-01,Equity Max-Sharpe + Sentiment Tilt,MRK,0.5987960780232255
2023-04-03,Equity Max-Sharpe + Sentiment Tilt,MRK,0.42571547483819816
2023-05-01,Equity Max-Sharpe + Sentiment Tilt,MRK,0.4106508985385372
2023-06-01,Equity Max-Sharpe + Sentiment Tilt,MRK,0.44042195929685507
2023-07-03,Equity Max-Sharpe + Sentiment Tilt,MRK,0.3223170525860881
2023-08-01,Equity Max-Sharpe + Sentiment Tilt,MRK,0.260439736446481
2023-09-01,Equity Max-Sharpe + Sentiment Tilt,MRK,0.32657973662394507
2023-10-02,Equity Max-Sharpe + Sentiment Tilt,MRK,0.17732570860747193
2023-11-01,Equity Max-Sharpe + Sentiment Tilt,MRK,0.10040678476964367
2023-12-01,Equity Max-Sharpe + Sentiment Tilt,MRK,3.855124030163693e-18
2021-01-04,Equity Max-Sharpe + Sentiment Tilt,MS,0.0
2021-02-01,Equity Max-Sharpe + Sentiment Tilt,MS,0.0
2021-03-01,Equity Max-Sharpe + Sentiment Tilt,MS,4.8129884365400396e-17
2021-04-01,Equity Max-Sharpe + Sentiment Tilt,MS,0.03142449947874242
2021-05-03,Equity Max-Sharpe + Sentiment Tilt,MS,0.12522912621696386
2021-06-01,Equity Max-Sharpe + Sentiment Tilt,MS,0.11651914364225195
2021-07-01,Equity Max-Sharpe + Sentiment Tilt,MS,0.0
2021-08-02,Equity Max-Sharpe + Sentiment Tilt,MS,0.02532514900936237
2021-09-01,Equity Max-Sharpe + Sentiment Tilt,MS,1.3291130018221283e-17
2021-10-01,Equity Max-Sharpe + Sentiment Tilt,MS,0.17501326981195534
2021-11-01,Equity Max-Sharpe + Sentiment Tilt,MS,1.280308405318688e-16
2021-12-01,Equity Max-Sharpe + Sentiment Tilt,MS,0.0
2022-01-03,Equity Max-Sharpe + Sentiment Tilt,MS,0.0
2022-02-01,Equity Max-Sharpe + Sentiment Tilt,MS,0.003917006950158177
2022-03-01,Equity Max-Sharpe + Sentiment Tilt,MS,0.0
2022-04-01,Equity Max-Sharpe + Sentiment Tilt,MS,0.0
2022-05-02,Equity Max-Sharpe + Sentiment Tilt,MS,0.0
2022-06-01,Equity Max-Sharpe + Sentiment Tilt,MS,4.7421095899595654e-17
2022-07-01,Equity Max-Sharpe + Sentiment Tilt,MS,5.739300479333166e-17
2022-08-01,Equity Max-Sharpe + Sentiment Tilt,MS,1.1249894357805513e-17
2022-09-01,Equity Max-Sharpe + Sentiment Tilt,MS,7.023917713214395e-18
2022-10-03,Equity Max-Sharpe + Sentiment Tilt,MS,0.0
2022-11-01,Equity Max-Sharpe + Sentiment Tilt,MS,3.7709042874579594e-17
2022-12-01,Equity Max-Sharpe + Sentiment Tilt,MS,0.0
2023-01-03,Equity Max-Sharpe + Sentiment Tilt,MS,6.222031526760272e-17
2023-02-01,Equity Max-Sharpe + Sentiment Tilt,MS,3.774745710878644e-17
2023-03-01,Equity Max-Sharpe + Sentiment Tilt,MS,0.0
2023-04-03,Equity Max-Sharpe + Sentiment Tilt,MS,0.0
2023-05-01,Equity Max-Sharpe + Sentiment Tilt,MS,5.51018808626377e-17
2023-06-01,Equity Max-Sharpe + Sentiment Tilt,MS,1.0913104536359514e-16
2023-07-03,Equity Max-Sharpe + Sentiment Tilt,MS,0.0
2023-08-01,Equity Max-Sharpe + Sentiment Tilt,MS,5.1534059513799157e-17
2023-09-01,Equity Max-Sharpe + Sentiment Tilt,MS,0.0
2023-10-02,Equity Max-Sharpe + Sentiment Tilt,MS,5.432776016772639e-17
2023-11-01,Equity Max-Sharpe + Sentiment Tilt,MS,3.833735614827851e-17
2023-12-01,Equity Max-Sharpe + Sentiment Tilt,MS,9.479284389949085e-18
2021-01-04,Equity Max-Sharpe + Sentiment Tilt,NEE,7.985714641146533e-17
2021-02-01,Equity Max-Sharpe + Sentiment Tilt,NEE,3.2826355679370967e-17
2021-03-01,Equity Max-Sharpe + Sentiment Tilt,NEE,0.0
2021-04-01,Equity Max-Sharpe + Sentiment Tilt,NEE,1.0208944039485371e-17
2021-05-03,Equity Max-Sharpe + Sentiment Tilt,NEE,0.0
2021-06-01,Equity Max-Sharpe + Sentiment Tilt,NEE,0.0
2021-07-01,Equity Max-Sharpe + Sentiment Tilt,NEE,2.186258063583667e-17
2021-08-02,Equity Max-Sharpe + Sentiment Tilt,NEE,7.164363475095862e-17
2021-09-01,Equity Max-Sharpe + Sentiment Tilt,NEE,3.060800205147007e-17
2021-10-01,Equity Max-Sharpe + Sentiment Tilt,NEE,4.084697613330418e-18
2021-11-01,Equity Max-Sharpe + Sentiment Tilt,NEE,0.0
2021-12-01,Equity Max-Sharpe + Sentiment Tilt,NEE,1.2968927683940389e-17
2022-01-03,Equity Max-Sharpe + Sentiment Tilt,NEE,0.0
2022-02-01,Equity Max-Sharpe + Sentiment Tilt,NEE,1.3843137021584646e-17
2022-03-01,Equity Max-Sharpe + Sentiment Tilt,NEE,1.6563325368618496e-17
2022-04-01,Equity Max-Sharpe + Sentiment Tilt,NEE,8.792949044400039e-17
2022-05-02,Equity Max-Sharpe + Sentiment Tilt,NEE,6.403612188319585e-17
2022-06-01,Equity Max-Sharpe + Sentiment Tilt,NEE,0.0
2022-07-01,Equity Max-Sharpe + Sentiment Tilt,NEE,0.0
2022-08-01,Equity Max-Sharpe + Sentiment Tilt,NEE,0.0
2022-09-01,Equity Max-Sharpe + Sentiment Tilt,NEE,0.0
2022-10-03,Equity Max-Sharpe + Sentiment Tilt,NEE,0.0
2022-11-01,Equity Max-Sharpe + Sentiment Tilt,NEE,1.1288937347761248e-16
2022-12-01,Equity Max-Sharpe + Sentiment Tilt,NEE,5.767690638149056e-17
2023-01-03,Equity Max-Sharpe + Sentiment Tilt,NEE,0.0
2023-02-01,Equity Max-Sharpe + Sentiment Tilt,NEE,0.0
2023-03-01,Equity Max-Sharpe + Sentiment Tilt,NEE,0.0
2023-04-03,Equity Max-Sharpe + Sentiment Tilt,NEE,0.0
2023-05-01,Equity Max-Sharpe + Sentiment Tilt,NEE,0.0
2023-06-01,Equity Max-Sharpe + Sentiment Tilt,NEE,2.7112368734660326e-17
2023-07-03,Equity Max-Sharpe + Sentiment Tilt,NEE,0.0
2023-08-01,Equity Max-Sharpe + Sentiment Tilt,NEE,0.0
2023-09-01,Equity Max-Sharpe + Sentiment Tilt,NEE,5.943360750342288e-17
2023-10-02,Equity Max-Sharpe + Sentiment Tilt,NEE,1.7327910111713787e-16
2023-11-01,Equity Max-Sharpe + Sentiment Tilt,NEE,0.0
2023-12-01,Equity Max-Sharpe + Sentiment Tilt,NEE,0.0
2021-01-04,Equity Max-Sharpe + Sentiment Tilt,NEM,0.18105018588668753
2021-02-01,Equity Max-Sharpe + Sentiment Tilt,NEM,0.13895107512534818
2021-03-01,Equity Max-Sharpe + Sentiment Tilt,NEM,1.6172573023344046e-16
2021-04-01,Equity Max-Sharpe + Sentiment Tilt,NEM,0.01432739757216814
2021-05-03,Equity Max-Sharpe + Sentiment Tilt,NEM,0.0
2021-06-01,Equity Max-Sharpe + Sentiment Tilt,NEM,0.0
2021-07-01,Equity Max-Sharpe + Sentiment Tilt,NEM,0.0
2021-08-02,Equity Max-Sharpe + Sentiment Tilt,NEM,0.0
2021-09-01,Equity Max-Sharpe + Sentiment Tilt,NEM,8.77648390954386e-17
2021-10-01,Equity Max-Sharpe + Sentiment Tilt,NEM,5.954265170716571e-17
2021-11-01,Equity Max-Sharpe + Sentiment Tilt,NEM,0.0
2021-12-01,Equity Max-Sharpe + Sentiment Tilt,NEM,3.067598511698528e-17
2022-01-03,Equity Max-Sharpe + Sentiment Tilt,NEM,1.2684905467372082e-17
2022-02-01,Equity Max-Sharpe + Sentiment Tilt,NEM,0.0
2022-03-01,Equity Max-Sharpe + Sentiment Tilt,NEM,0.024443946016837834
2022-04-01,Equity Max-Sharpe + Sentiment Tilt,NEM,0.06818849193709511
2022-05-02,Equity Max-Sharpe + Sentiment Tilt,NEM,6.52464862601984e-17
2022-06-01,Equity Max-Sharpe + Sentiment Tilt,NEM,0.0
2022-07-01,Equity Max-Sharpe + Sentiment Tilt,NEM,0.0
2022-08-01,Equity Max-Sharpe + Sentiment Tilt,NEM,0.0
2022-09-01,Equity Max-Sharpe + Sentiment Tilt,NEM,5.631285445523239e-18
2022-10-03,Equity Max-Sharpe + Sentiment Tilt,NEM,1.745044366795708e-17
2022-11-01,Equity Max-Sharpe + Sentiment Tilt,NEM,0.0
2022-12-01,Equity Max-Sharpe + Sentiment Tilt,NEM,0.0
2023-01-03,Equity Max-Sharpe + Sentiment Tilt,NEM,7.054205222171207e-17
2023-02-01,Equity Max-Sharpe + Sentiment Tilt,NEM,7.489729524826297e-17
2023-03-01,Equity Max-Sharpe + Sentiment Tilt,NEM,0.0
2023-04-03,Equity Max-Sharpe + Sentiment Tilt,NEM,0.0
2023-05-01,Equity Max-Sharpe + Sentiment Tilt,NEM,4.0468662278179624e-17
2023-06-01,Equity Max-Sharpe + Sentiment Tilt,NEM,3.3421534371214254e-17
2023-07-03,Equity Max-Sharpe + Sentiment Tilt,NEM,0.0
2023-08-01,Equity Max-Sharpe + Sentiment Tilt,NEM,0.0
2023-09-01,Equity Max-Sharpe + Sentiment Tilt,NEM,0.0
2023-10-02,Equity Max-Sharpe + Sentiment Tilt,NEM,2.1522797338239247e-17
2023-11-01,Equity Max-Sharpe + Sentiment Tilt,NEM,1.9534793704303516e-17
2023-12-01,Equity Max-Sharpe + Sentiment Tilt,NEM,5.510760052993433e-17
2021-01-04,Equity Max-Sharpe + Sentiment Tilt,NKE,0.0
2021-02-01,Equity Max-Sharpe + Sentiment Tilt,NKE,6.533609665272549e-17
2021-03-01,Equity Max-Sharpe + Sentiment Tilt,NKE,0.0
2021-04-01,Equity Max-Sharpe + Sentiment Tilt,NKE,0.0
2021-05-03,Equity Max-Sharpe + Sentiment Tilt,NKE,5.922413310377461e-17
2021-06-01,Equity Max-Sharpe + Sentiment Tilt,NKE,5.488160775800591e-17
2021-07-01,Equity Max-Sharpe + Sentiment Tilt,NKE,0.06973904877875653
2021-08-02,Equity Max-Sharpe + Sentiment Tilt,NKE,0.12098937605493285
2021-09-01,Equity Max-Sharpe + Sentiment Tilt,NKE,0.06184459908828861
2021-10-01,Equity Max-Sharpe + Sentiment Tilt,NKE,2.4632480567201076e-17
2021-11-01,Equity Max-Sharpe + Sentiment Tilt,NKE,0.0
2021-12-01,Equity Max-Sharpe + Sentiment Tilt,NKE,4.371092315241547e-17
2022-01-03,Equity Max-Sharpe + Sentiment Tilt,NKE,0.0
2022-02-01,Equity Max-Sharpe + Sentiment Tilt,NKE,2.4511274266116615e-17
2022-03-01,Equity Max-Sharpe + Sentiment Tilt,NKE,0.0
2022-04-01,Equity Max-Sharpe + Sentiment Tilt,NKE,3.664044681805164e-17
2022-05-02,Equity Max-Sharpe + Sentiment Tilt,NKE,0.0
2022-06-01,Equity Max-Sharpe + Sentiment Tilt,NKE,0.0
2022-07-01,Equity Max-Sharpe + Sentiment Tilt,NKE,7.959851365267365e-18
2022-08-01,Equity Max-Sharpe + Sentiment Tilt,NKE,3.36296174746574e-17
2022-09-01,Equity Max-Sharpe + Sentiment Tilt,NKE,1.7581736405808242e-16
2022-10-03,Equity Max-Sharpe + Sentiment Tilt,NKE,3.849995488745644e-17
2022-11-01,Equity Max-Sharpe + Sentiment Tilt,NKE,1.119058838240808e-16
2022-12-01,Equity Max-Sharpe + Sentiment Tilt,NKE,6.2462747186150834e-18
2023-01-03,Equity Max-Sharpe + Sentiment Tilt,NKE,1.2837673022404505e-16
2023-02-01,Equity Max-Sharpe + Sentiment Tilt,NKE,0.0
2023-03-01,Equity Max-Sharpe + Sentiment Tilt,NKE,4.459932732285468e-19
2023-04-03,Equity Max-Sharpe + Sentiment Tilt,NKE,0.0
2023-05-01,Equity Max-Sharpe + Sentiment Tilt,NKE,4.825937138751194e-18
2023-06-01,Equity Max-Sharpe + Sentiment Tilt,NKE,0.0
2023-07-03,Equity Max-Sharpe + Sentiment Tilt,NKE,0.0
2023-08-01,Equity Max-Sharpe + Sentiment Tilt,NKE,0.0
2023-09-01,Equity Max-Sharpe + Sentiment Tilt,NKE,2.0781097036912658e-17
2023-10-02,Equity Max-Sharpe + Sentiment Tilt,NKE,5.2846615734993006e-17
2023-11-01,Equity Max-Sharpe + Sentiment Tilt,NKE,4.4512518225102096e-17
2023-12-01,Equity Max-Sharpe + Sentiment Tilt,NKE,0.0
2021-01-04,Equity Max-Sharpe + Sentiment Tilt,NUE,3.1506937391979028e-18
2021-02-01,Equity Max-Sharpe + Sentiment Tilt,NUE,1.2182672528428411e-17
2021-03-01,Equity Max-Sharpe + Sentiment Tilt,NUE,6.987256086455372e-17
2021-04-01,Equity Max-Sharpe + Sentiment Tilt,NUE,0.1364264061292045
2021-05-03,Equity Max-Sharpe + Sentiment Tilt,NUE,0.005171174708631318
2021-06-01,Equity Max-Sharpe + Sentiment Tilt,NUE,0.09201297037216871
2021-07-01,Equity Max-Sharpe + Sentiment Tilt,NUE,0.09625823249990582
2021-08-02,Equity Max-Sharpe + Sentiment Tilt,NUE,0.1335739489321998
2021-09-01,Equity Max-Sharpe + Sentiment Tilt,NUE,0.1143417517903588
2021-10-01,Equity Max-Sharpe + Sentiment Tilt,NUE,0.05255014364234303
2021-11-01,Equity Max-Sharpe + Sentiment Tilt,NUE,0.021320705546967876
2021-12-01,Equity Max-Sharpe + Sentiment Tilt,NUE,0.04958051062847329
2022-01-03,Equity Max-Sharpe + Sentiment Tilt,NUE,0.1290089932279918
2022-02-01,Equity Max-Sharpe + Sentiment Tilt,NUE,0.07219030092021558
2022-03-01,Equity Max-Sharpe + Sentiment Tilt,NUE,0.09597890662069439
2022-04-01,Equity Max-Sharpe + Sentiment Tilt,NUE,0.04802991623838312
2022-05-02,Equity Max-Sharpe + Sentiment Tilt,NUE,0.11668379662229954
2022-06-01,Equity Max-Sharpe + Sentiment Tilt,NUE,0.0
2022-07-01,Equity Max-Sharpe + Sentiment Tilt,NUE,1.659224430141017e-16
2022-08-01,Equity Max-Sharpe + Sentiment Tilt,NUE,0.021399267453883604
2022-09-01,Equity Max-Sharpe + Sentiment Tilt,NUE,2.3859952837332243e-16
2022-10-03,Equity Max-Sharpe + Sentiment Tilt,NUE,2.6549848380283317e-16
2022-11-01,Equity Max-Sharpe + Sentiment Tilt,NUE,0.0
2022-12-01,Equity Max-Sharpe + Sentiment Tilt,NUE,8.823817710560802e-17
2023-01-03,Equity Max-Sharpe + Sentiment Tilt,NUE,5.048090718952118e-16
2023-02-01,Equity Max-Sharpe + Sentiment Tilt,NUE,0.10690745734004868
2023-03-01,Equity Max-Sharpe + Sentiment Tilt,NUE,0.026272335217807898
2023-04-03,Equity Max-Sharpe + Sentiment Tilt,NUE,0.0
2023-05-01,Equity Max-Sharpe + Sentiment Tilt,NUE,1.2156548558785162e-16
2023-06-01,Equity Max-Sharpe + Sentiment Tilt,NUE,0.0
2023-07-03,Equity Max-Sharpe + Sentiment Tilt,NUE,2.1135390081784887e-16
2023-08-01,Equity Max-Sharpe + Sentiment Tilt,NUE,0.0
2023-09-01,Equity Max-Sharpe + Sentiment Tilt,NUE,9.478089702888387e-17
2023-10-02,Equity Max-Sharpe + Sentiment Tilt,NUE,6.261228407325888e-18
2023-11-01,Equity Max-Sharpe + Sentiment Tilt,NUE,0.0
2023-12-01,Equity Max-Sharpe + Sentiment Tilt,NUE,0.0
2021-01-04,Equity Max-Sharpe + Sentiment Tilt,NVDA,0.19992208193722988
2021-02-01,Equity Max-Sharpe + Sentiment Tilt,NVDA,0.2730520410891275
2021-03-01,Equity Max-Sharpe + Sentiment Tilt,NVDA,0.091719356438547
2021-04-01,Equity Max-Sharpe + Sentiment Tilt,NVDA,0.01926142829475875
2021-05-03,Equity Max-Sharpe + Sentiment Tilt,NVDA,0.07163210206957943
2021-06-01,Equity Max-Sharpe + Sentiment Tilt,NVDA,0.05899225630208374
2021-07-01,Equity Max-Sharpe + Sentiment Tilt,NVDA,0.09969662318678227
2021-08-02,Equity Max-Sharpe + Sentiment Tilt,NVDA,0.0994556441152115
2021-09-01,Equity Max-Sharpe + Sentiment Tilt,NVDA,0.08700550556112871
2021-10-01,Equity Max-Sharpe + Sentiment Tilt,NVDA,0.12840178389470674
2021-11-01,Equity Max-Sharpe + Sentiment Tilt,NVDA,0.08011396443914606
2021-12-01,Equity Max-Sharpe + Sentiment Tilt,NVDA,0.14903292798538786
2022-01-03,Equity Max-Sharpe + Sentiment Tilt,NVDA,0.09207705010096812
2022-02-01,Equity Max-Sharpe + Sentiment Tilt,NVDA,0.06284625247303531
2022-03-01,Equity Max-Sharpe + Sentiment Tilt,NVDA,0.06598312629856255
2022-04-01,Equity Max-Sharpe + Sentiment Tilt,NVDA,0.0691738371585908
2022-05-02,Equity Max-Sharpe + Sentiment Tilt,NVDA,1.6801233391151303e-17
2022-06-01,Equity Max-Sharpe + Sentiment Tilt,NVDA,0.0
2022-07-01,Equity Max-Sharpe + Sentiment Tilt,NVDA,0.0
2022-08-01,Equity Max-Sharpe + Sentiment Tilt,NVDA,8.317765805871676e-17
2022-09-01,Equity Max-Sharpe + Sentiment Tilt,NVDA,8.407072942762196e-17
2022-10-03,Equity Max-Sharpe + Sentiment Tilt,NVDA,0.0
2022-11-01,Equity Max-Sharpe + Sentiment Tilt,NVDA,0.0
2022-12-01,Equity Max-Sharpe + Sentiment Tilt,NVDA,1.229630270156293e-18
2023-01-03,Equity Max-Sharpe + Sentiment Tilt,NVDA,8.385105446536832e-17
2023-02-01,Equity Max-Sharpe + Sentiment Tilt,NVDA,1.3789067319111274e-16
2023-03-01,Equity Max-Sharpe + Sentiment Tilt,NVDA,0.0
2023-04-03,Equity Max-Sharpe + Sentiment Tilt,NVDA,1.0144141153978868e-16
2023-05-01,Equity Max-Sharpe + Sentiment Tilt,NVDA,4.138064556576787e-16
2023-06-01,Equity Max-Sharpe + Sentiment Tilt,NVDA,0.1270065897407982
2023-07-03,Equity Max-Sharpe + Sentiment Tilt,NVDA,0.11768256407163301
2023-08-01,Equity Max-Sharpe + Sentiment Tilt,NVDA,0.14599977698959282
2023-09-01,Equity Max-Sharpe + Sentiment Tilt,NVDA,0.20206149837505238
2023-10-02,Equity Max-Sharpe + Sentiment Tilt,NVDA,0.1876533963054086
2023-11-01,Equity Max-Sharpe + Sentiment Tilt,NVDA,0.24569157235594882
2023-12-01,Equity Max-Sharpe + Sentiment Tilt,NVDA,0.2239013054475959
2021-01-04,Equity Max-Sharpe + Sentiment Tilt,O,0.0
2021-02-01,Equity Max-Sharpe + Sentiment Tilt,O,0.0
2021-03-01,Equity Max-Sharpe + Sentiment Tilt,O,0.0
2021-04-01,Equity Max-Sharpe + Sentiment Tilt,O,2.3487745941080975e-17
2021-05-03,Equity Max-Sharpe + Sentiment Tilt,O,0.0
2021-06-01,Equity Max-Sharpe + Sentiment Tilt,O,7.3302840141323e-18
2021-07-01,Equity Max-Sharpe + Sentiment Tilt,O,0.0
2021-08-02,Equity Max-Sharpe + Sentiment Tilt,O,0.0
2021-09-01,Equity Max-Sharpe + Sentiment Tilt,O,0.0
2021-10-01,Equity Max-Sharpe + Sentiment Tilt,O,0.0
2021-11-01,Equity Max-Sharpe + Sentiment Tilt,O,1.6836689793261295e-17
2021-12-01,Equity Max-Sharpe + Sentiment Tilt,O,0.0
2022-01-03,Equity Max-Sharpe + Sentiment Tilt,O,0.0
2022-02-01,Equity Max-Sharpe + Sentiment Tilt,O,7.688537826681719e-19
2022-03-01,Equity Max-Sharpe + Sentiment Tilt,O,2.2453335210645405e-17
2022-04-01,Equity Max-Sharpe + Sentiment Tilt,O,9.243675972152778e-19
2022-05-02,Equity Max-Sharpe + Sentiment Tilt,O,0.0
2022-06-01,Equity Max-Sharpe + Sentiment Tilt,O,0.0
2022-07-01,Equity Max-Sharpe + Sentiment Tilt,O,8.011354108927574e-17
2022-08-01,Equity Max-Sharpe + Sentiment Tilt,O,3.5113256039713106e-17
2022-09-01,Equity Max-Sharpe + Sentiment Tilt,O,0.0
2022-10-03,Equity Max-Sharpe + Sentiment Tilt,O,5.4582103581906056e-17
2022-11-01,Equity Max-Sharpe + Sentiment Tilt,O,1.6057992258030904e-17
2022-12-01,Equity Max-Sharpe + Sentiment Tilt,O,0.0
2023-01-03,Equity Max-Sharpe + Sentiment Tilt,O,0.0
2023-02-01,Equity Max-Sharpe + Sentiment Tilt,O,4.931612789172791e-17
2023-03-01,Equity Max-Sharpe + Sentiment Tilt,O,0.0
2023-04-03,Equity Max-Sharpe + Sentiment Tilt,O,0.0
2023-05-01,Equity Max-Sharpe + Sentiment Tilt,O,5.0944281720246655e-17
2023-06-01,Equity Max-Sharpe + Sentiment Tilt,O,6.448015250197374e-17
2023-07-03,Equity Max-Sharpe + Sentiment Tilt,O,0.0
2023-08-01,Equity Max-Sharpe + Sentiment Tilt,O,6.124032839978341e-17
2023-09-01,Equity Max-Sharpe + Sentiment Tilt,O,3.8630336555684636e-17
2023-10-02,Equity Max-Sharpe + Sentiment Tilt,O,6.8377326271684e-17
2023-11-01,Equity Max-Sharpe + Sentiment Tilt,O,0.0
2023-12-01,Equity Max-Sharpe + Sentiment Tilt,O,0.0
2021-01-04,Equity Max-Sharpe + Sentiment Tilt,OXY,0.0
2021-02-01,Equity Max-Sharpe + Sentiment Tilt,OXY,3.0068885563541934e-17
2021-03-01,Equity Max-Sharpe + Sentiment Tilt,OXY,0.0
2021-04-01,Equity Max-Sharpe + Sentiment Tilt,OXY,0.0
2021-05-03,Equity Max-Sharpe + Sentiment Tilt,OXY,9.67676890933466e-17
2021-06-01,Equity Max-Sharpe + Sentiment Tilt,OXY,0.0
2021-07-01,Equity Max-Sharpe + Sentiment Tilt,OXY,0.0
2021-08-02,Equity Max-Sharpe + Sentiment Tilt,OXY,0.0
2021-09-01,Equity Max-Sharpe + Sentiment Tilt,OXY,2.2153302067159617e-17
2021-10-01,Equity Max-Sharpe + Sentiment Tilt,OXY,0.045321547739683894
2021-11-01,Equity Max-Sharpe + Sentiment Tilt,OXY,0.06741426304744183
2021-12-01,Equity Max-Sharpe + Sentiment Tilt,OXY,0.0
2022-01-03,Equity Max-Sharpe + Sentiment Tilt,OXY,2.259842223588031e-17
2022-02-01,Equity Max-Sharpe + Sentiment Tilt,OXY,0.0
2022-03-01,Equity Max-Sharpe + Sentiment Tilt,OXY,0.0
2022-04-01,Equity Max-Sharpe + Sentiment Tilt,OXY,0.005369146811196103
2022-05-02,Equity Max-Sharpe + Sentiment Tilt,OXY,0.01064197901553323
2022-06-01,Equity Max-Sharpe + Sentiment Tilt,OXY,0.05973816051762274
2022-07-01,Equity Max-Sharpe + Sentiment Tilt,OXY,0.103947294016688
2022-08-01,Equity Max-Sharpe + Sentiment Tilt,OXY,0.16474596833660635
2022-09-01,Equity Max-Sharpe + Sentiment Tilt,OXY,0.25923833341733554
2022-10-03,Equity Max-Sharpe + Sentiment Tilt,OXY,0.2325134048129443
2022-11-01,Equity Max-Sharpe + Sentiment Tilt,OXY,0.10219572451725037
2022-12-01,Equity Max-Sharpe + Sentiment Tilt,OXY,0.0909064730855577
2023-01-03,Equity Max-Sharpe + Sentiment Tilt,OXY,0.09485262178781448
2023-02-01,Equity Max-Sharpe + Sentiment Tilt,OXY,0.05116884182949561
2023-03-01,Equity Max-Sharpe + Sentiment Tilt,OXY,0.04096045636179146
2023-04-03,Equity Max-Sharpe + Sentiment Tilt,OXY,9.674147968992301e-18
2023-05-01,Equity Max-Sharpe + Sentiment Tilt,OXY,1.2351102482851172e-16
2023-06-01,Equity Max-Sharpe + Sentiment Tilt,OXY,8.938421754756425e-17
2023-07-03,Equity Max-Sharpe + Sentiment Tilt,OXY,0.0
2023-08-01,Equity Max-Sharpe + Sentiment Tilt,OXY,8.404097229297752e-18
2023-09-01,Equity Max-Sharpe + Sentiment Tilt,OXY,5.244095211705507e-18
2023-10-02,Equity Max-Sharpe + Sentiment Tilt,OXY,0.0
2023-11-01,Equity Max-Sharpe + Sentiment Tilt,OXY,7.502410215696753e-18
2023-12-01,Equity Max-Sharpe + Sentiment Tilt,OXY,3.521138208190474e-17
2021-01-04,Equity Max-Sharpe + Sentiment Tilt,PLD,0.0
2021-02-01,Equity Max-Sharpe + Sentiment Tilt,PLD,0.0
2021-03-01,Equity Max-Sharpe + Sentiment Tilt,PLD,1.0658429970580853e-17
2021-04-01,Equity Max-Sharpe + Sentiment Tilt,PLD,0.0
2021-05-03,Equity Max-Sharpe + Sentiment Tilt,PLD,0.0
2021-06-01,Equity Max-Sharpe + Sentiment Tilt,PLD,5.231298050659008e-17
2021-07-01,Equity Max-Sharpe + Sentiment Tilt,PLD,0.0
2021-08-02,Equity Max-Sharpe + Sentiment Tilt,PLD,7.47116258779116e-18
2021-09-01,Equity Max-Sharpe + Sentiment Tilt,PLD,4.095353575944849e-18
2021-10-01,Equity Max-Sharpe + Sentiment Tilt,PLD,0.0
2021-11-01,Equity Max-Sharpe + Sentiment Tilt,PLD,0.03344426862213472
2021-12-01,Equity Max-Sharpe + Sentiment Tilt,PLD,0.03244697656840842
2022-01-03,Equity Max-Sharpe + Sentiment Tilt,PLD,0.11450284841691735
2022-02-01,Equity Max-Sharpe + Sentiment Tilt,PLD,0.07905119760765232
2022-03-01,Equity Max-Sharpe + Sentiment Tilt,PLD,0.0
2022-04-01,Equity Max-Sharpe + Sentiment Tilt,PLD,0.022142645964444145
2022-05-02,Equity Max-Sharpe + Sentiment Tilt,PLD,0.23119242945396
2022-06-01,Equity Max-Sharpe + Sentiment Tilt,PLD,0.0
2022-07-01,Equity Max-Sharpe + Sentiment Tilt,PLD,2.874782994147232e-17
2022-08-01,Equity Max-Sharpe + Sentiment Tilt,PLD,6.597377627763072e-17
2022-09-01,Equity Max-Sharpe + Sentiment Tilt,PLD,0.0
2022-10-03,Equity Max-Sharpe + Sentiment Tilt,PLD,1.0315195596305285e-16
2022-11-01,Equity Max-Sharpe + Sentiment Tilt,PLD,0.0
2022-12-01,Equity Max-Sharpe + Sentiment Tilt,PLD,0.0
2023-01-03,Equity Max-Sharpe + Sentiment Tilt,PLD,1.2253223349155222e-17
2023-02-01,Equity Max-Sharpe + Sentiment Tilt,PLD,1.7597007975539236e-18
2023-03-01,Equity Max-Sharpe + Sentiment Tilt,PLD,8.577345153642328e-17
2023-04-03,Equity Max-Sharpe + Sentiment Tilt,PLD,1.9488265614910216e-16
2023-05-01,Equity Max-Sharpe + Sentiment Tilt,PLD,1.6709491099792593e-16
2023-06-01,Equity Max-Sharpe + Sentiment Tilt,PLD,1.1538514585586076e-16
2023-07-03,Equity Max-Sharpe + Sentiment Tilt,PLD,0.0
2023-08-01,Equity Max-Sharpe + Sentiment Tilt,PLD,0.0
2023-09-01,Equity Max-Sharpe + Sentiment Tilt,PLD,0.0
2023-10-02,Equity Max-Sharpe + Sentiment Tilt,PLD,0.0
2023-11-01,Equity Max-Sharpe + Sentiment Tilt,PLD,0.0
2023-12-01,Equity Max-Sharpe + Sentiment Tilt,PLD,0.0
2021-01-04,Equity Max-Sharpe + Sentiment Tilt,PSA,0.0
2021-02-01,Equity Max-Sharpe + Sentiment Tilt,PSA,0.0
2021-03-01,Equity Max-Sharpe + Sentiment Tilt,PSA,1.7750953158021748e-17
2021-04-01,Equity Max-Sharpe + Sentiment Tilt,PSA,0.004228908216976447
2021-05-03,Equity Max-Sharpe + Sentiment Tilt,PSA,0.19562024161426472
2021-06-01,Equity Max-Sharpe + Sentiment Tilt,PSA,0.20107978105282648
2021-07-01,Equity Max-Sharpe + Sentiment Tilt,PSA,0.3245057891535828
2021-08-02,Equity Max-Sharpe + Sentiment Tilt,PSA,0.3776491015788545
2021-09-01,Equity Max-Sharpe + Sentiment Tilt,PSA,0.3754148470567034
2021-10-01,Equity Max-Sharpe + Sentiment Tilt,PSA,0.4222171703268623
2021-11-01,Equity Max-Sharpe + Sentiment Tilt,PSA,0.3455349854614384
2021-12-01,Equity Max-Sharpe + Sentiment Tilt,PSA,0.35361599762127244
2022-01-03,Equity Max-Sharpe + Sentiment Tilt,PSA,0.3069959389855524
2022-02-01,Equity Max-Sharpe + Sentiment Tilt,PSA,0.4237657023722515
2022-03-01,Equity Max-Sharpe + Sentiment Tilt,PSA,0.38887009245083715
2022-04-01,Equity Max-Sharpe + Sentiment Tilt,PSA,0.30674521885276335
2022-05-02,Equity Max-Sharpe + Sentiment Tilt,PSA,0.09944652854761295
2022-06-01,Equity Max-Sharpe + Sentiment Tilt,PSA,3.471846331098643e-17
2022-07-01,Equity Max-Sharpe + Sentiment Tilt,PSA,0.0
2022-08-01,Equity Max-Sharpe + Sentiment Tilt,PSA,6.906022017275272e-17
2022-09-01,Equity Max-Sharpe + Sentiment Tilt,PSA,0.0
2022-10-03,Equity Max-Sharpe + Sentiment Tilt,PSA,1.2858439206931619e-17
2022-11-01,Equity Max-Sharpe + Sentiment Tilt,PSA,0.0
2022-12-01,Equity Max-Sharpe + Sentiment Tilt,PSA,0.0
2023-01-03,Equity Max-Sharpe + Sentiment Tilt,PSA,1.1369791318549004e-16
2023-02-01,Equity Max-Sharpe + Sentiment Tilt,PSA,0.0
2023-03-01,Equity Max-Sharpe + Sentiment Tilt,PSA,0.0
2023-04-03,Equity Max-Sharpe + Sentiment Tilt,PSA,1.2847559483377786e-16
2023-05-01,Equity Max-Sharpe + Sentiment Tilt,PSA,0.0
2023-06-01,Equity Max-Sharpe + Sentiment Tilt,PSA,6.258228043805914e-17
2023-07-03,Equity Max-Sharpe + Sentiment Tilt,PSA,0.0
2023-08-01,Equity Max-Sharpe + Sentiment Tilt,PSA,6.233626462600415e-17
2023-09-01,Equity Max-Sharpe + Sentiment Tilt,PSA,6.079520048477132e-17
2023-10-02,Equity Max-Sharpe + Sentiment Tilt,PSA,0.0
2023-11-01,Equity Max-Sharpe + Sentiment Tilt,PSA,0.0
2023-12-01,Equity Max-Sharpe + Sentiment Tilt,PSA,3.095998819382141e-17
2021-01-04,Equity Max-Sharpe + Sentiment Tilt,QCOM,0.002749888680078314
2021-02-01,Equity Max-Sharpe + Sentiment Tilt,QCOM,0.12817404425708614
2021-03-01,Equity Max-Sharpe + Sentiment Tilt,QCOM,4.3495909762819325e-17
2021-04-01,Equity Max-Sharpe + Sentiment Tilt,QCOM,0.0
2021-05-03,Equity Max-Sharpe + Sentiment Tilt,QCOM,1.7284341365015527e-16
2021-06-01,Equity Max-Sharpe + Sentiment Tilt,QCOM,1.4585037620748359e-18
2021-07-01,Equity Max-Sharpe + Sentiment Tilt,QCOM,0.0
2021-08-02,Equity Max-Sharpe + Sentiment Tilt,QCOM,2.5570290977715376e-17
2021-09-01,Equity Max-Sharpe + Sentiment Tilt,QCOM,0.0
2021-10-01,Equity Max-Sharpe + Sentiment Tilt,QCOM,5.3429395112857194e-17
2021-11-01,Equity Max-Sharpe + Sentiment Tilt,QCOM,0.0
2021-12-01,Equity Max-Sharpe + Sentiment Tilt,QCOM,1.2590887464289622e-16
2022-01-03,Equity Max-Sharpe + Sentiment Tilt,QCOM,0.0
2022-02-01,Equity Max-Sharpe + Sentiment Tilt,QCOM,0.0
2022-03-01,Equity Max-Sharpe + Sentiment Tilt,QCOM,6.541544064839667e-17
2022-04-01,Equity Max-Sharpe + Sentiment Tilt,QCOM,2.843817424615881e-17
2022-05-02,Equity Max-Sharpe + Sentiment Tilt,QCOM,2.78627142857315e-17
2022-06-01,Equity Max-Sharpe + Sentiment Tilt,QCOM,0.0
2022-07-01,Equity Max-Sharpe + Sentiment Tilt,QCOM,0.0
2022-08-01,Equity Max-Sharpe + Sentiment Tilt,QCOM,1.6069178727287735e-17
2022-09-01,Equity Max-Sharpe + Sentiment Tilt,QCOM,0.0
2022-10-03,Equity Max-Sharpe + Sentiment Tilt,QCOM,0.0
2022-11-01,Equity Max-Sharpe + Sentiment Tilt,QCOM,0.0
2022-12-01,Equity Max-Sharpe + Sentiment Tilt,QCOM,0.0
2023-01-03,Equity Max-Sharpe + Sentiment Tilt,QCOM,6.347118813354829e-17
2023-02-01,Equity Max-Sharpe + Sentiment Tilt,QCOM,0.0
2023-03-01,Equity Max-Sharpe + Sentiment Tilt,QCOM,0.0
2023-04-03,Equity Max-Sharpe + Sentiment Tilt,QCOM,4.878902178917052e-17
2023-05-01,Equity Max-Sharpe + Sentiment Tilt,QCOM,0.0
2023-06-01,Equity Max-Sharpe + Sentiment Tilt,QCOM,1.233009756696268e-16
2023-07-03,Equity Max-Sharpe + Sentiment Tilt,QCOM,2.69630616879332e-17
2023-08-01,Equity Max-Sharpe + Sentiment Tilt,QCOM,0.0
2023-09-01,Equity Max-Sharpe + Sentiment Tilt,QCOM,1.8842749320725824e-17
2023-10-02,Equity Max-Sharpe + Sentiment Tilt,QCOM,0.0
2023-11-01,Equity Max-Sharpe + Sentiment Tilt,QCOM,4.1318836692778276e-17
2023-12-01,Equity Max-Sharpe + Sentiment Tilt,QCOM,0.0
2021-01-04,Equity Max-Sharpe + Sentiment Tilt,SBUX,6.497021994784437e-18
2021-02-01,Equity Max-Sharpe + Sentiment Tilt,SBUX,1.667208109513667e-17
2021-03-01,Equity Max-Sharpe + Sentiment Tilt,SBUX,6.179893035178576e-17
2021-04-01,Equity Max-Sharpe + Sentiment Tilt,SBUX,1.0317082206547754e-17
2021-05-03,Equity Max-Sharpe + Sentiment Tilt,SBUX,5.687949183807683e-17
2021-06-01,Equity Max-Sharpe + Sentiment Tilt,SBUX,0.0
2021-07-01,Equity Max-Sharpe + Sentiment Tilt,SBUX,3.10603945215093e-17
2021-08-02,Equity Max-Sharpe + Sentiment Tilt,SBUX,0.03364386936283243
2021-09-01,Equity Max-Sharpe + Sentiment Tilt,SBUX,5.4794778749384634e-17
2021-10-01,Equity Max-Sharpe + Sentiment Tilt,SBUX,4.483124151369591e-17
2021-11-01,Equity Max-Sharpe + Sentiment Tilt,SBUX,0.0
2021-12-01,Equity Max-Sharpe + Sentiment Tilt,SBUX,8.221863079081971e-19
2022-01-03,Equity Max-Sharpe + Sentiment Tilt,SBUX,0.0
2022-02-01,Equity Max-Sharpe + Sentiment Tilt,SBUX,0.0
2022-03-01,Equity Max-Sharpe + Sentiment Tilt,SBUX,0.0
2022-04-01,Equity Max-Sharpe + Sentiment Tilt,SBUX,5.48628410579406e-17
2022-05-02,Equity Max-Sharpe + Sentiment Tilt,SBUX,2.944177865289433e-17
2022-06-01,Equity Max-Sharpe + Sentiment Tilt,SBUX,0.0
2022-07-01,Equity Max-Sharpe + Sentiment Tilt,SBUX,1.4904743461361472e-16
2022-08-01,Equity Max-Sharpe + Sentiment Tilt,SBUX,0.0
2022-09-01,Equity Max-Sharpe + Sentiment Tilt,SBUX,6.0057984885677916e-18
2022-10-03,Equity Max-Sharpe + Sentiment Tilt,SBUX,8.153383786650627e-18
2022-11-01,Equity Max-Sharpe + Sentiment Tilt,SBUX,0.0
2022-12-01,Equity Max-Sharpe + Sentiment Tilt,SBUX,1.141687142849443e-17
2023-01-03,Equity Max-Sharpe + Sentiment Tilt,SBUX,0.0
2023-02-01,Equity Max-Sharpe + Sentiment Tilt,SBUX,0.0
2023-03-01,Equity Max-Sharpe + Sentiment Tilt,SBUX,2.2459059000429856e-16
2023-04-03,Equity Max-Sharpe + Sentiment Tilt,SBUX,0.0
2023-05-01,Equity Max-Sharpe + Sentiment Tilt,SBUX,0.18555973929995542
2023-06-01,Equity Max-Sharpe + Sentiment Tilt,SBUX,0.0
2023-07-03,Equity Max-Sharpe + Sentiment Tilt,SBUX,1.6860988795512885e-16
2023-08-01,Equity Max-Sharpe + Sentiment Tilt,SBUX,0.0
2023-09-01,Equity Max-Sharpe + Sentiment Tilt,SBUX,6.0481483223273e-17
2023-10-02,Equity Max-Sharpe + Sentiment Tilt,SBUX,2.8957973077458884e-18
2023-11-01,Equity Max-Sharpe + Sentiment Tilt,SBUX,6.564279092006017e-18
2023-12-01,Equity Max-Sharpe + Sentiment Tilt,SBUX,4.729829480744524e-18
2021-01-04,Equity Max-Sharpe + Sentiment Tilt,SHW,6.414216905572382e-17
2021-02-01,Equity Max-Sharpe + Sentiment Tilt,SHW,6.702596442869648e-17
2021-03-01,Equity Max-Sharpe + Sentiment Tilt,SHW,2.8814135192251986e-17
2021-04-01,Equity Max-Sharpe + Sentiment Tilt,SHW,0.0
2021-05-03,Equity Max-Sharpe + Sentiment Tilt,SHW,0.028574884330421445
2021-06-01,Equity Max-Sharpe + Sentiment Tilt,SHW,3.9348176775930024e-17
2021-07-01,Equity Max-Sharpe + Sentiment Tilt,SHW,7.846912247870752e-17
2021-08-02,Equity Max-Sharpe + Sentiment Tilt,SHW,3.4316156796053116e-17
2021-09-01,Equity Max-Sharpe + Sentiment Tilt,SHW,2.565772063888165e-17
2021-10-01,Equity Max-Sharpe + Sentiment Tilt,SHW,0.0
2021-11-01,Equity Max-Sharpe + Sentiment Tilt,SHW,0.022725527305314915
2021-12-01,Equity Max-Sharpe + Sentiment Tilt,SHW,0.027313414910539433
2022-01-03,Equity Max-Sharpe + Sentiment Tilt,SHW,0.02794251361881353
2022-02-01,Equity Max-Sharpe + Sentiment Tilt,SHW,0.0
2022-03-01,Equity Max-Sharpe + Sentiment Tilt,SHW,0.0
2022-04-01,Equity Max-Sharpe + Sentiment Tilt,SHW,6.65790923727198e-17
2022-05-02,Equity Max-Sharpe + Sentiment Tilt,SHW,5.5349082717427847e-17
2022-06-01,Equity Max-Sharpe + Sentiment Tilt,SHW,0.0
2022-07-01,Equity Max-Sharpe + Sentiment Tilt,SHW,0.0
2022-08-01,Equity Max-Sharpe + Sentiment Tilt,SHW,0.0
2022-09-01,Equity Max-Sharpe + Sentiment Tilt,SHW,0.0
2022-10-03,Equity Max-Sharpe + Sentiment Tilt,SHW,0.0
2022-11-01,Equity Max-Sharpe + Sentiment Tilt,SHW,5.927874805173022e-18
2022-12-01,Equity Max-Sharpe + Sentiment Tilt,SHW,1.0435048344805876e-16
2023-01-03,Equity Max-Sharpe + Sentiment Tilt,SHW,0.0
2023-02-01,Equity Max-Sharpe + Sentiment Tilt,SHW,1.565828147330298e-17
2023-03-01,Equity Max-Sharpe + Sentiment Tilt,SHW,7.276004092028347e-18
2023-04-03,Equity Max-Sharpe + Sentiment Tilt,SHW,0.0
2023-05-01,Equity Max-Sharpe + Sentiment Tilt,SHW,6.858411978528227e-17
2023-06-01,Equity Max-Sharpe + Sentiment Tilt,SHW,0.0
2023-07-03,Equity Max-Sharpe + Sentiment Tilt,SHW,1.7825069770240645e-17
2023-08-01,Equity Max-Sharpe + Sentiment Tilt,SHW,0.0
2023-09-01,Equity Max-Sharpe + Sentiment Tilt,SHW,0.0
2023-10-02,Equity Max-Sharpe + Sentiment Tilt,SHW,0.0
2023-11-01,Equity Max-Sharpe + Sentiment Tilt,SHW,3.952454919683094e-17
2023-12-01,Equity Max-Sharpe + Sentiment Tilt,SHW,0.0
2021-01-04,Equity Max-Sharpe + Sentiment Tilt,SLB,5.449213503606256e-18
2021-02-01,Equity Max-Sharpe + Sentiment Tilt,SLB,0.0
2021-03-01,Equity Max-Sharpe + Sentiment Tilt,SLB,0.0
2021-04-01,Equity Max-Sharpe + Sentiment Tilt,SLB,0.0
2021-05-03,Equity Max-Sharpe + Sentiment Tilt,SLB,5.021388247744458e-17
2021-06-01,Equity Max-Sharpe + Sentiment Tilt,SLB,0.0
2021-07-01,Equity Max-Sharpe + Sentiment Tilt,SLB,0.0
2021-08-02,Equity Max-Sharpe + Sentiment Tilt,SLB,3.83567355117695e-18
2021-09-01,Equity Max-Sharpe + Sentiment Tilt,SLB,6.515515664820484e-18
2021-10-01,Equity Max-Sharpe + Sentiment Tilt,SLB,4.417840542405513e-17
2021-11-01,Equity Max-Sharpe + Sentiment Tilt,SLB,0.0
2021-12-01,Equity Max-Sharpe + Sentiment Tilt,SLB,0.0
2022-01-03,Equity Max-Sharpe + Sentiment Tilt,SLB,1.3497576604981124e-16
2022-02-01,Equity Max-Sharpe + Sentiment Tilt,SLB,0.0
2022-03-01,Equity Max-Sharpe + Sentiment Tilt,SLB,5.128017303822919e-17
2022-04-01,Equity Max-Sharpe + Sentiment Tilt,SLB,0.0
2022-05-02,Equity Max-Sharpe + Sentiment Tilt,SLB,0.0
2022-06-01,Equity Max-Sharpe + Sentiment Tilt,SLB,0.0
2022-07-01,Equity Max-Sharpe + Sentiment Tilt,SLB,2.7325134897263746e-16
2022-08-01,Equity Max-Sharpe + Sentiment Tilt,SLB,0.0
2022-09-01,Equity Max-Sharpe + Sentiment Tilt,SLB,1.0823569344746313e-15
2022-10-03,Equity Max-Sharpe + Sentiment Tilt,SLB,4.0039188700007774e-17
2022-11-01,Equity Max-Sharpe + Sentiment Tilt,SLB,9.906081254163533e-17
2022-12-01,Equity Max-Sharpe + Sentiment Tilt,SLB,0.0
2023-01-03,Equity Max-Sharpe + Sentiment Tilt,SLB,5.526060846956755e-16
2023-02-01,Equity Max-Sharpe + Sentiment Tilt,SLB,2.217599332502377e-16
2023-03-01,Equity Max-Sharpe + Sentiment Tilt,SLB,2.275408616340918e-17
2023-04-03,Equity Max-Sharpe + Sentiment Tilt,SLB,3.660616751776272e-16
2023-05-01,Equity Max-Sharpe + Sentiment Tilt,SLB,2.0008975881859025e-16
2023-06-01,Equity Max-Sharpe + Sentiment Tilt,SLB,7.117165439649755e-17
2023-07-03,Equity Max-Sharpe + Sentiment Tilt,SLB,0.0
2023-08-01,Equity Max-Sharpe + Sentiment Tilt,SLB,0.08096648734311788
2023-09-01,Equity Max-Sharpe + Sentiment Tilt,SLB,0.018725985825151913
2023-10-02,Equity Max-Sharpe + Sentiment Tilt,SLB,0.0468988408621887
2023-11-01,Equity Max-Sharpe + Sentiment Tilt,SLB,0.0
2023-12-01,Equity Max-Sharpe + Sentiment Tilt,SLB,0.0
2021-01-04,Equity Max-Sharpe + Sentiment Tilt,SO,0.0
2021-02-01,Equity Max-Sharpe + Sentiment Tilt,SO,0.0
2021-03-01,Equity Max-Sharpe + Sentiment Tilt,SO,0.0
2021-04-01,Equity Max-Sharpe + Sentiment Tilt,SO,0.0
2021-05-03,Equity Max-Sharpe + Sentiment Tilt,SO,0.0
2021-06-01,Equity Max-Sharpe + Sentiment Tilt,SO,0.0
2021-07-01,Equity Max-Sharpe + Sentiment Tilt,SO,2.838590854785429e-17
2021-08-02,Equity Max-Sharpe + Sentiment Tilt,SO,2.0556015754786435e-17
2021-09-01,Equity Max-Sharpe + Sentiment Tilt,SO,0.0
2021-10-01,Equity Max-Sharpe + Sentiment Tilt,SO,0.0
2021-11-01,Equity Max-Sharpe + Sentiment Tilt,SO,3.9941930175953976e-17
2021-12-01,Equity Max-Sharpe + Sentiment Tilt,SO,2.5611921149687995e-17
2022-01-03,Equity Max-Sharpe + Sentiment Tilt,SO,1.7843322820813078e-17
2022-02-01,Equity Max-Sharpe + Sentiment Tilt,SO,0.034531509003836475
2022-03-01,Equity Max-Sharpe + Sentiment Tilt,SO,5.598572513553823e-17
2022-04-01,Equity Max-Sharpe + Sentiment Tilt,SO,9.57332508095068e-17
2022-05-02,Equity Max-Sharpe + Sentiment Tilt,SO,0.0
2022-06-01,Equity Max-Sharpe + Sentiment Tilt,SO,0.1338772227909822
2022-07-01,Equity Max-Sharpe + Sentiment Tilt,SO,0.23082497970383595
2022-08-01,Equity Max-Sharpe + Sentiment Tilt,SO,0.29758762749953854
2022-09-01,Equity Max-Sharpe + Sentiment Tilt,SO,0.3183254377133349
2022-10-03,Equity Max-Sharpe + Sentiment Tilt,SO,0.011792582459469481
2022-11-01,Equity Max-Sharpe + Sentiment Tilt,SO,0.0
2022-12-01,Equity Max-Sharpe + Sentiment Tilt,SO,5.865553447980507e-17
2023-01-03,Equity Max-Sharpe + Sentiment Tilt,SO,0.0
2023-02-01,Equity Max-Sharpe + Sentiment Tilt,SO,4.023469831336441e-17
2023-03-01,Equity Max-Sharpe + Sentiment Tilt,SO,8.33442159927083e-18
2023-04-03,Equity Max-Sharpe + Sentiment Tilt,SO,3.524910208466676e-18
2023-05-01,Equity Max-Sharpe + Sentiment Tilt,SO,0.0
2023-06-01,Equity Max-Sharpe + Sentiment Tilt,SO,1.6294554682221402e-16
2023-07-03,Equity Max-Sharpe + Sentiment Tilt,SO,3.124637521319931e-17
2023-08-01,Equity Max-Sharpe + Sentiment Tilt,SO,0.0
2023-09-01,Equity Max-Sharpe + Sentiment Tilt,SO,0.0
2023-10-02,Equity Max-Sharpe + Sentiment Tilt,SO,0.0
2023-11-01,Equity Max-Sharpe + Sentiment Tilt,SO,3.7932778904801146e-17
2023-12-01,Equity Max-Sharpe + Sentiment Tilt,SO,0.09314368305438327
2021-01-04,Equity Max-Sharpe + Sentiment Tilt,T,0.0
2021-02-01,Equity Max-Sharpe + Sentiment Tilt,T,0.0
2021-03-01,Equity Max-Sharpe + Sentiment Tilt,T,0.0
2021-04-01,Equity Max-Sharpe + Sentiment Tilt,T,0.0
2021-05-03,Equity Max-Sharpe + Sentiment Tilt,T,0.0
2021-06-01,Equity Max-Sharpe + Sentiment Tilt,T,0.0
2021-07-01,Equity Max-Sharpe + Sentiment Tilt,T,0.0
2021-08-02,Equity Max-Sharpe + Sentiment Tilt,T,0.0
2021-09-01,Equity Max-Sharpe + Sentiment Tilt,T,5.640857086658665e-17
2021-10-01,Equity Max-Sharpe + Sentiment Tilt,T,1.992266688706187e-17
2021-11-01,Equity Max-Sharpe + Sentiment Tilt,T,2.9595253760298413e-17
2021-12-01,Equity Max-Sharpe + Sentiment Tilt,T,0.0
2022-01-03,Equity Max-Sharpe + Sentiment Tilt,T,0.0
2022-02-01,Equity Max-Sharpe + Sentiment Tilt,T,0.0
2022-03-01,Equity Max-Sharpe + Sentiment Tilt,T,7.148984541962843e-18
2022-04-01,Equity Max-Sharpe + Sentiment Tilt,T,3.892857268973454e-17
2022-05-02,Equity Max-Sharpe + Sentiment Tilt,T,1.4647148437011165e-17
2022-06-01,Equity Max-Sharpe + Sentiment Tilt,T,1.3677072379178606e-16
2022-07-01,Equity Max-Sharpe + Sentiment Tilt,T,0.0
2022-08-01,Equity Max-Sharpe + Sentiment Tilt,T,0.0
2022-09-01,Equity Max-Sharpe + Sentiment Tilt,T,0.0
2022-10-03,Equity Max-Sharpe + Sentiment Tilt,T,0.0
2022-11-01,Equity Max-Sharpe + Sentiment Tilt,T,1.8828365177057985e-17
2022-12-01,Equity Max-Sharpe + Sentiment Tilt,T,7.639061642009299e-18
2023-01-03,Equity Max-Sharpe + Sentiment Tilt,T,0.0
2023-02-01,Equity Max-Sharpe + Sentiment Tilt,T,1.0834155526465689e-16
2023-03-01,Equity Max-Sharpe + Sentiment Tilt,T,0.0
2023-04-03,Equity Max-Sharpe + Sentiment Tilt,T,4.346036644595815e-16
2023-05-01,Equity Max-Sharpe + Sentiment Tilt,T,0.0
2023-06-01,Equity Max-Sharpe + Sentiment Tilt,T,4.081988078642841e-17
2023-07-03,Equity Max-Sharpe + Sentiment Tilt,T,0.0
2023-08-01,Equity Max-Sharpe + Sentiment Tilt,T,0.0
2023-09-01,Equity Max-Sharpe + Sentiment Tilt,T,7.415312780453073e-17
2023-10-02,Equity Max-Sharpe + Sentiment Tilt,T,0.0
2023-11-01,Equity Max-Sharpe + Sentiment Tilt,T,3.162136350948055e-17
2023-12-01,Equity Max-Sharpe + Sentiment Tilt,T,0.0
2021-01-04,Equity Max-Sharpe + Sentiment Tilt,TMUS,0.26464927055012616
2021-02-01,Equity Max-Sharpe + Sentiment Tilt,TMUS,0.0802987302800184
2021-03-01,Equity Max-Sharpe + Sentiment Tilt,TMUS,2.0878015108993962e-17
2021-04-01,Equity Max-Sharpe + Sentiment Tilt,TMUS,3.927149751505146e-17
2021-05-03,Equity Max-Sharpe + Sentiment Tilt,TMUS,0.0
2021-06-01,Equity Max-Sharpe + Sentiment Tilt,TMUS,6.889008993501211e-17
2021-07-01,Equity Max-Sharpe + Sentiment Tilt,TMUS,0.0
2021-08-02,Equity Max-Sharpe + Sentiment Tilt,TMUS,3.1564327707787656e-17
2021-09-01,Equity Max-Sharpe + Sentiment Tilt,TMUS,1.7436626060324466e-17
2021-10-01,Equity Max-Sharpe + Sentiment Tilt,TMUS,0.0
2021-11-01,Equity Max-Sharpe + Sentiment Tilt,TMUS,0.0
2021-12-01,Equity Max-Sharpe + Sentiment Tilt,TMUS,0.0
2022-01-03,Equity Max-Sharpe + Sentiment Tilt,TMUS,0.0
2022-02-01,Equity Max-Sharpe + Sentiment Tilt,TMUS,1.754141049951333e-17
2022-03-01,Equity Max-Sharpe + Sentiment Tilt,TMUS,2.9406466863859922e-18
2022-04-01,Equity Max-Sharpe + Sentiment Tilt,TMUS,0.0
2022-05-02,Equity Max-Sharpe + Sentiment Tilt,TMUS,0.0
2022-06-01,Equity Max-Sharpe + Sentiment Tilt,TMUS,4.282445045901879e-18
2022-07-01,Equity Max-Sharpe + Sentiment Tilt,TMUS,0.0
2022-08-01,Equity Max-Sharpe + Sentiment Tilt,TMUS,5.275304690032087e-17
2022-09-01,Equity Max-Sharpe + Sentiment Tilt,TMUS,0.0
2022-10-03,Equity Max-Sharpe + Sentiment Tilt,TMUS,8.134379249136126e-17
2022-11-01,Equity Max-Sharpe + Sentiment Tilt,TMUS,0.008292042179202352
2022-12-01,Equity Max-Sharpe + Sentiment Tilt,TMUS,0.022868618122926142
2023-01-03,Equity Max-Sharpe + Sentiment Tilt,TMUS,0.0
2023-02-01,Equity Max-Sharpe + Sentiment Tilt,TMUS,0.11780002762958157
2023-03-01,Equity Max-Sharpe + Sentiment Tilt,TMUS,0.0
2023-04-03,Equity Max-Sharpe + Sentiment Tilt,TMUS,7.811630143083125e-17
2023-05-01,Equity Max-Sharpe + Sentiment Tilt,TMUS,2.94669379485255e-17
2023-06-01,Equity Max-Sharpe + Sentiment Tilt,TMUS,0.0
2023-07-03,Equity Max-Sharpe + Sentiment Tilt,TMUS,5.883369393844458e-17
2023-08-01,Equity Max-Sharpe + Sentiment Tilt,TMUS,0.0
2023-09-01,Equity Max-Sharpe + Sentiment Tilt,TMUS,0.0
2023-10-02,Equity Max-Sharpe + Sentiment Tilt,TMUS,0.0
2023-11-01,Equity Max-Sharpe + Sentiment Tilt,TMUS,0.0
2023-12-01,Equity Max-Sharpe + Sentiment Tilt,TMUS,2.399169139513492e-17
2021-01-04,Equity Max-Sharpe + Sentiment Tilt,TTWO,0.2544671323944017
2021-02-01,Equity Max-Sharpe + Sentiment Tilt,TTWO,0.1665787028511853
2021-03-01,Equity Max-Sharpe + Sentiment Tilt,TTWO,0.30825666134502433
2021-04-01,Equity Max-Sharpe + Sentiment Tilt,TTWO,0.16806449475561647
2021-05-03,Equity Max-Sharpe + Sentiment Tilt,TTWO,0.1242356195798982
2021-06-01,Equity Max-Sharpe + Sentiment Tilt,TTWO,0.14360769457876277
2021-07-01,Equity Max-Sharpe + Sentiment Tilt,TTWO,6.29408832838813e-18
2021-08-02,Equity Max-Sharpe + Sentiment Tilt,TTWO,0.0
2021-09-01,Equity Max-Sharpe + Sentiment Tilt,TTWO,3.348523362877822e-17
2021-10-01,Equity Max-Sharpe + Sentiment Tilt,TTWO,4.645181302144879e-17
2021-11-01,Equity Max-Sharpe + Sentiment Tilt,TTWO,1.7856399224828352e-17
2021-12-01,Equity Max-Sharpe + Sentiment Tilt,TTWO,6.402881079803896e-18
2022-01-03,Equity Max-Sharpe + Sentiment Tilt,TTWO,0.0
2022-02-01,Equity Max-Sharpe + Sentiment Tilt,TTWO,1.6363488151501087e-18
2022-03-01,Equity Max-Sharpe + Sentiment Tilt,TTWO,0.0
2022-04-01,Equity Max-Sharpe + Sentiment Tilt,TTWO,3.5078162421903386e-17
2022-05-02,Equity Max-Sharpe + Sentiment Tilt,TTWO,4.733949592035152e-17
2022-06-01,Equity Max-Sharpe + Sentiment Tilt,TTWO,0.0
2022-07-01,Equity Max-Sharpe + Sentiment Tilt,TTWO,4.609774454537013e-17
2022-08-01,Equity Max-Sharpe + Sentiment Tilt,TTWO,0.0
2022-09-01,Equity Max-Sharpe + Sentiment Tilt,TTWO,0.0
2022-10-03,Equity Max-Sharpe + Sentiment Tilt,TTWO,3.566817385453107e-17
2022-11-01,Equity Max-Sharpe + Sentiment Tilt,TTWO,5.398709082569958e-17
2022-12-01,Equity Max-Sharpe + Sentiment Tilt,TTWO,0.0
2023-01-03,Equity Max-Sharpe + Sentiment Tilt,TTWO,8.613208065522847e-17
2023-02-01,Equity Max-Sharpe + Sentiment Tilt,TTWO,0.0
2023-03-01,Equity Max-Sharpe + Sentiment Tilt,TTWO,4.564598090204369e-17
2023-04-03,Equity Max-Sharpe + Sentiment Tilt,TTWO,6.076046153767461e-17
2023-05-01,Equity Max-Sharpe + Sentiment Tilt,TTWO,1.697079490021583e-17
2023-06-01,Equity Max-Sharpe + Sentiment Tilt,TTWO,0.0
2023-07-03,Equity Max-Sharpe + Sentiment Tilt,TTWO,0.0
2023-08-01,Equity Max-Sharpe + Sentiment Tilt,TTWO,0.0
2023-09-01,Equity Max-Sharpe + Sentiment Tilt,TTWO,0.0
2023-10-02,Equity Max-Sharpe + Sentiment Tilt,TTWO,0.0
2023-11-01,Equity Max-Sharpe + Sentiment Tilt,TTWO,4.003557158412893e-17
2023-12-01,Equity Max-Sharpe + Sentiment Tilt,TTWO,0.07106642394089956
2021-01-04,Equity Max-Sharpe + Sentiment Tilt,UPS,0.09716144055147523
2021-02-01,Equity Max-Sharpe + Sentiment Tilt,UPS,0.10499990065303556
2021-03-01,Equity Max-Sharpe + Sentiment Tilt,UPS,0.3204470472633563
2021-04-01,Equity Max-Sharpe + Sentiment Tilt,UPS,0.0850531241587074
2021-05-03,Equity Max-Sharpe + Sentiment Tilt,UPS,0.17234587262519974
2021-06-01,Equity Max-Sharpe + Sentiment Tilt,UPS,0.20249793770291266
2021-07-01,Equity Max-Sharpe + Sentiment Tilt,UPS,0.08370546350941738
2021-08-02,Equity Max-Sharpe + Sentiment Tilt,UPS,4.1901734173271284e-18
2021-09-01,Equity Max-Sharpe + Sentiment Tilt,UPS,0.0
2021-10-01,Equity Max-Sharpe + Sentiment Tilt,UPS,0.0
2021-11-01,Equity Max-Sharpe + Sentiment Tilt,UPS,0.0
2021-12-01,Equity Max-Sharpe + Sentiment Tilt,UPS,4.367032184525319e-17
2022-01-03,Equity Max-Sharpe + Sentiment Tilt,UPS,2.3282542239152114e-17
2022-02-01,Equity Max-Sharpe + Sentiment Tilt,UPS,0.0
2022-03-01,Equity Max-Sharpe + Sentiment Tilt,UPS,0.0
2022-04-01,Equity Max-Sharpe + Sentiment Tilt,UPS,0.0
2022-05-02,Equity Max-Sharpe + Sentiment Tilt,UPS,1.0598196216613497e-16
2022-06-01,Equity Max-Sharpe + Sentiment Tilt,UPS,0.0
2022-07-01,Equity Max-Sharpe + Sentiment Tilt,UPS,1.5707865213985206e-16
2022-08-01,Equity Max-Sharpe + Sentiment Tilt,UPS,1.954004883391598e-17
2022-09-01,Equity Max-Sharpe + Sentiment Tilt,UPS,0.0
2022-10-03,Equity Max-Sharpe + Sentiment Tilt,UPS,0.0
2022-11-01,Equity Max-Sharpe + Sentiment Tilt,UPS,0.0
2022-12-01,Equity Max-Sharpe + Sentiment Tilt,UPS,3.061943695395653e-17
2023-01-03,Equity Max-Sharpe + Sentiment Tilt,UPS,0.0
2023-02-01,Equity Max-Sharpe + Sentiment Tilt,UPS,2.14333324321056e-17
2023-03-01,Equity Max-Sharpe + Sentiment Tilt,UPS,0.0
2023-04-03,Equity Max-Sharpe + Sentiment Tilt,UPS,9.641440693817599e-17
2023-05-01,Equity Max-Sharpe + Sentiment Tilt,UPS,2.0877365650857344e-17
2023-06-01,Equity Max-Sharpe + Sentiment Tilt,UPS,5.21040541028778e-17
2023-07-03,Equity Max-Sharpe + Sentiment Tilt,UPS,0.0
2023-08-01,Equity Max-Sharpe + Sentiment Tilt,UPS,2.3769934263259512e-17
2023-09-01,Equity Max-Sharpe + Sentiment Tilt,UPS,0.0
2023-10-02,Equity Max-Sharpe + Sentiment Tilt,UPS,0.0
2023-11-01,Equity Max-Sharpe + Sentiment Tilt,UPS,9.646357285894286e-18
2023-12-01,Equity Max-Sharpe + Sentiment Tilt,UPS,0.0
2021-01-04,Equity Max-Sharpe + Sentiment Tilt,USB,0.0
2021-02-01,Equity Max-Sharpe + Sentiment Tilt,USB,0.0
2021-03-01,Equity Max-Sharpe + Sentiment Tilt,USB,0.0
2021-04-01,Equity Max-Sharpe + Sentiment Tilt,USB,0.0
2021-05-03,Equity Max-Sharpe + Sentiment Tilt,USB,0.0
2021-06-01,Equity Max-Sharpe + Sentiment Tilt,USB,4.723580279514095e-17
2021-07-01,Equity Max-Sharpe + Sentiment Tilt,USB,9.013333058217111e-18
2021-08-02,Equity Max-Sharpe + Sentiment Tilt,USB,0.0
2021-09-01,Equity Max-Sharpe + Sentiment Tilt,USB,6.256971225212328e-17
2021-10-01,Equity Max-Sharpe + Sentiment Tilt,USB,0.0
2021-11-01,Equity Max-Sharpe + Sentiment Tilt,USB,4.8059822624674854e-18
2021-12-01,Equity Max-Sharpe + Sentiment Tilt,USB,2.4832942664994426e-17
2022-01-03,Equity Max-Sharpe + Sentiment Tilt,USB,2.112080374565647e-17
2022-02-01,Equity Max-Sharpe + Sentiment Tilt,USB,0.0
2022-03-01,Equity Max-Sharpe + Sentiment Tilt,USB,4.707771152480666e-17
2022-04-01,Equity Max-Sharpe + Sentiment Tilt,USB,0.0
2022-05-02,Equity Max-Sharpe + Sentiment Tilt,USB,0.0
2022-06-01,Equity Max-Sharpe + Sentiment Tilt,USB,5.719220445685826e-17
2022-07-01,Equity Max-Sharpe + Sentiment Tilt,USB,1.5834367117759528e-17
2022-08-01,Equity Max-Sharpe + Sentiment Tilt,USB,0.0
2022-09-01,Equity Max-Sharpe + Sentiment Tilt,USB,0.0
2022-10-03,Equity Max-Sharpe + Sentiment Tilt,USB,4.5273290313238515e-17
2022-11-01,Equity Max-Sharpe + Sentiment Tilt,USB,1.0650247638232783e-16
2022-12-01,Equity Max-Sharpe + Sentiment Tilt,USB,4.908138792930021e-17
2023-01-03,Equity Max-Sharpe + Sentiment Tilt,USB,9.977272445704924e-18
2023-02-01,Equity Max-Sharpe + Sentiment Tilt,USB,2.9876423212145965e-17
2023-03-01,Equity Max-Sharpe + Sentiment Tilt,USB,0.0
2023-04-03,Equity Max-Sharpe + Sentiment Tilt,USB,7.848985417918627e-17
2023-05-01,Equity Max-Sharpe + Sentiment Tilt,USB,4.7696440238920556e-17
2023-06-01,Equity Max-Sharpe + Sentiment Tilt,USB,0.0
2023-07-03,Equity Max-Sharpe + Sentiment Tilt,USB,0.0
2023-08-01,Equity Max-Sharpe + Sentiment Tilt,USB,1.2748930982589897e-17
2023-09-01,Equity Max-Sharpe + Sentiment Tilt,USB,7.259545645603818e-17
2023-10-02,Equity Max-Sharpe + Sentiment Tilt,USB,0.0
2023-11-01,Equity Max-Sharpe + Sentiment Tilt,USB,0.0
2023-12-01,Equity Max-Sharpe + Sentiment Tilt,USB,2.794898903815158e-17
2021-01-04,Equity Max-Sharpe + Sentiment Tilt,V,0.0
2021-02-01,Equity Max-Sharpe + Sentiment Tilt,V,0.0
2021-03-01,Equity Max-Sharpe + Sentiment Tilt,V,0.0
2021-04-01,Equity Max-Sharpe + Sentiment Tilt,V,1.7891781217029037e-17
2021-05-03,Equity Max-Sharpe + Sentiment Tilt,V,0.0
2021-06-01,Equity Max-Sharpe + Sentiment Tilt,V,4.3376110572726113e-17
2021-07-01,Equity Max-Sharpe + Sentiment Tilt,V,0.0
2021-08-02,Equity Max-Sharpe + Sentiment Tilt,V,5.2431030558551536e-17
2021-09-01,Equity Max-Sharpe + Sentiment Tilt,V,8.10790027922875e-17
2021-10-01,Equity Max-Sharpe + Sentiment Tilt,V,0.0
2021-11-01,Equity Max-Sharpe + Sentiment Tilt,V,0.0
2021-12-01,Equity Max-Sharpe + Sentiment Tilt,V,0.0
2022-01-03,Equity Max-Sharpe + Sentiment Tilt,V,1.7758648795304276e-17
2022-02-01,Equity Max-Sharpe + Sentiment Tilt,V,0.0
2022-03-01,Equity Max-Sharpe + Sentiment Tilt,V,3.078168855380983e-17
2022-04-01,Equity Max-Sharpe + Sentiment Tilt,V,1.0929834634606598e-16
2022-05-02,Equity Max-Sharpe + Sentiment Tilt,V,0.0
2022-06-01,Equity Max-Sharpe + Sentiment Tilt,V,2.636983366908346e-17
2022-07-01,Equity Max-Sharpe + Sentiment Tilt,V,1.3072884375841236e-16
2022-08-01,Equity Max-Sharpe + Sentiment Tilt,V,1.2546512456769302e-17
2022-09-01,Equity Max-Sharpe + Sentiment Tilt,V,0.0
2022-10-03,Equity Max-Sharpe + Sentiment Tilt,V,6.801106112640439e-17
2022-11-01,Equity Max-Sharpe + Sentiment Tilt,V,7.410557907062844e-17
2022-12-01,Equity Max-Sharpe + Sentiment Tilt,V,0.0
2023-01-03,Equity Max-Sharpe + Sentiment Tilt,V,0.0
2023-02-01,Equity Max-Sharpe + Sentiment Tilt,V,6.524083959951347e-17
2023-03-01,Equity Max-Sharpe + Sentiment Tilt,V,7.569816312196632e-17
2023-04-03,Equity Max-Sharpe + Sentiment Tilt,V,8.325163726382215e-17
2023-05-01,Equity Max-Sharpe + Sentiment Tilt,V,1.4370870433997776e-16
2023-06-01,Equity Max-Sharpe + Sentiment Tilt,V,0.0
2023-07-03,Equity Max-Sharpe + Sentiment Tilt,V,4.910545048736256e-17
2023-08-01,Equity Max-Sharpe + Sentiment Tilt,V,0.0
2023-09-01,Equity Max-Sharpe + Sentiment Tilt,V,0.0
2023-10-02,Equity Max-Sharpe + Sentiment Tilt,V,0.0
2023-11-01,Equity Max-Sharpe + Sentiment Tilt,V,0.0
2023-12-01,Equity Max-Sharpe + Sentiment Tilt,V,1.5600997217907256e-18
2021-01-04,Equity Max-Sharpe + Sentiment Tilt,WFC,3.66990895487811e-17
2021-02-01,Equity Max-Sharpe + Sentiment Tilt,WFC,3.966254722940945e-17
2021-03-01,Equity Max-Sharpe + Sentiment Tilt,WFC,1.294376043680369e-18
2021-04-01,Equity Max-Sharpe + Sentiment Tilt,WFC,6.068234787912255e-17
2021-05-03,Equity Max-Sharpe + Sentiment Tilt,WFC,0.0
2021-06-01,Equity Max-Sharpe + Sentiment Tilt,WFC,0.0
2021-07-01,Equity Max-Sharpe + Sentiment Tilt,WFC,0.0
2021-08-02,Equity Max-Sharpe + Sentiment Tilt,WFC,6.917956402070643e-17
2021-09-01,Equity Max-Sharpe + Sentiment Tilt,WFC,1.7589802056164345e-16
2021-10-01,Equity Max-Sharpe + Sentiment Tilt,WFC,0.005722091603582613
2021-11-01,Equity Max-Sharpe + Sentiment Tilt,WFC,0.08984106916918337
2021-12-01,Equity Max-Sharpe + Sentiment Tilt,WFC,0.06650589894145284
2022-01-03,Equity Max-Sharpe + Sentiment Tilt,WFC,0.02588621219209285
2022-02-01,Equity Max-Sharpe + Sentiment Tilt,WFC,0.05873424456510024
2022-03-01,Equity Max-Sharpe + Sentiment Tilt,WFC,3.7651140244139356e-18
2022-04-01,Equity Max-Sharpe + Sentiment Tilt,WFC,6.640558734994924e-17
2022-05-02,Equity Max-Sharpe + Sentiment Tilt,WFC,0.0
2022-06-01,Equity Max-Sharpe + Sentiment Tilt,WFC,0.0
2022-07-01,Equity Max-Sharpe + Sentiment Tilt,WFC,6.743173467400142e-18
2022-08-01,Equity Max-Sharpe + Sentiment Tilt,WFC,0.0
2022-09-01,Equity Max-Sharpe + Sentiment Tilt,WFC,0.0
2022-10-03,Equity Max-Sharpe + Sentiment Tilt,WFC,1.3015986034542228e-16
2022-11-01,Equity Max-Sharpe + Sentiment Tilt,WFC,2.9973835164420066e-16
2022-12-01,Equity Max-Sharpe + Sentiment Tilt,WFC,0.0
2023-01-03,Equity Max-Sharpe + Sentiment Tilt,WFC,0.0
2023-02-01,Equity Max-Sharpe + Sentiment Tilt,WFC,1.3081754817419778e-16
2023-03-01,Equity Max-Sharpe + Sentiment Tilt,WFC,6.203122555237718e-17
2023-04-03,Equity Max-Sharpe + Sentiment Tilt,WFC,5.615350896448866e-17
2023-05-01,Equity Max-Sharpe + Sentiment Tilt,WFC,7.07153191232716e-17
2023-06-01,Equity Max-Sharpe + Sentiment Tilt,WFC,0.0
2023-07-03,Equity Max-Sharpe + Sentiment Tilt,WFC,0.0
2023-08-01,Equity Max-Sharpe + Sentiment Tilt,WFC,0.0
2023-09-01,Equity Max-Sharpe + Sentiment Tilt,WFC,1.2533995485019392e-16
2023-10-02,Equity Max-Sharpe + Sentiment Tilt,WFC,0.0
2023-11-01,Equity Max-Sharpe + Sentiment Tilt,WFC,0.0
2023-12-01,Equity Max-Sharpe + Sentiment Tilt,WFC,0.0
2021-01-04,Equity Max-Sharpe + Sentiment Tilt,WMT,0.0
2021-02-01,Equity Max-Sharpe + Sentiment Tilt,WMT,4.451633256537712e-17
2021-03-01,Equity Max-Sharpe + Sentiment Tilt,WMT,1.493848814555655e-17
2021-04-01,Equity Max-Sharpe + Sentiment Tilt,WMT,4.094092437584425e-17
2021-05-03,Equity Max-Sharpe + Sentiment Tilt,WMT,0.0
2021-06-01,Equity Max-Sharpe + Sentiment Tilt,WMT,0.0
2021-07-01,Equity Max-Sharpe + Sentiment Tilt,WMT,0.0
2021-08-02,Equity Max-Sharpe + Sentiment Tilt,WMT,2.016299951141069e-17
2021-09-01,Equity Max-Sharpe + Sentiment Tilt,WMT,3.089616702508214e-17
2021-10-01,Equity Max-Sharpe + Sentiment Tilt,WMT,5.9326821658258865e-18
2021-11-01,Equity Max-Sharpe + Sentiment Tilt,WMT,8.939183914403843e-18
2021-12-01,Equity Max-Sharpe + Sentiment Tilt,WMT,0.0
2022-01-03,Equity Max-Sharpe + Sentiment Tilt,WMT,0.0
2022-02-01,Equity Max-Sharpe + Sentiment Tilt,WMT,9.208218282066784e-18
2022-03-01,Equity Max-Sharpe + Sentiment Tilt,WMT,0.0
2022-04-01,Equity Max-Sharpe + Sentiment Tilt,WMT,5.654958253176208e-17
2022-05-02,Equity Max-Sharpe + Sentiment Tilt,WMT,6.728836795204194e-17
2022-06-01,Equity Max-Sharpe + Sentiment Tilt,WMT,0.0
2022-07-01,Equity Max-Sharpe + Sentiment Tilt,WMT,0.0
2022-08-01,Equity Max-Sharpe + Sentiment Tilt,WMT,0.0
2022-09-01,Equity Max-Sharpe + Sentiment Tilt,WMT,0.0
2022-10-03,Equity Max-Sharpe + Sentiment Tilt,WMT,4.594852756405724e-17
2022-11-01,Equity Max-Sharpe + Sentiment Tilt,WMT,9.355006521160698e-17
2022-12-01,Equity Max-Sharpe + Sentiment Tilt,WMT,8.646393696666091e-17
2023-01-03,Equity Max-Sharpe + Sentiment Tilt,WMT,8.06453018143626e-17
2023-02-01,Equity Max-Sharpe + Sentiment Tilt,WMT,6.914010210774565e-17
2023-03-01,Equity Max-Sharpe + Sentiment Tilt,WMT,0.0
2023-04-03,Equity Max-Sharpe + Sentiment Tilt,WMT,0.0
2023-05-01,Equity Max-Sharpe + Sentiment Tilt,WMT,1.2457830602025213e-16
2023-06-01,Equity Max-Sharpe + Sentiment Tilt,WMT,0.0
2023-07-03,Equity Max-Sharpe + Sentiment Tilt,WMT,0.08083973052919054
2023-08-01,Equity Max-Sharpe + Sentiment Tilt,WMT,0.0038084970696916653
2023-09-01,Equity Max-Sharpe + Sentiment Tilt,WMT,0.04567082017547629
2023-10-02,Equity Max-Sharpe + Sentiment Tilt,WMT,0.0
2023-11-01,Equity Max-Sharpe + Sentiment Tilt,WMT,0.13390445446128393
2023-12-01,Equity Max-Sharpe + Sentiment Tilt,WMT,0.0
2021-01-04,Equity Max-Sharpe + Sentiment Tilt,XOM,0.0
2021-02-01,Equity Max-Sharpe + Sentiment Tilt,XOM,8.745504448284432e-17
2021-03-01,Equity Max-Sharpe + Sentiment Tilt,XOM,0.0
2021-04-01,Equity Max-Sharpe + Sentiment Tilt,XOM,0.0
2021-05-03,Equity Max-Sharpe + Sentiment Tilt,XOM,6.457436338637169e-17
2021-06-01,Equity Max-Sharpe + Sentiment Tilt,XOM,0.0
2021-07-01,Equity Max-Sharpe + Sentiment Tilt,XOM,7.470335915178172e-17
2021-08-02,Equity Max-Sharpe + Sentiment Tilt,XOM,2.224787573014284e-17
2021-09-01,Equity Max-Sharpe + Sentiment Tilt,XOM,1.4627914223638412e-16
2021-10-01,Equity Max-Sharpe + Sentiment Tilt,XOM,2.5140151700253638e-17
2021-11-01,Equity Max-Sharpe + Sentiment Tilt,XOM,5.669115606581225e-17
2021-12-01,Equity Max-Sharpe + Sentiment Tilt,XOM,0.03198830957987965
2022-01-03,Equity Max-Sharpe + Sentiment Tilt,XOM,0.0
2022-02-01,Equity Max-Sharpe + Sentiment Tilt,XOM,0.0
2022-03-01,Equity Max-Sharpe + Sentiment Tilt,XOM,0.0
2022-04-01,Equity Max-Sharpe + Sentiment Tilt,XOM,6.523753435372514e-17
2022-05-02,Equity Max-Sharpe + Sentiment Tilt,XOM,1.2818732348946634e-16
2022-06-01,Equity Max-Sharpe + Sentiment Tilt,XOM,0.0
2022-07-01,Equity Max-Sharpe + Sentiment Tilt,XOM,0.0
2022-08-01,Equity Max-Sharpe + Sentiment Tilt,XOM,0.0
2022-09-01,Equity Max-Sharpe + Sentiment Tilt,XOM,0.06792038170054833
2022-10-03,Equity Max-Sharpe + Sentiment Tilt,XOM,0.03834415115098329
2022-11-01,Equity Max-Sharpe + Sentiment Tilt,XOM,0.21774583519246404
2022-12-01,Equity Max-Sharpe + Sentiment Tilt,XOM,0.16654637934540067
2023-01-03,Equity Max-Sharpe + Sentiment Tilt,XOM,0.24112902695318844
2023-02-01,Equity Max-Sharpe + Sentiment Tilt,XOM,0.1559618017034072
2023-03-01,Equity Max-Sharpe + Sentiment Tilt,XOM,0.16925878285498946
2023-04-03,Equity Max-Sharpe + Sentiment Tilt,XOM,0.17372855364088247
2023-05-01,Equity Max-Sharpe + Sentiment Tilt,XOM,0.06924772142509047
2023-06-01,Equity Max-Sharpe + Sentiment Tilt,XOM,0.0
2023-07-03,Equity Max-Sharpe + Sentiment Tilt,XOM,7.221200006647352e-17
2023-08-01,Equity Max-Sharpe + Sentiment Tilt,XOM,4.1918670194545854e-17
2023-09-01,Equity Max-Sharpe + Sentiment Tilt,XOM,3.7466207464947817e-17
2023-10-02,Equity Max-Sharpe + Sentiment Tilt,XOM,0.0
2023-11-01,Equity Max-Sharpe + Sentiment Tilt,XOM,1.107619065550462e-16
2023-12-01,Equity Max-Sharpe + Sentiment Tilt,XOM,0.0
