sector,date,sentiment_index
Comm,2020-01-02,0.10897499999999999
Comm,2020-01-03,0.08605
Comm,2020-01-06,0.13610583333333331
Comm,2020-01-07,0.21376
Comm,2020-01-08,0.154382
Comm,2020-01-09,0.16018
Comm,2020-01-10,0.028676666666666673
Comm,2020-01-13,0.07480916666666668
Comm,2020-01-14,0.12403249999999999
Comm,2020-01-15,0.07460833333333333
Comm,2020-01-16,0.18807999999999997
Comm,2020-01-17,0.11223000000000001
Comm,2020-01-21,-0.022039999999999997
Comm,2020-01-22,0.0912
Comm,2020-01-23,0.17530257142857142
Comm,2020-01-24,0.11109024242424241
Comm,2020-01-27,0.02225727272727272
Comm,2020-01-28,0.036708000000000005
Comm,2020-01-29,0.25270099999999995
Comm,2020-01-30,-0.010649999999999998
Comm,2020-01-31,-0.18866727272727274
Comm,2020-02-03,0.1309225
Comm,2020-02-04,0.11257899999999998
Comm,2020-02-05,0.01718566666666667
Comm,2020-02-06,0.06914000000000001
Comm,2020-02-07,0.098301
Comm,2020-02-10,0.1062
Comm,2020-02-11,-0.0031712941176470387
Comm,2020-02-12,0.15365222222222222
Comm,2020-02-13,0.09172261904761905
Comm,2020-02-14,0.19884833333333335
Comm,2020-02-18,0.04021809523809524
Comm,2020-02-19,0.03470309523809523
Comm,2020-02-20,0.0010064285714285691
Comm,2020-02-21,-0.07756190476190476
Comm,2020-02-24,-0.03137666666666667
Comm,2020-02-25,0.07111666666666668
Comm,2020-02-26,0.12558666666666668
Comm,2020-02-27,0.13194
Comm,2020-02-28,-0.09630999999999999
Comm,2020-03-02,0.09726666666666665
Comm,2020-03-03,0.040232
Comm,2020-03-04,0.10109666666666665
Comm,2020-03-05,0.181035
Comm,2020-03-06,0.163825
Comm,2020-03-09,-0.010929999999999999
Comm,2020-03-10,-0.044323999999999995
Comm,2020-03-11,0.04243
Comm,2020-03-12,0.025448000000000005
Comm,2020-03-13,0.07825299999999999
Comm,2020-03-16,-0.01231133333333334
Comm,2020-03-17,0.05186599999999999
Comm,2020-03-18,-0.02648399999999999
Comm,2020-03-19,0.03651833333333333
Comm,2020-03-20,0.014788333333333337
Comm,2020-03-23,0.16331284415584416
Comm,2020-03-24,0.1751407619047619
Comm,2020-03-25,0.17759866666666665
Comm,2020-03-26,0.12920166666666666
Comm,2020-03-27,0.19410933333333333
Comm,2020-03-30,0.183099
Comm,2020-03-31,0.25569333333333333
Comm,2020-04-01,0.15276666666666666
Comm,2020-04-02,-0.09556
Comm,2020-04-03,0.2131947619047619
Comm,2020-04-06,0.3249033333333334
Comm,2020-04-07,0.15798636363636362
Comm,2020-04-08,0.11384399999999999
Comm,2020-04-09,-0.02296333333333333
Comm,2020-04-13,0.07171666666666666
Comm,2020-04-14,0.22262228571428572
Comm,2020-04-15,0.13729
Comm,2020-04-16,0.242231
Comm,2020-04-17,0.07748599999999999
Comm,2020-04-20,0.057234999999999994
Comm,2020-04-21,0.08243333333333333
Comm,2020-04-22,0.12742380952380952
Comm,2020-04-23,0.08730722222222223
Comm,2020-04-24,0.015129090909090911
Comm,2020-04-27,0.08147666666666667
Comm,2020-04-28,0.13426050505050505
Comm,2020-04-29,0.18466
Comm,2020-04-30,0.09282874999999999
Comm,2020-05-01,-0.03192966666666666
Comm,2020-05-04,0.07946711111111111
Comm,2020-05-05,0.11926785714285715
Comm,2020-05-06,-0.01832600000000002
Comm,2020-05-07,0.15557800000000002
Comm,2020-05-08,0.167912
Comm,2020-05-11,0.12894285714285716
Comm,2020-05-12,0.068945
Comm,2020-05-13,0.025479999999999996
Comm,2020-05-14,0.1712533333333333
Comm,2020-05-15,0.09845666666666666
Comm,2020-05-18,0.14646866666666666
Comm,2020-05-19,0.12955733333333336
Comm,2020-05-20,-0.005675333333333333
Comm,2020-05-21,0.10847199999999999
Comm,2020-05-22,-0.05059
Comm,2020-05-26,0.13780466666666666
Comm,2020-05-27,0.15016333333333334
Comm,2020-05-28,0.09534436363636364
Comm,2020-05-29,0.10081000000000002
Comm,2020-06-01,0.15972342857142857
Comm,2020-06-02,0.17357666666666666
Comm,2020-06-03,-0.07269666666666666
Comm,2020-06-04,0.160185
Comm,2020-06-05,0.16920933333333332
Comm,2020-06-08,-0.1130925
Comm,2020-06-09,-0.11814999999999998
Comm,2020-06-10,0.009570000000000013
Comm,2020-06-11,0.006903809523809526
Comm,2020-06-12,0.05869333333333333
Comm,2020-06-15,0.023173333333333324
Comm,2020-06-16,0.09305
Comm,2020-06-17,0.12827833333333333
Comm,2020-06-18,0.001315666666666665
Comm,2020-06-19,0.11635999999999999
Comm,2020-06-22,0.14001666666666665
Comm,2020-06-23,0.09857833333333332
Comm,2020-06-24,0.10274121212121212
Comm,2020-06-25,0.08696533333333334
Comm,2020-06-26,0.24067333333333335
Comm,2020-06-29,0.020961025641025643
Comm,2020-06-30,0.11430761904761906
Comm,2020-07-01,-0.005466666666666664
Comm,2020-07-02,0.013078333333333334
Comm,2020-07-06,0.04434400000000001
Comm,2020-07-07,0.08076000000000001
Comm,2020-07-08,-0.072725
Comm,2020-07-09,0.034595
Comm,2020-07-10,-0.011450000000000005
Comm,2020-07-13,0.021599999999999998
Comm,2020-07-14,0.03231714285714286
Comm,2020-07-15,0.05775333333333332
Comm,2020-07-16,0.13065333333333334
Comm,2020-07-17,0.036019999999999996
Comm,2020-07-20,0.13273
Comm,2020-07-21,0.17599666666666666
Comm,2020-07-22,0.15954
Comm,2020-07-23,-0.11882999999999999
Comm,2020-07-24,-0.09532749999999998
Comm,2020-07-27,-0.04253999999999999
Comm,2020-07-28,-0.045329999999999995
Comm,2020-07-29,-0.094745
Comm,2020-07-30,0.06398833333333334
Comm,2020-07-31,0.09729
Comm,2020-08-03,0.24238400000000002
Comm,2020-08-04,0.08877538461538462
Comm,2020-08-05,0.18969
Comm,2020-08-06,0.13417809523809524
Comm,2020-08-07,0.1154451282051282
Comm,2020-08-10,0.23690333333333333
Comm,2020-08-11,0.22663000000000003
Comm,2020-08-12,0.13660333333333333
Comm,2020-08-13,0.11237333333333335
Comm,2020-08-14,-0.06364
Comm,2020-08-17,0.12658666666666668
Comm,2020-08-18,0.12132666666666667
Comm,2020-08-19,0.12132666666666667
Comm,2020-08-20,0.0932
Comm,2020-08-21,0.12368666666666668
Comm,2020-08-24,0.011139999999999994
Comm,2020-08-25,0.007576666666666665
Comm,2020-08-26,0.098772
Comm,2020-08-27,0.11682
Comm,2020-08-28,0.16213166666666665
Comm,2020-08-31,0.15215166666666666
Comm,2020-09-01,0.136055
Comm,2020-09-02,0.2752833333333333
Comm,2020-09-03,0.15649857142857143
Comm,2020-09-04,0.14909666666666668
Comm,2020-09-08,0.17824800000000002
Comm,2020-09-09,0.22764
Comm,2020-09-10,0.20042
Comm,2020-09-11,0.10828
Comm,2020-09-14,0.05931166666666667
Comm,2020-09-15,0.06895333333333334
Comm,2020-09-16,0.08873
Comm,2020-09-17,0.19130666666666668
Comm,2020-09-18,0.067985
Comm,2020-09-21,0.0836375
Comm,2020-09-22,0.18247
Comm,2020-09-23,0.15525
Comm,2020-09-24,0.131078
Comm,2020-09-25,-0.04554199999999999
Comm,2020-09-28,0.1542255
Comm,2020-09-29,0.1110975
Comm,2020-09-30,0.17758
Comm,2020-10-01,0.06265666666666667
Comm,2020-10-02,-0.12972
Comm,2020-10-05,0.07788750000000001
Comm,2020-10-06,0.09578
Comm,2020-10-07,0.22238000000000002
Comm,2020-10-08,-0.016493999999999995
Comm,2020-10-09,0.13680785714285715
Comm,2020-10-12,0.001497878787878787
Comm,2020-10-13,-0.047831428571428566
Comm,2020-10-14,0.22808199999999998
Comm,2020-10-15,0.29738333333333333
Comm,2020-10-16,0.20124499999999998
Comm,2020-10-19,0.2748366666666667
Comm,2020-10-20,0.21497000000000002
Comm,2020-10-21,0.21910666666666664
Comm,2020-10-22,0.09438333333333333
Comm,2020-10-23,0.214535
Comm,2020-10-26,0.09944857142857141
Comm,2020-10-27,0.007340000000000002
Comm,2020-10-28,0.04177399999999999
Comm,2020-10-29,0.17301
Comm,2020-10-30,0.22374
Comm,2020-11-02,0.06413833333333332
Comm,2020-11-03,-0.06955933333333333
Comm,2020-11-04,0.08431599999999999
Comm,2020-11-05,-0.031197000000000003
Comm,2020-11-06,0.09671144607843138
Comm,2020-11-09,0.20570857142857144
Comm,2020-11-10,0.02692500000000001
Comm,2020-11-11,-0.023635000000000007
Comm,2020-11-12,0.15018
Comm,2020-11-13,0.223765
Comm,2020-11-16,0.125346
Comm,2020-11-17,0.115872
Comm,2020-11-18,0.008979999999999998
Comm,2020-11-19,-0.018341428571428574
Comm,2020-11-20,-0.036219999999999995
Comm,2020-11-23,0.03452666666666667
Comm,2020-11-24,0.14435333333333333
Comm,2020-11-25,0.16753200000000001
Comm,2020-11-27,0.30104
Comm,2020-11-30,0.27708666666666665
Comm,2020-12-01,0.21306000000000003
Comm,2020-12-02,0.07024
Comm,2020-12-03,0.1968542857142857
Comm,2020-12-04,0.26953
Comm,2020-12-07,0.1645222222222222
Comm,2020-12-08,0.18614181818181819
Comm,2020-12-09,0.334375
Comm,2020-12-10,0.2286975
Comm,2020-12-11,0.13661142857142855
Comm,2020-12-14,0.0482675
Comm,2020-12-15,0.1282575
Comm,2020-12-16,0.07403178571428572
Comm,2020-12-17,0.09116428571428573
Comm,2020-12-18,0.025975499999999995
Comm,2020-12-21,0.062107333333333334
Comm,2020-12-22,0.0025566666666666698
Comm,2020-12-23,0.03396166666666667
Comm,2020-12-24,0.023236666666666666
Comm,2020-12-28,0.18002249999999997
Comm,2020-12-29,0.21598
Comm,2020-12-30,0.26442
Comm,2020-12-31,0.2359990476190476
Comm,2021-01-04,0.19355333333333333
Comm,2021-01-05,0.06041166666666666
Comm,2021-01-06,0.11120171428571428
Comm,2021-01-07,0.16188
Comm,2021-01-08,0.06883
Comm,2021-01-11,0.21936999999999998
Comm,2021-01-12,0.075815
Comm,2021-01-13,-0.04492999999999999
Comm,2021-01-14,0.032802
Comm,2021-01-15,0.03881333333333333
Comm,2021-01-19,0.08876599999999998
Comm,2021-01-20,-0.2
Comm,2021-01-21,-0.1837146666666667
Comm,2021-01-22,-0.06190500000000001
Comm,2021-01-25,0.0754752380952381
Comm,2021-01-26,0.001291428571428574
Comm,2021-01-27,-0.0010720000000000007
Comm,2021-01-28,0.18308833333333333
Comm,2021-01-29,0.058776666666666665
Comm,2021-02-01,0.41345333333333334
Comm,2021-02-02,0.12638333333333335
Comm,2021-02-03,0.08967333333333333
Comm,2021-02-04,-0.023813333333333343
Comm,2021-02-05,0.068705
Comm,2021-02-08,-0.007988333333333333
Comm,2021-02-09,0.03059095238095238
Comm,2021-02-10,-0.0066810476190476255
Comm,2021-02-11,0.120215
Comm,2021-02-12,0.19704000000000002
Comm,2021-02-16,0.10841757575757578
Comm,2021-02-17,0.07452666666666667
Comm,2021-02-18,0.1707
Comm,2021-02-19,0.18639999999999998
Comm,2021-02-22,0.147552
Comm,2021-02-23,0.26206666666666667
Comm,2021-02-24,-0.019178571428571423
Comm,2021-02-25,0.0044977777777777785
Comm,2021-02-26,0.028349999999999997
Comm,2021-03-01,0.016930000000000004
Comm,2021-03-02,0.16122
Comm,2021-03-03,0.056625999999999996
Comm,2021-03-04,0.154
Comm,2021-03-05,0.10985733333333333
Comm,2021-03-08,-0.068966
Comm,2021-03-09,0.195184
Comm,2021-03-10,0.1099375
Comm,2021-03-11,0.13156600000000002
Comm,2021-03-12,0.15660857142857143
Comm,2021-03-15,0.08673833333333333
Comm,2021-03-16,0.10238133333333335
Comm,2021-03-17,0.1295
Comm,2021-03-18,-0.007813333333333328
Comm,2021-03-19,0.11760666666666668
Comm,2021-03-22,0.056714999999999995
Comm,2021-03-23,0.081364
Comm,2021-03-24,0.18495
Comm,2021-03-25,-0.002475999999999998
Comm,2021-03-26,0.034595
Comm,2021-03-29,0.11353444444444442
Comm,2021-03-30,0.12869000000000003
Comm,2021-03-31,0.02023
Comm,2021-04-01,0.06819
Comm,2021-04-05,0.344484
Comm,2021-04-06,0.2324809523809524
Comm,2021-04-07,0.15944000000000003
Comm,2021-04-08,0.2307666666666667
Comm,2021-04-09,0.122094
Comm,2021-04-12,-0.02026000000000001
Comm,2021-04-13,0.277324
Comm,2021-04-14,0.16172
Comm,2021-04-15,0.17260999999999999
Comm,2021-04-16,0.17172
Comm,2021-04-19,0.0013050000000000006
Comm,2021-04-20,0.01864285714285714
Comm,2021-04-21,0.0497688888888889
Comm,2021-04-22,0.08867212121212122
Comm,2021-04-23,0.20769433333333334
Comm,2021-04-26,0.03106333333333335
Comm,2021-04-27,0.031104444444444445
Comm,2021-04-28,0.21570666666666666
Comm,2021-04-29,0.24272100000000002
Comm,2021-04-30,0.2264266666666667
Comm,2021-05-03,0.15644666666666668
Comm,2021-05-04,0.319456
Comm,2021-05-05,0.232668
Comm,2021-05-06,0.22630133333333333
Comm,2021-05-07,0.25273333333333337
Comm,2021-05-10,-0.11144033333333334
Comm,2021-05-11,0.20482
Comm,2021-05-12,0.08715
Comm,2021-05-13,0.08715
Comm,2021-05-14,0.025
Comm,2021-05-17,0.00817589743589744
Comm,2021-05-18,0.0013776666666666631
Comm,2021-05-19,0.014016
Comm,2021-05-20,0.109577
Comm,2021-05-21,0.21222285714285713
Comm,2021-05-24,-0.015649999999999997
Comm,2021-05-25,0.19827
Comm,2021-05-26,0.23640857142857144
Comm,2021-05-27,0.118326
Comm,2021-05-28,0.4019236666666666
Comm,2021-06-01,0.4275346666666667
Comm,2021-06-02,0.12601
Comm,2021-06-03,0.03159333333333334
Comm,2021-06-04,0.295435
Comm,2021-06-07,0.1335111111111111
Comm,2021-06-08,0.36702666666666667
Comm,2021-06-09,0.29006
Comm,2021-06-10,0.06415371428571429
Comm,2021-06-11,0.05206238095238096
Comm,2021-06-14,0.0021466666666666743
Comm,2021-06-15,0.09738
Comm,2021-06-16,0.22462
Comm,2021-06-17,0.33214333333333335
Comm,2021-06-18,0.14004
Comm,2021-06-21,0.21744
Comm,2021-06-22,0.06438000000000002
Comm,2021-06-23,0.12380733333333334
Comm,2021-06-24,0.01747333333333332
Comm,2021-06-25,0.10543666666666666
Comm,2021-06-28,0.32045599999999996
Comm,2021-06-29,0.344036
Comm,2021-06-30,0.25463909090909087
Comm,2021-07-01,0.21166000000000001
Comm,2021-07-02,0.0216
Comm,2021-07-06,0.08536
Comm,2021-07-07,0.07236400000000001
Comm,2021-07-08,0.16462000000000002
Comm,2021-07-09,0.26493333333333335
Comm,2021-07-12,0.09792500000000001
Comm,2021-07-13,0.11024
Comm,2021-07-14,0.02266666666666667
Comm,2021-07-15,0.05035333333333334
Comm,2021-07-16,0.017055999999999998
Comm,2021-07-19,0.27175666666666665
Comm,2021-07-20,0.321286
Comm,2021-07-21,0.03065
Comm,2021-07-22,0.1972025
Comm,2021-07-23,0.10828666666666664
Comm,2021-07-26,0.10838533333333333
Comm,2021-07-27,0.10266333333333333
Comm,2021-07-28,0.04188666666666667
Comm,2021-07-29,0.13379309523809524
Comm,2021-07-30,0.06667000000000001
Comm,2021-08-02,0.06247333333333334
Comm,2021-08-03,0.13033333333333333
Comm,2021-08-04,0.14044
Comm,2021-08-05,0.11742333333333335
Comm,2021-08-06,0.10008333333333333
Comm,2021-08-09,0.14785666666666666
Comm,2021-08-10,0.05222333333333333
Comm,2021-08-11,0.027790000000000016
Comm,2021-08-12,0.26612666666666673
Comm,2021-08-13,0.23788333333333336
Comm,2021-08-16,0.08180261904761905
Comm,2021-08-17,0.10211428571428571
Comm,2021-08-18,-0.056956428571428575
Comm,2021-08-19,-0.036111
Comm,2021-08-20,0.030883333333333336
Comm,2021-08-23,0.21510166666666666
Comm,2021-08-24,0.3282
Comm,2021-08-25,0.3467866666666667
Comm,2021-08-26,0.29781
Comm,2021-08-27,0.43975
Comm,2021-08-30,0.181382
Comm,2021-08-31,0.12099866666666666
Comm,2021-09-01,0.12099866666666666
Comm,2021-09-02,0.040642
Comm,2021-09-03,0.18952666666666668
Comm,2021-09-07,0.26884
Comm,2021-09-08,0.25418166666666664
Comm,2021-09-09,-0.07891285714285715
Comm,2021-09-10,0.16050999999999999
Comm,2021-09-13,0.24411571428571427
Comm,2021-09-14,0.12824333333333332
Comm,2021-09-15,0.10630633333333332
Comm,2021-09-16,0.08634
Comm,2021-09-17,0.08275009523809525
Comm,2021-09-20,0.3034075757575757
Comm,2021-09-21,0.22721333333333335
Comm,2021-09-22,0.15978399999999998
Comm,2021-09-23,0.04259
Comm,2021-09-24,-0.02844
Comm,2021-09-27,0.15547000000000002
Comm,2021-09-28,0.140023
Comm,2021-09-29,-0.054200000000000005
Comm,2021-09-30,0.10342666666666667
Comm,2021-10-01,0.24498999999999999
Comm,2021-10-04,0.018139999999999996
Comm,2021-10-05,-0.004519999999999999
Comm,2021-10-06,0.021336666666666667
Comm,2021-10-07,0.23674166666666668
Comm,2021-10-08,0.09957
Comm,2021-10-11,0.18658333333333332
Comm,2021-10-12,0.27293
Comm,2021-10-13,-0.01207666666666667
Comm,2021-10-14,-0.09812499999999999
Comm,2021-10-15,0.035234999999999995
Comm,2021-10-18,0.26771
Comm,2021-10-19,0.16258666666666666
Comm,2021-10-20,0.21756666666666663
Comm,2021-10-21,-0.01299357142857142
Comm,2021-10-22,0.23778833333333335
Comm,2021-10-25,0.41015100000000004
Comm,2021-10-26,0.2707571428571428
Comm,2021-10-27,0.3082971428571429
Comm,2021-10-28,0.17975
Comm,2021-10-29,0.18426
Comm,2021-11-01,0.147205
Comm,2021-11-02,0.23997000000000002
Comm,2021-11-03,0.1210305
Comm,2021-11-04,0.13950533333333331
Comm,2021-11-05,0.18048666666666666
Comm,2021-11-08,-0.15794666666666668
Comm,2021-11-09,-0.01454000000000002
Comm,2021-11-10,-0.18147333333333332
Comm,2021-11-11,-0.014333333333333347
Comm,2021-11-12,0.058373333333333347
Comm,2021-11-15,0.129412
Comm,2021-11-16,0.020300000000000006
Comm,2021-11-17,-0.0023999999999999994
Comm,2021-11-18,0.09115
Comm,2021-11-19,0.04325
Comm,2021-11-22,0.05504833333333333
Comm,2021-11-23,0.13581400000000002
Comm,2021-11-24,0.19305499999999998
Comm,2021-11-26,0.08984666666666666
Comm,2021-11-29,-0.12824
Comm,2021-11-30,-0.11933
Comm,2021-12-01,0.14463333333333334
Comm,2021-12-02,-0.064
Comm,2021-12-03,-0.021913333333333333
Comm,2021-12-06,0.037622222222222224
Comm,2021-12-07,0.15863333333333335
Comm,2021-12-08,0.20429
Comm,2021-12-09,0.150055
Comm,2021-12-10,0.15510666666666667
Comm,2021-12-13,0.040465
Comm,2021-12-14,0.08975333333333332
Comm,2021-12-15,0.11925400000000001
Comm,2021-12-16,0.19804
Comm,2021-12-17,-0.029759999999999998
Comm,2021-12-20,0.19402
Comm,2021-12-21,0.1272
Comm,2021-12-22,0.27316
Comm,2021-12-23,0.14253333333333335
Comm,2021-12-27,0.16246583333333334
Comm,2021-12-28,0.0971
Comm,2021-12-29,0.08148666666666668
Comm,2021-12-30,0.12137066666666665
Comm,2021-12-31,0.013193333333333335
Comm,2022-01-03,0.04105538461538462
Comm,2022-01-04,0.0671
Comm,2022-01-05,0.2681733333333333
Comm,2022-01-06,0.259594
Comm,2022-01-07,0.133331
Comm,2022-01-10,0.11034857142857142
Comm,2022-01-11,0.080425
Comm,2022-01-12,0.15800533333333333
Comm,2022-01-13,0.2048
Comm,2022-01-14,0.0408
Comm,2022-01-18,-0.04811808123249299
Comm,2022-01-19,0.06328333333333333
Comm,2022-01-20,0.2773515151515151
Comm,2022-01-21,0.32354
Comm,2022-01-24,0.13162333333333334
Comm,2022-01-25,0.07506666666666667
Comm,2022-01-26,0.28685617647058825
Comm,2022-01-27,0.15853011904761904
Comm,2022-01-28,-0.142852
Comm,2022-01-31,0.093698
Comm,2022-02-01,0.03691142857142857
Comm,2022-02-02,0.13944238095238096
Comm,2022-02-03,0.20904238095238098
Comm,2022-02-04,0.037856
Comm,2022-02-07,0.18579466666666666
Comm,2022-02-08,0.084515
Comm,2022-02-09,0.256076
Comm,2022-02-10,0.4204933333333334
Comm,2022-02-11,0.014603333333333334
Comm,2022-02-14,0.18856933333333334
Comm,2022-02-15,0.29796
Comm,2022-02-16,0.14061
Comm,2022-02-17,0.17063285714285711
Comm,2022-02-18,0.13194
Comm,2022-02-22,-0.06219857142857142
Comm,2022-02-23,-0.13194
Comm,2022-02-24,0.02401000000000001
Comm,2022-02-25,0.05846
Comm,2022-02-28,0.1937188888888889
Comm,2022-03-01,0.19804000000000002
Comm,2022-03-02,0.031563999999999995
Comm,2022-03-03,-0.039318
Comm,2022-03-04,-0.10259
Comm,2022-03-07,0.05576333333333333
Comm,2022-03-08,0.09051333333333332
Comm,2022-03-09,0.10213000000000001
Comm,2022-03-10,0.11886666666666668
Comm,2022-03-11,0.079255
Comm,2022-03-14,0.10785928571428571
Comm,2022-03-15,0.151826
Comm,2022-03-16,0.19770000000000001
Comm,2022-03-17,0.07490666666666668
Comm,2022-03-18,0.28582
Comm,2022-03-21,0.163078
Comm,2022-03-22,-0.009299999999999985
Comm,2022-03-23,0.15801500000000002
Comm,2022-03-24,0.173215
Comm,2022-03-25,0.020915000000000007
Comm,2022-03-28,0.06674133333333333
Comm,2022-03-29,0.10362533333333332
Comm,2022-03-30,0.07804000000000001
Comm,2022-03-31,0.14542
Comm,2022-04-01,0.060160000000000005
Comm,2022-04-04,0.147815
Comm,2022-04-05,-0.069578
Comm,2022-04-06,-0.05691666666666666
Comm,2022-04-07,-0.08574166666666667
Comm,2022-04-08,-0.064635
Comm,2022-04-11,0.03854676470588235
Comm,2022-04-12,0.20783000000000001
Comm,2022-04-13,0.27252166666666666
Comm,2022-04-14,0.025556000000000002
Comm,2022-04-18,0.035902857142857146
Comm,2022-04-19,-0.03867466666666666
Comm,2022-04-20,0.07302833333333333
Comm,2022-04-21,0.15636494736842105
Comm,2022-04-22,0.04176857142857143
Comm,2022-04-25,0.068066
Comm,2022-04-26,0.2819006666666667
Comm,2022-04-27,0.07301071428571429
Comm,2022-04-28,0.02522
Comm,2022-04-29,-0.0002589999999999981
Comm,2022-05-02,0.121806
Comm,2022-05-03,0.09468000000000001
Comm,2022-05-04,-0.051759999999999994
Comm,2022-05-05,-0.027333333333333328
Comm,2022-05-06,0.2111406666666667
Comm,2022-05-09,-0.024980000000000002
Comm,2022-05-10,0.04537285714285714
Comm,2022-05-11,-0.03325399999999999
Comm,2022-05-12,0.033082
Comm,2022-05-13,0.09770999999999999
Comm,2022-05-16,0.09121000000000001
Comm,2022-05-17,0.009181333333333333
Comm,2022-05-18,-0.021075
Comm,2022-05-19,0.04399000000000001
Comm,2022-05-20,0.16309
Comm,2022-05-23,0.043784000000000003
Comm,2022-05-24,0.09552799999999999
Comm,2022-05-25,0.20104285714285713
Comm,2022-05-26,0.21776
Comm,2022-05-27,0.10021666666666666
Comm,2022-05-31,0.14244266666666666
Comm,2022-06-01,0.12583333333333332
Comm,2022-06-02,-0.07633000000000001
Comm,2022-06-03,0.08467866666666667
Comm,2022-06-06,-0.012226666666666669
Comm,2022-06-07,0.068715
Comm,2022-06-08,0.191892
Comm,2022-06-09,0.08032133333333333
Comm,2022-06-10,-0.031369999999999995
Comm,2022-06-13,0.09076999999999999
Comm,2022-06-14,0.25620750000000003
Comm,2022-06-15,0.040440000000000004
Comm,2022-06-16,0.022036666666666666
Comm,2022-06-17,0.13694599999999998
Comm,2022-06-21,0.1759742857142857
Comm,2022-06-22,0.162925
Comm,2022-06-23,0.05360833333333333
Comm,2022-06-24,-0.006850666666666667
Comm,2022-06-27,0.09763000000000001
Comm,2022-06-28,0.11567000000000001
Comm,2022-06-29,0.073245
Comm,2022-06-30,0.1959216666666667
Comm,2022-07-01,0.37637
Comm,2022-07-05,0.27784333333333333
Comm,2022-07-06,0.049781666666666655
Comm,2022-07-07,0.20790166666666665
Comm,2022-07-08,0.18768333333333334
Comm,2022-07-11,0.18240933333333334
Comm,2022-07-12,0.16039333333333333
Comm,2022-07-13,-0.05716000000000001
Comm,2022-07-14,0.04177000000000001
Comm,2022-07-15,-0.07432
Comm,2022-07-18,-0.03536892857142857
Comm,2022-07-19,0.20059
Comm,2022-07-20,0.045456666666666666
Comm,2022-07-21,0.09383133333333334
Comm,2022-07-22,0.08600266666666667
Comm,2022-07-25,-0.022425
Comm,2022-07-26,0.0
Comm,2022-07-27,0.06653666666666666
Comm,2022-07-28,0.10078333333333334
Comm,2022-07-29,0.11484000000000001
Comm,2022-08-01,0.044908333333333335
Comm,2022-08-02,0.0475925
Comm,2022-08-03,0.015399999999999987
Comm,2022-08-04,0.08297333333333332
Comm,2022-08-05,0.19222333333333333
Comm,2022-08-08,-0.1625
Comm,2022-08-09,-0.10722999999999998
Comm,2022-08-10,0.170978
Comm,2022-08-11,0.03246166666666668
Comm,2022-08-12,0.0695
Comm,2022-08-15,0.08424833333333334
Comm,2022-08-16,0.11510833333333333
Comm,2022-08-17,-0.00653333333333333
Comm,2022-08-18,0.004529999999999999
Comm,2022-08-19,-0.174035
Comm,2022-08-22,0.21372
Comm,2022-08-23,0.17838333333333334
Comm,2022-08-24,0.13018666666666664
Comm,2022-08-25,0.07669166666666666
Comm,2022-08-26,-0.10375083333333335
Comm,2022-08-29,0.157895
Comm,2022-08-30,-0.05725999999999999
Comm,2022-08-31,0.15776333333333334
Comm,2022-09-01,0.08216666666666667
Comm,2022-09-02,0.10773000000000002
Comm,2022-09-06,0.17733
Comm,2022-09-07,0.07006952380952383
Comm,2022-09-08,0.22610076190476192
Comm,2022-09-09,-0.028329999999999987
Comm,2022-09-12,-0.029178095238095232
Comm,2022-09-13,-0.07895066666666666
Comm,2022-09-14,0.09447333333333334
Comm,2022-09-15,0.1273216666666667
Comm,2022-09-16,0.11408666666666667
Comm,2022-09-19,0.03698963636363636
Comm,2022-09-20,0.09642500000000001
Comm,2022-09-21,0.14043199999999997
Comm,2022-09-22,0.05356000000000001
Comm,2022-09-23,0.133952
Comm,2022-09-26,0.10272333333333335
Comm,2022-09-27,0.20870166666666665
Comm,2022-09-28,0.14380266666666666
Comm,2022-09-29,0.05316333333333334
Comm,2022-09-30,0.04426833333333334
Comm,2022-10-03,0.24489099999999997
Comm,2022-10-04,0.11383999999999998
Comm,2022-10-05,0.26416
Comm,2022-10-06,0.079815
Comm,2022-10-07,0.16219666666666668
Comm,2022-10-10,0.06091
Comm,2022-10-11,0.04307066666666667
Comm,2022-10-12,0.13851
Comm,2022-10-13,-0.09549499999999998
Comm,2022-10-14,-0.134185
Comm,2022-10-17,0.221326
Comm,2022-10-18,0.1565
Comm,2022-10-19,0.04041666666666668
Comm,2022-10-20,0.09561666666666666
Comm,2022-10-21,0.11342444444444447
Comm,2022-10-24,0.13608499999999998
Comm,2022-10-25,0.07677111111111111
Comm,2022-10-26,0.040766666666666666
Comm,2022-10-27,0.21100933333333333
Comm,2022-10-28,0.20041714285714285
Comm,2022-10-31,0.22740114285714289
Comm,2022-11-01,0.1543415
Comm,2022-11-02,0.013989999999999999
Comm,2022-11-03,0.07632000000000001
Comm,2022-11-04,0.014044999999999997
Comm,2022-11-07,-0.11038666666666666
Comm,2022-11-08,0.04923
Comm,2022-11-09,0.04476
Comm,2022-11-10,0.04046
Comm,2022-11-11,0.0
Comm,2022-11-14,0.352572619047619
Comm,2022-11-15,0.0497
Comm,2022-11-16,0.08627333333333334
Comm,2022-11-17,-0.010206666666666668
Comm,2022-11-18,-0.010206666666666668
Comm,2022-11-21,0.19752333333333333
Comm,2022-11-22,0.27471666666666666
Comm,2022-11-23,0.16834666666666667
Comm,2022-11-25,0.33623166666666665
Comm,2022-11-28,0.36868666666666666
Comm,2022-11-29,0.39729333333333333
Comm,2022-11-30,0.29488
Comm,2022-12-01,0.10304666666666666
Comm,2022-12-02,0.25708000000000003
Comm,2022-12-05,0.1378282857142857
Comm,2022-12-06,0.183246
Comm,2022-12-07,0.086216
Comm,2022-12-08,0.07769000000000001
Comm,2022-12-09,-0.15739999999999998
Comm,2022-12-12,-0.097
Comm,2022-12-13,-0.15662800000000002
Comm,2022-12-14,-0.05557666666666666
Comm,2022-12-15,0.063461
Comm,2022-12-16,-0.136945
Comm,2022-12-19,0.122645
Comm,2022-12-20,0.29799000000000003
Comm,2022-12-21,-0.001319999999999999
Comm,2022-12-22,0.01531999999999999
Comm,2022-12-23,0.16254
Comm,2022-12-27,0.16654
Comm,2022-12-28,0.07746700000000001
Comm,2022-12-29,0.027782000000000008
Comm,2022-12-30,0.0024319999999999954
Comm,2023-01-03,0.003713714285714284
Comm,2023-01-04,0.028546666666666685
Comm,2023-01-05,0.069408
Comm,2023-01-06,0.24178666666666668
Comm,2023-01-09,0.34460999999999997
Comm,2023-01-10,0.37448333333333333
Comm,2023-01-11,0.21077666666666667
Comm,2023-01-12,0.10675266666666668
Comm,2023-01-13,0.18216666666666667
Comm,2023-01-17,0.20365666666666668
Comm,2023-01-18,0.025453333333333335
Comm,2023-01-19,0.041280000000000004
Comm,2023-01-20,-0.009086666666666663
Comm,2023-01-23,0.053615
Comm,2023-01-24,0.038075000000000005
Comm,2023-01-25,0.0014257142857142858
Comm,2023-01-26,0.22873560606060606
Comm,2023-01-27,0.09685466666666664
Comm,2023-01-30,0.07409666666666666
Comm,2023-01-31,-0.01744888888888889
Comm,2023-02-01,0.021679999999999994
Comm,2023-02-02,0.1257093333333333
Comm,2023-02-03,0.18137
Comm,2023-02-06,-0.020167499999999988
Comm,2023-02-07,0.027477
Comm,2023-02-08,0.05899
Comm,2023-02-09,0.07705
Comm,2023-02-10,0.08830999999999999
Comm,2023-02-13,-0.027247999999999994
Comm,2023-02-14,-0.013308
Comm,2023-02-15,0.18669666666666665
Comm,2023-02-16,0.02366
Comm,2023-02-17,0.26779
Comm,2023-02-21,0.1004447619047619
Comm,2023-02-22,0.11090333333333333
Comm,2023-02-23,0.12297
Comm,2023-02-24,0.12728
Comm,2023-02-27,0.13392333333333334
Comm,2023-02-28,0.13401000000000002
Comm,2023-03-01,-0.033397500000000004
Comm,2023-03-02,0.23134666666666667
Comm,2023-03-03,0.06216666666666668
Comm,2023-03-06,0.02023
Comm,2023-03-07,0.17477
Comm,2023-03-08,0.047799999999999995
Comm,2023-03-09,0.02849666666666667
Comm,2023-03-10,0.025708
Comm,2023-03-13,0.06463933333333334
Comm,2023-03-14,0.081306
Comm,2023-03-15,0.13586
Comm,2023-03-16,0.1414582857142857
Comm,2023-03-17,0.092
Comm,2023-03-20,0.183634
Comm,2023-03-21,0.084422
Comm,2023-03-22,0.11946666666666668
Comm,2023-03-23,0.31221
Comm,2023-03-24,0.31461
Comm,2023-03-27,0.24604428571428572
Comm,2023-03-28,0.26202333333333333
Comm,2023-03-29,0.08532666666666668
Comm,2023-03-30,0.16473333333333334
Comm,2023-03-31,0.19658533333333333
Comm,2023-04-03,0.13331285714285715
Comm,2023-04-04,0.059763
Comm,2023-04-05,0.039037999999999996
Comm,2023-04-06,0.08838
Comm,2023-04-10,0.03769666666666667
Comm,2023-04-11,0.02508
Comm,2023-04-12,0.14808
Comm,2023-04-13,0.0014371428571428578
Comm,2023-04-14,0.013370476190476191
Comm,2023-04-17,0.014846666666666666
Comm,2023-04-18,0.028428095238095242
Comm,2023-04-19,0.08130066666666666
Comm,2023-04-20,0.007522820512820512
Comm,2023-04-21,0.21154227272727272
Comm,2023-04-24,0.08627112554112551
Comm,2023-04-25,-0.02616
Comm,2023-04-26,0.04264444444444444
Comm,2023-04-27,0.061578095238095244
Comm,2023-04-28,0.002528888888888886
Comm,2023-05-01,-0.0007224999999999981
Comm,2023-05-02,0.05378166666666667
Comm,2023-05-03,0.11889666666666669
Comm,2023-05-04,-0.014489999999999998
Comm,2023-05-05,0.28559999999999997
Comm,2023-05-08,0.06748666666666667
Comm,2023-05-09,-0.004120000000000001
Comm,2023-05-10,0.10685333333333333
Comm,2023-05-11,0.2863142857142857
Comm,2023-05-12,0.142905
Comm,2023-05-15,0.02125566666666667
Comm,2023-05-16,0.06216666666666666
Comm,2023-05-17,0.006846666666666666
Comm,2023-05-18,0.029830000000000002
Comm,2023-05-19,0.25138666666666665
Comm,2023-05-22,0.09523200000000001
Comm,2023-05-23,0.033327
Comm,2023-05-24,0.06454666666666667
Comm,2023-05-25,0.051871999999999995
Comm,2023-05-26,0.2987266666666667
Comm,2023-05-30,0.00357666666666667
Comm,2023-05-31,0.09653999999999999
Comm,2023-06-01,0.10456666666666667
Comm,2023-06-02,-0.01211884615384615
Comm,2023-06-05,0.08271066666666667
Comm,2023-06-06,0.073053
Comm,2023-06-07,0.22582666666666668
Comm,2023-06-08,0.06820166666666666
Comm,2023-06-09,0.23493666666666665
Comm,2023-06-12,0.10272666666666667
Comm,2023-06-13,0.13712833333333335
Comm,2023-06-14,0.19680999999999998
Comm,2023-06-15,0.076427
Comm,2023-06-16,0.13058666666666666
Comm,2023-06-20,0.10486199999999998
Comm,2023-06-21,0.11794
Comm,2023-06-22,0.32592
Comm,2023-06-23,0.20979
Comm,2023-06-26,0.12835722222222223
Comm,2023-06-27,0.176568
Comm,2023-06-28,0.02695000000000001
Comm,2023-06-29,0.08287333333333333
Comm,2023-06-30,0.008473333333333338
Comm,2023-07-03,0.130212
Comm,2023-07-05,0.21941833333333333
Comm,2023-07-06,0.12168000000000001
Comm,2023-07-07,0.15649266666666667
Comm,2023-07-10,0.05816
Comm,2023-07-11,0.115675
Comm,2023-07-12,0.10722533333333333
Comm,2023-07-13,0.12382833333333335
Comm,2023-07-14,0.11650901960784314
Comm,2023-07-17,-0.0886042735042735
Comm,2023-07-18,0.0687321212121212
Comm,2023-07-19,0.20155529411764705
Comm,2023-07-20,-0.002319999999999997
Comm,2023-07-21,0.07885066666666667
Comm,2023-07-24,0.049916666666666665
Comm,2023-07-25,-0.06716766666666668
Comm,2023-07-26,0.202827
Comm,2023-07-27,0.032108333333333336
Comm,2023-07-28,0.14626666666666668
Comm,2023-07-31,0.11713895454545456
Comm,2023-08-01,0.30484485714285714
Comm,2023-08-02,0.10379333333333333
Comm,2023-08-03,0.05863476190476191
Comm,2023-08-04,0.016595
Comm,2023-08-07,0.08163000000000001
Comm,2023-08-08,0.1546016666666667
Comm,2023-08-09,0.06942066666666667
Comm,2023-08-10,0.08043
Comm,2023-08-11,0.09710666666666665
Comm,2023-08-14,0.03611166666666667
Comm,2023-08-15,0.009696666666666664
Comm,2023-08-16,0.14273
Comm,2023-08-17,0.06904
Comm,2023-08-18,0.13355
Comm,2023-08-21,0.028348571428571428
Comm,2023-08-22,-0.005667999999999995
Comm,2023-08-23,-0.003070555555555543
Comm,2023-08-24,0.00042133333333334023
Comm,2023-08-25,-0.10324666666666667
Comm,2023-08-28,-0.003645999999999994
Comm,2023-08-29,0.0361025
Comm,2023-08-30,-0.01321266666666666
Comm,2023-08-31,0.11901666666666669
Comm,2023-09-01,0.01918
Comm,2023-09-05,0.40598999999999996
Comm,2023-09-06,0.14157333333333333
Comm,2023-09-07,0.15820133333333333
Comm,2023-09-08,0.1408346666666667
Comm,2023-09-11,0.0068983333333333344
Comm,2023-09-12,0.037546666666666666
Comm,2023-09-13,0.020765
Comm,2023-09-14,0.10732
Comm,2023-09-15,0.039151666666666675
Comm,2023-09-18,0.09988833333333333
Comm,2023-09-19,0.08765500000000001
Comm,2023-09-20,0.15463
Comm,2023-09-21,0.039676666666666666
Comm,2023-09-22,0.017471999999999998
Comm,2023-09-25,-0.023808000000000017
Comm,2023-09-26,0.15773333333333334
Comm,2023-09-27,0.12435
Comm,2023-09-28,0.07043914285714287
Comm,2023-09-29,0.32763
Comm,2023-10-02,0.264206
Comm,2023-10-03,0.137316
Comm,2023-10-04,0.18866285714285713
Comm,2023-10-05,0.11482333333333335
Comm,2023-10-06,0.174755
Comm,2023-10-09,0.16567333333333334
Comm,2023-10-10,0.17743599999999998
Comm,2023-10-11,0.176261
Comm,2023-10-12,0.08808333333333333
Comm,2023-10-13,0.0125
Comm,2023-10-16,0.016153333333333332
Comm,2023-10-17,-0.0256
Comm,2023-10-18,0.04229666666666666
Comm,2023-10-19,0.22495629629629627
Comm,2023-10-20,0.07577939393939394
Comm,2023-10-23,0.057289999999999994
Comm,2023-10-24,0.10660809523809525
Comm,2023-10-25,0.10521004761904762
Comm,2023-10-26,0.14340042735042735
Comm,2023-10-27,-0.062390666666666664
Comm,2023-10-30,0.07349333333333333
Comm,2023-10-31,0.10324799999999998
Comm,2023-11-01,0.06275333333333334
Comm,2023-11-02,0.04729833333333333
Comm,2023-11-03,0.10550000000000001
Comm,2023-11-06,0.053104
Comm,2023-11-07,0.17696
Comm,2023-11-08,0.11595466666666668
Comm,2023-11-09,0.2809704761904762
Comm,2023-11-10,0.064604
Comm,2023-11-13,0.12179999999999999
Comm,2023-11-14,0.08801
Comm,2023-11-15,0.166
Comm,2023-11-16,0.03507333333333334
Comm,2023-11-17,0.03062
Comm,2023-11-20,0.046685000000000004
Comm,2023-11-21,0.04220999999999999
Comm,2023-11-22,-0.055105333333333326
Comm,2023-11-24,0.07722666666666667
Comm,2023-11-27,0.00028333333333333823
Comm,2023-11-28,0.07564599999999999
Comm,2023-11-29,0.038913333333333334
Comm,2023-11-30,0.19064
Comm,2023-12-01,0.138015
Comm,2023-12-04,0.08354933333333334
Comm,2023-12-05,0.0856048717948718
Comm,2023-12-06,0.051855000000000005
Comm,2023-12-07,0.05658166666666666
Comm,2023-12-08,0.06278999999999998
Comm,2023-12-11,0.08932571428571429
Comm,2023-12-12,0.13960793650793651
Comm,2023-12-13,0.17433800000000002
Comm,2023-12-14,0.20292133333333334
Comm,2023-12-15,-0.010206666666666668
Comm,2023-12-18,0.23851742857142857
Comm,2023-12-19,0.23851742857142857
Comm,2023-12-20,0.23851742857142857
Comm,2023-12-21,0.23851742857142857
Comm,2023-12-22,0.23851742857142857
Comm,2023-12-26,0.23851742857142857
Comm,2023-12-27,0.23851742857142857
Comm,2023-12-28,0.23851742857142857
Comm,2023-12-29,0.23851742857142857
Consumer,2020-01-02,-0.06894547619047618
Consumer,2020-01-03,-0.22778666666666667
Consumer,2020-01-06,0.10678931372549019
Consumer,2020-01-07,0.1472385
Consumer,2020-01-08,0.13377
Consumer,2020-01-09,0.2834562698412698
Consumer,2020-01-10,0.004144000000000004
Consumer,2020-01-13,0.08908528571428571
Consumer,2020-01-14,0.042910000000000004
Consumer,2020-01-15,0.09546038095238095
Consumer,2020-01-16,0.17721542857142858
Consumer,2020-01-17,0.08010533333333332
Consumer,2020-01-21,0.07009310606060606
Consumer,2020-01-22,0.08442657142857143
Consumer,2020-01-23,0.12958566666666665
Consumer,2020-01-24,0.07866423076923076
Consumer,2020-01-27,0.03644111111111111
Consumer,2020-01-28,0.03861314285714286
Consumer,2020-01-29,0.009240761904761906
Consumer,2020-01-30,0.04419295238095239
Consumer,2020-01-31,-0.03444404040404041
Consumer,2020-02-03,0.14832285714285715
Consumer,2020-02-04,0.1401240909090909
Consumer,2020-02-05,0.06063166666666666
Consumer,2020-02-06,0.17624
Consumer,2020-02-07,0.189385
Consumer,2020-02-10,-0.006942857142857142
Consumer,2020-02-11,0.04548616666666667
Consumer,2020-02-12,0.05834264705882353
Consumer,2020-02-13,-0.013982245098039225
Consumer,2020-02-14,-0.05277816666666666
Consumer,2020-02-18,0.19439710317460318
Consumer,2020-02-19,0.1574477142857143
Consumer,2020-02-20,0.06387014285714285
Consumer,2020-02-21,0.09441577777777779
Consumer,2020-02-24,-0.0021578571428571445
Consumer,2020-02-25,0.16376858974358974
Consumer,2020-02-26,0.09767285714285714
Consumer,2020-02-27,0.09610866666666666
Consumer,2020-02-28,-0.08106357142857142
Consumer,2020-03-02,0.05835970085470086
Consumer,2020-03-03,0.18419
Consumer,2020-03-04,0.13762444444444444
Consumer,2020-03-05,0.07891594805194804
Consumer,2020-03-06,0.03931335164835166
Consumer,2020-03-09,0.05611935897435898
Consumer,2020-03-10,-0.016730343434343434
Consumer,2020-03-11,-0.040494190476190475
Consumer,2020-03-12,0.04935908888888889
Consumer,2020-03-13,0.03457888888888889
Consumer,2020-03-16,-0.13602125724637681
Consumer,2020-03-17,0.05167161904761904
Consumer,2020-03-18,0.03006417027417029
Consumer,2020-03-19,0.0218805
Consumer,2020-03-20,0.046295396103896116
Consumer,2020-03-23,0.05063993281228575
Consumer,2020-03-24,0.1969957326007326
Consumer,2020-03-25,0.17013257142857144
Consumer,2020-03-26,0.0860754761904762
Consumer,2020-03-27,0.04583217948717949
Consumer,2020-03-30,0.06934949122807017
Consumer,2020-03-31,-0.023837333333333342
Consumer,2020-04-01,0.1795776666666667
Consumer,2020-04-02,0.0435275
Consumer,2020-04-03,-0.018479583333333334
Consumer,2020-04-06,0.19159549783549784
Consumer,2020-04-07,0.24089971717171715
Consumer,2020-04-08,0.056441668421052624
Consumer,2020-04-09,0.16850095238095236
Consumer,2020-04-13,-0.013241254079254078
Consumer,2020-04-14,0.2220395
Consumer,2020-04-15,0.09083093939393941
Consumer,2020-04-16,0.11577376811594202
Consumer,2020-04-17,0.21409866666666666
Consumer,2020-04-20,0.0704515873015873
Consumer,2020-04-21,0.012584288288288292
Consumer,2020-04-22,0.1009368496732026
Consumer,2020-04-23,0.08177963636363636
Consumer,2020-04-24,-0.003549333333333335
Consumer,2020-04-27,0.0866328888888889
Consumer,2020-04-28,0.06092956643356643
Consumer,2020-04-29,0.10723711721611721
Consumer,2020-04-30,0.004515166666666665
Consumer,2020-05-01,0.18047183333333333
Consumer,2020-05-04,0.15703503296703297
Consumer,2020-05-05,0.14162709523809522
Consumer,2020-05-06,0.11139290196078433
Consumer,2020-05-07,0.09888166666666667
Consumer,2020-05-08,0.06855406493506493
Consumer,2020-05-11,0.08602495833333333
Consumer,2020-05-12,0.10019939999999998
Consumer,2020-05-13,0.06879209523809524
Consumer,2020-05-14,0.129311931372549
Consumer,2020-05-15,0.08250251851851853
Consumer,2020-05-18,0.20182033333333335
Consumer,2020-05-19,-0.07248620512820514
Consumer,2020-05-20,-0.02694144957983192
Consumer,2020-05-21,0.024796969696969696
Consumer,2020-05-22,0.028552969696969695
Consumer,2020-05-26,0.20328895238095238
Consumer,2020-05-27,0.15308409090909092
Consumer,2020-05-28,0.08792483333333333
Consumer,2020-05-29,0.08072742857142859
Consumer,2020-06-01,0.08122420414673046
Consumer,2020-06-02,-0.11654666666666666
Consumer,2020-06-03,0.1979542857142857
Consumer,2020-06-04,0.2916166666666667
Consumer,2020-06-05,0.32255866666666666
Consumer,2020-06-08,0.16258666666666666
Consumer,2020-06-09,0.06025104761904763
Consumer,2020-06-10,-0.022498963636363632
Consumer,2020-06-11,0.04995316017316017
Consumer,2020-06-12,0.07265361904761905
Consumer,2020-06-15,0.00854649350649351
Consumer,2020-06-16,0.19475
Consumer,2020-06-17,0.17689083333333333
Consumer,2020-06-18,0.06908252380952382
Consumer,2020-06-19,0.00780155555555555
Consumer,2020-06-22,0.04642333333333333
Consumer,2020-06-23,0.17650266666666667
Consumer,2020-06-24,0.015461000000000008
Consumer,2020-06-25,0.0876294
Consumer,2020-06-26,0.1670535294117647
Consumer,2020-06-29,0.04655276923076923
Consumer,2020-06-30,0.057023333333333336
Consumer,2020-07-01,-0.1007424025974026
Consumer,2020-07-02,0.16190600000000002
Consumer,2020-07-06,0.0012227619047619042
Consumer,2020-07-07,0.09484545454545454
Consumer,2020-07-08,0.18475666666666668
Consumer,2020-07-09,0.08616750000000001
Consumer,2020-07-10,0.007357142857142847
Consumer,2020-07-13,0.1670077142857143
Consumer,2020-07-14,0.08158119047619047
Consumer,2020-07-15,0.12762828571428572
Consumer,2020-07-16,0.17396198412698413
Consumer,2020-07-17,0.09583222222222224
Consumer,2020-07-20,0.106904329004329
Consumer,2020-07-21,0.21607577639751555
Consumer,2020-07-22,0.091004
Consumer,2020-07-23,0.048864294871794875
Consumer,2020-07-24,-0.008540833333333333
Consumer,2020-07-27,0.09007888888888889
Consumer,2020-07-28,0.09230752380952381
Consumer,2020-07-29,0.04226472222222223
Consumer,2020-07-30,0.10741133333333334
Consumer,2020-07-31,0.029280285714285714
Consumer,2020-08-03,0.050337607843137254
Consumer,2020-08-04,0.20537616161616162
Consumer,2020-08-05,0.020249411764705884
Consumer,2020-08-06,0.060406
Consumer,2020-08-07,0.11740533333333332
Consumer,2020-08-10,0.09989385281385281
Consumer,2020-08-11,0.08539826190476191
Consumer,2020-08-12,0.04102516666666667
Consumer,2020-08-13,0.053421666666666645
Consumer,2020-08-14,0.11046749999999998
Consumer,2020-08-17,0.18120333333333336
Consumer,2020-08-18,0.08419410714285715
Consumer,2020-08-19,0.15142939393939395
Consumer,2020-08-20,0.072577
Consumer,2020-08-21,0.23626966666666668
Consumer,2020-08-24,0.07899285714285714
Consumer,2020-08-25,0.040056666666666664
Consumer,2020-08-26,0.13396190476190478
Consumer,2020-08-27,-0.02580105263157894
Consumer,2020-08-28,0.027411794871794876
Consumer,2020-08-31,0.03242941176470589
Consumer,2020-09-01,0.07172476190476192
Consumer,2020-09-02,0.2
Consumer,2020-09-03,0.20869285714285715
Consumer,2020-09-04,0.052898
Consumer,2020-09-08,0.10680690909090909
Consumer,2020-09-09,0.12460545454545455
Consumer,2020-09-10,0.1711475
Consumer,2020-09-11,0.14713166666666666
Consumer,2020-09-14,0.06580914285714287
Consumer,2020-09-15,0.1365338095238095
Consumer,2020-09-16,0.14413499999999999
Consumer,2020-09-17,0.2760896666666667
Consumer,2020-09-18,0.002136298701298711
Consumer,2020-09-21,0.0007178666666666625
Consumer,2020-09-22,0.18445739316239318
Consumer,2020-09-23,0.09492866666666668
Consumer,2020-09-24,0.06529190476190476
Consumer,2020-09-25,0.022583333333333327
Consumer,2020-09-28,0.06900727272727272
Consumer,2020-09-29,0.21098349206349204
Consumer,2020-09-30,0.22516666666666668
Consumer,2020-10-01,0.1727206666666667
Consumer,2020-10-02,0.16362190476190477
Consumer,2020-10-05,0.12436752380952383
Consumer,2020-10-06,0.17313444444444442
Consumer,2020-10-07,0.11839885714285717
Consumer,2020-10-08,0.10740821428571427
Consumer,2020-10-09,0.04635571428571428
Consumer,2020-10-12,0.27188425641025643
Consumer,2020-10-13,-0.08431622807017544
Consumer,2020-10-14,0.0279325
Consumer,2020-10-15,0.12813709090909092
Consumer,2020-10-16,0.23147333333333334
Consumer,2020-10-19,0.24128
Consumer,2020-10-20,0.272005
Consumer,2020-10-21,0.2694498095238095
Consumer,2020-10-22,0.016974727272727273
Consumer,2020-10-23,0.285165
Consumer,2020-10-26,0.05901955555555556
Consumer,2020-10-27,0.06558499999999999
Consumer,2020-10-28,0.146606
Consumer,2020-10-29,0.11301533333333333
Consumer,2020-10-30,0.17318155555555556
Consumer,2020-11-02,0.09203722222222223
Consumer,2020-11-03,0.14961866666666665
Consumer,2020-11-04,0.11511780952380953
Consumer,2020-11-05,0.15840928571428572
Consumer,2020-11-06,0.05510857142857143
Consumer,2020-11-09,0.03587714285714285
Consumer,2020-11-10,0.0978048888888889
Consumer,2020-11-11,0.08898266666666668
Consumer,2020-11-12,0.12410580086580088
Consumer,2020-11-13,0.19342049689440993
Consumer,2020-11-16,0.18227977777777776
Consumer,2020-11-17,0.2666457894736842
Consumer,2020-11-18,0.26361666666666667
Consumer,2020-11-19,-0.03740416666666666
Consumer,2020-11-20,-0.02673630952380952
Consumer,2020-11-23,0.17166674725274725
Consumer,2020-11-24,0.070819
Consumer,2020-11-25,0.17553666666666667
Consumer,2020-11-27,0.11065
Consumer,2020-11-30,0.14838400000000002
Consumer,2020-12-01,0.18097400000000002
Consumer,2020-12-02,0.015388222222222225
Consumer,2020-12-03,0.09779
Consumer,2020-12-04,0.07866666666666666
Consumer,2020-12-07,0.09896714285714285
Consumer,2020-12-08,0.06071333333333334
Consumer,2020-12-09,0.01913987878787879
Consumer,2020-12-10,0.21859968253968254
Consumer,2020-12-11,0.14347326315789474
Consumer,2020-12-14,0.04732166666666667
Consumer,2020-12-15,0.18401190476190477
Consumer,2020-12-16,0.27887399999999996
Consumer,2020-12-17,0.17273999999999998
Consumer,2020-12-18,0.2572413333333333
Consumer,2020-12-21,0.12752141125541125
Consumer,2020-12-22,0.086088
Consumer,2020-12-23,0.13125683333333332
Consumer,2020-12-24,0.19487114285714285
Consumer,2020-12-28,0.24526172727272724
Consumer,2020-12-29,0.16010577777777776
Consumer,2020-12-30,0.35562
Consumer,2020-12-31,0.3254826666666667
Consumer,2021-01-04,0.10702622222222222
Consumer,2021-01-05,0.09015666666666668
Consumer,2021-01-06,0.06937000000000001
Consumer,2021-01-07,0.107911
Consumer,2021-01-08,0.208589
Consumer,2021-01-11,0.14755666666666667
Consumer,2021-01-12,0.14030083333333335
Consumer,2021-01-13,0.15792666666666666
Consumer,2021-01-14,0.06798000000000001
Consumer,2021-01-15,0.15279666666666666
Consumer,2021-01-19,0.0835878787878788
Consumer,2021-01-20,-0.070288
Consumer,2021-01-21,-0.050777
Consumer,2021-01-22,0.016847499999999998
Consumer,2021-01-25,0.05452
Consumer,2021-01-26,0.11258138888888888
Consumer,2021-01-27,0.024555357142857143
Consumer,2021-01-28,0.1124907619047619
Consumer,2021-01-29,0.14155833333333334
Consumer,2021-02-01,0.07755583333333334
Consumer,2021-02-02,0.19279333333333332
Consumer,2021-02-03,0.0663888888888889
Consumer,2021-02-04,0.2132893333333333
Consumer,2021-02-05,-0.14214833333333332
Consumer,2021-02-08,0.09790980952380952
Consumer,2021-02-09,0.05041428571428571
Consumer,2021-02-10,0.09682190476190476
Consumer,2021-02-11,0.09395555555555557
Consumer,2021-02-12,0.043276999999999996
Consumer,2021-02-16,0.06202557142857144
Consumer,2021-02-17,0.10958166666666666
Consumer,2021-02-18,0.1916569523809524
Consumer,2021-02-19,0.1446842857142857
Consumer,2021-02-22,0.06962695238095237
Consumer,2021-02-23,0.10079380952380952
Consumer,2021-02-24,0.04783845238095238
Consumer,2021-02-25,0.12287166666666667
Consumer,2021-02-26,0.1821105
Consumer,2021-03-01,0.20921833333333334
Consumer,2021-03-02,0.06511
Consumer,2021-03-03,0.029797619047619052
Consumer,2021-03-04,-0.08179681818181818
Consumer,2021-03-05,0.1252625
Consumer,2021-03-08,0.10533833333333334
Consumer,2021-03-09,0.09810533333333335
Consumer,2021-03-10,0.15128748051948052
Consumer,2021-03-11,0.08439571428571428
Consumer,2021-03-12,0.14918285714285714
Consumer,2021-03-15,0.2340242857142857
Consumer,2021-03-16,0.1937245
Consumer,2021-03-17,0.09070249999999999
Consumer,2021-03-18,0.12857933333333332
Consumer,2021-03-19,0.05442238095238096
Consumer,2021-03-22,0.087212
Consumer,2021-03-23,0.164563
Consumer,2021-03-24,0.2874051515151515
Consumer,2021-03-25,0.08411571428571428
Consumer,2021-03-26,0.015152619047619054
Consumer,2021-03-29,0.2614518831168831
Consumer,2021-03-30,0.105048
Consumer,2021-03-31,0.125685
Consumer,2021-04-01,0.023636666666666667
Consumer,2021-04-05,0.14930333333333332
Consumer,2021-04-06,0.132396
Consumer,2021-04-07,-0.07609066666666667
Consumer,2021-04-08,0.29276928571428573
Consumer,2021-04-09,0.19055714285714287
Consumer,2021-04-12,0.17996428571428572
Consumer,2021-04-13,0.14032833333333333
Consumer,2021-04-14,-0.008063333333333329
Consumer,2021-04-15,-0.013320571428571432
Consumer,2021-04-16,0.1554375
Consumer,2021-04-19,0.06033042483660132
Consumer,2021-04-20,0.021135952380952387
Consumer,2021-04-21,0.08473666666666667
Consumer,2021-04-22,0.22545833333333332
Consumer,2021-04-23,0.11434333333333332
Consumer,2021-04-26,0.1408921568627451
Consumer,2021-04-27,0.071742
Consumer,2021-04-28,0.15206150000000002
Consumer,2021-04-29,0.11794466666666667
Consumer,2021-04-30,0.20978666666666665
Consumer,2021-05-03,0.07941866666666667
Consumer,2021-05-04,0.07958849999999999
Consumer,2021-05-05,0.027283333333333337
Consumer,2021-05-06,0.13727833333333334
Consumer,2021-05-07,0.007150000000000001
Consumer,2021-05-10,0.09880000000000001
Consumer,2021-05-11,0.03266299999999999
Consumer,2021-05-12,-0.004383333333333331
Consumer,2021-05-13,0.264254
Consumer,2021-05-14,0.127520615942029
Consumer,2021-05-17,0.06819395252837979
Consumer,2021-05-18,0.1164475
Consumer,2021-05-19,0.07002933333333333
Consumer,2021-05-20,0.2060375
Consumer,2021-05-21,0.09479619047619046
Consumer,2021-05-24,0.1670268888888889
Consumer,2021-05-25,0.16832888888888892
Consumer,2021-05-26,0.07906878787878788
Consumer,2021-05-27,0.22668250000000004
Consumer,2021-05-28,0.34120666666666666
Consumer,2021-06-01,0.26591628205128204
Consumer,2021-06-02,0.15471809523809524
Consumer,2021-06-03,0.20841000000000004
Consumer,2021-06-04,0.11211533333333334
Consumer,2021-06-07,0.08687416666666667
Consumer,2021-06-08,0.06388866666666666
Consumer,2021-06-09,0.10986666666666664
Consumer,2021-06-10,0.061589500000000005
Consumer,2021-06-11,0.026685000000000004
Consumer,2021-06-14,0.15620126984126986
Consumer,2021-06-15,0.29696466666666665
Consumer,2021-06-16,0.09042457142857144
Consumer,2021-06-17,0.072525
Consumer,2021-06-18,0.268815
Consumer,2021-06-21,0.030614325396825393
Consumer,2021-06-22,-0.002868999999999999
Consumer,2021-06-23,0.13532316666666666
Consumer,2021-06-24,0.1748625
Consumer,2021-06-25,0.05823883333333334
Consumer,2021-06-28,0.08975714285714284
Consumer,2021-06-29,-0.024838571428571425
Consumer,2021-06-30,-0.027970238095238083
Consumer,2021-07-01,0.102725
Consumer,2021-07-02,0.18076
Consumer,2021-07-06,0.12166666666666666
Consumer,2021-07-07,0.1907725
Consumer,2021-07-08,0.0016099999999999893
Consumer,2021-07-09,0.09102
Consumer,2021-07-12,0.09840222222222222
Consumer,2021-07-13,0.16199416666666666
Consumer,2021-07-14,0.052529000000000006
Consumer,2021-07-15,0.04116083333333333
Consumer,2021-07-16,0.08981666666666666
Consumer,2021-07-19,0.017716363636363638
Consumer,2021-07-20,0.13879400000000003
Consumer,2021-07-21,0.10402625000000001
Consumer,2021-07-22,0.08915025000000001
Consumer,2021-07-23,0.16142325
Consumer,2021-07-26,0.11404325000000001
Consumer,2021-07-27,0.15872291666666666
Consumer,2021-07-28,0.24356666666666665
Consumer,2021-07-29,0.1990632380952381
Consumer,2021-07-30,0.041459523809523814
Consumer,2021-08-02,0.19744757575757577
Consumer,2021-08-03,0.07422571428571428
Consumer,2021-08-04,0.03111
Consumer,2021-08-05,0.26166500000000004
Consumer,2021-08-06,0.21716000000000002
Consumer,2021-08-09,0.12404181818181818
Consumer,2021-08-10,0.056369999999999996
Consumer,2021-08-11,0.04983
Consumer,2021-08-12,0.06666250000000001
Consumer,2021-08-13,0.30790592105263154
Consumer,2021-08-16,0.06066973684210526
Consumer,2021-08-17,0.05988922222222222
Consumer,2021-08-18,0.07509816666666666
Consumer,2021-08-19,0.10698333333333335
Consumer,2021-08-20,0.14573466666666668
Consumer,2021-08-23,0.031409285714285716
Consumer,2021-08-24,0.019065714285714287
Consumer,2021-08-25,0.14315938095238095
Consumer,2021-08-26,0.12436050000000001
Consumer,2021-08-27,0.057772727272727274
Consumer,2021-08-30,0.15870595238095236
Consumer,2021-08-31,0.06124047619047619
Consumer,2021-09-01,0.24788095238095237
Consumer,2021-09-02,0.024860666666666663
Consumer,2021-09-03,0.20468666666666668
Consumer,2021-09-07,0.1999585714285714
Consumer,2021-09-08,0.103635
Consumer,2021-09-09,0.06483666666666667
Consumer,2021-09-10,0.16809866666666667
Consumer,2021-09-13,0.1336848051948052
Consumer,2021-09-14,0.15592833333333336
Consumer,2021-09-15,0.02382
Consumer,2021-09-16,-0.022213999999999994
Consumer,2021-09-17,0.23132133333333335
Consumer,2021-09-20,0.1654626153846154
Consumer,2021-09-21,0.11219888888888888
Consumer,2021-09-22,0.24298333333333333
Consumer,2021-09-23,0.22173380952380956
Consumer,2021-09-24,0.07220925
Consumer,2021-09-27,0.1272409523809524
Consumer,2021-09-28,0.10505333333333333
Consumer,2021-09-29,0.18826900000000002
Consumer,2021-09-30,0.08550666666666666
Consumer,2021-10-01,0.19297961904761907
Consumer,2021-10-04,0.18449090476190477
Consumer,2021-10-05,-0.021574666666666666
Consumer,2021-10-06,0.166974
Consumer,2021-10-07,0.06719
Consumer,2021-10-08,0.07654999999999998
Consumer,2021-10-11,0.10502971861471862
Consumer,2021-10-12,0.1514995
Consumer,2021-10-13,0.097222
Consumer,2021-10-14,0.2279002380952381
Consumer,2021-10-15,0.41039523809523815
Consumer,2021-10-18,0.1389889393939394
Consumer,2021-10-19,0.11935791666666669
Consumer,2021-10-20,0.26698
Consumer,2021-10-21,0.003927
Consumer,2021-10-22,0.08992666666666668
Consumer,2021-10-25,0.11121433333333333
Consumer,2021-10-26,0.023364
Consumer,2021-10-27,0.20314083333333333
Consumer,2021-10-28,0.0068558333333333275
Consumer,2021-10-29,0.06731133333333332
Consumer,2021-11-01,0.10802833333333335
Consumer,2021-11-02,0.18696400000000002
Consumer,2021-11-03,0.17677380952380953
Consumer,2021-11-04,0.10844666666666666
Consumer,2021-11-05,0.27509
Consumer,2021-11-08,0.09303066666666666
Consumer,2021-11-09,0.10217999999999998
Consumer,2021-11-10,0.13460717948717948
Consumer,2021-11-11,0.030333600000000006
Consumer,2021-11-12,-0.015451428571428566
Consumer,2021-11-15,-0.02384780701754386
Consumer,2021-11-16,0.09876221014492753
Consumer,2021-11-17,0.2867257142857143
Consumer,2021-11-18,0.13585857142857144
Consumer,2021-11-19,0.086488
Consumer,2021-11-22,0.11859752380952382
Consumer,2021-11-23,0.13702766666666666
Consumer,2021-11-24,0.06570266666666666
Consumer,2021-11-26,0.27336733333333335
Consumer,2021-11-29,0.04122575757575757
Consumer,2021-11-30,0.21220733333333333
Consumer,2021-12-01,-0.080848
Consumer,2021-12-02,0.12208357142857143
Consumer,2021-12-03,0.22299014285714286
Consumer,2021-12-06,0.07901809523809526
Consumer,2021-12-07,-0.027633333333333343
Consumer,2021-12-08,0.06788999999999999
Consumer,2021-12-09,0.119395
Consumer,2021-12-10,0.0253
Consumer,2021-12-13,0.05103
Consumer,2021-12-14,0.10391733333333333
Consumer,2021-12-15,0.30734500000000003
Consumer,2021-12-16,0.30762999999999996
Consumer,2021-12-17,0.10430390476190476
Consumer,2021-12-20,0.12491312217194572
Consumer,2021-12-21,0.20727894736842106
Consumer,2021-12-22,0.1332233333333333
Consumer,2021-12-23,0.07442249999999999
Consumer,2021-12-27,0.060158333333333314
Consumer,2021-12-28,-0.06501900000000001
Consumer,2021-12-29,-0.08779083333333333
Consumer,2021-12-30,0.07742833333333334
Consumer,2021-12-31,0.05556333333333334
Consumer,2022-01-03,0.0528665
Consumer,2022-01-04,0.0
Consumer,2022-01-05,0.05369055555555556
Consumer,2022-01-06,0.15405466666666667
Consumer,2022-01-07,0.007654999999999995
Consumer,2022-01-10,0.08441433333333333
Consumer,2022-01-11,0.13477333333333336
Consumer,2022-01-12,0.11597333333333334
Consumer,2022-01-13,0.255645
Consumer,2022-01-14,-0.0298825
Consumer,2022-01-18,0.032895820512820514
Consumer,2022-01-19,0.064398
Consumer,2022-01-20,0.10373746031746034
Consumer,2022-01-21,0.17677039215686274
Consumer,2022-01-24,0.08680333333333333
Consumer,2022-01-25,0.07974366666666666
Consumer,2022-01-26,0.11051176470588235
Consumer,2022-01-27,0.01929738095238095
Consumer,2022-01-28,0.021233714285714286
Consumer,2022-01-31,0.13369066666666668
Consumer,2022-02-01,-0.07741499999999998
Consumer,2022-02-02,-0.04913452380952381
Consumer,2022-02-03,0.2271516666666667
Consumer,2022-02-04,0.08700666666666665
Consumer,2022-02-07,0.07478772727272727
Consumer,2022-02-08,0.15476884848484848
Consumer,2022-02-09,0.07301061904761905
Consumer,2022-02-10,0.14308610559006213
Consumer,2022-02-11,-0.0039650000000000015
Consumer,2022-02-14,0.10104091269841271
Consumer,2022-02-15,0.1757313888888889
Consumer,2022-02-16,0.16758466666666666
Consumer,2022-02-17,0.049109275362318836
Consumer,2022-02-18,0.02026083333333334
Consumer,2022-02-22,0.10521680952380952
Consumer,2022-02-23,-0.010833333333333316
Consumer,2022-02-24,0.013923333333333333
Consumer,2022-02-25,0.09116333333333333
Consumer,2022-02-28,0.18484591208791207
Consumer,2022-03-01,0.011299285714285715
Consumer,2022-03-02,0.1420520634920635
Consumer,2022-03-03,0.07471171428571428
Consumer,2022-03-04,0.07359085714285715
Consumer,2022-03-07,0.1106945238095238
Consumer,2022-03-08,0.17687952380952382
Consumer,2022-03-09,0.041648214285714295
Consumer,2022-03-10,0.07316199999999999
Consumer,2022-03-11,0.07675266666666666
Consumer,2022-03-14,0.060792857142857135
Consumer,2022-03-15,0.14180444444444446
Consumer,2022-03-16,0.08664166666666666
Consumer,2022-03-17,0.01987111111111111
Consumer,2022-03-18,0.11450876190476192
Consumer,2022-03-21,0.30715233333333336
Consumer,2022-03-22,0.22460666666666668
Consumer,2022-03-23,0.1509675
Consumer,2022-03-24,-0.04295523809523809
Consumer,2022-03-25,0.11713083333333334
Consumer,2022-03-28,0.1520642261904762
Consumer,2022-03-29,0.10560083333333334
Consumer,2022-03-30,0.17972380952380954
Consumer,2022-03-31,0.051818333333333334
Consumer,2022-04-01,0.019857761904761906
Consumer,2022-04-04,0.08438292016806723
Consumer,2022-04-05,0.08657761904761904
Consumer,2022-04-06,0.07396133333333335
Consumer,2022-04-07,0.014387444444444442
Consumer,2022-04-08,0.14961166666666664
Consumer,2022-04-11,0.1837059285714286
Consumer,2022-04-12,0.12629857142857143
Consumer,2022-04-13,0.012541999999999998
Consumer,2022-04-14,0.10697214285714285
Consumer,2022-04-18,0.180084
Consumer,2022-04-19,0.10732969047619045
Consumer,2022-04-20,-0.014678333333333324
Consumer,2022-04-21,0.14994066666666667
Consumer,2022-04-22,0.15205190476190475
Consumer,2022-04-25,0.07431406666666666
Consumer,2022-04-26,0.07064000000000001
Consumer,2022-04-27,0.05156588888888889
Consumer,2022-04-28,0.17100166666666666
Consumer,2022-04-29,0.08041375324675325
Consumer,2022-05-02,0.11714738095238095
Consumer,2022-05-03,0.11965
Consumer,2022-05-04,0.0771423188405797
Consumer,2022-05-05,-0.09383695238095237
Consumer,2022-05-06,0.035270571428571436
Consumer,2022-05-09,0.12882402597402595
Consumer,2022-05-10,0.09924055555555555
Consumer,2022-05-11,-0.023896000000000008
Consumer,2022-05-12,0.05801480392156864
Consumer,2022-05-13,0.06429476190476191
Consumer,2022-05-16,0.019957333333333334
Consumer,2022-05-17,0.07727725490196077
Consumer,2022-05-18,0.01716661290322581
Consumer,2022-05-19,0.15134
Consumer,2022-05-20,0.13630524844720499
Consumer,2022-05-23,0.06651283540372671
Consumer,2022-05-24,0.19893866666666668
Consumer,2022-05-25,0.023675047619047616
Consumer,2022-05-26,0.09165325
Consumer,2022-05-27,0.11223100000000001
Consumer,2022-05-31,0.13059444444444446
Consumer,2022-06-01,-0.05751166666666667
Consumer,2022-06-02,0.17414066666666667
Consumer,2022-06-03,0.1791616666666667
Consumer,2022-06-06,0.08790466666666666
Consumer,2022-06-07,0.17995916666666667
Consumer,2022-06-08,0.14056
Consumer,2022-06-09,0.004124714285714287
Consumer,2022-06-10,0.07040472727272726
Consumer,2022-06-13,0.11722030303030304
Consumer,2022-06-14,0.10051690476190475
Consumer,2022-06-15,-0.09682500000000001
Consumer,2022-06-16,0.08174111111111113
Consumer,2022-06-17,0.14481
Consumer,2022-06-21,0.03636007575757576
Consumer,2022-06-22,0.15841818181818182
Consumer,2022-06-23,0.1562095
Consumer,2022-06-24,0.022115000000000003
Consumer,2022-06-27,0.11678599999999999
Consumer,2022-06-28,0.13665487719298247
Consumer,2022-06-29,0.021086051948051944
Consumer,2022-06-30,0.11716798534798537
Consumer,2022-07-01,0.07471178571428572
Consumer,2022-07-05,0.11166799145299144
Consumer,2022-07-06,0.11930133333333334
Consumer,2022-07-07,0.010063333333333337
Consumer,2022-07-08,-0.03122466666666666
Consumer,2022-07-11,0.10116133333333335
Consumer,2022-07-12,0.1937422077922078
Consumer,2022-07-13,0.16275714285714288
Consumer,2022-07-14,0.176815
Consumer,2022-07-15,0.05306621212121212
Consumer,2022-07-18,0.1495052857142857
Consumer,2022-07-19,0.10810542857142857
Consumer,2022-07-20,0.013165000000000007
Consumer,2022-07-21,0.04345619047619048
Consumer,2022-07-22,0.16752261904761903
Consumer,2022-07-25,0.09171264102564101
Consumer,2022-07-26,0.006381675362318842
Consumer,2022-07-27,0.05354960784313726
Consumer,2022-07-28,0.009316888888888894
Consumer,2022-07-29,0.13318714285714287
Consumer,2022-08-01,0.12408014285714286
Consumer,2022-08-02,0.0666237777777778
Consumer,2022-08-03,0.07798764069264069
Consumer,2022-08-04,0.06134833333333334
Consumer,2022-08-05,0.029545000000000023
Consumer,2022-08-08,0.0893464761904762
Consumer,2022-08-09,0.08117031746031744
Consumer,2022-08-10,0.08854678787878788
Consumer,2022-08-11,0.06565648148148148
Consumer,2022-08-12,0.22668885714285714
Consumer,2022-08-15,0.057081848484848485
Consumer,2022-08-16,0.11442392857142858
Consumer,2022-08-17,0.0408883574879227
Consumer,2022-08-18,0.03643533333333334
Consumer,2022-08-19,0.03893066666666667
Consumer,2022-08-22,0.13030733333333333
Consumer,2022-08-23,0.07946685714285714
Consumer,2022-08-24,-0.04626866666666666
Consumer,2022-08-25,0.150502
Consumer,2022-08-26,0.0048238095238095245
Consumer,2022-08-29,0.13825961904761905
Consumer,2022-08-30,0.14592999999999998
Consumer,2022-08-31,0.0524675
Consumer,2022-09-01,0.168611
Consumer,2022-09-02,0.039372000000000004
Consumer,2022-09-06,0.18459799999999998
Consumer,2022-09-07,0.16424232142857145
Consumer,2022-09-08,0.07027000000000001
Consumer,2022-09-09,0.23171916666666664
Consumer,2022-09-12,0.15747616666666667
Consumer,2022-09-13,0.18866866666666665
Consumer,2022-09-14,0.19535309523809524
Consumer,2022-09-15,0.15915142857142855
Consumer,2022-09-16,0.13598533333333335
Consumer,2022-09-19,0.310082
Consumer,2022-09-20,0.027582857142857138
Consumer,2022-09-21,0.08188507936507936
Consumer,2022-09-22,0.17846171428571428
Consumer,2022-09-23,-0.04957666666666667
Consumer,2022-09-26,0.19545261904761904
Consumer,2022-09-27,0.018224999999999998
Consumer,2022-09-28,0.060516190476190466
Consumer,2022-09-29,0.12367428571428571
Consumer,2022-09-30,0.18351712121212121
Consumer,2022-10-03,0.11644590476190478
Consumer,2022-10-04,-0.011166666666666668
Consumer,2022-10-05,0.05573066666666667
Consumer,2022-10-06,0.17427222222222222
Consumer,2022-10-07,0.01323333333333333
Consumer,2022-10-10,0.13132928571428573
Consumer,2022-10-11,0.2022442857142857
Consumer,2022-10-12,0.1837997619047619
Consumer,2022-10-13,0.022599999999999988
Consumer,2022-10-14,-0.03116666666666667
Consumer,2022-10-17,0.09302980952380953
Consumer,2022-10-18,0.06945333333333334
Consumer,2022-10-19,0.169599
Consumer,2022-10-20,0.19209266666666666
Consumer,2022-10-21,0.09912333333333334
Consumer,2022-10-24,0.120034
Consumer,2022-10-25,0.05301
Consumer,2022-10-26,0.06580916666666667
Consumer,2022-10-27,0.06421416666666666
Consumer,2022-10-28,0.044164
Consumer,2022-10-31,0.06973016666666668
Consumer,2022-11-01,0.05618500000000002
Consumer,2022-11-02,0.27115433333333333
Consumer,2022-11-03,-0.002811666666666668
Consumer,2022-11-04,-0.010599999999999997
Consumer,2022-11-07,0.08283149999999999
Consumer,2022-11-08,0.03052999999999999
Consumer,2022-11-09,0.07644333333333334
Consumer,2022-11-10,-0.02396952380952381
Consumer,2022-11-11,0.1656473333333333
Consumer,2022-11-14,0.16784295900178253
Consumer,2022-11-15,0.06878066666666667
Consumer,2022-11-16,0.07187133333333333
Consumer,2022-11-17,0.3145645
Consumer,2022-11-18,-0.057420000000000006
Consumer,2022-11-21,0.2542560740740741
Consumer,2022-11-22,0.013168666666666657
Consumer,2022-11-23,0.26413507936507935
Consumer,2022-11-25,0.18268244047619048
Consumer,2022-11-28,0.10316591208791208
Consumer,2022-11-29,0.061149999999999996
Consumer,2022-11-30,0.047473999999999995
Consumer,2022-12-01,0.16009666666666666
Consumer,2022-12-02,0.1547509090909091
Consumer,2022-12-05,0.05085187301587302
Consumer,2022-12-06,0.11515
Consumer,2022-12-07,0.17124833333333334
Consumer,2022-12-08,0.10427266666666668
Consumer,2022-12-09,0.2669816666666667
Consumer,2022-12-12,0.1372908333333333
Consumer,2022-12-13,0.09141702380952381
Consumer,2022-12-14,0.15995583333333335
Consumer,2022-12-15,0.128475
Consumer,2022-12-16,0.14439666666666667
Consumer,2022-12-19,0.14827978021978022
Consumer,2022-12-20,0.17754597402597402
Consumer,2022-12-21,-0.06510560606060607
Consumer,2022-12-22,0.05238833333333333
Consumer,2022-12-23,0.14015
Consumer,2022-12-27,0.22051240981240983
Consumer,2022-12-28,0.10411272727272727
Consumer,2022-12-29,0.1583688888888889
Consumer,2022-12-30,0.11475514285714286
Consumer,2023-01-03,0.09826857142857143
Consumer,2023-01-04,0.07606457142857143
Consumer,2023-01-05,0.23768650793650795
Consumer,2023-01-06,0.19904000000000002
Consumer,2023-01-09,0.1988495238095238
Consumer,2023-01-10,0.10989238095238094
Consumer,2023-01-11,0.03772633333333334
Consumer,2023-01-12,0.06283569230769231
Consumer,2023-01-13,0.19112266666666666
Consumer,2023-01-17,0.23867834285714284
Consumer,2023-01-18,0.17681855555555556
Consumer,2023-01-19,-0.0029958571428571417
Consumer,2023-01-20,0.013133333333333335
Consumer,2023-01-23,0.21038928571428572
Consumer,2023-01-24,0.15604383333333333
Consumer,2023-01-25,0.12261899999999999
Consumer,2023-01-26,0.11155333333333335
Consumer,2023-01-27,0.04188190476190475
Consumer,2023-01-30,0.013520000000000004
Consumer,2023-01-31,0.061749476190476195
Consumer,2023-02-01,0.1017551515151515
Consumer,2023-02-02,0.13993
Consumer,2023-02-03,0.16105171428571427
Consumer,2023-02-06,0.08302100000000001
Consumer,2023-02-07,0.17179166666666665
Consumer,2023-02-08,0.10050971428571429
Consumer,2023-02-09,0.0712151724137931
Consumer,2023-02-10,0.11233599999999999
Consumer,2023-02-13,0.13103913636363634
Consumer,2023-02-14,0.263443393939394
Consumer,2023-02-15,0.11783466666666667
Consumer,2023-02-16,0.006370666666666663
Consumer,2023-02-17,0.0675152380952381
Consumer,2023-02-21,0.11767893650793651
Consumer,2023-02-22,0.08917590476190476
Consumer,2023-02-23,0.10625000000000002
Consumer,2023-02-24,0.040490000000000005
Consumer,2023-02-27,0.07535344444444445
Consumer,2023-02-28,0.12622866666666668
Consumer,2023-03-01,0.09564033333333334
Consumer,2023-03-02,0.2024008658008658
Consumer,2023-03-03,0.09395571428571428
Consumer,2023-03-06,-0.040311
Consumer,2023-03-07,0.16452333333333333
Consumer,2023-03-08,0.25326166666666666
Consumer,2023-03-09,0.10084
Consumer,2023-03-10,0.12061199999999998
Consumer,2023-03-13,0.053982190476190475
Consumer,2023-03-14,-0.04649666666666667
Consumer,2023-03-15,0.06556166666666667
Consumer,2023-03-16,0.029326666666666674
Consumer,2023-03-17,-0.02581300000000001
Consumer,2023-03-20,0.042434285714285716
Consumer,2023-03-21,0.14174222222222221
Consumer,2023-03-22,-0.0445123076923077
Consumer,2023-03-23,0.05046666666666668
Consumer,2023-03-24,0.157884
Consumer,2023-03-27,0.11142416666666666
Consumer,2023-03-28,0.15801928571428572
Consumer,2023-03-29,0.12297333333333334
Consumer,2023-03-30,0.11552115384615384
Consumer,2023-03-31,0.034873142857142866
Consumer,2023-04-03,0.11564195488721804
Consumer,2023-04-04,0.12417666666666667
Consumer,2023-04-05,0.09757428571428571
Consumer,2023-04-06,0.10606711111111111
Consumer,2023-04-10,0.14880703296703296
Consumer,2023-04-11,0.06685066666666667
Consumer,2023-04-12,0.0575652380952381
Consumer,2023-04-13,-0.014880000000000008
Consumer,2023-04-14,0.124798
Consumer,2023-04-17,0.04868159663865546
Consumer,2023-04-18,-0.03344785714285714
Consumer,2023-04-19,0.10089833333333334
Consumer,2023-04-20,0.14552822222222223
Consumer,2023-04-21,0.15017619047619046
Consumer,2023-04-24,0.1776605
Consumer,2023-04-25,0.05359533333333334
Consumer,2023-04-26,0.11874577922077922
Consumer,2023-04-27,0.01228833333333334
Consumer,2023-04-28,0.22744999999999999
Consumer,2023-05-01,0.07340109523809525
Consumer,2023-05-02,0.056548
Consumer,2023-05-03,0.1115105
Consumer,2023-05-04,0.0021009523809523813
Consumer,2023-05-05,0.07084933333333335
Consumer,2023-05-08,0.017195238095238104
Consumer,2023-05-09,0.14326366666666668
Consumer,2023-05-10,-0.004055282051282051
Consumer,2023-05-11,0.13151
Consumer,2023-05-12,0.08773413636363638
Consumer,2023-05-15,0.0807376923076923
Consumer,2023-05-16,0.07171818181818182
Consumer,2023-05-17,0.031925515151515156
Consumer,2023-05-18,0.2522140972222222
Consumer,2023-05-19,0.0792261337355455
Consumer,2023-05-22,0.044529469696969706
Consumer,2023-05-23,-0.020525238095238096
Consumer,2023-05-24,0.01727333333333333
Consumer,2023-05-25,0.06133999999999999
Consumer,2023-05-26,0.06419766666666667
Consumer,2023-05-30,0.10615259740259742
Consumer,2023-05-31,0.09165928571428572
Consumer,2023-06-01,0.1343916666666667
Consumer,2023-06-02,0.000496000000000002
Consumer,2023-06-05,0.009052641025641024
Consumer,2023-06-06,0.1613516666666667
Consumer,2023-06-07,0.12403166666666668
Consumer,2023-06-08,0.10710144444444444
Consumer,2023-06-09,0.07775714285714286
Consumer,2023-06-12,0.09070455555555555
Consumer,2023-06-13,0.08649333333333334
Consumer,2023-06-14,0.04352277777777778
Consumer,2023-06-15,0.07783428571428572
Consumer,2023-06-16,-0.009490000000000004
Consumer,2023-06-20,0.02933919047619048
Consumer,2023-06-21,0.12768600000000002
Consumer,2023-06-22,0.04313142857142858
Consumer,2023-06-23,0.04139742857142857
Consumer,2023-06-26,0.15391238095238097
Consumer,2023-06-27,0.11427333333333334
Consumer,2023-06-28,0.10723866666666668
Consumer,2023-06-29,0.002468666666666676
Consumer,2023-06-30,0.09908491758241758
Consumer,2023-07-03,0.07753571428571429
Consumer,2023-07-05,0.093782
Consumer,2023-07-06,0.05473309523809524
Consumer,2023-07-07,0.09128266666666666
Consumer,2023-07-10,0.03842547619047619
Consumer,2023-07-11,0.1483045
Consumer,2023-07-12,0.09645690909090911
Consumer,2023-07-13,0.1847499010989011
Consumer,2023-07-14,0.16024290909090907
Consumer,2023-07-17,0.04559927272727273
Consumer,2023-07-18,0.04977095238095239
Consumer,2023-07-19,0.168018
Consumer,2023-07-20,0.08856657142857141
Consumer,2023-07-21,0.024183333333333334
Consumer,2023-07-24,0.09733621428571429
Consumer,2023-07-25,0.06537314285714285
Consumer,2023-07-26,0.1706915087719298
Consumer,2023-07-27,0.21138777777777779
Consumer,2023-07-28,0.15985714285714286
Consumer,2023-07-31,0.11187411111111109
Consumer,2023-08-01,0.118555
Consumer,2023-08-02,0.000318690476190474
Consumer,2023-08-03,0.01407633333333333
Consumer,2023-08-04,0.07977000000000001
Consumer,2023-08-07,0.075559
Consumer,2023-08-08,0.11314619047619048
Consumer,2023-08-09,0.04983663157894737
Consumer,2023-08-10,0.06713083333333333
Consumer,2023-08-11,0.07658003418803419
Consumer,2023-08-14,0.05843190476190476
Consumer,2023-08-15,0.06022467171717172
Consumer,2023-08-16,0.11619657142857143
Consumer,2023-08-17,0.031220909090909087
Consumer,2023-08-18,-0.0013881666666666639
Consumer,2023-08-21,0.07990866666666667
Consumer,2023-08-22,0.04668309523809523
Consumer,2023-08-23,0.15126488095238097
Consumer,2023-08-24,0.06919654545454547
Consumer,2023-08-25,0.11228216666666666
Consumer,2023-08-28,0.08646838095238096
Consumer,2023-08-29,0.20864030303030306
Consumer,2023-08-30,0.10278400000000001
Consumer,2023-08-31,0.2287150476190476
Consumer,2023-09-01,0.18400166666666667
Consumer,2023-09-05,0.09994464646464647
Consumer,2023-09-06,0.04381500000000001
Consumer,2023-09-07,0.029047777777777777
Consumer,2023-09-08,0.1732502777777778
Consumer,2023-09-11,0.08220611111111112
Consumer,2023-09-12,0.05788035714285714
Consumer,2023-09-13,0.09568777777777777
Consumer,2023-09-14,0.031052380952380953
Consumer,2023-09-15,0.2730741666666667
Consumer,2023-09-18,0.08809961038961038
Consumer,2023-09-19,0.11061783333333335
Consumer,2023-09-20,-0.08202899999999999
Consumer,2023-09-21,0.03788380952380952
Consumer,2023-09-22,0.14943766666666666
Consumer,2023-09-25,0.0775480119047619
Consumer,2023-09-26,0.131094
Consumer,2023-09-27,-0.012613333333333334
Consumer,2023-09-28,0.08948840293040294
Consumer,2023-09-29,0.16852887719298246
Consumer,2023-10-02,0.14163088311688313
Consumer,2023-10-03,0.368542
Consumer,2023-10-04,0.11470916666666668
Consumer,2023-10-05,0.16242583333333332
Consumer,2023-10-06,0.06947696969696969
Consumer,2023-10-09,0.05832021428571429
Consumer,2023-10-10,0.1836093650793651
Consumer,2023-10-11,0.058203500000000005
Consumer,2023-10-12,0.09606790476190476
Consumer,2023-10-13,0.05699309523809524
Consumer,2023-10-16,0.16078211111111113
Consumer,2023-10-17,0.0683311111111111
Consumer,2023-10-18,0.09116303030303029
Consumer,2023-10-19,0.04785849206349206
Consumer,2023-10-20,0.08850166666666666
Consumer,2023-10-23,0.1480585576923077
Consumer,2023-10-24,0.07639683333333333
Consumer,2023-10-25,-0.01866833333333332
Consumer,2023-10-26,0.05937633333333333
Consumer,2023-10-27,0.11859000000000001
Consumer,2023-10-30,0.10734427350427352
Consumer,2023-10-31,0.13327566666666665
Consumer,2023-11-01,0.15182860317460317
Consumer,2023-11-02,0.1063071111111111
Consumer,2023-11-03,0.07733019047619047
Consumer,2023-11-06,0.05247298412698413
Consumer,2023-11-07,0.18668244444444443
Consumer,2023-11-08,0.019635641025641023
Consumer,2023-11-09,0.133251798245614
Consumer,2023-11-10,0.1389518787878788
Consumer,2023-11-13,0.15752817391304347
Consumer,2023-11-14,0.08768266666666666
Consumer,2023-11-15,0.1546471794871795
Consumer,2023-11-16,0.02141885714285714
Consumer,2023-11-17,0.08490333333333333
Consumer,2023-11-20,0.042926337662337666
Consumer,2023-11-21,0.08348616666666667
Consumer,2023-11-22,0.011287272727272729
Consumer,2023-11-24,-0.06559355555555554
Consumer,2023-11-27,0.13043235714285714
Consumer,2023-11-28,0.0994195
Consumer,2023-11-29,0.0798332142857143
Consumer,2023-11-30,0.024959444444444454
Consumer,2023-12-01,0.16705428571428574
Consumer,2023-12-04,0.08154409090909091
Consumer,2023-12-05,0.13501333333333335
Consumer,2023-12-06,0.06846177777777776
Consumer,2023-12-07,0.27937333333333336
Consumer,2023-12-08,-0.015177000000000001
Consumer,2023-12-11,0.1371493145743146
Consumer,2023-12-12,0.06663666666666666
Consumer,2023-12-13,0.06228600000000001
Consumer,2023-12-14,0.07650533333333334
Consumer,2023-12-15,0.10772166666666667
Consumer,2023-12-18,0.06994533333333333
Consumer,2023-12-19,0.06994533333333333
Consumer,2023-12-20,0.06994533333333333
Consumer,2023-12-21,0.06994533333333333
Consumer,2023-12-22,0.06994533333333333
Consumer,2023-12-26,0.06994533333333333
Consumer,2023-12-27,0.06994533333333333
Consumer,2023-12-28,0.06994533333333333
Consumer,2023-12-29,0.06994533333333333
Energy,2020-01-02,0.19246166666666667
Energy,2020-01-03,-0.046189727272727285
Energy,2020-01-06,0.08543969696969697
Energy,2020-01-07,0.07906333333333333
Energy,2020-01-08,-0.018874999999999986
Energy,2020-01-09,0.08153300000000001
Energy,2020-01-10,0.07396200000000001
Energy,2020-01-13,0.13454349999999998
Energy,2020-01-14,0.2138183333333333
Energy,2020-01-15,0.08600666666666665
Energy,2020-01-16,0.1408009523809524
Energy,2020-01-17,0.11287244444444444
Energy,2020-01-21,0.1099737142857143
Energy,2020-01-22,0.09017333333333334
Energy,2020-01-23,0.06157333333333333
Energy,2020-01-24,0.18136166666666667
Energy,2020-01-27,0.04191166666666666
Energy,2020-01-28,0.15636333333333333
Energy,2020-01-29,-0.002303333333333332
Energy,2020-01-30,0.09489714285714286
Energy,2020-01-31,0.07983380952380953
Energy,2020-02-03,0.05148243589743588
Energy,2020-02-04,0.1017411111111111
Energy,2020-02-05,0.504522857142857
Energy,2020-02-06,0.3560966666666666
Energy,2020-02-07,0.22275299999999998
Energy,2020-02-10,0.05099333333333335
Energy,2020-02-11,0.09527314285714285
Energy,2020-02-12,0.03376749999999999
Energy,2020-02-13,0.012992500000000008
Energy,2020-02-14,0.0062
Energy,2020-02-18,0.14617833333333333
Energy,2020-02-19,0.22522999999999999
Energy,2020-02-20,0.2530283333333333
Energy,2020-02-21,0.07205833333333334
Energy,2020-02-24,-0.14663821428571427
Energy,2020-02-25,-0.033855
Energy,2020-02-26,0.2228217142857143
Energy,2020-02-27,0.08371033333333334
Energy,2020-02-28,0.08607138888888889
Energy,2020-03-02,0.039005
Energy,2020-03-03,0.05448088888888889
Energy,2020-03-04,0.22001666666666667
Energy,2020-03-05,0.06623000000000001
Energy,2020-03-06,-0.0073595238095238045
Energy,2020-03-09,-0.09956684210526316
Energy,2020-03-10,0.008469864734299514
Energy,2020-03-11,0.032616011904761905
Energy,2020-03-12,0.06268815789473683
Energy,2020-03-13,0.2084266106442577
Energy,2020-03-16,0.000690843137254904
Energy,2020-03-17,0.025996000000000002
Energy,2020-03-18,0.018742857142857148
Energy,2020-03-19,-0.018382
Energy,2020-03-20,-0.10680738461538461
Energy,2020-03-23,-0.13521555555555556
Energy,2020-03-24,0.11338933333333331
Energy,2020-03-25,0.16184666666666667
Energy,2020-03-26,0.175266
Energy,2020-03-27,0.28984471428571423
Energy,2020-03-30,0.12272133333333332
Energy,2020-03-31,0.006620833333333331
Energy,2020-04-01,-0.05197047619047618
Energy,2020-04-02,-0.044638179487179484
Energy,2020-04-03,-0.018312380952380948
Energy,2020-04-06,0.11251055555555556
Energy,2020-04-07,0.3126607142857143
Energy,2020-04-08,0.301839619047619
Energy,2020-04-09,0.1310592380952381
Energy,2020-04-13,0.12250822710622711
Energy,2020-04-14,0.07479250000000001
Energy,2020-04-15,0.09343782051282051
Energy,2020-04-16,-0.01728035064935064
Energy,2020-04-17,-0.09465570370370371
Energy,2020-04-20,-0.1435638316080055
Energy,2020-04-21,-0.2257781904761905
Energy,2020-04-22,-0.029024999999999995
Energy,2020-04-23,0.18642186363636365
Energy,2020-04-24,0.07427607142857143
Energy,2020-04-27,-0.011834166666666665
Energy,2020-04-28,-0.013607222222222225
Energy,2020-04-29,0.18179214285714285
Energy,2020-04-30,0.04404221356421357
Energy,2020-05-01,-0.12447247619047619
Energy,2020-05-04,-0.006829685314685316
Energy,2020-05-05,0.09811813131313131
Energy,2020-05-06,0.15253228571428573
Energy,2020-05-07,0.1820947619047619
Energy,2020-05-08,0.19152833333333336
Energy,2020-05-11,-0.05607011111111111
Energy,2020-05-12,0.15184466666666668
Energy,2020-05-13,-0.06230467532467532
Energy,2020-05-14,-0.07579
Energy,2020-05-15,0.1758016666666667
Energy,2020-05-18,0.14312569841269843
Energy,2020-05-19,0.1490726666666667
Energy,2020-05-20,-0.022844285714285713
Energy,2020-05-21,-0.04973999999999999
Energy,2020-05-22,-0.04422533333333334
Energy,2020-05-26,0.10177142857142858
Energy,2020-05-27,-0.024703999999999997
Energy,2020-05-28,0.14303
Energy,2020-05-29,0.13018000000000002
Energy,2020-06-01,-0.016152575757575754
Energy,2020-06-02,0.07529142857142856
Energy,2020-06-03,0.48536999999999997
Energy,2020-06-04,0.07703600000000001
Energy,2020-06-05,0.25553666666666663
Energy,2020-06-08,0.12971057142857145
Energy,2020-06-09,0.4114893333333334
Energy,2020-06-10,-0.15578888888888887
Energy,2020-06-11,-0.098045
Energy,2020-06-12,0.027370000000000016
Energy,2020-06-15,-0.12991688888888886
Energy,2020-06-16,0.1422275
Energy,2020-06-17,0.026904
Energy,2020-06-18,0.04320266666666666
Energy,2020-06-19,0.2169090476190476
Energy,2020-06-22,0.2095390476190476
Energy,2020-06-23,0.19058999999999998
Energy,2020-06-24,-0.1898207142857143
Energy,2020-06-25,0.11410380952380952
Energy,2020-06-26,0.07093333333333333
Energy,2020-06-29,-0.019459999999999984
Energy,2020-06-30,0.07800466666666668
Energy,2020-07-01,0.10210333333333332
Energy,2020-07-02,0.17867757575757576
Energy,2020-07-06,0.12836380952380952
Energy,2020-07-07,0.022263571428571417
Energy,2020-07-08,0.12094857142857143
Energy,2020-07-09,0.14581000000000002
Energy,2020-07-10,0.17794666666666667
Energy,2020-07-13,0.28731333333333336
Energy,2020-07-14,0.26394
Energy,2020-07-15,-0.049015
Energy,2020-07-16,0.18037
Energy,2020-07-17,0.018699999999999998
Energy,2020-07-20,0.08381055555555557
Energy,2020-07-21,0.24793843711843713
Energy,2020-07-22,0.158025
Energy,2020-07-23,0.01755
Energy,2020-07-24,0.16979923076923079
Energy,2020-07-27,0.026238
Energy,2020-07-28,0.07622999999999999
Energy,2020-07-29,0.24017
Energy,2020-07-30,0.058042666666666666
Energy,2020-07-31,-0.003686476190476187
Energy,2020-08-03,0.10191750000000002
Energy,2020-08-04,0.116955
Energy,2020-08-05,0.21675499999999998
Energy,2020-08-06,0.19407833333333332
Energy,2020-08-07,0.029141333333333335
Energy,2020-08-10,0.19686977777777778
Energy,2020-08-11,0.17973357142857144
Energy,2020-08-12,0.16271333333333332
Energy,2020-08-13,0.1587633333333333
Energy,2020-08-14,0.177065
Energy,2020-08-17,-0.061919999999999996
Energy,2020-08-18,0.01127333333333333
Energy,2020-08-19,0.053013333333333336
Energy,2020-08-20,0.047895999999999994
Energy,2020-08-21,0.045533333333333335
Energy,2020-08-24,0.07997555555555556
Energy,2020-08-25,0.07238
Energy,2020-08-26,0.11475142857142857
Energy,2020-08-27,0.02362514285714285
Energy,2020-08-28,0.08272499999999999
Energy,2020-08-31,-0.007902857142857139
Energy,2020-09-01,0.036559999999999995
Energy,2020-09-02,0.0024499999999999925
Energy,2020-09-03,0.093236
Energy,2020-09-04,0.015275
Energy,2020-09-08,-0.1019097142857143
Energy,2020-09-09,-0.12430400000000001
Energy,2020-09-10,-0.03436
Energy,2020-09-11,0.14622000000000002
Energy,2020-09-14,0.08470642857142857
Energy,2020-09-15,0.006593333333333321
Energy,2020-09-16,0.18460166666666666
Energy,2020-09-17,0.24977
Energy,2020-09-18,0.20443666666666668
Energy,2020-09-21,0.04212666666666666
Energy,2020-09-22,0.20084
Energy,2020-09-23,0.19655499999999998
Energy,2020-09-24,0.22007666666666664
Energy,2020-09-25,0.007350000000000001
Energy,2020-09-28,0.07356
Energy,2020-09-29,0.25221
Energy,2020-09-30,0.018696666666666667
Energy,2020-10-01,0.06487111111111112
Energy,2020-10-02,0.2222254761904762
Energy,2020-10-05,0.12921316666666666
Energy,2020-10-06,0.0167
Energy,2020-10-07,0.059264000000000004
Energy,2020-10-08,0.1628861904761905
Energy,2020-10-09,0.1628861904761905
Energy,2020-10-12,0.1787275
Energy,2020-10-13,-0.09545999999999999
Energy,2020-10-14,0.02732
Energy,2020-10-15,0.26669
Energy,2020-10-16,0.09309125
Energy,2020-10-19,0.023918969696969702
Energy,2020-10-20,0.06860533333333334
Energy,2020-10-21,-0.030614999999999983
Energy,2020-10-22,-0.009681666666666654
Energy,2020-10-23,0.025655000000000004
Energy,2020-10-26,0.06980433333333333
Energy,2020-10-27,0.009468333333333334
Energy,2020-10-28,0.058988571428571425
Energy,2020-10-29,-0.08975857142857142
Energy,2020-10-30,-0.0013335000000000027
Energy,2020-11-02,-0.08184083333333333
Energy,2020-11-03,-0.0017549999999999955
Energy,2020-11-04,0.146974
Energy,2020-11-05,0.04858666666666666
Energy,2020-11-06,0.051188333333333336
Energy,2020-11-09,0.16904728205128206
Energy,2020-11-10,0.026431000000000017
Energy,2020-11-11,0.09073000000000002
Energy,2020-11-12,0.3424666666666667
Energy,2020-11-13,0.29847333333333337
Energy,2020-11-16,0.3368525
Energy,2020-11-17,0.26647
Energy,2020-11-18,0.23636833333333335
Energy,2020-11-19,0.257295
Energy,2020-11-20,0.176915
Energy,2020-11-23,-0.02423785714285715
Energy,2020-11-24,-0.14315
Energy,2020-11-25,0.12261249999999999
Energy,2020-11-27,0.1803125
Energy,2020-11-30,0.2151790476190476
Energy,2020-12-01,0.10927
Energy,2020-12-02,0.14893133333333333
Energy,2020-12-03,0.012890000000000002
Energy,2020-12-04,0.003914126984126978
Energy,2020-12-07,0.060094888888888885
Energy,2020-12-08,0.062224999999999996
Energy,2020-12-09,0.047018000000000004
Energy,2020-12-10,0.256854
Energy,2020-12-11,-0.233304
Energy,2020-12-14,0.07815000000000001
Energy,2020-12-15,0.20113333333333333
Energy,2020-12-16,0.06356666666666667
Energy,2020-12-17,0.11717999999999999
Energy,2020-12-18,0.036699999999999997
Energy,2020-12-21,0.13405733333333333
Energy,2020-12-22,-0.018831999999999998
Energy,2020-12-23,0.13622
Energy,2020-12-24,0.18150666666666668
Energy,2020-12-28,0.09058
Energy,2020-12-29,0.09786999999999998
Energy,2020-12-30,0.06642
Energy,2020-12-31,0.08731333333333334
Energy,2021-01-04,0.06635833333333332
Energy,2021-01-05,0.12317666666666667
Energy,2021-01-06,-0.019253333333333334
Energy,2021-01-07,0.05487333333333333
Energy,2021-01-08,0.09342071428571429
Energy,2021-01-11,0.12099
Energy,2021-01-12,-0.008301333333333327
Energy,2021-01-13,0.07438166666666667
Energy,2021-01-14,0.07271166666666666
Energy,2021-01-15,0.1922497435897436
Energy,2021-01-19,0.21166666666666667
Energy,2021-01-20,0.16994666666666666
Energy,2021-01-21,-0.23058499999999998
Energy,2021-01-22,0.0399575
Energy,2021-01-25,0.14127499999999998
Energy,2021-01-26,0.37005999999999994
Energy,2021-01-27,0.3212533333333333
Energy,2021-01-28,0.17101833333333333
Energy,2021-01-29,-0.10678166666666664
Energy,2021-02-01,0.09943151515151516
Energy,2021-02-02,0.009486140350877196
Energy,2021-02-03,-0.003117000000000003
Energy,2021-02-04,0.12944
Energy,2021-02-05,0.036961333333333346
Energy,2021-02-08,0.11955750000000001
Energy,2021-02-09,0.14195
Energy,2021-02-10,-0.018936666666666668
Energy,2021-02-11,0.043355000000000005
Energy,2021-02-12,0.019594666666666673
Energy,2021-02-16,0.09949250000000001
Energy,2021-02-17,0.01710481818181818
Energy,2021-02-18,0.15594166666666667
Energy,2021-02-19,0.30261499999999997
Energy,2021-02-22,0.1703438888888889
Energy,2021-02-23,0.2876333333333333
Energy,2021-02-24,-0.025846333333333325
Energy,2021-02-25,0.10586999999999999
Energy,2021-02-26,0.10174000000000001
Energy,2021-03-01,0.2517376666666667
Energy,2021-03-02,0.08687933333333334
Energy,2021-03-03,0.14455909090909091
Energy,2021-03-04,0.10244499999999998
Energy,2021-03-05,0.11253333333333333
Energy,2021-03-08,0.10406866666666667
Energy,2021-03-09,-0.04901238095238096
Energy,2021-03-10,0.11134999999999999
Energy,2021-03-11,0.2518033333333333
Energy,2021-03-12,0.29297
Energy,2021-03-15,0.1456633333333333
Energy,2021-03-16,0.015209999999999996
Energy,2021-03-17,0.08198
Energy,2021-03-18,0.01838666666666664
Energy,2021-03-19,0.2608666666666667
Energy,2021-03-22,0.0432
Energy,2021-03-23,-0.12369277777777779
Energy,2021-03-24,-0.04711066666666667
Energy,2021-03-25,0.14115333333333333
Energy,2021-03-26,0.2526423333333333
Energy,2021-03-29,0.1914
Energy,2021-03-30,0.2677733333333333
Energy,2021-03-31,0.16796333333333333
Energy,2021-04-01,-0.2929
Energy,2021-04-05,-0.0076959999999999945
Energy,2021-04-06,0.026503999999999993
Energy,2021-04-07,-0.07508000000000001
Energy,2021-04-08,0.07392
Energy,2021-04-09,-0.15111
Energy,2021-04-12,0.01261000000000001
Energy,2021-04-13,0.24666666666666667
Energy,2021-04-14,0.11983333333333332
Energy,2021-04-15,0.0017400000000000083
Energy,2021-04-16,0.08471333333333333
Energy,2021-04-19,0.0023583333333333347
Energy,2021-04-20,0.11605333333333334
Energy,2021-04-21,0.028654999999999996
Energy,2021-04-22,0.011080000000000001
Energy,2021-04-23,-0.047299999999999995
Energy,2021-04-26,-0.015539999999999993
Energy,2021-04-27,0.03794666666666666
Energy,2021-04-28,0.247226
Energy,2021-04-29,0.27493333333333336
Energy,2021-04-30,0.20397500000000002
Energy,2021-05-03,0.09553500000000001
Energy,2021-05-04,0.04163471428571429
Energy,2021-05-05,0.06742999999999999
Energy,2021-05-06,0.25497000000000003
Energy,2021-05-07,0.09751499999999999
Energy,2021-05-10,0.11302133333333333
Energy,2021-05-11,-0.015452000000000004
Energy,2021-05-12,0.11560666666666668
Energy,2021-05-13,0.08052000000000001
Energy,2021-05-14,0.010286666666666666
Energy,2021-05-17,0.21077533333333331
Energy,2021-05-18,0.097505
Energy,2021-05-19,0.061595
Energy,2021-05-20,0.12242
Energy,2021-05-21,0.057210000000000004
Energy,2021-05-24,0.11589333333333333
Energy,2021-05-25,0.22863277777777777
Energy,2021-05-26,0.309022
Energy,2021-05-27,0.24360133333333334
Energy,2021-05-28,0.028807999999999993
Energy,2021-06-01,0.08505438095238096
Energy,2021-06-02,0.13728400000000002
Energy,2021-06-03,0.22661000000000003
Energy,2021-06-04,0.06751
Energy,2021-06-07,-0.2298
Energy,2021-06-08,0.08360999999999999
Energy,2021-06-09,0.005316000000000003
Energy,2021-06-10,0.12267000000000002
Energy,2021-06-11,0.101855
Energy,2021-06-14,0.20434800000000003
Energy,2021-06-15,0.23552933333333334
Energy,2021-06-16,0.229142
Energy,2021-06-17,0.03200666666666667
Energy,2021-06-18,0.12274
Energy,2021-06-21,0.10162749999999998
Energy,2021-06-22,0.09020500000000001
Energy,2021-06-23,0.13546
Energy,2021-06-24,0.14267166666666667
Energy,2021-06-25,0.21838333333333332
Energy,2021-06-28,-0.057014999999999996
Energy,2021-06-29,0.509124
Energy,2021-06-30,0.24012333333333333
Energy,2021-07-01,0.09315999999999999
Energy,2021-07-02,0.286435
Energy,2021-07-06,0.044146666666666654
Energy,2021-07-07,0.013188333333333335
Energy,2021-07-08,0.15350533333333333
Energy,2021-07-09,0.15546
Energy,2021-07-12,0.20542833333333332
Energy,2021-07-13,0.04046
Energy,2021-07-14,0.08196
Energy,2021-07-15,0.11068133333333334
Energy,2021-07-16,0.09062533333333334
Energy,2021-07-19,-0.13666166666666665
Energy,2021-07-20,0.43355999999999995
Energy,2021-07-21,0.29711333333333334
Energy,2021-07-22,0.09316333333333333
Energy,2021-07-23,0.238368
Energy,2021-07-26,0.15395266666666668
Energy,2021-07-27,0.11397666666666666
Energy,2021-07-28,0.18828833333333334
Energy,2021-07-29,0.12434133333333333
Energy,2021-07-30,0.2095515909090909
Energy,2021-08-02,0.040445666666666664
Energy,2021-08-03,0.24889666666666668
Energy,2021-08-04,0.17738
Energy,2021-08-05,0.08897866666666668
Energy,2021-08-06,0.024866666666666683
Energy,2021-08-09,-0.018156666666666647
Energy,2021-08-10,-0.11564714285714287
Energy,2021-08-11,0.11838666666666667
Energy,2021-08-12,0.022860000000000002
Energy,2021-08-13,0.014799999999999999
Energy,2021-08-16,0.05001428571428572
Energy,2021-08-17,-0.153445
Energy,2021-08-18,0.017855
Energy,2021-08-19,0.03970404761904761
Energy,2021-08-20,-0.172215
Energy,2021-08-23,0.09965530303030304
Energy,2021-08-24,0.022696666666666664
Energy,2021-08-25,0.05494333333333333
Energy,2021-08-26,0.055644000000000006
Energy,2021-08-27,0.002534999999999998
Energy,2021-08-30,-0.1371757142857143
Energy,2021-08-31,0.08014733333333332
Energy,2021-09-01,-0.06276238095238094
Energy,2021-09-02,0.2158341794871795
Energy,2021-09-03,0.14354178571428572
Energy,2021-09-07,0.20011433333333334
Energy,2021-09-08,0.18531142857142857
Energy,2021-09-09,0.30797942857142857
Energy,2021-09-10,0.050124999999999996
Energy,2021-09-13,0.06427607142857143
Energy,2021-09-14,0.02529
Energy,2021-09-15,-0.03437066666666667
Energy,2021-09-16,-0.021932
Energy,2021-09-17,0.008574666666666664
Energy,2021-09-20,0.053949000000000004
Energy,2021-09-21,0.12421
Energy,2021-09-22,0.09969333333333334
Energy,2021-09-23,0.17425166666666664
Energy,2021-09-24,0.036939999999999994
Energy,2021-09-27,0.003622222222222221
Energy,2021-09-28,0.0075466666666666685
Energy,2021-09-29,0.0408197619047619
Energy,2021-09-30,0.09925333333333333
Energy,2021-10-01,0.16495333333333334
Energy,2021-10-04,0.20055833333333334
Energy,2021-10-05,0.21606
Energy,2021-10-06,0.28916
Energy,2021-10-07,0.11381857142857141
Energy,2021-10-08,0.13416571428571428
Energy,2021-10-11,0.11508666666666667
Energy,2021-10-12,0.1286
Energy,2021-10-13,0.17314666666666667
Energy,2021-10-14,0.11113500000000001
Energy,2021-10-15,0.173063
Energy,2021-10-18,0.09308
Energy,2021-10-19,0.23352599999999998
Energy,2021-10-20,0.22690166666666664
Energy,2021-10-21,0.13354166666666667
Energy,2021-10-22,0.1351022857142857
Energy,2021-10-25,0.17395373015873017
Energy,2021-10-26,0.20035333333333333
Energy,2021-10-27,0.021904285714285716
Energy,2021-10-28,0.08302833333333333
Energy,2021-10-29,0.34194722222222224
Energy,2021-11-01,0.19116916666666667
Energy,2021-11-02,0.16088666666666668
Energy,2021-11-03,0.2001
Energy,2021-11-04,0.20731833333333335
Energy,2021-11-05,0.21077833333333335
Energy,2021-11-08,0.14157866666666669
Energy,2021-11-09,0.058188
Energy,2021-11-10,0.013239999999999993
Energy,2021-11-11,0.045579999999999996
Energy,2021-11-12,0.045579999999999996
Energy,2021-11-15,0.017591666666666665
Energy,2021-11-16,-0.032016
Energy,2021-11-17,-0.009854285714285715
Energy,2021-11-18,-0.02236666666666667
Energy,2021-11-19,-0.0799804761904762
Energy,2021-11-22,-0.11720333333333333
Energy,2021-11-23,0.23304399999999997
Energy,2021-11-24,0.10753733333333333
Energy,2021-11-26,-0.03554
Energy,2021-11-29,0.0037500000000000033
Energy,2021-11-30,0.03344499999999998
Energy,2021-12-01,0.21672333333333332
Energy,2021-12-02,0.11395873015873015
Energy,2021-12-03,0.07136166666666667
Energy,2021-12-06,0.03752988095238095
Energy,2021-12-07,0.10275233333333333
Energy,2021-12-08,0.16829666666666665
Energy,2021-12-09,0.046975
Energy,2021-12-10,0.181544
Energy,2021-12-13,0.09875380952380952
Energy,2021-12-14,0.23407
Energy,2021-12-15,0.1956
Energy,2021-12-16,0.09286999999999998
Energy,2021-12-17,0.250992
Energy,2021-12-20,0.10825333333333334
Energy,2021-12-21,0.08093333333333333
Energy,2021-12-22,0.12057
Energy,2021-12-23,-0.015326666666666669
Energy,2021-12-27,0.18410833333333332
Energy,2021-12-28,-0.03384666666666667
Energy,2021-12-29,0.16665333333333335
Energy,2021-12-30,0.080425
Energy,2021-12-31,0.26161
Energy,2022-01-03,0.07005714285714286
Energy,2022-01-04,0.06787333333333334
Energy,2022-01-05,0.14951333333333333
Energy,2022-01-06,-0.03813999999999999
Energy,2022-01-07,0.19563999999999998
Energy,2022-01-10,0.117794
Energy,2022-01-11,0.1694538095238095
Energy,2022-01-12,0.25407583333333333
Energy,2022-01-13,0.14125766666666667
Energy,2022-01-14,0.12425400000000002
Energy,2022-01-18,0.21999
Energy,2022-01-19,0.13234666666666667
Energy,2022-01-20,0.14776416666666667
Energy,2022-01-21,0.115761
Energy,2022-01-24,0.04217333333333334
Energy,2022-01-25,0.21794466666666668
Energy,2022-01-26,0.16246611111111112
Energy,2022-01-27,0.08199115384615382
Energy,2022-01-28,0.12719680555555554
Energy,2022-01-31,0.145155
Energy,2022-02-01,0.10670556521739132
Energy,2022-02-02,0.13313799999999998
Energy,2022-02-03,0.075375
Energy,2022-02-04,0.10103499999999999
Energy,2022-02-07,0.1113692857142857
Energy,2022-02-08,0.220518
Energy,2022-02-09,0.18821
Energy,2022-02-10,0.040017142857142855
Energy,2022-02-11,0.19684200000000002
Energy,2022-02-14,0.10457031746031746
Energy,2022-02-15,0.097322
Energy,2022-02-16,0.15267
Energy,2022-02-17,0.09064399999999999
Energy,2022-02-18,0.14910333333333334
Energy,2022-02-22,0.06802
Energy,2022-02-23,0.12198883333333335
Energy,2022-02-24,-0.03851633333333333
Energy,2022-02-25,0.08576076923076924
Energy,2022-02-28,0.07023499999999999
Energy,2022-03-01,0.055955870927318296
Energy,2022-03-02,0.1656017857142857
Energy,2022-03-03,0.06556373626373627
Energy,2022-03-04,-0.016020333333333327
Energy,2022-03-07,0.053553879120879125
Energy,2022-03-08,0.12523977777777778
Energy,2022-03-09,0.10806633333333333
Energy,2022-03-10,0.11546928571428569
Energy,2022-03-11,0.13963555555555557
Energy,2022-03-14,0.1908568333333333
Energy,2022-03-15,0.18263992857142858
Energy,2022-03-16,0.18090438311688312
Energy,2022-03-17,0.13675818181818183
Energy,2022-03-18,0.07074333333333334
Energy,2022-03-21,0.0998901948051948
Energy,2022-03-22,0.13208666666666666
Energy,2022-03-23,0.04383416666666666
Energy,2022-03-24,0.10499238461538463
Energy,2022-03-25,0.30355533333333334
Energy,2022-03-28,0.2789433333333334
Energy,2022-03-29,0.11205909090909091
Energy,2022-03-30,0.29473333333333335
Energy,2022-03-31,0.01515666666666667
Energy,2022-04-01,0.173538
Energy,2022-04-04,0.04662566666666667
Energy,2022-04-05,0.086984
Energy,2022-04-06,0.23173500000000002
Energy,2022-04-07,0.139066
Energy,2022-04-08,0.23777428571428572
Energy,2022-04-11,0.3137158333333333
Energy,2022-04-12,0.18135844444444443
Energy,2022-04-13,0.25183994444444446
Energy,2022-04-14,0.28400333333333333
Energy,2022-04-18,0.31963444444444444
Energy,2022-04-19,0.21925599999999998
Energy,2022-04-20,0.19884000000000002
Energy,2022-04-21,0.23556266666666667
Energy,2022-04-22,0.07542666666666667
Energy,2022-04-25,0.11920595093795094
Energy,2022-04-26,0.13172160173160175
Energy,2022-04-27,0.2651357777777778
Energy,2022-04-28,0.2515092857142857
Energy,2022-04-29,-0.08109881481481482
Energy,2022-05-02,0.153194
Energy,2022-05-03,0.1915303333333333
Energy,2022-05-04,0.04779911111111111
Energy,2022-05-05,0.2955449047619048
Energy,2022-05-06,0.16832407142857142
Energy,2022-05-09,0.09269655411255412
Energy,2022-05-10,0.13113142857142857
Energy,2022-05-11,0.2774572222222222
Energy,2022-05-12,0.10331690476190476
Energy,2022-05-13,0.13880777777777778
Energy,2022-05-16,0.08721899145299146
Energy,2022-05-17,0.035641757575757584
Energy,2022-05-18,0.09223620512820511
Energy,2022-05-19,0.11894180952380953
Energy,2022-05-20,0.21657
Energy,2022-05-23,0.10954800000000002
Energy,2022-05-24,0.17849844444444446
Energy,2022-05-25,0.16752
Energy,2022-05-26,0.1650985
Energy,2022-05-27,0.25107380952380953
Energy,2022-05-31,0.22741289377289378
Energy,2022-06-01,0.2107964285714286
Energy,2022-06-02,0.32685400000000003
Energy,2022-06-03,0.19836666666666666
Energy,2022-06-06,0.17718483516483516
Energy,2022-06-07,0.095547
Energy,2022-06-08,0.18043984126984128
Energy,2022-06-09,0.19186
Energy,2022-06-10,0.09383333333333334
Energy,2022-06-13,0.1252779292929293
Energy,2022-06-14,0.1712075
Energy,2022-06-15,0.21545750000000002
Energy,2022-06-16,0.06751
Energy,2022-06-17,0.19483333333333333
Energy,2022-06-21,0.10539926470588235
Energy,2022-06-22,0.042227777777777774
Energy,2022-06-23,0.08919472222222222
Energy,2022-06-24,-0.08981416666666667
Energy,2022-06-27,0.10657933333333333
Energy,2022-06-28,0.269013081232493
Energy,2022-06-29,0.24087314285714284
Energy,2022-06-30,-0.04983449999999999
Energy,2022-07-01,0.22599
Energy,2022-07-05,0.07907858682983684
Energy,2022-07-06,0.32752042857142855
Energy,2022-07-07,0.26227666666666666
Energy,2022-07-08,0.16988
Energy,2022-07-11,0.09242533333333333
Energy,2022-07-12,0.23591047619047617
Energy,2022-07-13,0.16536833333333334
Energy,2022-07-14,0.18075333333333335
Energy,2022-07-15,0.27465833333333334
Energy,2022-07-18,0.26950738095238097
Energy,2022-07-19,0.32101999999999997
Energy,2022-07-20,0.17309214285714286
Energy,2022-07-21,0.112725
Energy,2022-07-22,0.18882181818181817
Energy,2022-07-25,0.33997331601731606
Energy,2022-07-26,0.071235
Energy,2022-07-27,0.11778666666666666
Energy,2022-07-28,0.1399291818181818
Energy,2022-07-29,0.2862748717948718
Energy,2022-08-01,0.057070222222222224
Energy,2022-08-02,0.08251642857142857
Energy,2022-08-03,0.25675920855614975
Energy,2022-08-04,0.13704785714285714
Energy,2022-08-05,0.198822
Energy,2022-08-08,0.2256347619047619
Energy,2022-08-09,0.1645799365079365
Energy,2022-08-10,0.16080609523809525
Energy,2022-08-11,0.16389199999999998
Energy,2022-08-12,0.23702199999999998
Energy,2022-08-15,0.14137850505050506
Energy,2022-08-16,0.20379866666666668
Energy,2022-08-17,0.31836366666666666
Energy,2022-08-18,-0.03893566666666665
Energy,2022-08-19,0.11820766666666667
Energy,2022-08-22,0.2210671111111111
Energy,2022-08-23,0.1240711111111111
Energy,2022-08-24,0.012638
Energy,2022-08-25,0.1050217857142857
Energy,2022-08-26,0.09218333333333334
Energy,2022-08-29,0.18382174603174603
Energy,2022-08-30,0.09114714285714286
Energy,2022-08-31,0.18320554545454545
Energy,2022-09-01,0.164953
Energy,2022-09-02,0.19711547619047617
Energy,2022-09-06,0.11953100000000001
Energy,2022-09-07,0.17913
Energy,2022-09-08,0.27588999999999997
Energy,2022-09-09,0.048162666666666666
Energy,2022-09-12,0.1512875
Energy,2022-09-13,0.26301147619047616
Energy,2022-09-14,0.15459083333333334
Energy,2022-09-15,0.22320444444444446
Energy,2022-09-16,0.495585
Energy,2022-09-19,0.09387814285714287
Energy,2022-09-20,0.22261999999999998
Energy,2022-09-21,0.24372500000000002
Energy,2022-09-22,0.11057333333333333
Energy,2022-09-23,-0.05615450000000001
Energy,2022-09-26,0.07940833333333334
Energy,2022-09-27,-0.013984285714285716
Energy,2022-09-28,0.18127833333333332
Energy,2022-09-29,0.144942
Energy,2022-09-30,0.22345190476190474
Energy,2022-10-03,0.09041141025641025
Energy,2022-10-04,0.13308
Energy,2022-10-05,0.2191266666666667
Energy,2022-10-06,0.137495
Energy,2022-10-07,0.26992971428571433
Energy,2022-10-10,0.13325833333333334
Energy,2022-10-11,0.12273800000000001
Energy,2022-10-12,0.24595146153846154
Energy,2022-10-13,0.10111555555555556
Energy,2022-10-14,0.11390866666666666
Energy,2022-10-17,0.07120083333333334
Energy,2022-10-18,-0.013294999999999998
Energy,2022-10-19,0.15616066666666667
Energy,2022-10-20,0.130947
Energy,2022-10-21,0.09009577777777777
Energy,2022-10-24,0.08828255555555556
Energy,2022-10-25,0.13362933333333335
Energy,2022-10-26,0.05316533333333333
Energy,2022-10-27,0.1154789090909091
Energy,2022-10-28,0.12420655555555556
Energy,2022-10-31,0.11650491666666667
Energy,2022-11-01,0.1213322510822511
Energy,2022-11-02,0.24664961904761906
Energy,2022-11-03,0.30889
Energy,2022-11-04,0.057296666666666676
Energy,2022-11-07,0.07273981818181818
Energy,2022-11-08,0.11889916666666667
Energy,2022-11-09,-0.050116666666666664
Energy,2022-11-10,0.09074266666666667
Energy,2022-11-11,0.060730571428571425
Energy,2022-11-14,0.12069488344988347
Energy,2022-11-15,0.3191528571428571
Energy,2022-11-16,0.20551
Energy,2022-11-17,0.04165033333333333
Energy,2022-11-18,0.06643600000000001
Energy,2022-11-21,0.1497365
Energy,2022-11-22,-0.07602533333333333
Energy,2022-11-23,0.24129490476190477
Energy,2022-11-25,0.21078200000000002
Energy,2022-11-28,0.007767250000000003
Energy,2022-11-29,0.042768636363636356
Energy,2022-11-30,0.16537638095238097
Energy,2022-12-01,0.20941666666666667
Energy,2022-12-02,0.3963233333333333
Energy,2022-12-05,0.2028145238095238
Energy,2022-12-06,0.2555476666666667
Energy,2022-12-07,0.08345619047619049
Energy,2022-12-08,0.22983543589743588
Energy,2022-12-09,0.08636095238095237
Energy,2022-12-12,0.2683230952380952
Energy,2022-12-13,0.149775
Energy,2022-12-14,-0.048950666666666656
Energy,2022-12-15,0.03632
Energy,2022-12-16,0.11407199999999999
Energy,2022-12-19,0.07206955555555555
Energy,2022-12-20,0.2606875
Energy,2022-12-21,0.06837666666666667
Energy,2022-12-22,0.378585
Energy,2022-12-23,0.020424000000000005
Energy,2022-12-27,0.19149595604395603
Energy,2022-12-28,0.16865333333333332
Energy,2022-12-29,0.03945785714285715
Energy,2022-12-30,0.16362000000000002
Energy,2023-01-03,0.28271022222222225
Energy,2023-01-04,0.24394233333333332
Energy,2023-01-05,0.24221202380952384
Energy,2023-01-06,0.15449438095238097
Energy,2023-01-09,0.2865790476190476
Energy,2023-01-10,0.04492685714285714
Energy,2023-01-11,0.11611
Energy,2023-01-12,0.06955964285714286
Energy,2023-01-13,0.1925342857142857
Energy,2023-01-17,0.06981882352941177
Energy,2023-01-18,0.24106333333333335
Energy,2023-01-19,0.18392
Energy,2023-01-20,0.1845234230769231
Energy,2023-01-23,0.038813068181818185
Energy,2023-01-24,0.2233597619047619
Energy,2023-01-25,0.19050666666666666
Energy,2023-01-26,0.21562301282051283
Energy,2023-01-27,0.11059071428571429
Energy,2023-01-30,0.13952787878787878
Energy,2023-01-31,0.12339420512820513
Energy,2023-02-01,-0.12676177777777778
Energy,2023-02-02,0.18011523809523808
Energy,2023-02-03,-0.004061666666666658
Energy,2023-02-06,0.03663444444444445
Energy,2023-02-07,0.0007771428571428541
Energy,2023-02-08,0.08533444444444445
Energy,2023-02-09,0.11847390476190475
Energy,2023-02-10,0.15558566666666668
Energy,2023-02-13,0.27975944444444445
Energy,2023-02-14,-0.06863
Energy,2023-02-15,0.03642666666666666
Energy,2023-02-16,0.13395955555555555
Energy,2023-02-17,0.12348595238095236
Energy,2023-02-21,0.1161750505050505
Energy,2023-02-22,0.11466400000000002
Energy,2023-02-23,0.15099809523809524
Energy,2023-02-24,0.056115000000000005
Energy,2023-02-27,-0.019697714285714284
Energy,2023-02-28,0.12354777777777778
Energy,2023-03-01,0.06314166666666667
Energy,2023-03-02,0.27628833333333336
Energy,2023-03-03,0.21369833333333332
Energy,2023-03-06,0.05377766666666667
Energy,2023-03-07,0.12144666666666666
Energy,2023-03-08,0.14941619047619048
Energy,2023-03-09,0.25682866666666665
Energy,2023-03-10,0.17908933333333335
Energy,2023-03-13,0.15785444444444444
Energy,2023-03-14,0.21197166666666667
Energy,2023-03-15,0.1294664285714286
Energy,2023-03-16,-0.04001199999999999
Energy,2023-03-17,0.029581333333333338
Energy,2023-03-20,0.26259466666666664
Energy,2023-03-21,0.05917466666666667
Energy,2023-03-22,0.13186916666666665
Energy,2023-03-23,0.16982166666666668
Energy,2023-03-24,0.194102
Energy,2023-03-27,0.061272499999999994
Energy,2023-03-28,0.08887333333333333
Energy,2023-03-29,0.04028988888888889
Energy,2023-03-30,0.07989666666666667
Energy,2023-03-31,0.140608
Energy,2023-04-03,-0.04670276315789473
Energy,2023-04-04,0.2448036507936508
Energy,2023-04-05,0.044648961038961044
Energy,2023-04-06,0.1346691794871795
Energy,2023-04-10,0.10547577357425184
Energy,2023-04-11,0.12029555555555556
Energy,2023-04-12,0.04597833333333333
Energy,2023-04-13,0.079566
Energy,2023-04-14,0.17745000000000002
Energy,2023-04-17,0.12480233333333332
Energy,2023-04-18,0.011318838383838386
Energy,2023-04-19,0.18730750000000002
Energy,2023-04-20,0.10873916666666665
Energy,2023-04-21,0.16272232967032968
Energy,2023-04-24,0.10986303030303031
Energy,2023-04-25,0.08743142857142856
Energy,2023-04-26,0.15157342857142858
Energy,2023-04-27,0.09951216666666667
Energy,2023-04-28,0.2076488660801564
Energy,2023-05-01,0.05163315789473684
Energy,2023-05-02,0.038213047619047626
Energy,2023-05-03,0.06689628571428571
Energy,2023-05-04,0.11989304761904762
Energy,2023-05-05,0.076906
Energy,2023-05-08,0.13892006162464984
Energy,2023-05-09,0.3369247619047619
Energy,2023-05-10,0.19771866666666665
Energy,2023-05-11,0.2907571428571429
Energy,2023-05-12,0.09245866666666666
Energy,2023-05-15,0.09718464646464646
Energy,2023-05-16,0.09084
Energy,2023-05-17,-0.03623933333333333
Energy,2023-05-18,-0.057458333333333333
Energy,2023-05-19,0.05865833333333335
Energy,2023-05-22,0.14290833333333333
Energy,2023-05-23,0.032651
Energy,2023-05-24,-0.021166428571428576
Energy,2023-05-25,0.021213222222222224
Energy,2023-05-26,0.20208666666666666
Energy,2023-05-30,0.13275587301587302
Energy,2023-05-31,0.17170400000000002
Energy,2023-06-01,0.20107333333333335
Energy,2023-06-02,0.004056363636363636
Energy,2023-06-05,0.082553
Energy,2023-06-06,0.011694222222222217
Energy,2023-06-07,0.08770333333333333
Energy,2023-06-08,0.0346895238095238
Energy,2023-06-09,0.07795085714285714
Energy,2023-06-12,0.055564999999999996
Energy,2023-06-13,0.11525333333333335
Energy,2023-06-14,0.03523666666666667
Energy,2023-06-15,0.07012933333333334
Energy,2023-06-16,0.09272
Energy,2023-06-20,0.08553200000000001
Energy,2023-06-21,0.03936
Energy,2023-06-22,0.03054459595959596
Energy,2023-06-23,0.08087
Energy,2023-06-26,0.05300933333333333
Energy,2023-06-27,0.10251777777777778
Energy,2023-06-28,0.11212
Energy,2023-06-29,0.06587136363636363
Energy,2023-06-30,0.017703000000000003
Energy,2023-07-03,0.10649
Energy,2023-07-05,0.045479120879120885
Energy,2023-07-06,0.16027809523809525
Energy,2023-07-07,-0.005559047619047611
Energy,2023-07-10,0.07794799999999999
Energy,2023-07-11,-0.04340309523809523
Energy,2023-07-12,0.06690533333333334
Energy,2023-07-13,0.15996761904761905
Energy,2023-07-14,0.10779676923076922
Energy,2023-07-17,0.17288583333333332
Energy,2023-07-18,-0.024509333333333334
Energy,2023-07-19,0.0264
Energy,2023-07-20,0.10256666666666667
Energy,2023-07-21,0.04346671014492754
Energy,2023-07-24,0.17202599999999998
Energy,2023-07-25,0.05407333333333334
Energy,2023-07-26,0.07971600000000001
Energy,2023-07-27,-0.024406222222222225
Energy,2023-07-28,0.199024
Energy,2023-07-31,0.2954017619047619
Energy,2023-08-01,0.186396
Energy,2023-08-02,0.06764
Energy,2023-08-03,0.05658571428571428
Energy,2023-08-04,-0.07103095238095238
Energy,2023-08-07,0.10547083333333333
Energy,2023-08-08,0.21968833333333332
Energy,2023-08-09,-0.019293333333333336
Energy,2023-08-10,0.15635666666666664
Energy,2023-08-11,0.14817305494505492
Energy,2023-08-14,0.1786311111111111
Energy,2023-08-15,0.026050714285714288
Energy,2023-08-16,0.1378633333333333
Energy,2023-08-17,0.05376665934065934
Energy,2023-08-18,0.17154114285714286
Energy,2023-08-21,0.16956449999999998
Energy,2023-08-22,0.022640285714285717
Energy,2023-08-23,0.17321793650793652
Energy,2023-08-24,0.07053066666666666
Energy,2023-08-25,0.06441999999999999
Energy,2023-08-28,0.21741363636363636
Energy,2023-08-29,-0.03839954545454545
Energy,2023-08-30,0.06802626984126985
Energy,2023-08-31,-0.003869999999999996
Energy,2023-09-01,0.19623333333333334
Energy,2023-09-05,-0.018475297619047627
Energy,2023-09-06,0.2502890476190476
Energy,2023-09-07,0.25571683333333334
Energy,2023-09-08,0.1417114285714286
Energy,2023-09-11,0.10889055555555557
Energy,2023-09-12,0.10197066666666668
Energy,2023-09-13,0.09829861111111111
Energy,2023-09-14,0.12299133333333331
Energy,2023-09-15,-0.009407999999999994
Energy,2023-09-18,0.05833422222222222
Energy,2023-09-19,0.04518965384615385
Energy,2023-09-20,0.04413350649350649
Energy,2023-09-21,0.14600333333333335
Energy,2023-09-22,0.2148235
Energy,2023-09-25,0.19427607142857145
Energy,2023-09-26,0.1580538095238095
Energy,2023-09-27,0.12195466666666668
Energy,2023-09-28,0.14097999999999997
Energy,2023-09-29,0.21495066666666665
Energy,2023-10-02,0.21752761904761905
Energy,2023-10-03,0.235757
Energy,2023-10-04,0.19136745454545456
Energy,2023-10-05,0.20503251282051282
Energy,2023-10-06,0.16818646153846156
Energy,2023-10-09,-0.1429298831168831
Energy,2023-10-10,0.10431422222222222
Energy,2023-10-11,0.13766420289855072
Energy,2023-10-12,0.264472
Energy,2023-10-13,-0.029134666666666677
Energy,2023-10-16,0.16186422222222224
Energy,2023-10-17,0.20411028571428572
Energy,2023-10-18,-0.04752713675213676
Energy,2023-10-19,0.18488886363636364
Energy,2023-10-20,0.09046486215538847
Energy,2023-10-23,0.015654545454545456
Energy,2023-10-24,0.1611207142857143
Energy,2023-10-25,0.18856515151515155
Energy,2023-10-26,0.059366886446886445
Energy,2023-10-27,0.08344206896551724
Energy,2023-10-30,0.05613686868686869
Energy,2023-10-31,0.10854921428571429
Energy,2023-11-01,0.18084055555555553
Energy,2023-11-02,0.06592258823529411
Energy,2023-11-03,0.137735
Energy,2023-11-06,0.14513076190476187
Energy,2023-11-07,0.18816583333333334
Energy,2023-11-08,0.1719205
Energy,2023-11-09,0.08788975757575758
Energy,2023-11-10,0.09194380952380951
Energy,2023-11-13,0.18756133333333333
Energy,2023-11-14,0.2560173333333334
Energy,2023-11-15,0.09982333333333333
Energy,2023-11-16,-0.06841416666666665
Energy,2023-11-17,0.06330190476190475
Energy,2023-11-20,0.014805000000000002
Energy,2023-11-21,0.14326642857142857
Energy,2023-11-22,0.12720285714285712
Energy,2023-11-24,0.1504
Energy,2023-11-27,0.16786247619047617
Energy,2023-11-28,-0.025393
Energy,2023-11-29,0.055535833333333326
Energy,2023-11-30,0.11996666666666667
Energy,2023-12-01,0.02309333333333333
Energy,2023-12-04,0.022403333333333334
Energy,2023-12-05,-0.0012753333333333338
Energy,2023-12-06,0.23260824175824174
Energy,2023-12-07,-0.049162000000000004
Energy,2023-12-08,0.11883714285714286
Energy,2023-12-11,0.11960247631975866
Energy,2023-12-12,0.07469653846153847
Energy,2023-12-13,0.13694
Energy,2023-12-14,0.09545666666666666
Energy,2023-12-15,0.003450769230769235
Energy,2023-12-18,0.10588714285714287
Energy,2023-12-19,0.10588714285714287
Energy,2023-12-20,0.10588714285714287
Energy,2023-12-21,0.10588714285714287
Energy,2023-12-22,0.10588714285714287
Energy,2023-12-26,0.10588714285714287
Energy,2023-12-27,0.10588714285714287
Energy,2023-12-28,0.10588714285714287
Energy,2023-12-29,0.10588714285714287
Financials,2020-01-02,0.10718533333333333
Financials,2020-01-03,0.05045500000000001
Financials,2020-01-06,0.284306
Financials,2020-01-07,0.112896
Financials,2020-01-08,0.293586
Financials,2020-01-09,0.26152933333333334
Financials,2020-01-10,0.31458833333333336
Financials,2020-01-13,0.19619
Financials,2020-01-14,0.035565476190476196
Financials,2020-01-15,0.06089596825396826
Financials,2020-01-16,0.14342895726495727
Financials,2020-01-17,0.11717999999999999
Financials,2020-01-21,0.19930555555555557
Financials,2020-01-22,0.07742222222222223
Financials,2020-01-23,0.032470000000000006
Financials,2020-01-24,-0.02652
Financials,2020-01-27,-0.05436
Financials,2020-01-28,0.08901857142857143
Financials,2020-01-29,0.152345
Financials,2020-01-30,0.1730816666666667
Financials,2020-01-31,0.09165809523809523
Financials,2020-02-03,0.07509666666666667
Financials,2020-02-04,0.23612000000000002
Financials,2020-02-05,-0.020840000000000015
Financials,2020-02-06,0.2713986666666667
Financials,2020-02-07,0.15102200000000002
Financials,2020-02-10,0.19224666666666665
Financials,2020-02-11,0.29606714285714286
Financials,2020-02-12,0.15255333333333332
Financials,2020-02-13,0.08528
Financials,2020-02-14,0.18730666666666668
Financials,2020-02-18,-0.005482857142857142
Financials,2020-02-19,0.028644999999999997
Financials,2020-02-20,0.14648388888888889
Financials,2020-02-21,0.28167149999999996
Financials,2020-02-24,0.09375866666666667
Financials,2020-02-25,0.25816133333333335
Financials,2020-02-26,0.16362933333333335
Financials,2020-02-27,0.07106000000000001
Financials,2020-02-28,0.024567499999999996
Financials,2020-03-02,0.17043333333333335
Financials,2020-03-03,-0.08367833333333333
Financials,2020-03-04,0.10631766666666667
Financials,2020-03-05,0.078685
Financials,2020-03-06,-0.00039099999999999693
Financials,2020-03-09,0.20983133333333334
Financials,2020-03-10,0.11389333333333332
Financials,2020-03-11,0.18409
Financials,2020-03-12,0.00711619047619047
Financials,2020-03-13,-0.1996966666666667
Financials,2020-03-16,-0.05933083333333333
Financials,2020-03-17,-0.11708
Financials,2020-03-18,0.033416666666666664
Financials,2020-03-19,-0.15799333333333332
Financials,2020-03-20,-0.05972666666666667
Financials,2020-03-23,-0.02157
Financials,2020-03-24,0.39868000000000003
Financials,2020-03-25,0.19510500000000003
Financials,2020-03-26,0.21854800000000002
Financials,2020-03-27,0.15099666666666667
Financials,2020-03-30,-0.18326533333333334
Financials,2020-03-31,0.05608466666666667
Financials,2020-04-01,0.04631790476190474
Financials,2020-04-02,0.04325633333333333
Financials,2020-04-03,0.09006214285714284
Financials,2020-04-06,0.17170227272727273
Financials,2020-04-07,0.14498366666666668
Financials,2020-04-08,0.09422012987012987
Financials,2020-04-09,0.16522466666666666
Financials,2020-04-13,0.07874942424242423
Financials,2020-04-14,0.1578839627039627
Financials,2020-04-15,0.10646266025641027
Financials,2020-04-16,0.042723166666666666
Financials,2020-04-17,0.07220504545454545
Financials,2020-04-20,0.18399761904761905
Financials,2020-04-21,-0.10992333333333333
Financials,2020-04-22,0.11385200000000002
Financials,2020-04-23,0.13952
Financials,2020-04-24,0.047971666666666656
Financials,2020-04-27,0.09725249999999999
Financials,2020-04-28,0.24410499999999996
Financials,2020-04-29,0.11755166666666668
Financials,2020-04-30,0.07254076190476191
Financials,2020-05-01,-0.06349833333333334
Financials,2020-05-04,0.127824
Financials,2020-05-05,0.02016333333333333
Financials,2020-05-06,0.04762500000000001
Financials,2020-05-07,-0.09306333333333335
Financials,2020-05-08,0.05417266666666665
Financials,2020-05-11,0.161149
Financials,2020-05-12,-0.1478297142857143
Financials,2020-05-13,0.15864920779220779
Financials,2020-05-14,0.09045
Financials,2020-05-15,0.19764214285714285
Financials,2020-05-18,0.07014379365079365
Financials,2020-05-19,0.05999728571428571
Financials,2020-05-20,0.37486
Financials,2020-05-21,0.08162500000000002
Financials,2020-05-22,0.19980333333333336
Financials,2020-05-26,0.1617402380952381
Financials,2020-05-27,0.2774827142857143
Financials,2020-05-28,0.0135845
Financials,2020-05-29,0.041302000000000005
Financials,2020-06-01,0.06342099999999999
Financials,2020-06-02,0.0899891111111111
Financials,2020-06-03,0.21618428571428572
Financials,2020-06-04,0.17758833333333332
Financials,2020-06-05,0.37302366666666664
Financials,2020-06-08,0.2058357142857143
Financials,2020-06-09,0.10131190476190477
Financials,2020-06-10,0.1500709523809524
Financials,2020-06-11,0.0799708888888889
Financials,2020-06-12,0.06477200000000001
Financials,2020-06-15,0.031587
Financials,2020-06-16,0.04038533333333334
Financials,2020-06-17,-0.025888
Financials,2020-06-18,-0.09981999999999999
Financials,2020-06-19,-0.14238
Financials,2020-06-22,-0.1109
Financials,2020-06-23,0.03487
Financials,2020-06-24,0.058322000000000006
Financials,2020-06-25,-0.01028685714285715
Financials,2020-06-26,0.010400476190476193
Financials,2020-06-29,0.13596133333333332
Financials,2020-06-30,0.03491928571428572
Financials,2020-07-01,-0.14882499999999999
Financials,2020-07-02,0.07885
Financials,2020-07-06,0.040134
Financials,2020-07-07,0.012999999999999989
Financials,2020-07-08,0.20814000000000005
Financials,2020-07-09,0.14452166666666666
Financials,2020-07-10,0.04296
Financials,2020-07-13,0.03127666666666666
Financials,2020-07-14,0.009121722222222219
Financials,2020-07-15,0.29622365217391305
Financials,2020-07-16,0.1212908484848485
Financials,2020-07-17,-0.01978438095238095
Financials,2020-07-20,0.07658799999999999
Financials,2020-07-21,0.1515055238095238
Financials,2020-07-22,0.05301433333333333
Financials,2020-07-23,0.010518333333333334
Financials,2020-07-24,-0.010969999999999997
Financials,2020-07-27,0.13596166666666668
Financials,2020-07-28,0.04396
Financials,2020-07-29,0.06744380952380953
Financials,2020-07-30,0.164128
Financials,2020-07-31,0.06129
Financials,2020-08-03,0.05421
Financials,2020-08-04,0.028711666666666656
Financials,2020-08-05,0.070348
Financials,2020-08-06,0.002500000000000005
Financials,2020-08-07,-0.061325000000000005
Financials,2020-08-10,0.26968333333333333
Financials,2020-08-11,0.17205
Financials,2020-08-12,0.09184111111111112
Financials,2020-08-13,-0.09380333333333332
Financials,2020-08-14,0.02203333333333332
Financials,2020-08-17,0.12029333333333334
Financials,2020-08-18,0.12776166666666666
Financials,2020-08-19,0.089782
Financials,2020-08-20,0.1723692857142857
Financials,2020-08-21,0.21390333333333333
Financials,2020-08-24,0.36158666666666667
Financials,2020-08-25,0.30066000000000004
Financials,2020-08-26,0.18224
Financials,2020-08-27,0.07358
Financials,2020-08-28,-0.11062500000000001
Financials,2020-08-31,0.08676999999999999
Financials,2020-09-01,0.13754666666666665
Financials,2020-09-02,0.18320133333333333
Financials,2020-09-03,0.13491666666666666
Financials,2020-09-04,-0.06926
Financials,2020-09-08,0.096395
Financials,2020-09-09,-0.10632
Financials,2020-09-10,0.0035333333333333328
Financials,2020-09-11,-0.05328000000000001
Financials,2020-09-14,-0.015710000000000002
Financials,2020-09-15,0.13044333333333333
Financials,2020-09-16,-0.019540000000000002
Financials,2020-09-17,0.07329
Financials,2020-09-18,0.08238000000000001
Financials,2020-09-21,-0.041182
Financials,2020-09-22,0.04909
Financials,2020-09-23,0.134876
Financials,2020-09-24,0.1426225
Financials,2020-09-25,0.11752
Financials,2020-09-28,0.22749333333333333
Financials,2020-09-29,-0.05424
Financials,2020-09-30,-0.004069428571428571
Financials,2020-10-01,0.177948
Financials,2020-10-02,0.28202222222222223
Financials,2020-10-05,0.18571866666666664
Financials,2020-10-06,0.2608566666666666
Financials,2020-10-07,0.18901066666666666
Financials,2020-10-08,0.19073041666666665
Financials,2020-10-09,0.26195
Financials,2020-10-12,0.21966012210012212
Financials,2020-10-13,0.06127583333333334
Financials,2020-10-14,0.1328304347826087
Financials,2020-10-15,0.16293033333333334
Financials,2020-10-16,0.56552
Financials,2020-10-19,0.17970666666666665
Financials,2020-10-20,0.2647316666666667
Financials,2020-10-21,0.13103800000000002
Financials,2020-10-22,0.22907333333333332
Financials,2020-10-23,0.42074
Financials,2020-10-26,0.129016
Financials,2020-10-27,0.0037400000000000046
Financials,2020-10-28,0.03187761904761905
Financials,2020-10-29,0.10489000000000001
Financials,2020-10-30,0.08553200000000001
Financials,2020-11-02,0.09402999999999999
Financials,2020-11-03,0.08199309523809524
Financials,2020-11-04,0.1607625
Financials,2020-11-05,0.12442
Financials,2020-11-06,0.1398
Financials,2020-11-09,0.04666642857142857
Financials,2020-11-10,0.1362
Financials,2020-11-11,0.1478335238095238
Financials,2020-11-12,0.1692842564102564
Financials,2020-11-13,0.11451333333333333
Financials,2020-11-16,0.12498400000000001
Financials,2020-11-17,-0.013095999999999997
Financials,2020-11-18,0.11738833333333332
Financials,2020-11-19,0.19852933333333334
Financials,2020-11-20,0.10204666666666666
Financials,2020-11-23,0.028933999999999998
Financials,2020-11-24,0.135245
Financials,2020-11-25,0.0005153333333333343
Financials,2020-11-27,0.2263633333333333
Financials,2020-11-30,0.022825000000000012
Financials,2020-12-01,0.33335499999999996
Financials,2020-12-02,0.11765
Financials,2020-12-03,0.11369
Financials,2020-12-04,-0.021160000000000005
Financials,2020-12-07,0.04854066666666666
Financials,2020-12-08,0.047122
Financials,2020-12-09,0.08054333333333333
Financials,2020-12-10,0.140775
Financials,2020-12-11,0.09013499999999999
Financials,2020-12-14,0.16589
Financials,2020-12-15,0.261165
Financials,2020-12-16,0.3079866666666667
Financials,2020-12-17,0.38241933333333333
Financials,2020-12-18,0.13206
Financials,2020-12-21,-0.029942657894736845
Financials,2020-12-22,0.09145800000000001
Financials,2020-12-23,0.19798
Financials,2020-12-24,0.32642
Financials,2020-12-28,0.10080111111111112
Financials,2020-12-29,-0.33083999999999997
Financials,2020-12-30,0.03512
Financials,2020-12-31,0.30639066666666664
Financials,2021-01-04,0.19774166666666665
Financials,2021-01-05,0.2242366666666667
Financials,2021-01-06,0.25573583333333333
Financials,2021-01-07,0.12210380952380953
Financials,2021-01-08,0.16796666666666668
Financials,2021-01-11,0.12951217391304348
Financials,2021-01-12,0.038448833333333335
Financials,2021-01-13,0.08364833333333334
Financials,2021-01-14,-0.013831428571428573
Financials,2021-01-15,0.23589064935064935
Financials,2021-01-19,0.17653755555555556
Financials,2021-01-20,0.06819890756302521
Financials,2021-01-21,0.08945499999999999
Financials,2021-01-22,0.047206
Financials,2021-01-25,0.18912833333333331
Financials,2021-01-26,0.17325944444444447
Financials,2021-01-27,0.0007266666666666643
Financials,2021-01-28,0.08810722222222223
Financials,2021-01-29,0.098247
Financials,2021-02-01,0.072459
Financials,2021-02-02,0.24018333333333333
Financials,2021-02-03,0.20355600000000001
Financials,2021-02-04,-0.020971999999999998
Financials,2021-02-05,0.08035666666666666
Financials,2021-02-08,-0.007614095238095234
Financials,2021-02-09,0.010079999999999995
Financials,2021-02-10,-0.017513333333333332
Financials,2021-02-11,0.14275833333333332
Financials,2021-02-12,0.053059999999999996
Financials,2021-02-16,0.1003685
Financials,2021-02-17,0.24346600000000002
Financials,2021-02-18,0.12531
Financials,2021-02-19,0.16882000000000003
Financials,2021-02-22,0.035070000000000004
Financials,2021-02-23,0.009557777777777776
Financials,2021-02-24,0.101365
Financials,2021-02-25,0.20924133333333333
Financials,2021-02-26,0.11745333333333334
Financials,2021-03-01,0.001716000000000001
Financials,2021-03-02,0.24867600000000004
Financials,2021-03-03,0.011080476190476191
Financials,2021-03-04,0.13841199999999998
Financials,2021-03-05,0.128544
Financials,2021-03-08,0.125455
Financials,2021-03-09,-0.013512000000000001
Financials,2021-03-10,0.19598333333333334
Financials,2021-03-11,0.17150666666666667
Financials,2021-03-12,0.07102333333333335
Financials,2021-03-15,0.17318499999999998
Financials,2021-03-16,0.07153499999999999
Financials,2021-03-17,0.15256999999999998
Financials,2021-03-18,0.161465
Financials,2021-03-19,0.014035999999999993
Financials,2021-03-22,0.262805
Financials,2021-03-23,0.279235
Financials,2021-03-24,0.18848
Financials,2021-03-25,0.074788
Financials,2021-03-26,0.210324
Financials,2021-03-29,0.018072444444444443
Financials,2021-03-30,0.022658076923076927
Financials,2021-03-31,0.063425
Financials,2021-04-01,0.15350199999999997
Financials,2021-04-05,0.16381264069264068
Financials,2021-04-06,-0.02278800000000001
Financials,2021-04-07,0.118085
Financials,2021-04-08,0.013633333333333334
Financials,2021-04-09,0.02396190476190476
Financials,2021-04-12,0.19945612698412699
Financials,2021-04-13,0.24116333333333334
Financials,2021-04-14,0.1197823284457478
Financials,2021-04-15,0.08326666666666667
Financials,2021-04-16,0.2014628571428571
Financials,2021-04-19,0.16203535714285716
Financials,2021-04-20,0.26226
Financials,2021-04-21,0.19099333333333335
Financials,2021-04-22,0.17380333333333337
Financials,2021-04-23,0.23498333333333338
Financials,2021-04-26,0.22928833333333337
Financials,2021-04-27,0.23048085714285715
Financials,2021-04-28,0.06365666666666667
Financials,2021-04-29,0.1488
Financials,2021-04-30,0.150719
Financials,2021-05-03,0.22597499999999998
Financials,2021-05-04,0.14647642857142856
Financials,2021-05-05,0.05547799999999999
Financials,2021-05-06,0.083508
Financials,2021-05-07,0.03286333333333333
Financials,2021-05-10,0.043842000000000006
Financials,2021-05-11,-0.013030000000000003
Financials,2021-05-12,0.06290333333333334
Financials,2021-05-13,0.12655333333333332
Financials,2021-05-14,0.15668833333333335
Financials,2021-05-17,0.29199571428571425
Financials,2021-05-18,0.3380666666666666
Financials,2021-05-19,0.37431000000000003
Financials,2021-05-20,0.26456666666666667
Financials,2021-05-21,0.01351
Financials,2021-05-24,0.031190000000000002
Financials,2021-05-25,0.12618666666666667
Financials,2021-05-26,0.07502499999999998
Financials,2021-05-27,0.009452499999999997
Financials,2021-05-28,0.20167666666666667
Financials,2021-06-01,0.17109955555555553
Financials,2021-06-02,0.16560400000000003
Financials,2021-06-03,-0.005325000000000002
Financials,2021-06-04,0.27615
Financials,2021-06-07,0.21601809523809523
Financials,2021-06-08,0.23598666666666665
Financials,2021-06-09,0.30442366666666665
Financials,2021-06-10,0.16646166666666667
Financials,2021-06-11,0.25991166666666665
Financials,2021-06-14,0.062363333333333326
Financials,2021-06-15,0.18226
Financials,2021-06-16,0.01782333333333333
Financials,2021-06-17,0.05872766666666666
Financials,2021-06-18,0.10187833333333333
Financials,2021-06-21,0.03667666666666667
Financials,2021-06-22,-0.103095
Financials,2021-06-23,0.11712
Financials,2021-06-24,0.16315452380952383
Financials,2021-06-25,-0.03056357142857143
Financials,2021-06-28,0.039690666666666666
Financials,2021-06-29,0.09911
Financials,2021-06-30,0.04118844444444445
Financials,2021-07-01,0.1044458181818182
Financials,2021-07-02,0.038106666666666664
Financials,2021-07-06,-0.1296565
Financials,2021-07-07,-0.12600142857142854
Financials,2021-07-08,0.10945111111111112
Financials,2021-07-09,0.20595476190476192
Financials,2021-07-12,0.15077380952380953
Financials,2021-07-13,0.1380897435897436
Financials,2021-07-14,0.13293692307692306
Financials,2021-07-15,0.04679361111111111
Financials,2021-07-16,0.1601466666666667
Financials,2021-07-19,0.15700275324675325
Financials,2021-07-20,0.19368939393939394
Financials,2021-07-21,0.22480809523809525
Financials,2021-07-22,0.24903999999999998
Financials,2021-07-23,0.10755
Financials,2021-07-26,0.023042857142857136
Financials,2021-07-27,0.16570619047619048
Financials,2021-07-28,0.07306316666666665
Financials,2021-07-29,0.25199
Financials,2021-07-30,0.026839999999999996
Financials,2021-08-02,0.32739666666666667
Financials,2021-08-03,0.213888
Financials,2021-08-04,0.06202
Financials,2021-08-05,-0.04152399999999999
Financials,2021-08-06,-0.04407833333333333
Financials,2021-08-09,0.14374916666666668
Financials,2021-08-10,0.162755
Financials,2021-08-11,0.14228666666666667
Financials,2021-08-12,0.17793285714285714
Financials,2021-08-13,0.07516833333333332
Financials,2021-08-16,0.06406333333333333
Financials,2021-08-17,0.02370557142857142
Financials,2021-08-18,0.133995
Financials,2021-08-19,0.25477
Financials,2021-08-20,0.02708
Financials,2021-08-23,0.17448
Financials,2021-08-24,0.13621
Financials,2021-08-25,0.22293333333333334
Financials,2021-08-26,-0.0505
Financials,2021-08-27,0.07888
Financials,2021-08-30,0.08292000000000001
Financials,2021-08-31,0.19993285714285713
Financials,2021-09-01,0.081215
Financials,2021-09-02,0.18016066666666666
Financials,2021-09-03,0.07333333333333333
Financials,2021-09-07,-0.06371250000000002
Financials,2021-09-08,0.16177000000000002
Financials,2021-09-09,-0.03893500000000001
Financials,2021-09-10,-0.10399666666666665
Financials,2021-09-13,0.047966666666666664
Financials,2021-09-14,0.133525
Financials,2021-09-15,0.19832333333333335
Financials,2021-09-16,0.1476
Financials,2021-09-17,0.13742666666666667
Financials,2021-09-20,-0.0891647619047619
Financials,2021-09-21,-0.020776999999999997
Financials,2021-09-22,0.10247904761904762
Financials,2021-09-23,0.07460800000000001
Financials,2021-09-24,0.1464
Financials,2021-09-27,0.150233
Financials,2021-09-28,0.2564447619047619
Financials,2021-09-29,0.19233
Financials,2021-09-30,0.07618133333333332
Financials,2021-10-01,0.1536286666666667
Financials,2021-10-04,0.036401
Financials,2021-10-05,0.0472
Financials,2021-10-06,0.12173333333333333
Financials,2021-10-07,0.062368
Financials,2021-10-08,0.14272
Financials,2021-10-11,0.16343003663003663
Financials,2021-10-12,0.08390500000000001
Financials,2021-10-13,0.136771
Financials,2021-10-14,0.28640611904761903
Financials,2021-10-15,0.2152540873015873
Financials,2021-10-18,0.03196966666666666
Financials,2021-10-19,-0.1389766666666667
Financials,2021-10-20,-0.030470000000000004
Financials,2021-10-21,0.02457928571428571
Financials,2021-10-22,-0.09915333333333334
Financials,2021-10-25,0.008700833333333335
Financials,2021-10-26,0.15556333333333333
Financials,2021-10-27,0.05774761904761905
Financials,2021-10-28,0.13113928571428574
Financials,2021-10-29,0.19227733333333333
Financials,2021-11-01,0.20181900000000003
Financials,2021-11-02,0.04775214285714286
Financials,2021-11-03,0.10988
Financials,2021-11-04,0.22290000000000001
Financials,2021-11-05,0.10617999999999998
Financials,2021-11-08,0.015729999999999997
Financials,2021-11-09,0.04347333333333333
Financials,2021-11-10,0.049413
Financials,2021-11-11,0.036383000000000006
Financials,2021-11-12,0.004248000000000002
Financials,2021-11-15,0.21119428571428572
Financials,2021-11-16,0.144544
Financials,2021-11-17,0.005269323308270675
Financials,2021-11-18,0.2992
Financials,2021-11-19,0.18721866666666664
Financials,2021-11-22,0.28179999999999994
Financials,2021-11-23,0.064789
Financials,2021-11-24,0.10677999999999999
Financials,2021-11-26,-0.07245966666666667
Financials,2021-11-29,0.05996433333333333
Financials,2021-11-30,0.19243466666666667
Financials,2021-12-01,0.021405
Financials,2021-12-02,-0.008119166666666655
Financials,2021-12-03,0.007251999999999992
Financials,2021-12-06,0.030609333333333332
Financials,2021-12-07,0.06895055555555556
Financials,2021-12-08,-0.045172000000000004
Financials,2021-12-09,0.19018666666666667
Financials,2021-12-10,0.055742
Financials,2021-12-13,0.292502
Financials,2021-12-14,0.10726666666666666
Financials,2021-12-15,0.10769599999999999
Financials,2021-12-16,0.0021969999999999932
Financials,2021-12-17,0.11059133333333335
Financials,2021-12-20,0.022780606060606074
Financials,2021-12-21,0.14662
Financials,2021-12-22,0.16199999999999998
Financials,2021-12-23,0.09492999999999999
Financials,2021-12-27,0.19610999999999998
Financials,2021-12-28,0.15820333333333333
Financials,2021-12-29,-0.05865666666666667
Financials,2021-12-30,0.3046933333333333
Financials,2021-12-31,0.080673
Financials,2022-01-03,0.06696171428571428
Financials,2022-01-04,0.08620244444444444
Financials,2022-01-05,0.12962600000000002
Financials,2022-01-06,0.07243
Financials,2022-01-07,0.06870333333333334
Financials,2022-01-10,0.1865315714285714
Financials,2022-01-11,0.11200333333333332
Financials,2022-01-12,0.20444772727272728
Financials,2022-01-13,0.13047952380952382
Financials,2022-01-14,0.09833298534798535
Financials,2022-01-18,0.152250417794971
Financials,2022-01-19,0.12486406679594915
Financials,2022-01-20,0.13082880952380954
Financials,2022-01-21,0.2109495238095238
Financials,2022-01-24,0.24184999999999998
Financials,2022-01-25,0.16253628571428572
Financials,2022-01-26,0.08993333333333334
Financials,2022-01-27,0.1779895
Financials,2022-01-28,0.10907421245421245
Financials,2022-01-31,0.05790333333333333
Financials,2022-02-01,0.07575704761904763
Financials,2022-02-02,0.252546
Financials,2022-02-03,0.17485333333333333
Financials,2022-02-04,0.11635714285714285
Financials,2022-02-07,0.03795133333333333
Financials,2022-02-08,0.15966466666666665
Financials,2022-02-09,0.16081666666666666
Financials,2022-02-10,0.012031666666666668
Financials,2022-02-11,0.05312133333333333
Financials,2022-02-14,-0.03953460317460318
Financials,2022-02-15,0.10678266666666666
Financials,2022-02-16,0.10663
Financials,2022-02-17,-0.04827509090909091
Financials,2022-02-18,0.05961333333333334
Financials,2022-02-22,0.06306714285714285
Financials,2022-02-23,-0.048138333333333325
Financials,2022-02-24,0.025797142857142852
Financials,2022-02-25,0.009335999999999994
Financials,2022-02-28,-0.03913910714285714
Financials,2022-03-01,-0.0969582380952381
Financials,2022-03-02,0.08833047619047618
Financials,2022-03-03,0.21699000000000002
Financials,2022-03-04,0.09630666666666668
Financials,2022-03-07,-0.005925230769230771
Financials,2022-03-08,0.0681
Financials,2022-03-09,0.11169633333333333
Financials,2022-03-10,-0.019381428571428577
Financials,2022-03-11,0.01792428571428571
Financials,2022-03-14,0.17312
Financials,2022-03-15,0.004542666666666672
Financials,2022-03-16,0.1659182857142857
Financials,2022-03-17,0.2077064285714286
Financials,2022-03-18,0.13341333333333333
Financials,2022-03-21,0.05901466666666666
Financials,2022-03-22,0.11040666666666665
Financials,2022-03-23,0.3455833333333333
Financials,2022-03-24,0.05980704761904763
Financials,2022-03-25,0.20247199999999999
Financials,2022-03-28,0.021341428571428574
Financials,2022-03-29,-0.049535
Financials,2022-03-30,0.022506666666666675
Financials,2022-03-31,0.009513333333333329
Financials,2022-04-01,0.11787044444444443
Financials,2022-04-04,-0.005731384615384619
Financials,2022-04-05,0.189116
Financials,2022-04-06,0.11085699999999998
Financials,2022-04-07,0.06855766666666667
Financials,2022-04-08,0.03279450980392156
Financials,2022-04-11,0.004413142857142854
Financials,2022-04-12,0.07644481818181818
Financials,2022-04-13,0.1319242222222222
Financials,2022-04-14,0.16878082857142856
Financials,2022-04-18,0.24753025974025972
Financials,2022-04-19,0.19647561904761907
Financials,2022-04-20,0.04578
Financials,2022-04-21,-0.08960666666666668
Financials,2022-04-22,0.138025
Financials,2022-04-25,0.14123233333333335
Financials,2022-04-26,0.15742644444444445
Financials,2022-04-27,0.05123577777777779
Financials,2022-04-28,-0.01419095238095237
Financials,2022-04-29,0.13811
Financials,2022-05-02,0.11630000000000003
Financials,2022-05-03,0.21465666666666666
Financials,2022-05-04,0.09532
Financials,2022-05-05,0.127162
Financials,2022-05-06,-0.13598333333333334
Financials,2022-05-09,0.025053333333333334
Financials,2022-05-10,0.14088
Financials,2022-05-11,0.08363833333333333
Financials,2022-05-12,0.09586833333333333
Financials,2022-05-13,0.11499199999999998
Financials,2022-05-16,0.03664714285714285
Financials,2022-05-17,0.050210333333333336
Financials,2022-05-18,0.10264333333333335
Financials,2022-05-19,0.14355400000000001
Financials,2022-05-20,0.22629666666666667
Financials,2022-05-23,-0.02240766666666667
Financials,2022-05-24,0.32992
Financials,2022-05-25,0.15884666666666666
Financials,2022-05-26,0.177105
Financials,2022-05-27,0.11309
Financials,2022-05-31,0.06108333333333334
Financials,2022-06-01,0.10417999999999998
Financials,2022-06-02,0.06271999999999998
Financials,2022-06-03,-0.03326
Financials,2022-06-06,0.23270833333333335
Financials,2022-06-07,0.13640666666666668
Financials,2022-06-08,0.06619714285714287
Financials,2022-06-09,-0.00770666666666667
Financials,2022-06-10,0.07261866666666666
Financials,2022-06-13,0.12708233333333332
Financials,2022-06-14,-0.09208476190476192
Financials,2022-06-15,0.058606666666666675
Financials,2022-06-16,-0.008701666666666672
Financials,2022-06-17,0.08931000000000001
Financials,2022-06-21,-0.02925466666666667
Financials,2022-06-22,0.12378
Financials,2022-06-23,0.049767166666666675
Financials,2022-06-24,0.3014328333333333
Financials,2022-06-27,0.030147333333333342
Financials,2022-06-28,0.13470916666666666
Financials,2022-06-29,0.07374166666666668
Financials,2022-06-30,0.1354057142857143
Financials,2022-07-01,0.06918333333333333
Financials,2022-07-05,0.17731780952380954
Financials,2022-07-06,0.034421999999999994
Financials,2022-07-07,0.18813266666666667
Financials,2022-07-08,0.02326333333333334
Financials,2022-07-11,0.1806987728937729
Financials,2022-07-12,0.12979409523809524
Financials,2022-07-13,-0.020761923076923077
Financials,2022-07-14,-0.02765692857142857
Financials,2022-07-15,0.03811099999999999
Financials,2022-07-18,0.12111054621848741
Financials,2022-07-19,0.08478533333333332
Financials,2022-07-20,0.12118999999999999
Financials,2022-07-21,0.22336499999999998
Financials,2022-07-22,-0.009238333333333335
Financials,2022-07-25,0.128082
Financials,2022-07-26,-0.046189999999999995
Financials,2022-07-27,0.21092500000000003
Financials,2022-07-28,-0.0035026666666666665
Financials,2022-07-29,0.05444
Financials,2022-08-01,0.18658000000000002
Financials,2022-08-02,0.19557600000000003
Financials,2022-08-03,0.183295
Financials,2022-08-04,0.149669
Financials,2022-08-05,0.15424066666666664
Financials,2022-08-08,0.12589142857142857
Financials,2022-08-09,0.12110000000000001
Financials,2022-08-10,0.2238425
Financials,2022-08-11,-0.04968499999999999
Financials,2022-08-12,0.242618
Financials,2022-08-15,0.09562333333333332
Financials,2022-08-16,0.06856
Financials,2022-08-17,0.06278000000000002
Financials,2022-08-18,0.20482266666666665
Financials,2022-08-19,0.09653333333333333
Financials,2022-08-22,0.044505
Financials,2022-08-23,0.248447
Financials,2022-08-24,0.054753333333333334
Financials,2022-08-25,0.017446
Financials,2022-08-26,0.11271666666666666
Financials,2022-08-29,0.218335
Financials,2022-08-30,0.02409
Financials,2022-08-31,0.061616666666666674
Financials,2022-09-01,0.277945
Financials,2022-09-02,0.11016466666666666
Financials,2022-09-06,0.06870833333333334
Financials,2022-09-07,0.00998
Financials,2022-09-08,0.154652
Financials,2022-09-09,0.216123
Financials,2022-09-12,0.082844
Financials,2022-09-13,0.17917
Financials,2022-09-14,-0.008446666666666658
Financials,2022-09-15,0.21970642857142858
Financials,2022-09-16,0.100016
Financials,2022-09-19,0.06296333333333333
Financials,2022-09-20,0.06292633333333333
Financials,2022-09-21,0.028435
Financials,2022-09-22,-0.043146666666666667
Financials,2022-09-23,0.09322666666666665
Financials,2022-09-26,0.18393866666666664
Financials,2022-09-27,0.08595411111111112
Financials,2022-09-28,0.14922222222222223
Financials,2022-09-29,0.10194055555555555
Financials,2022-09-30,0.2542522222222222
Financials,2022-10-03,0.26556799999999997
Financials,2022-10-04,0.2805754761904762
Financials,2022-10-05,0.16485333333333335
Financials,2022-10-06,0.10615523809523811
Financials,2022-10-07,0.116085
Financials,2022-10-10,0.10799600000000001
Financials,2022-10-11,-0.283775
Financials,2022-10-12,-0.10776266666666667
Financials,2022-10-13,0.048717333333333335
Financials,2022-10-14,0.13777425787106448
Financials,2022-10-17,0.12281533333333332
Financials,2022-10-18,0.10424
Financials,2022-10-19,0.07913333333333332
Financials,2022-10-20,0.09071333333333334
Financials,2022-10-21,0.014503333333333323
Financials,2022-10-24,-0.02624111111111112
Financials,2022-10-25,0.2061398333333333
Financials,2022-10-26,0.16643945454545453
Financials,2022-10-27,0.19666066666666668
Financials,2022-10-28,0.029960000000000004
Financials,2022-10-31,0.21303999999999998
Financials,2022-11-01,0.06302333333333335
Financials,2022-11-02,0.16016666666666668
Financials,2022-11-03,-0.007953333333333333
Financials,2022-11-04,0.10698666666666665
Financials,2022-11-07,-0.02329333333333334
Financials,2022-11-08,0.003986666666666666
Financials,2022-11-09,0.12582
Financials,2022-11-10,0.0256
Financials,2022-11-11,0.10765333333333334
Financials,2022-11-14,0.20764666666666667
Financials,2022-11-15,0.08613
Financials,2022-11-16,-0.0038599999999999967
Financials,2022-11-17,0.213385
Financials,2022-11-18,0.22988499999999998
Financials,2022-11-21,0.15359685714285715
Financials,2022-11-22,0.231296
Financials,2022-11-23,0.20916
Financials,2022-11-25,0.14007733333333333
Financials,2022-11-28,0.12988666666666665
Financials,2022-11-29,0.3196833333333333
Financials,2022-11-30,0.16699666666666668
Financials,2022-12-01,-0.07454566666666666
Financials,2022-12-02,0.1409753333333333
Financials,2022-12-05,0.20560666666666666
Financials,2022-12-06,-0.020333454545454543
Financials,2022-12-07,-0.0019999999999999935
Financials,2022-12-08,0.11402799999999998
Financials,2022-12-09,0.0
Financials,2022-12-12,0.07471611111111112
Financials,2022-12-13,0.13244166666666668
Financials,2022-12-14,0.012729333333333325
Financials,2022-12-15,0.3178533333333333
Financials,2022-12-16,-0.06164999999999998
Financials,2022-12-19,0.034464952380952374
Financials,2022-12-20,0.25217757575757577
Financials,2022-12-21,0.09259928571428572
Financials,2022-12-22,0.293308
Financials,2022-12-23,0.180484
Financials,2022-12-27,0.14616
Financials,2022-12-28,0.13469
Financials,2022-12-29,0.05306999999999999
Financials,2022-12-30,0.12387999999999999
Financials,2023-01-03,0.10186999999999999
Financials,2023-01-04,0.20074933333333336
Financials,2023-01-05,0.05521666666666666
Financials,2023-01-06,0.14201333333333335
Financials,2023-01-09,0.06769607142857142
Financials,2023-01-10,0.09431809523809524
Financials,2023-01-11,0.06307873015873015
Financials,2023-01-12,0.10104057142857144
Financials,2023-01-13,0.06712692640692641
Financials,2023-01-17,0.15807083006984537
Financials,2023-01-18,0.1870106349206349
Financials,2023-01-19,0.0473235
Financials,2023-01-20,0.051685333333333326
Financials,2023-01-23,-0.054972
Financials,2023-01-24,0.10409500000000001
Financials,2023-01-25,0.06552033333333333
Financials,2023-01-26,0.17639711111111112
Financials,2023-01-27,0.197322
Financials,2023-01-30,0.15553333333333336
Financials,2023-01-31,0.10103333333333334
Financials,2023-02-01,0.05386333333333333
Financials,2023-02-02,0.13968644444444445
Financials,2023-02-03,0.093275
Financials,2023-02-06,-0.04886666666666667
Financials,2023-02-07,0.24303333333333335
Financials,2023-02-08,0.0311
Financials,2023-02-09,-0.03314999999999998
Financials,2023-02-10,-0.055994999999999996
Financials,2023-02-13,0.09737666666666667
Financials,2023-02-14,-0.02954066666666667
Financials,2023-02-15,-0.08132750000000001
Financials,2023-02-16,0.04416
Financials,2023-02-17,0.22298999999999997
Financials,2023-02-21,0.0012510000000000021
Financials,2023-02-22,0.08781900000000001
Financials,2023-02-23,0.13172166666666668
Financials,2023-02-24,0.10556066666666666
Financials,2023-02-27,-0.011213928571428566
Financials,2023-02-28,0.08702212121212119
Financials,2023-03-01,0.09284666666666667
Financials,2023-03-02,0.13739400000000002
Financials,2023-03-03,0.00871666666666666
Financials,2023-03-06,0.10359059523809525
Financials,2023-03-07,0.24231166666666665
Financials,2023-03-08,0.06828730158730159
Financials,2023-03-09,0.047027
Financials,2023-03-10,0.0075823333333333385
Financials,2023-03-13,-0.07964403030303031
Financials,2023-03-14,0.17148380952380954
Financials,2023-03-15,0.011017111111111116
Financials,2023-03-16,-0.1286202777777778
Financials,2023-03-17,-0.04826114285714286
Financials,2023-03-20,0.13583814285714285
Financials,2023-03-21,0.12551285714285715
Financials,2023-03-22,0.05774428571428571
Financials,2023-03-23,-0.025778333333333337
Financials,2023-03-24,-0.10548969696969698
Financials,2023-03-27,0.09948515873015873
Financials,2023-03-28,0.22000999999999998
Financials,2023-03-29,0.028922833333333335
Financials,2023-03-30,0.22542380952380953
Financials,2023-03-31,0.14908133333333334
Financials,2023-04-03,0.1105602380952381
Financials,2023-04-04,-0.06442299999999998
Financials,2023-04-05,-0.006242857142857142
Financials,2023-04-06,0.18461666666666665
Financials,2023-04-10,0.05520839393939395
Financials,2023-04-11,0.024665824175824174
Financials,2023-04-12,0.11431438095238096
Financials,2023-04-13,0.05647070676691729
Financials,2023-04-14,0.05700509090909091
Financials,2023-04-17,0.11059273918128656
Financials,2023-04-18,0.10402990476190477
Financials,2023-04-19,0.11925920728291314
Financials,2023-04-20,0.03713785714285714
Financials,2023-04-21,0.07392333333333334
Financials,2023-04-24,0.08312648051948052
Financials,2023-04-25,-0.007580757575757569
Financials,2023-04-26,0.16616322222222224
Financials,2023-04-27,0.21821599999999997
Financials,2023-04-28,0.0037038095238095202
Financials,2023-05-01,-0.10192933333333334
Financials,2023-05-02,0.06805161904761906
Financials,2023-05-03,0.07866285714285715
Financials,2023-05-04,0.05794333333333335
Financials,2023-05-05,0.35513333333333336
Financials,2023-05-08,0.048366666666666676
Financials,2023-05-09,-0.14740777777777775
Financials,2023-05-10,0.02547619047619048
Financials,2023-05-11,-0.04686666666666666
Financials,2023-05-12,-0.01715
Financials,2023-05-15,-0.08124590476190477
Financials,2023-05-16,0.03108590476190476
Financials,2023-05-17,0.077335
Financials,2023-05-18,0.077354
Financials,2023-05-19,0.04697371794871795
Financials,2023-05-22,0.05849142857142857
Financials,2023-05-23,0.15393666666666667
Financials,2023-05-24,0.05431066666666666
Financials,2023-05-25,0.070185
Financials,2023-05-26,0.06063500000000001
Financials,2023-05-30,0.008882666666666667
Financials,2023-05-31,0.09111780952380952
Financials,2023-06-01,0.045123636363636366
Financials,2023-06-02,-0.004618214285714288
Financials,2023-06-05,0.06754666666666667
Financials,2023-06-06,0.15901933333333335
Financials,2023-06-07,0.17646499999999998
Financials,2023-06-08,0.08072166666666666
Financials,2023-06-09,0.052917727272727276
Financials,2023-06-12,0.05951555555555556
Financials,2023-06-13,0.19952090909090908
Financials,2023-06-14,0.08405666666666667
Financials,2023-06-15,0.23430333333333336
Financials,2023-06-16,0.12568380952380953
Financials,2023-06-20,0.10127937878787878
Financials,2023-06-21,0.094486
Financials,2023-06-22,0.16674590476190473
Financials,2023-06-23,-0.014856666666666666
Financials,2023-06-26,0.11246169696969696
Financials,2023-06-27,0.251944
Financials,2023-06-28,-0.10867057575757574
Financials,2023-06-29,0.06394684537684538
Financials,2023-06-30,-0.004591666666666672
Financials,2023-07-03,0.06760329581529581
Financials,2023-07-05,0.14094055555555557
Financials,2023-07-06,0.11442809523809523
Financials,2023-07-07,0.04714533333333334
Financials,2023-07-10,0.010548666666666668
Financials,2023-07-11,0.10374166666666666
Financials,2023-07-12,0.05455066666666666
Financials,2023-07-13,-0.008363055555555554
Financials,2023-07-14,0.0233518888888889
Financials,2023-07-17,0.04880962656641604
Financials,2023-07-18,0.15342591991341992
Financials,2023-07-19,0.1226672103174603
Financials,2023-07-20,0.11344249999999997
Financials,2023-07-21,0.10890333333333332
Financials,2023-07-24,0.09809236363636363
Financials,2023-07-25,0.11351977777777778
Financials,2023-07-26,0.08693066666666667
Financials,2023-07-27,0.1327895238095238
Financials,2023-07-28,0.05968880952380952
Financials,2023-07-31,0.04361562770562771
Financials,2023-08-01,0.049138333333333326
Financials,2023-08-02,0.08076857142857144
Financials,2023-08-03,0.10448333333333333
Financials,2023-08-04,0.05584666666666667
Financials,2023-08-07,-0.03905933333333332
Financials,2023-08-08,-0.06663933333333334
Financials,2023-08-09,0.08428552380952381
Financials,2023-08-10,0.130885
Financials,2023-08-11,0.13278666666666666
Financials,2023-08-14,0.08976938461538461
Financials,2023-08-15,-0.0680275641025641
Financials,2023-08-16,-0.020946666666666672
Financials,2023-08-17,0.0812525
Financials,2023-08-18,0.08638466666666667
Financials,2023-08-21,0.14010809523809525
Financials,2023-08-22,0.00032999999999999696
Financials,2023-08-23,0.1773108333333333
Financials,2023-08-24,-0.014456666666666663
Financials,2023-08-25,0.023236
Financials,2023-08-28,0.1284199696969697
Financials,2023-08-29,-0.059906666666666664
Financials,2023-08-30,0.07611700000000002
Financials,2023-08-31,0.09642952380952381
Financials,2023-09-01,0.06003333333333334
Financials,2023-09-05,0.10005848717948718
Financials,2023-09-06,0.2942828571428571
Financials,2023-09-07,0.2701097777777778
Financials,2023-09-08,0.09885690476190476
Financials,2023-09-11,0.11406051282051281
Financials,2023-09-12,0.19236961904761904
Financials,2023-09-13,0.08673433333333333
Financials,2023-09-14,0.17260733333333333
Financials,2023-09-15,0.027317619047619045
Financials,2023-09-18,0.28037377777777783
Financials,2023-09-19,0.1329614285714286
Financials,2023-09-20,0.06515333333333334
Financials,2023-09-21,0.07937
Financials,2023-09-22,-0.002622000000000002
Financials,2023-09-25,0.09793866666666667
Financials,2023-09-26,0.13594161904761903
Financials,2023-09-27,0.09228857142857141
Financials,2023-09-28,0.15560714285714286
Financials,2023-09-29,0.20885166666666666
Financials,2023-10-02,0.17364866666666665
Financials,2023-10-03,0.17091338888888888
Financials,2023-10-04,0.12822333333333333
Financials,2023-10-05,0.08971971428571428
Financials,2023-10-06,0.1367983333333333
Financials,2023-10-09,0.14637065934065935
Financials,2023-10-10,0.05015380952380951
Financials,2023-10-11,0.020823714285714286
Financials,2023-10-12,0.07636921212121213
Financials,2023-10-13,-0.018406725490196073
Financials,2023-10-16,0.0419316
Financials,2023-10-17,0.15135962962962962
Financials,2023-10-18,0.023192812107247586
Financials,2023-10-19,0.07192066666666667
Financials,2023-10-20,0.09365933333333334
Financials,2023-10-23,0.014801190476190473
Financials,2023-10-24,0.09878833333333334
Financials,2023-10-25,0.11698
Financials,2023-10-26,0.176184
Financials,2023-10-27,0.06367500000000001
Financials,2023-10-30,0.12130333333333335
Financials,2023-10-31,0.06587833333333333
Financials,2023-11-01,0.086815
Financials,2023-11-02,0.182036
Financials,2023-11-03,0.20951
Financials,2023-11-06,0.03397111111111112
Financials,2023-11-07,0.11808333333333332
Financials,2023-11-08,0.08657976190476191
Financials,2023-11-09,0.031095555555555553
Financials,2023-11-10,0.12510833333333332
Financials,2023-11-13,-0.13721968831168832
Financials,2023-11-14,0.09372428571428572
Financials,2023-11-15,0.08538166666666666
Financials,2023-11-16,0.04119166666666666
Financials,2023-11-17,0.117218
Financials,2023-11-20,0.02975
Financials,2023-11-21,0.075168
Financials,2023-11-22,-0.08744933333333334
Financials,2023-11-24,0.04751427777777778
Financials,2023-11-27,0.0899925
Financials,2023-11-28,0.12230933333333334
Financials,2023-11-29,0.10074466666666666
Financials,2023-11-30,0.13476333333333335
Financials,2023-12-01,-0.021476000000000006
Financials,2023-12-04,0.07669261111111111
Financials,2023-12-05,0.10464583333333333
Financials,2023-12-06,-0.015111666666666666
Financials,2023-12-07,0.05022666666666666
Financials,2023-12-08,0.06434500000000001
Financials,2023-12-11,0.09806392857142857
Financials,2023-12-12,0.17618836363636364
Financials,2023-12-13,0.11768944444444444
Financials,2023-12-14,0.10580366666666667
Financials,2023-12-15,0.2229675238095238
Financials,2023-12-18,0.161612
Financials,2023-12-19,0.161612
Financials,2023-12-20,0.161612
Financials,2023-12-21,0.161612
Financials,2023-12-22,0.161612
Financials,2023-12-26,0.161612
Financials,2023-12-27,0.161612
Financials,2023-12-28,0.161612
Financials,2023-12-29,0.161612
Healthcare,2020-01-02,0.21549047619047618
Healthcare,2020-01-03,0.21347214285714283
Healthcare,2020-01-06,0.32718
Healthcare,2020-01-07,0.10863733333333334
Healthcare,2020-01-08,0.22532444444444444
Healthcare,2020-01-09,0.21403333333333335
Healthcare,2020-01-10,0.24778000000000003
Healthcare,2020-01-13,0.13385750000000002
Healthcare,2020-01-14,0.31071
Healthcare,2020-01-15,0.27131
Healthcare,2020-01-16,0.151955
Healthcare,2020-01-17,0.2317683333333333
Healthcare,2020-01-21,0.09057404761904761
Healthcare,2020-01-22,0.06784916666666667
Healthcare,2020-01-23,0.020309999999999998
Healthcare,2020-01-24,0.2246453333333333
Healthcare,2020-01-27,0.2709377777777778
Healthcare,2020-01-28,0.18641166666666664
Healthcare,2020-01-29,0.141442
Healthcare,2020-01-30,0.19092272727272727
Healthcare,2020-01-31,0.278198
Healthcare,2020-02-03,0.11825192780337941
Healthcare,2020-02-04,0.19332619047619048
Healthcare,2020-02-05,0.16506785714285713
Healthcare,2020-02-06,0.22736007692307694
Healthcare,2020-02-07,0.27210303030303035
Healthcare,2020-02-10,0.11869
Healthcare,2020-02-11,0.07090166666666668
Healthcare,2020-02-12,0.13680083333333332
Healthcare,2020-02-13,0.08153333333333333
Healthcare,2020-02-14,0.25895
Healthcare,2020-02-18,0.09015181372549019
Healthcare,2020-02-19,0.24066722222222223
Healthcare,2020-02-20,0.215124
Healthcare,2020-02-21,0.013755000000000007
Healthcare,2020-02-24,0.1128396638655462
Healthcare,2020-02-25,0.19953
Healthcare,2020-02-26,0.0448771568627451
Healthcare,2020-02-27,0.03854799999999999
Healthcare,2020-02-28,-0.024808000000000004
Healthcare,2020-03-02,0.19403901785714286
Healthcare,2020-03-03,0.37418615384615384
Healthcare,2020-03-04,0.42545099999999997
Healthcare,2020-03-05,0.17941728205128205
Healthcare,2020-03-06,0.22134054545454546
Healthcare,2020-03-09,0.11973799999999998
Healthcare,2020-03-10,0.14320875
Healthcare,2020-03-11,0.24613083333333333
Healthcare,2020-03-12,-0.14734066666666668
Healthcare,2020-03-13,0.007959999999999995
Healthcare,2020-03-16,0.004297333333333336
Healthcare,2020-03-17,0.31710000000000005
Healthcare,2020-03-18,0.20724458333333334
Healthcare,2020-03-19,0.21280833333333335
Healthcare,2020-03-20,0.11065666666666667
Healthcare,2020-03-23,0.044644329004329006
Healthcare,2020-03-24,0.27379619047619047
Healthcare,2020-03-25,0.18096380952380953
Healthcare,2020-03-26,0.26740909090909093
Healthcare,2020-03-27,0.30992600000000003
Healthcare,2020-03-30,0.14428057142857142
Healthcare,2020-03-31,0.08203857142857143
Healthcare,2020-04-01,0.10086333333333335
Healthcare,2020-04-02,0.11523071428571427
Healthcare,2020-04-03,0.16289404761904763
Healthcare,2020-04-06,0.33347310344827585
Healthcare,2020-04-07,0.04370877192982456
Healthcare,2020-04-08,0.12525555555555554
Healthcare,2020-04-09,0.03140166666666667
Healthcare,2020-04-13,-0.004051999999999989
Healthcare,2020-04-14,0.1798114285714286
Healthcare,2020-04-15,-0.06218309523809523
Healthcare,2020-04-16,0.2999842355889724
Healthcare,2020-04-17,0.2963773824593129
Healthcare,2020-04-20,-0.0469971914893617
Healthcare,2020-04-21,-0.017922476190476176
Healthcare,2020-04-22,0.23577243589743588
Healthcare,2020-04-23,0.15419
Healthcare,2020-04-24,0.06546185714285715
Healthcare,2020-04-27,-0.013337523809523796
Healthcare,2020-04-28,0.15199275384615385
Healthcare,2020-04-29,0.03418616091954023
Healthcare,2020-04-30,0.15098261538461538
Healthcare,2020-05-01,0.04070619463753724
Healthcare,2020-05-04,0.05139512820512819
Healthcare,2020-05-05,0.167238431372549
Healthcare,2020-05-06,0.16397444444444445
Healthcare,2020-05-07,0.17602833333333331
Healthcare,2020-05-08,-0.024708472222222222
Healthcare,2020-05-11,0.029247487922705317
Healthcare,2020-05-12,-0.07803590476190475
Healthcare,2020-05-13,0.11921718259518259
Healthcare,2020-05-14,0.12298833333333334
Healthcare,2020-05-15,-0.007057727272727276
Healthcare,2020-05-18,0.11098933333333334
Healthcare,2020-05-19,0.2208736666666667
Healthcare,2020-05-20,0.14987197802197802
Healthcare,2020-05-21,0.093502
Healthcare,2020-05-22,0.127765
Healthcare,2020-05-26,0.03672219047619048
Healthcare,2020-05-27,-0.018775111111111104
Healthcare,2020-05-28,-0.06203166666666667
Healthcare,2020-05-29,0.15832388888888888
Healthcare,2020-06-01,0.18343555555555555
Healthcare,2020-06-02,0.021175151515151515
Healthcare,2020-06-03,0.25402650793650794
Healthcare,2020-06-04,0.10282650793650794
Healthcare,2020-06-05,0.12289722222222221
Healthcare,2020-06-08,0.055461315789473685
Healthcare,2020-06-09,0.02794083333333333
Healthcare,2020-06-10,0.10565777777777778
Healthcare,2020-06-11,0.21064
Healthcare,2020-06-12,0.12720800000000002
Healthcare,2020-06-15,0.17032571428571427
Healthcare,2020-06-16,0.05510666666666665
Healthcare,2020-06-17,-0.15136
Healthcare,2020-06-18,0.20376333333333335
Healthcare,2020-06-19,0.21704333333333334
Healthcare,2020-06-22,0.2720066666666666
Healthcare,2020-06-23,0.1305725
Healthcare,2020-06-24,0.14314666666666667
Healthcare,2020-06-25,0.0956825
Healthcare,2020-06-26,-0.007250999999999999
Healthcare,2020-06-29,0.167875
Healthcare,2020-06-30,0.08506000000000002
Healthcare,2020-07-01,0.1957788888888889
Healthcare,2020-07-02,0.15533055555555558
Healthcare,2020-07-06,0.09275857142857143
Healthcare,2020-07-07,0.11636333333333333
Healthcare,2020-07-08,0.1696019047619048
Healthcare,2020-07-09,0.08916333333333334
Healthcare,2020-07-10,0.22027181818181818
Healthcare,2020-07-13,0.05238
Healthcare,2020-07-14,0.22698999999999997
Healthcare,2020-07-15,0.20084999999999997
Healthcare,2020-07-16,0.140734
Healthcare,2020-07-17,-0.12045333333333334
Healthcare,2020-07-20,0.07155500000000001
Healthcare,2020-07-21,0.19736
Healthcare,2020-07-22,0.39098
Healthcare,2020-07-23,-0.06659999999999998
Healthcare,2020-07-24,0.164015
Healthcare,2020-07-27,-0.0036657142857142847
Healthcare,2020-07-28,0.0381
Healthcare,2020-07-29,0.138288
Healthcare,2020-07-30,0.0971075
Healthcare,2020-07-31,0.1525548717948718
Healthcare,2020-08-03,0.05058619047619047
Healthcare,2020-08-04,0.017150000000000002
Healthcare,2020-08-05,-0.058089999999999996
Healthcare,2020-08-06,0.222255
Healthcare,2020-08-07,0.2503357142857143
Healthcare,2020-08-10,0.16553333333333334
Healthcare,2020-08-11,0.10846
Healthcare,2020-08-12,0.04046
Healthcare,2020-08-13,-0.13394
Healthcare,2020-08-14,0.04046
Healthcare,2020-08-17,0.28033
Healthcare,2020-08-18,0.03578
Healthcare,2020-08-19,0.17457166666666665
Healthcare,2020-08-20,0.044259999999999994
Healthcare,2020-08-21,0.04069
Healthcare,2020-08-24,0.18137
Healthcare,2020-08-25,0.20036777777777778
Healthcare,2020-08-26,0.117564
Healthcare,2020-08-27,0.11295866666666665
Healthcare,2020-08-28,-0.014042666666666665
Healthcare,2020-08-31,0.1798311111111111
Healthcare,2020-09-01,0.1095352380952381
Healthcare,2020-09-02,-0.164755
Healthcare,2020-09-03,0.027005
Healthcare,2020-09-04,0.02828142857142858
Healthcare,2020-09-08,0.047805
Healthcare,2020-09-09,0.133745
Healthcare,2020-09-10,0.245695
Healthcare,2020-09-11,-0.05620666666666667
Healthcare,2020-09-14,0.12028834782608695
Healthcare,2020-09-15,0.16348666666666667
Healthcare,2020-09-16,-0.05527
Healthcare,2020-09-17,0.081785
Healthcare,2020-09-18,-0.018558999999999992
Healthcare,2020-09-21,-0.205646
Healthcare,2020-09-22,0.348794
Healthcare,2020-09-23,0.2439373333333333
Healthcare,2020-09-24,9.399999999999409e-05
Healthcare,2020-09-25,0.13239733333333334
Healthcare,2020-09-28,0.09614199999999999
Healthcare,2020-09-29,0.23325
Healthcare,2020-09-30,0.235825
Healthcare,2020-10-01,0.19103166666666666
Healthcare,2020-10-02,0.009844999999999993
Healthcare,2020-10-05,0.08913222222222222
Healthcare,2020-10-06,0.12832333333333332
Healthcare,2020-10-07,0.2207547619047619
Healthcare,2020-10-08,0.06906833333333333
Healthcare,2020-10-09,-0.060580999999999996
Healthcare,2020-10-12,0.027217500000000006
Healthcare,2020-10-13,-0.073055
Healthcare,2020-10-14,0.05168400000000001
Healthcare,2020-10-15,0.18227333333333334
Healthcare,2020-10-16,0.06095461538461537
Healthcare,2020-10-19,0.17096166666666665
Healthcare,2020-10-20,0.30983
Healthcare,2020-10-21,0.30391599999999996
Healthcare,2020-10-22,0.19340600000000002
Healthcare,2020-10-23,0.02636600000000001
Healthcare,2020-10-26,0.08909777777777779
Healthcare,2020-10-27,0.06143714285714286
Healthcare,2020-10-28,-0.008314666666666665
Healthcare,2020-10-29,0.20504466666666668
Healthcare,2020-10-30,0.08732345454545455
Healthcare,2020-11-02,0.12432555555555555
Healthcare,2020-11-03,0.16307733333333332
Healthcare,2020-11-04,0.18835777777777776
Healthcare,2020-11-05,0.047150000000000004
Healthcare,2020-11-06,0.0
Healthcare,2020-11-09,0.20935333333333334
Healthcare,2020-11-10,0.212596
Healthcare,2020-11-11,0.12934
Healthcare,2020-11-12,0.018690000000000002
Healthcare,2020-11-13,0.17160000000000003
Healthcare,2020-11-16,0.029619000000000006
Healthcare,2020-11-17,-0.028674999999999996
Healthcare,2020-11-18,0.09573333333333334
Healthcare,2020-11-19,0.12472333333333334
Healthcare,2020-11-20,0.0351975
Healthcare,2020-11-23,0.1924425238095238
Healthcare,2020-11-24,0.12328466666666667
Healthcare,2020-11-25,0.04019
Healthcare,2020-11-27,-0.03129333333333334
Healthcare,2020-11-30,0.16828333333333334
Healthcare,2020-12-01,0.04019
Healthcare,2020-12-02,0.207675
Healthcare,2020-12-03,0.24151499999999998
Healthcare,2020-12-04,0.18651333333333336
Healthcare,2020-12-07,0.010719999999999997
Healthcare,2020-12-08,0.16099333333333332
Healthcare,2020-12-09,0.013816666666666666
Healthcare,2020-12-10,0.06313500000000001
Healthcare,2020-12-11,0.301453
Healthcare,2020-12-14,0.14211500000000002
Healthcare,2020-12-15,0.25432166666666667
Healthcare,2020-12-16,0.332135
Healthcare,2020-12-17,0.05570533333333333
Healthcare,2020-12-18,0.17989000000000002
Healthcare,2020-12-21,0.27162
Healthcare,2020-12-22,0.040535999999999996
Healthcare,2020-12-23,0.10367222222222221
Healthcare,2020-12-24,0.24567
Healthcare,2020-12-28,0.14919
Healthcare,2020-12-29,0.12786666666666666
Healthcare,2020-12-30,0.13432666666666665
Healthcare,2020-12-31,0.21127666666666664
Healthcare,2021-01-04,0.16366
Healthcare,2021-01-05,0.27824499999999996
Healthcare,2021-01-06,0.04191
Healthcare,2021-01-07,-0.047700000000000006
Healthcare,2021-01-08,-0.012906666666666669
Healthcare,2021-01-11,-0.10957285714285714
Healthcare,2021-01-12,0.09381500000000001
Healthcare,2021-01-13,0.159065
Healthcare,2021-01-14,0.1252
Healthcare,2021-01-15,0.12534499999999998
Healthcare,2021-01-19,0.10955
Healthcare,2021-01-20,0.366
Healthcare,2021-01-21,0.16784
Healthcare,2021-01-22,0.12738
Healthcare,2021-01-25,0.1696185
Healthcare,2021-01-26,-0.003666666666666668
Healthcare,2021-01-27,0.08873714285714285
Healthcare,2021-01-28,0.18121199999999998
Healthcare,2021-01-29,-0.028199999999999996
Healthcare,2021-02-01,0.23296999999999998
Healthcare,2021-02-02,0.19766500000000004
Healthcare,2021-02-03,0.08067166666666667
Healthcare,2021-02-04,0.10124318181818182
Healthcare,2021-02-05,0.3976346666666667
Healthcare,2021-02-08,-0.027191999999999994
Healthcare,2021-02-09,0.22651
Healthcare,2021-02-10,0.19983599999999999
Healthcare,2021-02-11,0.03291
Healthcare,2021-02-12,0.07707000000000001
Healthcare,2021-02-16,0.0019100000000000117
Healthcare,2021-02-17,0.03251333333333334
Healthcare,2021-02-18,0.11442000000000001
Healthcare,2021-02-19,0.13655333333333336
Healthcare,2021-02-22,0.191966
Healthcare,2021-02-23,-0.010640000000000005
Healthcare,2021-02-24,0.11243
Healthcare,2021-02-25,0.2481325
Healthcare,2021-02-26,0.016120000000000002
Healthcare,2021-03-01,0.25453000000000003
Healthcare,2021-03-02,0.28883000000000003
Healthcare,2021-03-03,0.32574000000000003
Healthcare,2021-03-04,0.031912499999999996
Healthcare,2021-03-05,-0.01999
Healthcare,2021-03-08,0.09863999999999999
Healthcare,2021-03-09,0.059199999999999996
Healthcare,2021-03-10,0.14432
Healthcare,2021-03-11,0.028587999999999995
Healthcare,2021-03-12,-0.0035800000000000025
Healthcare,2021-03-15,0.20649314285714288
Healthcare,2021-03-16,0.19187714285714286
Healthcare,2021-03-17,0.15264714285714284
Healthcare,2021-03-18,0.11881333333333333
Healthcare,2021-03-19,0.20043333333333332
Healthcare,2021-03-22,0.11120400000000004
Healthcare,2021-03-23,0.08232999999999999
Healthcare,2021-03-24,0.17994000000000002
Healthcare,2021-03-25,0.14908000000000002
Healthcare,2021-03-26,0.03299833333333333
Healthcare,2021-03-29,0.28385666666666665
Healthcare,2021-03-30,0.05071000000000001
Healthcare,2021-03-31,0.050409999999999996
Healthcare,2021-04-01,0.02037000000000001
Healthcare,2021-04-05,0.16691533333333336
Healthcare,2021-04-06,0.15532200000000002
Healthcare,2021-04-07,0.24366000000000004
Healthcare,2021-04-08,0.18567799999999998
Healthcare,2021-04-09,0.16857
Healthcare,2021-04-12,0.08036833333333333
Healthcare,2021-04-13,-0.02839666666666667
Healthcare,2021-04-14,-0.01144666666666666
Healthcare,2021-04-15,0.10661000000000001
Healthcare,2021-04-16,-0.007079999999999999
Healthcare,2021-04-19,0.044012857142857145
Healthcare,2021-04-20,0.08759333333333333
Healthcare,2021-04-21,0.24697
Healthcare,2021-04-22,0.048555
Healthcare,2021-04-23,0.04348
Healthcare,2021-04-26,0.241355
Healthcare,2021-04-27,0.22128166666666668
Healthcare,2021-04-28,0.1388272380952381
Healthcare,2021-04-29,0.12076885714285715
Healthcare,2021-04-30,0.15298984615384617
Healthcare,2021-05-03,0.20693433333333333
Healthcare,2021-05-04,0.10430999999999999
Healthcare,2021-05-05,0.22193000000000002
Healthcare,2021-05-06,0.03660999999999999
Healthcare,2021-05-07,0.03864
Healthcare,2021-05-10,0.08046266666666667
Healthcare,2021-05-11,0.11195333333333332
Healthcare,2021-05-12,0.4131600000000001
Healthcare,2021-05-13,0.26453333333333334
Healthcare,2021-05-14,0.13678
Healthcare,2021-05-17,0.123194
Healthcare,2021-05-18,0.17913
Healthcare,2021-05-19,0.09308
Healthcare,2021-05-20,0.15234666666666669
Healthcare,2021-05-21,0.24296
Healthcare,2021-05-24,0.3381686666666667
Healthcare,2021-05-25,0.2245066666666667
Healthcare,2021-05-26,0.12940666666666667
Healthcare,2021-05-27,0.19927
Healthcare,2021-05-28,0.18086666666666668
Healthcare,2021-06-01,0.16207066666666664
Healthcare,2021-06-02,0.15079
Healthcare,2021-06-03,0.17524
Healthcare,2021-06-04,0.11159333333333332
Healthcare,2021-06-07,0.08859999999999998
Healthcare,2021-06-08,0.08334
Healthcare,2021-06-09,-0.016589090909090907
Healthcare,2021-06-10,0.12728
Healthcare,2021-06-11,0.09422833333333333
Healthcare,2021-06-14,0.14745833333333333
Healthcare,2021-06-15,0.27434333333333333
Healthcare,2021-06-16,0.11725333333333335
Healthcare,2021-06-17,0.11111333333333333
Healthcare,2021-06-18,0.21502333333333334
Healthcare,2021-06-21,0.32198266666666664
Healthcare,2021-06-22,0.23020666666666667
Healthcare,2021-06-23,0.28624
Healthcare,2021-06-24,0.27443999999999996
Healthcare,2021-06-25,0.09732600000000001
Healthcare,2021-06-28,0.11354000000000002
Healthcare,2021-06-29,0.1072
Healthcare,2021-06-30,0.132515
Healthcare,2021-07-01,0.0976
Healthcare,2021-07-02,0.45387000000000005
Healthcare,2021-07-06,0.23586800000000002
Healthcare,2021-07-07,0.24808
Healthcare,2021-07-08,0.11994500000000001
Healthcare,2021-07-09,0.05778
Healthcare,2021-07-12,0.07500333333333334
Healthcare,2021-07-13,0.12481333333333333
Healthcare,2021-07-14,0.2577333333333333
Healthcare,2021-07-15,0.07990333333333333
Healthcare,2021-07-16,0.22715333333333332
Healthcare,2021-07-19,-0.010580000000000003
Healthcare,2021-07-20,0.00996
Healthcare,2021-07-21,0.0
Healthcare,2021-07-22,-0.033357142857142856
Healthcare,2021-07-23,-0.05
Healthcare,2021-07-26,0.15766
Healthcare,2021-07-27,-0.03525999999999998
Healthcare,2021-07-28,0.12277666666666669
Healthcare,2021-07-29,0.09557716666666667
Healthcare,2021-07-30,0.10626366666666667
Healthcare,2021-08-02,0.171493
Healthcare,2021-08-03,0.16650133333333333
Healthcare,2021-08-04,0.14198499999999997
Healthcare,2021-08-05,0.19514499999999999
Healthcare,2021-08-06,0.13759
Healthcare,2021-08-09,0.146725
Healthcare,2021-08-10,0.046906666666666666
Healthcare,2021-08-11,0.13584666666666667
Healthcare,2021-08-12,0.24107000000000003
Healthcare,2021-08-13,0.16148
Healthcare,2021-08-16,0.09712799999999999
Healthcare,2021-08-17,0.25926
Healthcare,2021-08-18,0.21948000000000004
Healthcare,2021-08-19,0.17089000000000001
Healthcare,2021-08-20,0.15946000000000002
Healthcare,2021-08-23,-0.055709999999999996
Healthcare,2021-08-24,0.10170333333333334
Healthcare,2021-08-25,0.05234
Healthcare,2021-08-26,0.08684
Healthcare,2021-08-27,0.2544433333333333
Healthcare,2021-08-30,0.1803566666666667
Healthcare,2021-08-31,-0.01909
Healthcare,2021-09-01,0.07129666666666666
Healthcare,2021-09-02,0.12527333333333332
Healthcare,2021-09-03,0.12527333333333332
Healthcare,2021-09-07,0.2293216666666667
Healthcare,2021-09-08,-0.02143
Healthcare,2021-09-09,0.008284523809523818
Healthcare,2021-09-10,-0.04741547619047618
Healthcare,2021-09-13,0.26873111111111114
Healthcare,2021-09-14,0.2563311111111111
Healthcare,2021-09-15,0.21820166666666668
Healthcare,2021-09-16,0.27022
Healthcare,2021-09-17,0.034284999999999996
Healthcare,2021-09-20,0.06995133333333335
Healthcare,2021-09-21,0.09808800000000001
Healthcare,2021-09-22,-0.06726
Healthcare,2021-09-23,0.219124
Healthcare,2021-09-24,-0.020922666666666666
Healthcare,2021-09-27,0.263595
Healthcare,2021-09-28,0.18062133333333333
Healthcare,2021-09-29,0.27834166666666665
Healthcare,2021-09-30,0.0035899999999999986
Healthcare,2021-10-01,0.018995555555555554
Healthcare,2021-10-04,0.09252160000000001
Healthcare,2021-10-05,0.040473999999999996
Healthcare,2021-10-06,0.08540666666666667
Healthcare,2021-10-07,0.11442266666666667
Healthcare,2021-10-08,0.08892866666666667
Healthcare,2021-10-11,0.04161923076923077
Healthcare,2021-10-12,0.22478571428571428
Healthcare,2021-10-13,-0.055432
Healthcare,2021-10-14,0.0
Healthcare,2021-10-15,0.1066
Healthcare,2021-10-18,0.23418085714285714
Healthcare,2021-10-19,0.03384714285714286
Healthcare,2021-10-20,0.06966399999999999
Healthcare,2021-10-21,0.24110499999999999
Healthcare,2021-10-22,0.090161
Healthcare,2021-10-25,0.03323
Healthcare,2021-10-26,-0.08076833333333333
Healthcare,2021-10-27,0.13348642857142856
Healthcare,2021-10-28,0.10892876923076922
Healthcare,2021-10-29,0.08928063025210084
Healthcare,2021-11-01,0.2846013333333334
Healthcare,2021-11-02,0.2376333333333333
Healthcare,2021-11-03,0.20703333333333332
Healthcare,2021-11-04,0.15223939393939392
Healthcare,2021-11-05,0.26802000000000004
Healthcare,2021-11-08,0.14769092307692305
Healthcare,2021-11-09,0.1305575
Healthcare,2021-11-10,-0.006000000000000007
Healthcare,2021-11-11,0.19598666666666667
Healthcare,2021-11-12,0.117395
Healthcare,2021-11-15,0.10009666666666668
Healthcare,2021-11-16,0.166726
Healthcare,2021-11-17,0.258895
Healthcare,2021-11-18,0.04713000000000001
Healthcare,2021-11-19,0.13001000000000001
Healthcare,2021-11-22,-0.09375214285714285
Healthcare,2021-11-23,0.017700000000000004
Healthcare,2021-11-24,-0.24781999999999998
Healthcare,2021-11-26,0.004666666666666664
Healthcare,2021-11-29,0.10093717948717948
Healthcare,2021-11-30,0.09838761904761906
Healthcare,2021-12-01,-0.048593333333333336
Healthcare,2021-12-02,-0.12022666666666666
Healthcare,2021-12-03,0.21332833333333334
Healthcare,2021-12-06,0.17400722222222223
Healthcare,2021-12-07,0.07263833333333333
Healthcare,2021-12-08,0.03953166666666667
Healthcare,2021-12-09,0.046439999999999995
Healthcare,2021-12-10,0.05132166666666667
Healthcare,2021-12-13,0.21109166666666668
Healthcare,2021-12-14,0.049760000000000006
Healthcare,2021-12-15,-0.014914999999999994
Healthcare,2021-12-16,0.011853999999999998
Healthcare,2021-12-17,0.191208
Healthcare,2021-12-20,0.11151933333333333
Healthcare,2021-12-21,0.16676285714285713
Healthcare,2021-12-22,0.016012500000000006
Healthcare,2021-12-23,0.21105372549019608
Healthcare,2021-12-27,0.18295433333333333
Healthcare,2021-12-28,0.15225999999999998
Healthcare,2021-12-29,0.14785999999999996
Healthcare,2021-12-30,0.1374338095238095
Healthcare,2021-12-31,0.11529333333333332
Healthcare,2022-01-03,0.17695504761904762
Healthcare,2022-01-04,0.06027466666666668
Healthcare,2022-01-05,0.00662333333333334
Healthcare,2022-01-06,0.31234
Healthcare,2022-01-07,0.26008333333333333
Healthcare,2022-01-10,0.22336666666666666
Healthcare,2022-01-11,0.18610333333333334
Healthcare,2022-01-12,0.10244666666666666
Healthcare,2022-01-13,0.11591100000000001
Healthcare,2022-01-14,0.20001000000000002
Healthcare,2022-01-18,0.14133233333333334
Healthcare,2022-01-19,0.049434000000000006
Healthcare,2022-01-20,0.03701533333333333
Healthcare,2022-01-21,-0.07991866666666667
Healthcare,2022-01-24,0.006001944444444447
Healthcare,2022-01-25,-0.057996666666666676
Healthcare,2022-01-26,0.06533857142857143
Healthcare,2022-01-27,0.18564833333333336
Healthcare,2022-01-28,0.10758000000000001
Healthcare,2022-01-31,0.13813385714285714
Healthcare,2022-02-01,0.08748273504273504
Healthcare,2022-02-02,0.03654304761904762
Healthcare,2022-02-03,0.10934499999999998
Healthcare,2022-02-04,-0.15523333333333333
Healthcare,2022-02-07,0.17959238095238095
Healthcare,2022-02-08,0.06341285714285713
Healthcare,2022-02-09,0.23379333333333335
Healthcare,2022-02-10,0.006826666666666664
Healthcare,2022-02-11,0.24928333333333336
Healthcare,2022-02-14,-0.011488095238095238
Healthcare,2022-02-15,0.023863333333333337
Healthcare,2022-02-16,0.134112
Healthcare,2022-02-17,0.11351771428571429
Healthcare,2022-02-18,0.16795666666666667
Healthcare,2022-02-22,0.12414047619047619
Healthcare,2022-02-23,0.05464
Healthcare,2022-02-24,0.20776500000000003
Healthcare,2022-02-25,-0.03182
Healthcare,2022-02-28,0.10059833333333335
Healthcare,2022-03-01,0.10758666666666668
Healthcare,2022-03-02,0.06908
Healthcare,2022-03-03,0.060719999999999996
Healthcare,2022-03-04,0.12006999999999998
Healthcare,2022-03-07,0.20492166666666667
Healthcare,2022-03-08,-0.085295
Healthcare,2022-03-09,0.05889
Healthcare,2022-03-10,0.012920000000000001
Healthcare,2022-03-11,0.1535975
Healthcare,2022-03-14,0.24507666666666666
Healthcare,2022-03-15,-0.07027000000000001
Healthcare,2022-03-16,0.09095785714285715
Healthcare,2022-03-17,0.13521133333333335
Healthcare,2022-03-18,0.20897333333333332
Healthcare,2022-03-21,0.18445333333333336
Healthcare,2022-03-22,-0.06053833333333332
Healthcare,2022-03-23,0.05826000000000001
Healthcare,2022-03-24,0.161075
Healthcare,2022-03-25,0.158885
Healthcare,2022-03-28,0.017685
Healthcare,2022-03-29,0.040900000000000006
Healthcare,2022-03-30,0.11191333333333334
Healthcare,2022-03-31,0.11594000000000002
Healthcare,2022-04-01,0.29203
Healthcare,2022-04-04,0.07585700000000002
Healthcare,2022-04-05,0.161048
Healthcare,2022-04-06,0.095205
Healthcare,2022-04-07,0.14268999999999998
Healthcare,2022-04-08,0.358438
Healthcare,2022-04-11,0.09281966666666666
Healthcare,2022-04-12,0.09319999999999999
Healthcare,2022-04-13,0.08409666666666668
Healthcare,2022-04-14,0.09729342857142856
Healthcare,2022-04-18,0.09386666666666665
Healthcare,2022-04-19,-0.007743523809523811
Healthcare,2022-04-20,0.2030675
Healthcare,2022-04-21,0.12141666666666669
Healthcare,2022-04-22,0.08154
Healthcare,2022-04-25,0.23023733333333332
Healthcare,2022-04-26,-0.04502071428571428
Healthcare,2022-04-27,0.08906333333333334
Healthcare,2022-04-28,0.10540552380952381
Healthcare,2022-04-29,0.09682833333333334
Healthcare,2022-05-02,0.226363
Healthcare,2022-05-03,0.16511499999999998
Healthcare,2022-05-04,0.0951
Healthcare,2022-05-05,0.05953333333333334
Healthcare,2022-05-06,0.11988000000000001
Healthcare,2022-05-09,0.04971333333333333
Healthcare,2022-05-10,0.14197200000000001
Healthcare,2022-05-11,0.021426666666666677
Healthcare,2022-05-12,-0.005173333333333319
Healthcare,2022-05-13,0.03925
Healthcare,2022-05-16,0.048321666666666666
Healthcare,2022-05-17,-0.0173475
Healthcare,2022-05-18,0.17670999999999998
Healthcare,2022-05-19,0.11071499999999998
Healthcare,2022-05-20,-0.03602333333333334
Healthcare,2022-05-23,0.18671
Healthcare,2022-05-24,0.013724
Healthcare,2022-05-25,-0.10386500000000001
Healthcare,2022-05-26,0.20277809523809526
Healthcare,2022-05-27,0.07639500000000002
Healthcare,2022-05-31,0.32664666666666664
Healthcare,2022-06-01,0.12492833333333334
Healthcare,2022-06-02,-0.07786000000000001
Healthcare,2022-06-03,0.052653333333333344
Healthcare,2022-06-06,0.09547209523809526
Healthcare,2022-06-07,0.19447142857142857
Healthcare,2022-06-08,0.29625142857142855
Healthcare,2022-06-09,0.06922666666666667
Healthcare,2022-06-10,0.04625533333333333
Healthcare,2022-06-13,0.16624357142857143
Healthcare,2022-06-14,-0.030830000000000003
Healthcare,2022-06-15,0.08589900000000002
Healthcare,2022-06-16,0.24372
Healthcare,2022-06-17,0.2884133333333333
Healthcare,2022-06-21,0.3733659523809524
Healthcare,2022-06-22,0.018083333333333333
Healthcare,2022-06-23,-0.09467933333333332
Healthcare,2022-06-24,0.22572114285714284
Healthcare,2022-06-27,0.3290894285714286
Healthcare,2022-06-28,0.21575333333333332
Healthcare,2022-06-29,0.3998571428571428
Healthcare,2022-06-30,0.1809
Healthcare,2022-07-01,0.17799700000000002
Healthcare,2022-07-05,0.13635250000000002
Healthcare,2022-07-06,0.0004700000000000037
Healthcare,2022-07-07,0.014607142857142864
Healthcare,2022-07-08,0.30364
Healthcare,2022-07-11,0.038387142857142856
Healthcare,2022-07-12,0.013692619047619047
Healthcare,2022-07-13,0.1998071428571429
Healthcare,2022-07-14,0.00046200000000001795
Healthcare,2022-07-15,0.025687500000000002
Healthcare,2022-07-18,0.100544
Healthcare,2022-07-19,0.029859285714285717
Healthcare,2022-07-20,0.25867927272727276
Healthcare,2022-07-21,0.07744295454545455
Healthcare,2022-07-22,0.278042
Healthcare,2022-07-25,0.060343999999999995
Healthcare,2022-07-26,0.15696333333333334
Healthcare,2022-07-27,0.04655
Healthcare,2022-07-28,0.151388
Healthcare,2022-07-29,0.054347333333333324
Healthcare,2022-08-01,0.10002133333333334
Healthcare,2022-08-02,0.1607875
Healthcare,2022-08-03,0.27491833333333326
Healthcare,2022-08-04,0.08806577777777777
Healthcare,2022-08-05,0.17775833333333332
Healthcare,2022-08-08,0.10529599999999999
Healthcare,2022-08-09,0.21446666666666667
Healthcare,2022-08-10,0.23693
Healthcare,2022-08-11,0.027904000000000005
Healthcare,2022-08-12,0.018516
Healthcare,2022-08-15,0.008049999999999998
Healthcare,2022-08-16,0.06571666666666667
Healthcare,2022-08-17,0.01909
Healthcare,2022-08-18,0.05664400000000001
Healthcare,2022-08-19,-0.028240000000000008
Healthcare,2022-08-22,0.21191333333333331
Healthcare,2022-08-23,0.15182666666666667
Healthcare,2022-08-24,0.15272833333333333
Healthcare,2022-08-25,0.10454666666666668
Healthcare,2022-08-26,0.17026666666666665
Healthcare,2022-08-29,0.2640533333333333
Healthcare,2022-08-30,0.040433333333333335
Healthcare,2022-08-31,-0.20458499999999996
Healthcare,2022-09-01,0.11460166666666667
Healthcare,2022-09-02,0.15142666666666665
Healthcare,2022-09-06,0.23609266666666665
Healthcare,2022-09-07,0.07590866666666667
Healthcare,2022-09-08,0.17820533333333333
Healthcare,2022-09-09,-0.008273333333333322
Healthcare,2022-09-12,0.27932633333333334
Healthcare,2022-09-13,0.05998666666666667
Healthcare,2022-09-14,-0.002516666666666667
Healthcare,2022-09-15,-0.008235000000000003
Healthcare,2022-09-16,0.06192933333333332
Healthcare,2022-09-19,0.015823809523809525
Healthcare,2022-09-20,0.026494285714285713
Healthcare,2022-09-21,-0.08621999999999999
Healthcare,2022-09-22,0.16976666666666668
Healthcare,2022-09-23,0.08872
Healthcare,2022-09-26,0.015480000000000002
Healthcare,2022-09-27,0.16542166666666666
Healthcare,2022-09-28,0.147205
Healthcare,2022-09-29,0.16065999999999997
Healthcare,2022-09-30,0.0843
Healthcare,2022-10-03,0.04760000000000001
Healthcare,2022-10-04,-0.08459
Healthcare,2022-10-05,-0.014866666666666662
Healthcare,2022-10-06,-0.19216000000000003
Healthcare,2022-10-07,0.00484
Healthcare,2022-10-10,0.326336
Healthcare,2022-10-11,0.22581185714285718
Healthcare,2022-10-12,0.13620416666666665
Healthcare,2022-10-13,-0.16806333333333331
Healthcare,2022-10-14,0.17491333333333334
Healthcare,2022-10-17,0.120345
Healthcare,2022-10-18,0.01213000000000002
Healthcare,2022-10-19,0.05185714285714286
Healthcare,2022-10-20,0.05519533333333333
Healthcare,2022-10-21,0.11581599999999999
Healthcare,2022-10-24,0.05149
Healthcare,2022-10-25,0.049883333333333335
Healthcare,2022-10-26,0.03878166666666667
Healthcare,2022-10-27,0.14586623376623375
Healthcare,2022-10-28,0.00938888888888888
Healthcare,2022-10-31,-0.02801777777777778
Healthcare,2022-11-01,0.13551666666666667
Healthcare,2022-11-02,-0.098025
Healthcare,2022-11-03,-0.126033
Healthcare,2022-11-04,0.07681166666666668
Healthcare,2022-11-07,0.022810000000000007
Healthcare,2022-11-08,-0.05249999999999999
Healthcare,2022-11-09,0.019005333333333332
Healthcare,2022-11-10,0.12435
Healthcare,2022-11-11,0.27403666666666665
Healthcare,2022-11-14,0.15980500000000003
Healthcare,2022-11-15,0.20067000000000004
Healthcare,2022-11-16,0.23342000000000002
Healthcare,2022-11-17,0.013486666666666666
Healthcare,2022-11-18,0.08378333333333333
Healthcare,2022-11-21,0.1700377777777778
Healthcare,2022-11-22,0.12752090476190475
Healthcare,2022-11-23,0.11769571428571428
Healthcare,2022-11-25,0.13861742857142856
Healthcare,2022-11-28,0.2016811904761905
Healthcare,2022-11-29,0.19279
Healthcare,2022-11-30,0.194033
Healthcare,2022-12-01,0.13513666666666668
Healthcare,2022-12-02,-0.09792999999999999
Healthcare,2022-12-05,0.098624
Healthcare,2022-12-06,0.019797000000000002
Healthcare,2022-12-07,-0.04130276190476189
Healthcare,2022-12-08,0.035644999999999996
Healthcare,2022-12-09,0.09072666666666668
Healthcare,2022-12-12,0.00862671679197995
Healthcare,2022-12-13,0.11637752380952382
Healthcare,2022-12-14,0.1824
Healthcare,2022-12-15,0.16280466666666665
Healthcare,2022-12-16,0.16921666666666668
Healthcare,2022-12-19,0.05440266666666667
Healthcare,2022-12-20,0.1853138888888889
Healthcare,2022-12-21,0.16837833333333335
Healthcare,2022-12-22,0.07039333333333334
Healthcare,2022-12-23,-0.06638999999999999
Healthcare,2022-12-27,0.10937800000000002
Healthcare,2022-12-28,0.176088
Healthcare,2022-12-29,0.11639600000000001
Healthcare,2022-12-30,0.068466
Healthcare,2023-01-03,0.17174166666666668
Healthcare,2023-01-04,0.067055
Healthcare,2023-01-05,0.157785
Healthcare,2023-01-06,0.06390333333333334
Healthcare,2023-01-09,0.20147833333333334
Healthcare,2023-01-10,0.06907642857142857
Healthcare,2023-01-11,0.031676666666666665
Healthcare,2023-01-12,0.053959999999999994
Healthcare,2023-01-13,0.16742333333333334
Healthcare,2023-01-17,0.26210944444444445
Healthcare,2023-01-18,0.134085
Healthcare,2023-01-19,-0.013043333333333334
Healthcare,2023-01-20,0.06612533333333334
Healthcare,2023-01-23,0.253675
Healthcare,2023-01-24,0.15199000000000001
Healthcare,2023-01-25,0.006690980392156859
Healthcare,2023-01-26,0.17704999999999999
Healthcare,2023-01-27,0.19140666666666667
Healthcare,2023-01-30,0.14562716666666667
Healthcare,2023-01-31,0.04195083333333333
Healthcare,2023-02-01,0.1283915873015873
Healthcare,2023-02-02,0.24771666666666667
Healthcare,2023-02-03,0.06965783333333334
Healthcare,2023-02-06,0.042994000000000004
Healthcare,2023-02-07,0.12206666666666668
Healthcare,2023-02-08,0.050586
Healthcare,2023-02-09,0.008086142857142865
Healthcare,2023-02-10,0.008510000000000018
Healthcare,2023-02-13,0.10701000000000001
Healthcare,2023-02-14,0.212427
Healthcare,2023-02-15,0.09486833333333333
Healthcare,2023-02-16,0.12758466666666665
Healthcare,2023-02-17,0.14122666666666667
Healthcare,2023-02-21,0.023423000000000006
Healthcare,2023-02-22,0.09284200000000001
Healthcare,2023-02-23,0.093612
Healthcare,2023-02-24,0.06704400000000002
Healthcare,2023-02-27,0.08093285714285714
Healthcare,2023-02-28,0.07034657142857141
Healthcare,2023-03-01,0.028242000000000007
Healthcare,2023-03-02,0.039298333333333345
Healthcare,2023-03-03,0.285165
Healthcare,2023-03-06,0.06327033333333335
Healthcare,2023-03-07,0.16736333333333334
Healthcare,2023-03-08,0.056163
Healthcare,2023-03-09,0.12732333333333334
Healthcare,2023-03-10,0.23816333333333334
Healthcare,2023-03-13,0.1411257142857143
Healthcare,2023-03-14,-0.015801333333333327
Healthcare,2023-03-15,0.08162666666666668
Healthcare,2023-03-16,0.04588
Healthcare,2023-03-17,0.03849999999999999
Healthcare,2023-03-20,0.08144933333333335
Healthcare,2023-03-21,0.157915
Healthcare,2023-03-22,0.011967999999999998
Healthcare,2023-03-23,0.149788
Healthcare,2023-03-24,0.09774133333333332
Healthcare,2023-03-27,0.13018666666666667
Healthcare,2023-03-28,0.19232833333333335
Healthcare,2023-03-29,0.055336666666666666
Healthcare,2023-03-30,0.0013649999999999995
Healthcare,2023-03-31,0.06083500000000001
Healthcare,2023-04-03,-0.04046466666666667
Healthcare,2023-04-04,0.18928866666666666
Healthcare,2023-04-05,0.052146666666666674
Healthcare,2023-04-06,0.05140199999999999
Healthcare,2023-04-10,0.1212428787878788
Healthcare,2023-04-11,-0.0077800000000000005
Healthcare,2023-04-12,0.054188333333333324
Healthcare,2023-04-13,-0.08003071428571427
Healthcare,2023-04-14,0.008999000000000002
Healthcare,2023-04-17,0.1287092857142857
Healthcare,2023-04-18,0.10433666666666667
Healthcare,2023-04-19,0.10868396078431372
Healthcare,2023-04-20,0.177882
Healthcare,2023-04-21,0.054498000000000005
Healthcare,2023-04-24,0.13476666666666667
Healthcare,2023-04-25,0.2130757142857143
Healthcare,2023-04-26,0.025
Healthcare,2023-04-27,0.09690815476190476
Healthcare,2023-04-28,-0.034622857142857136
Healthcare,2023-05-01,0.07224395238095238
Healthcare,2023-05-02,-0.041869333333333335
Healthcare,2023-05-03,-0.008525
Healthcare,2023-05-04,0.07443999999999999
Healthcare,2023-05-05,0.13888
Healthcare,2023-05-08,0.15131266666666668
Healthcare,2023-05-09,0.16209333333333334
Healthcare,2023-05-10,0.061268333333333334
Healthcare,2023-05-11,0.2313766666666667
Healthcare,2023-05-12,0.05106000000000001
Healthcare,2023-05-15,0.11460095238095239
Healthcare,2023-05-16,0.0088725
Healthcare,2023-05-17,-0.13154833333333332
Healthcare,2023-05-18,0.0412
Healthcare,2023-05-19,0.028155000000000006
Healthcare,2023-05-22,0.06588928571428572
Healthcare,2023-05-23,0.12286833333333333
Healthcare,2023-05-24,-0.03794666666666667
Healthcare,2023-05-25,0.110065
Healthcare,2023-05-26,0.12116500000000001
Healthcare,2023-05-30,0.29069500000000004
Healthcare,2023-05-31,0.14073333333333332
Healthcare,2023-06-01,-0.06024047619047619
Healthcare,2023-06-02,0.021428571428571432
Healthcare,2023-06-05,0.0538
Healthcare,2023-06-06,0.22018095238095237
Healthcare,2023-06-07,0.2577716666666666
Healthcare,2023-06-08,0.277517
Healthcare,2023-06-09,0.035365
Healthcare,2023-06-12,0.19989666666666667
Healthcare,2023-06-13,0.059973333333333344
Healthcare,2023-06-14,0.2608533333333333
Healthcare,2023-06-15,0.039626666666666685
Healthcare,2023-06-16,0.08841433333333334
Healthcare,2023-06-20,0.09210357142857142
Healthcare,2023-06-21,0.16984933333333332
Healthcare,2023-06-22,0.07414000000000001
Healthcare,2023-06-23,0.17212333333333332
Healthcare,2023-06-26,0.11287116666666666
Healthcare,2023-06-27,0.14164933333333332
Healthcare,2023-06-28,0.12248
Healthcare,2023-06-29,0.317346
Healthcare,2023-06-30,0.009564166666666669
Healthcare,2023-07-03,0.16950533333333334
Healthcare,2023-07-05,0.24311333333333335
Healthcare,2023-07-06,0.37139916666666667
Healthcare,2023-07-07,0.10098
Healthcare,2023-07-10,0.09408571428571429
Healthcare,2023-07-11,-0.019299999999999998
Healthcare,2023-07-12,0.29226833333333335
Healthcare,2023-07-13,0.10664166666666668
Healthcare,2023-07-14,0.09642
Healthcare,2023-07-17,0.08543200000000001
Healthcare,2023-07-18,0.12676
Healthcare,2023-07-19,-0.011843333333333322
Healthcare,2023-07-20,0.005414999999999992
Healthcare,2023-07-21,-0.04343878787878787
Healthcare,2023-07-24,0.08833566666666667
Healthcare,2023-07-25,0.041480333333333334
Healthcare,2023-07-26,-0.052292000000000005
Healthcare,2023-07-27,0.17456317857142856
Healthcare,2023-07-28,-0.02959666666666666
Healthcare,2023-07-31,0.15817777777777778
Healthcare,2023-08-01,0.26335305555555555
Healthcare,2023-08-02,0.3042107142857143
Healthcare,2023-08-03,0.09409427777777779
Healthcare,2023-08-04,-0.03766533333333334
Healthcare,2023-08-07,0.11333333333333333
Healthcare,2023-08-08,0.15897599999999998
Healthcare,2023-08-09,0.2426286666666667
Healthcare,2023-08-10,0.26716266666666666
Healthcare,2023-08-11,0.068855
Healthcare,2023-08-14,0.15071600000000002
Healthcare,2023-08-15,0.033176666666666674
Healthcare,2023-08-16,-0.024089999999999993
Healthcare,2023-08-17,0.08138999999999999
Healthcare,2023-08-18,0.140975
Healthcare,2023-08-21,0.06427185714285713
Healthcare,2023-08-22,-0.009320476190476195
Healthcare,2023-08-23,0.13129238095238097
Healthcare,2023-08-24,0.16987333333333335
Healthcare,2023-08-25,0.073462
Healthcare,2023-08-28,0.04684474358974359
Healthcare,2023-08-29,0.11434833333333332
Healthcare,2023-08-30,0.040575000000000014
Healthcare,2023-08-31,0.10549833333333333
Healthcare,2023-09-01,0.10361400000000001
Healthcare,2023-09-05,-0.03821192857142858
Healthcare,2023-09-06,0.19297333333333333
Healthcare,2023-09-07,-0.18949333333333332
Healthcare,2023-09-08,0.261324
Healthcare,2023-09-11,0.12510300000000002
Healthcare,2023-09-12,-0.027570000000000004
Healthcare,2023-09-13,0.15228000000000003
Healthcare,2023-09-14,0.08180833333333333
Healthcare,2023-09-15,-0.00017933333333333413
Healthcare,2023-09-18,0.08060133333333333
Healthcare,2023-09-19,0.04774
Healthcare,2023-09-20,-0.139545
Healthcare,2023-09-21,0.13232666666666665
Healthcare,2023-09-22,0.06339749999999998
Healthcare,2023-09-25,0.20657333333333333
Healthcare,2023-09-26,0.058866666666666664
Healthcare,2023-09-27,0.22648333333333337
Healthcare,2023-09-28,0.1254
Healthcare,2023-09-29,0.12640500000000002
Healthcare,2023-10-02,0.05876333333333335
Healthcare,2023-10-03,0.21709
Healthcare,2023-10-04,0.12248
Healthcare,2023-10-05,-0.02732
Healthcare,2023-10-06,0.08701466666666666
Healthcare,2023-10-09,0.3487233333333334
Healthcare,2023-10-10,-5.6000000000000494e-05
Healthcare,2023-10-11,0.03917785714285714
Healthcare,2023-10-12,0.06694857142857144
Healthcare,2023-10-13,0.038930000000000006
Healthcare,2023-10-16,0.031012000000000005
Healthcare,2023-10-17,0.138425
Healthcare,2023-10-18,0.10263045454545454
Healthcare,2023-10-19,0.21859714285714285
Healthcare,2023-10-20,0.10597214285714285
Healthcare,2023-10-23,0.08866900000000001
Healthcare,2023-10-24,0.118175
Healthcare,2023-10-25,0.06387666666666666
Healthcare,2023-10-26,0.18496666666666667
Healthcare,2023-10-27,0.12304936363636362
Healthcare,2023-10-30,0.04355733333333334
Healthcare,2023-10-31,0.0925577456140351
Healthcare,2023-11-01,0.014520666666666671
Healthcare,2023-11-02,0.05568956410256411
Healthcare,2023-11-03,0.06522628571428571
Healthcare,2023-11-06,0.11913733333333332
Healthcare,2023-11-07,0.08648444444444445
Healthcare,2023-11-08,0.04333
Healthcare,2023-11-09,0.14543830303030303
Healthcare,2023-11-10,-0.011329333333333335
Healthcare,2023-11-13,0.12200555555555556
Healthcare,2023-11-14,0.080059
Healthcare,2023-11-15,0.15714
Healthcare,2023-11-16,0.02616
Healthcare,2023-11-17,0.03448333333333333
Healthcare,2023-11-20,0.171025
Healthcare,2023-11-21,0.08058100000000001
Healthcare,2023-11-22,0.12618000000000001
Healthcare,2023-11-24,0.038858
Healthcare,2023-11-27,0.19468666666666667
Healthcare,2023-11-28,0.08916666666666666
Healthcare,2023-11-29,0.09941833333333334
Healthcare,2023-11-30,0.08356166666666667
Healthcare,2023-12-01,0.0
Healthcare,2023-12-04,0.063808
Healthcare,2023-12-05,0.14064000000000002
Healthcare,2023-12-06,0.27396583333333335
Healthcare,2023-12-07,0.15653836363636364
Healthcare,2023-12-08,0.04376733333333333
Healthcare,2023-12-11,0.17471797979797982
Healthcare,2023-12-12,0.062725
Healthcare,2023-12-13,0.023511666666666674
Healthcare,2023-12-14,0.08137666666666668
Healthcare,2023-12-15,0.11753
Healthcare,2023-12-18,0.16035694871794873
Healthcare,2023-12-19,0.16035694871794873
Healthcare,2023-12-20,0.16035694871794873
Healthcare,2023-12-21,0.16035694871794873
Healthcare,2023-12-22,0.16035694871794873
Healthcare,2023-12-26,0.16035694871794873
Healthcare,2023-12-27,0.16035694871794873
Healthcare,2023-12-28,0.16035694871794873
Healthcare,2023-12-29,0.16035694871794873
Industrials,2020-01-02,0.08408
Industrials,2020-01-03,-0.12487999999999999
Industrials,2020-01-06,-0.0017627777777777741
Industrials,2020-01-07,-0.021834285714285716
Industrials,2020-01-08,0.024525714285714286
Industrials,2020-01-09,0.033716666666666666
Industrials,2020-01-10,0.06901666666666666
Industrials,2020-01-13,0.059236666666666674
Industrials,2020-01-14,0.089663
Industrials,2020-01-15,-0.07338499999999998
Industrials,2020-01-16,0.13836666666666667
Industrials,2020-01-17,0.20909666666666665
Industrials,2020-01-21,0.1046862857142857
Industrials,2020-01-22,-0.01411142857142857
Industrials,2020-01-23,0.029595238095238098
Industrials,2020-01-24,0.04934533333333334
Industrials,2020-01-27,0.06335666666666666
Industrials,2020-01-28,-0.004494166666666665
Industrials,2020-01-29,0.0019259999999999993
Industrials,2020-01-30,0.10386666666666666
Industrials,2020-01-31,0.08330900000000001
Industrials,2020-02-03,0.09446466666666667
Industrials,2020-02-04,0.18034833333333333
Industrials,2020-02-05,0.08954866666666665
Industrials,2020-02-06,0.120362
Industrials,2020-02-07,0.062271999999999994
Industrials,2020-02-10,0.08063666666666666
Industrials,2020-02-11,0.08279666666666667
Industrials,2020-02-12,0.07436000000000001
Industrials,2020-02-13,0.0353375
Industrials,2020-02-14,0.19194499999999998
Industrials,2020-02-18,0.1493
Industrials,2020-02-19,0.22219333333333333
Industrials,2020-02-20,0.11305666666666667
Industrials,2020-02-21,0.11362999999999998
Industrials,2020-02-24,0.07081833333333334
Industrials,2020-02-25,0.08763499999999999
Industrials,2020-02-26,0.13861166666666666
Industrials,2020-02-27,0.11989666666666668
Industrials,2020-02-28,0.08794833333333332
Industrials,2020-03-02,-0.0002866666666666684
Industrials,2020-03-03,0.05197999999999999
Industrials,2020-03-04,0.14631361904761903
Industrials,2020-03-05,0.10869495238095239
Industrials,2020-03-06,0.08867666666666667
Industrials,2020-03-09,-0.098977
Industrials,2020-03-10,-0.08950333333333334
Industrials,2020-03-11,0.15478476190476192
Industrials,2020-03-12,-0.17304999999999998
Industrials,2020-03-13,0.04446
Industrials,2020-03-16,0.060704999999999995
Industrials,2020-03-17,0.03314888888888889
Industrials,2020-03-18,-0.004995238095238097
Industrials,2020-03-19,0.07644
Industrials,2020-03-20,0.1440170476190476
Industrials,2020-03-23,0.012568333333333338
Industrials,2020-03-24,0.2409971111111111
Industrials,2020-03-25,0.19890499999999997
Industrials,2020-03-26,0.1509714285714286
Industrials,2020-03-27,0.22001666666666667
Industrials,2020-03-30,0.01895561904761905
Industrials,2020-03-31,0.04034666666666666
Industrials,2020-04-01,-0.018667999999999997
Industrials,2020-04-02,-0.08770466666666667
Industrials,2020-04-03,-0.2088713492063492
Industrials,2020-04-06,0.10401600000000003
Industrials,2020-04-07,0.298147
Industrials,2020-04-08,0.15880619047619046
Industrials,2020-04-09,0.025403452380952374
Industrials,2020-04-13,0.019677474747474746
Industrials,2020-04-14,0.2206103888888889
Industrials,2020-04-15,0.00010999999999999899
Industrials,2020-04-16,0.12975175757575758
Industrials,2020-04-17,0.11932454545454545
Industrials,2020-04-20,0.07066666666666667
Industrials,2020-04-21,-0.008876999999999996
Industrials,2020-04-22,0.12066666666666667
Industrials,2020-04-23,0.283292
Industrials,2020-04-24,0.1543635294117647
Industrials,2020-04-27,0.11695567676767678
Industrials,2020-04-28,0.08195640350877194
Industrials,2020-04-29,0.09884649735449735
Industrials,2020-04-30,-0.04491717948717948
Industrials,2020-05-01,-0.07810254761904763
Industrials,2020-05-04,0.07113238095238095
Industrials,2020-05-05,0.2982255555555556
Industrials,2020-05-06,0.150252
Industrials,2020-05-07,0.017405
Industrials,2020-05-08,0.030977500000000012
Industrials,2020-05-11,0.2866916666666667
Industrials,2020-05-12,0.02477818181818182
Industrials,2020-05-13,-0.014755555555555555
Industrials,2020-05-14,0.04379055555555556
Industrials,2020-05-15,-0.03289466666666667
Industrials,2020-05-18,0.3855335454545455
Industrials,2020-05-19,-0.021584999999999986
Industrials,2020-05-20,0.11932666666666665
Industrials,2020-05-21,0.07319666666666666
Industrials,2020-05-22,0.13516999999999998
Industrials,2020-05-26,0.3014
Industrials,2020-05-27,0.35518857142857146
Industrials,2020-05-28,0.13117661904761907
Industrials,2020-05-29,0.18922933333333333
Industrials,2020-06-01,0.11371499999999998
Industrials,2020-06-02,0.36593166666666666
Industrials,2020-06-03,0.33503710144927534
Industrials,2020-06-04,0.22812619047619048
Industrials,2020-06-05,0.35077
Industrials,2020-06-08,0.07758941176470587
Industrials,2020-06-09,0.20820800000000003
Industrials,2020-06-10,0.15185333333333334
Industrials,2020-06-11,0.10845095238095237
Industrials,2020-06-12,-0.025042
Industrials,2020-06-15,0.005926571428571425
Industrials,2020-06-16,0.131533
Industrials,2020-06-17,0.04976666666666667
Industrials,2020-06-18,0.012585666666666667
Industrials,2020-06-19,0.11308
Industrials,2020-06-22,0.10251333333333332
Industrials,2020-06-23,0.17159799999999997
Industrials,2020-06-24,-0.034453333333333336
Industrials,2020-06-25,-0.07009470588235295
Industrials,2020-06-26,-0.14709111111111112
Industrials,2020-06-29,-0.06634357142857142
Industrials,2020-06-30,-0.113116
Industrials,2020-07-01,0.07701666666666666
Industrials,2020-07-02,-0.1247175
Industrials,2020-07-06,0.008782727272727272
Industrials,2020-07-07,0.013162857142857143
Industrials,2020-07-08,0.134395
Industrials,2020-07-09,0.07370833333333336
Industrials,2020-07-10,-0.04353714285714285
Industrials,2020-07-13,0.29148666666666667
Industrials,2020-07-14,0.09359300000000001
Industrials,2020-07-15,0.16625
Industrials,2020-07-16,0.03852
Industrials,2020-07-17,0.047925
Industrials,2020-07-20,0.17091818181818183
Industrials,2020-07-21,0.17962285714285717
Industrials,2020-07-22,0.0027833333333333286
Industrials,2020-07-23,0.2657075
Industrials,2020-07-24,0.26293
Industrials,2020-07-27,0.22545333333333334
Industrials,2020-07-28,0.14129836842105264
Industrials,2020-07-29,0.1501652564102564
Industrials,2020-07-30,0.0753268376068376
Industrials,2020-07-31,-0.010027999999999999
Industrials,2020-08-03,-0.11562018181818183
Industrials,2020-08-04,-0.084692
Industrials,2020-08-05,0.12022249999999998
Industrials,2020-08-06,0.18303999999999998
Industrials,2020-08-07,0.059156666666666656
Industrials,2020-08-10,-0.04358
Industrials,2020-08-11,0.013562222222222229
Industrials,2020-08-12,0.012624999999999997
Industrials,2020-08-13,-0.10216
Industrials,2020-08-14,0.008364999999999989
Industrials,2020-08-17,0.020839999999999997
Industrials,2020-08-18,0.1805
Industrials,2020-08-19,0.08305599999999999
Industrials,2020-08-20,0.07526
Industrials,2020-08-21,-0.03522
Industrials,2020-08-24,0.24386499999999994
Industrials,2020-08-25,0.1547
Industrials,2020-08-26,-0.105765
Industrials,2020-08-27,0.07160333333333332
Industrials,2020-08-28,0.09235
Industrials,2020-08-31,0.319384
Industrials,2020-09-01,0.19709000000000002
Industrials,2020-09-02,0.2462133333333333
Industrials,2020-09-03,0.08002333333333334
Industrials,2020-09-04,0.030233333333333327
Industrials,2020-09-08,-0.039342
Industrials,2020-09-09,0.07667333333333333
Industrials,2020-09-10,0.055479999999999995
Industrials,2020-09-11,0.090952
Industrials,2020-09-14,0.06732
Industrials,2020-09-15,0.12875333333333333
Industrials,2020-09-16,0.2767721212121212
Industrials,2020-09-17,0.15977113636363635
Industrials,2020-09-18,0.20768666666666666
Industrials,2020-09-21,0.018131333333333343
Industrials,2020-09-22,0.13790333333333332
Industrials,2020-09-23,0.16777999999999998
Industrials,2020-09-24,-0.04377666666666667
Industrials,2020-09-25,0.07852111111111112
Industrials,2020-09-28,0.022410392156862757
Industrials,2020-09-29,0.11299999999999999
Industrials,2020-09-30,0.20257966666666666
Industrials,2020-10-01,0.37104875000000004
Industrials,2020-10-02,0.27636
Industrials,2020-10-05,0.1825749523809524
Industrials,2020-10-06,0.04873
Industrials,2020-10-07,0.07102555555555554
Industrials,2020-10-08,0.09301999999999999
Industrials,2020-10-09,0.19955799999999999
Industrials,2020-10-12,0.1533261904761905
Industrials,2020-10-13,0.19986866666666664
Industrials,2020-10-14,0.18359
Industrials,2020-10-15,0.14697333333333334
Industrials,2020-10-16,0.17515025641025642
Industrials,2020-10-19,0.214345
Industrials,2020-10-20,0.12984
Industrials,2020-10-21,0.10532
Industrials,2020-10-22,0.038388571428571425
Industrials,2020-10-23,0.32852
Industrials,2020-10-26,0.22682555555555556
Industrials,2020-10-27,-0.021290256410256413
Industrials,2020-10-28,0.13525713636363637
Industrials,2020-10-29,-0.063477
Industrials,2020-10-30,0.05957685714285714
Industrials,2020-11-02,0.1615075
Industrials,2020-11-03,0.16295866666666664
Industrials,2020-11-04,0.18168666666666666
Industrials,2020-11-05,0.09215666666666666
Industrials,2020-11-06,-0.009405714285714285
Industrials,2020-11-09,0.2142726666666667
Industrials,2020-11-10,0.18589733333333336
Industrials,2020-11-11,0.039290000000000005
Industrials,2020-11-12,0.03413333333333333
Industrials,2020-11-13,0.09176
Industrials,2020-11-16,0.18144428571428572
Industrials,2020-11-17,0.11739000000000002
Industrials,2020-11-18,-0.02584111111111111
Industrials,2020-11-19,-0.022214285714285714
Industrials,2020-11-20,0.030329333333333337
Industrials,2020-11-23,0.12892571428571428
Industrials,2020-11-24,0.045141190476190474
Industrials,2020-11-25,0.22318666666666664
Industrials,2020-11-27,0.18269238095238094
Industrials,2020-11-30,0.09554457142857144
Industrials,2020-12-01,0.09652600000000001
Industrials,2020-12-02,-0.001566666666666669
Industrials,2020-12-03,0.11542369747899159
Industrials,2020-12-04,0.08516
Industrials,2020-12-07,0.07255666666666667
Industrials,2020-12-08,-0.0016377777777777768
Industrials,2020-12-09,-0.04326555555555556
Industrials,2020-12-10,0.00019066666666667578
Industrials,2020-12-11,-0.07586066666666667
Industrials,2020-12-14,0.09333297619047619
Industrials,2020-12-15,0.252
Industrials,2020-12-16,0.17599
Industrials,2020-12-17,0.1944925
Industrials,2020-12-18,0.026724499999999995
Industrials,2020-12-21,0.22704149999999998
Industrials,2020-12-22,0.23307333333333333
Industrials,2020-12-23,0.40626666666666666
Industrials,2020-12-24,0.48685
Industrials,2020-12-28,0.3131285714285714
Industrials,2020-12-29,0.199215
Industrials,2020-12-30,0.072314
Industrials,2020-12-31,0.14057866666666666
Industrials,2021-01-04,0.18553944444444445
Industrials,2021-01-05,0.1389266666666667
Industrials,2021-01-06,0.17658133333333334
Industrials,2021-01-07,-0.07347333333333333
Industrials,2021-01-08,0.0015688888888888864
Industrials,2021-01-11,0.06807250000000001
Industrials,2021-01-12,0.15655333333333332
Industrials,2021-01-13,0.31360363636363636
Industrials,2021-01-14,0.37122666666666665
Industrials,2021-01-15,0.08051
Industrials,2021-01-19,0.029585882352941174
Industrials,2021-01-20,0.029599999999999998
Industrials,2021-01-21,0.03776999999999999
Industrials,2021-01-22,0.09595000000000001
Industrials,2021-01-25,0.2363
Industrials,2021-01-26,0.22736766917293233
Industrials,2021-01-27,0.06298579710144928
Industrials,2021-01-28,0.1171835
Industrials,2021-01-29,0.10917833333333334
Industrials,2021-02-01,-0.04230342857142857
Industrials,2021-02-02,0.02530115384615384
Industrials,2021-02-03,0.08577615384615384
Industrials,2021-02-04,0.14103615384615384
Industrials,2021-02-05,0.017579999999999995
Industrials,2021-02-08,0.20295904761904762
Industrials,2021-02-09,0.08408666666666667
Industrials,2021-02-10,0.11515142857142857
Industrials,2021-02-11,-0.027669999999999993
Industrials,2021-02-12,0.22464666666666666
Industrials,2021-02-16,-0.15983285714285714
Industrials,2021-02-17,-0.041652857142857144
Industrials,2021-02-18,0.08548428571428571
Industrials,2021-02-19,0.16968133333333335
Industrials,2021-02-22,0.10063333333333332
Industrials,2021-02-23,0.09949333333333334
Industrials,2021-02-24,-0.08522166666666668
Industrials,2021-02-25,0.11347888888888888
Industrials,2021-02-26,0.09814166666666667
Industrials,2021-03-01,-0.04041875
Industrials,2021-03-02,-0.09616
Industrials,2021-03-03,0.03332714285714286
Industrials,2021-03-04,0.08532500000000001
Industrials,2021-03-05,0.03994285714285715
Industrials,2021-03-08,0.12299833333333332
Industrials,2021-03-09,0.16402333333333333
Industrials,2021-03-10,0.06894615384615385
Industrials,2021-03-11,0.24921733333333335
Industrials,2021-03-12,0.31282333333333334
Industrials,2021-03-15,0.24321333333333334
Industrials,2021-03-16,0.14379
Industrials,2021-03-17,0.04066499999999999
Industrials,2021-03-18,-0.09712999999999998
Industrials,2021-03-19,-0.11494999999999997
Industrials,2021-03-22,0.07047
Industrials,2021-03-23,0.11825000000000001
Industrials,2021-03-24,0.09499333333333333
Industrials,2021-03-25,0.04965999999999999
Industrials,2021-03-26,-0.018038571428571442
Industrials,2021-03-29,0.22221033333333332
Industrials,2021-03-30,0.26120666666666664
Industrials,2021-03-31,0.2513283333333333
Industrials,2021-04-01,0.17572333333333331
Industrials,2021-04-05,0.261592
Industrials,2021-04-06,-0.007865
Industrials,2021-04-07,0.06357333333333333
Industrials,2021-04-08,0.08981333333333333
Industrials,2021-04-09,0.18125761904761906
Industrials,2021-04-12,0.16821999999999998
Industrials,2021-04-13,0.325995
Industrials,2021-04-14,0.17314166666666667
Industrials,2021-04-15,0.340515
Industrials,2021-04-16,0.09418666666666667
Industrials,2021-04-19,0.196787
Industrials,2021-04-20,0.007821818181818185
Industrials,2021-04-21,0.03623666666666666
Industrials,2021-04-22,0.09017
Industrials,2021-04-23,0.08455
Industrials,2021-04-26,0.008293333333333323
Industrials,2021-04-27,0.1168425992063492
Industrials,2021-04-28,-0.015243368421052627
Industrials,2021-04-29,0.005193461538461541
Industrials,2021-04-30,0.04303600000000001
Industrials,2021-05-03,0.029850476190476188
Industrials,2021-05-04,0.104168
Industrials,2021-05-05,0.19239699999999998
Industrials,2021-05-06,0.25837
Industrials,2021-05-07,0.07986
Industrials,2021-05-10,0.23698999999999998
Industrials,2021-05-11,0.14259750000000002
Industrials,2021-05-12,0.08220857142857144
Industrials,2021-05-13,0.03765
Industrials,2021-05-14,0.05667
Industrials,2021-05-17,0.15174142857142858
Industrials,2021-05-18,0.007116
Industrials,2021-05-19,0.029969999999999997
Industrials,2021-05-20,0.13894
Industrials,2021-05-21,0.24493
Industrials,2021-05-24,0.242395
Industrials,2021-05-25,0.22432
Industrials,2021-05-26,0.03629666666666666
Industrials,2021-05-27,0.07439777777777777
Industrials,2021-05-28,0.07224
Industrials,2021-06-01,0.14226
Industrials,2021-06-02,0.11981
Industrials,2021-06-03,0.17161333333333334
Industrials,2021-06-04,0.13876
Industrials,2021-06-07,0.23135500000000003
Industrials,2021-06-08,0.18885
Industrials,2021-06-09,0.09079000000000001
Industrials,2021-06-10,0.11079333333333334
Industrials,2021-06-11,0.2827
Industrials,2021-06-14,0.06364
Industrials,2021-06-15,0.05438666666666666
Industrials,2021-06-16,0.16980166666666668
Industrials,2021-06-17,0.011315
Industrials,2021-06-18,0.013140000000000002
Industrials,2021-06-21,0.12130999999999999
Industrials,2021-06-22,-0.04833333333333334
Industrials,2021-06-23,0.07343666666666666
Industrials,2021-06-24,0.013486666666666666
Industrials,2021-06-25,0.0167
Industrials,2021-06-28,0.14506000000000002
Industrials,2021-06-29,0.17492000000000002
Industrials,2021-06-30,0.08970666666666666
Industrials,2021-07-01,0.21637
Industrials,2021-07-02,0.031610000000000006
Industrials,2021-07-06,0.09309999999999999
Industrials,2021-07-07,0.12718666666666667
Industrials,2021-07-08,0.11898666666666666
Industrials,2021-07-09,0.04166
Industrials,2021-07-12,0.16555999999999998
Industrials,2021-07-13,-0.08556
Industrials,2021-07-14,0.04404
Industrials,2021-07-15,0.0
Industrials,2021-07-16,0.07506
Industrials,2021-07-19,0.058589999999999996
Industrials,2021-07-20,0.058589999999999996
Industrials,2021-07-21,0.059250000000000004
Industrials,2021-07-22,0.07470500000000001
Industrials,2021-07-23,0.07255500000000001
Industrials,2021-07-26,0.010603333333333334
Industrials,2021-07-27,0.10027650793650793
Industrials,2021-07-28,0.19906888888888888
Industrials,2021-07-29,0.12869222222222224
Industrials,2021-07-30,0.08924422222222222
Industrials,2021-08-02,0.08247333333333333
Industrials,2021-08-03,0.06224333333333333
Industrials,2021-08-04,0.11500999999999999
Industrials,2021-08-05,0.141575
Industrials,2021-08-06,0.080815
Industrials,2021-08-09,0.16862333333333332
Industrials,2021-08-10,0.07560333333333333
Industrials,2021-08-11,-0.06555400000000002
Industrials,2021-08-12,-0.11466000000000001
Industrials,2021-08-13,-0.01928
Industrials,2021-08-16,0.04722499999999998
Industrials,2021-08-17,0.16373500000000002
Industrials,2021-08-18,-0.025280000000000014
Industrials,2021-08-19,-0.06124
Industrials,2021-08-20,-0.11474999999999999
Industrials,2021-08-23,0.06836333333333333
Industrials,2021-08-24,0.2178
Industrials,2021-08-25,0.17446
Industrials,2021-08-26,0.0
Industrials,2021-08-27,0.09516166666666667
Industrials,2021-08-30,0.09005166666666667
Industrials,2021-08-31,0.2168016666666667
Industrials,2021-09-01,0.111595
Industrials,2021-09-02,0.05753499999999999
Industrials,2021-09-03,0.09151000000000001
Industrials,2021-09-07,0.159808
Industrials,2021-09-08,0.23692666666666665
Industrials,2021-09-09,0.15674
Industrials,2021-09-10,-0.02471
Industrials,2021-09-13,0.060873333333333335
Industrials,2021-09-14,0.019733333333333332
Industrials,2021-09-15,0.009983333333333334
Industrials,2021-09-16,0.04652666666666667
Industrials,2021-09-17,0.019733333333333332
Industrials,2021-09-20,-0.002529999999999993
Industrials,2021-09-21,-0.02263
Industrials,2021-09-22,0.029360000000000004
Industrials,2021-09-23,0.26409333333333335
Industrials,2021-09-24,0.03953333333333334
Industrials,2021-09-27,0.042776
Industrials,2021-09-28,0.10014266666666667
Industrials,2021-09-29,0.15802266666666667
Industrials,2021-09-30,0.13932666666666665
Industrials,2021-10-01,0.15698666666666666
Industrials,2021-10-04,0.096746
Industrials,2021-10-05,0.019733333333333332
Industrials,2021-10-06,-0.143421
Industrials,2021-10-07,-0.100486
Industrials,2021-10-08,-0.061316
Industrials,2021-10-11,0.37551999999999996
Industrials,2021-10-12,0.29122
Industrials,2021-10-13,0.0965
Industrials,2021-10-14,0.15963
Industrials,2021-10-15,0.228335
Industrials,2021-10-18,0.12445333333333333
Industrials,2021-10-19,0.08896
Industrials,2021-10-20,0.02940000000000001
Industrials,2021-10-21,0.05244
Industrials,2021-10-22,0.18987
Industrials,2021-10-25,0.030143333333333345
Industrials,2021-10-26,0.05543866666666667
Industrials,2021-10-27,0.011033333333333329
Industrials,2021-10-28,0.14222581818181818
Industrials,2021-10-29,0.023790000000000002
Industrials,2021-11-01,0.053570000000000007
Industrials,2021-11-02,0.032240000000000005
Industrials,2021-11-03,0.02863
Industrials,2021-11-04,-0.024639999999999995
Industrials,2021-11-05,0.2154333333333333
Industrials,2021-11-08,0.009496666666666664
Industrials,2021-11-09,0.07014625
Industrials,2021-11-10,-0.09635166666666668
Industrials,2021-11-11,0.133815
Industrials,2021-11-12,0.27281
Industrials,2021-11-15,0.22657500000000003
Industrials,2021-11-16,0.070465
Industrials,2021-11-17,0.07259333333333333
Industrials,2021-11-18,0.12729333333333331
Industrials,2021-11-19,0.0066500000000000005
Industrials,2021-11-22,0.091125
Industrials,2021-11-23,0.14454
Industrials,2021-11-24,0.04576
Industrials,2021-11-26,0.016
Industrials,2021-11-29,0.02026
Industrials,2021-11-30,0.04284666666666667
Industrials,2021-12-01,-0.08699
Industrials,2021-12-02,-0.0025499999999999993
Industrials,2021-12-03,0.12738
Industrials,2021-12-06,0.11961733333333333
Industrials,2021-12-07,0.13554
Industrials,2021-12-08,-0.020325
Industrials,2021-12-09,0.12252999999999999
Industrials,2021-12-10,0.10919666666666668
Industrials,2021-12-13,-0.021665
Industrials,2021-12-14,0.10634999999999999
Industrials,2021-12-15,0.07432444444444444
Industrials,2021-12-16,-0.027255
Industrials,2021-12-17,0.029676285714285718
Industrials,2021-12-20,0.019167499999999983
Industrials,2021-12-21,-0.006874666666666673
Industrials,2021-12-22,0.28531333333333336
Industrials,2021-12-23,0.07708533333333334
Industrials,2021-12-27,0.23122533333333334
Industrials,2021-12-28,0.13264700000000001
Industrials,2021-12-29,0.18997000000000003
Industrials,2021-12-30,0.19578
Industrials,2021-12-31,0.0843
Industrials,2022-01-03,0.24409
Industrials,2022-01-04,0.20781999999999998
Industrials,2022-01-05,0.10925333333333334
Industrials,2022-01-06,0.08702333333333334
Industrials,2022-01-07,0.063317
Industrials,2022-01-10,0.1759342857142857
Industrials,2022-01-11,0.165048
Industrials,2022-01-12,0.19689833333333334
Industrials,2022-01-13,0.08069833333333333
Industrials,2022-01-14,0.19151555555555558
Industrials,2022-01-18,0.06635179487179486
Industrials,2022-01-19,0.060601333333333327
Industrials,2022-01-20,0.16089933333333334
Industrials,2022-01-21,0.07250933333333333
Industrials,2022-01-24,0.149028
Industrials,2022-01-25,0.10481539969834089
Industrials,2022-01-26,0.0781668115942029
Industrials,2022-01-27,0.14601899999999998
Industrials,2022-01-28,0.1273485
Industrials,2022-01-31,0.16099541666666667
Industrials,2022-02-01,0.0732878947368421
Industrials,2022-02-02,0.16695833333333332
Industrials,2022-02-03,0.144049
Industrials,2022-02-04,0.38427500000000003
Industrials,2022-02-07,0.3402
Industrials,2022-02-08,0.013299999999999989
Industrials,2022-02-09,0.013679999999999998
Industrials,2022-02-10,0.022134
Industrials,2022-02-11,0.08159666666666668
Industrials,2022-02-14,-0.07985833333333334
Industrials,2022-02-15,0.05438166666666666
Industrials,2022-02-16,-0.0040321428571428505
Industrials,2022-02-17,0.058735
Industrials,2022-02-18,0.030375000000000003
Industrials,2022-02-22,0.0899625
Industrials,2022-02-23,-0.06950999999999999
Industrials,2022-02-24,0.04623666666666667
Industrials,2022-02-25,0.038463333333333335
Industrials,2022-02-28,0.145776
Industrials,2022-03-01,0.13415733333333332
Industrials,2022-03-02,0.11243533333333333
Industrials,2022-03-03,0.14815666666666666
Industrials,2022-03-04,0.13381666666666664
Industrials,2022-03-07,0.14560333333333336
Industrials,2022-03-08,-0.0048099999999999974
Industrials,2022-03-09,0.14688380952380953
Industrials,2022-03-10,-0.03280285714285714
Industrials,2022-03-11,0.11408
Industrials,2022-03-14,0.27364
Industrials,2022-03-15,0.17779333333333333
Industrials,2022-03-16,0.05753285714285714
Industrials,2022-03-17,0.18343363636363635
Industrials,2022-03-18,0.10451717948717949
Industrials,2022-03-21,0.030477999999999995
Industrials,2022-03-22,-0.06732666666666667
Industrials,2022-03-23,-0.06891333333333333
Industrials,2022-03-24,-0.10988571428571428
Industrials,2022-03-25,0.12292
Industrials,2022-03-28,0.17419333333333334
Industrials,2022-03-29,0.12603266666666668
Industrials,2022-03-30,0.37058222222222226
Industrials,2022-03-31,0.20839333333333335
Industrials,2022-04-01,-0.00860399999999999
Industrials,2022-04-04,0.150995
Industrials,2022-04-05,0.025967619047619052
Industrials,2022-04-06,0.107702
Industrials,2022-04-07,0.05160285714285714
Industrials,2022-04-08,0.034914999999999995
Industrials,2022-04-11,0.07996222222222223
Industrials,2022-04-12,0.06599066666666667
Industrials,2022-04-13,0.11536666666666669
Industrials,2022-04-14,0.07676000000000001
Industrials,2022-04-18,0.09792
Industrials,2022-04-19,0.11024133333333333
Industrials,2022-04-20,0.10845400000000001
Industrials,2022-04-21,0.2278
Industrials,2022-04-22,-0.08736000000000001
Industrials,2022-04-25,0.16140285714285713
Industrials,2022-04-26,-0.023898813852813852
Industrials,2022-04-27,0.05259499999999999
Industrials,2022-04-28,0.043520714285714295
Industrials,2022-04-29,0.2221973333333333
Industrials,2022-05-02,0.06344066666666666
Industrials,2022-05-03,0.22546666666666665
Industrials,2022-05-04,0.11836666666666666
Industrials,2022-05-05,0.0011606666666666653
Industrials,2022-05-06,0.077624
Industrials,2022-05-09,0.1487765
Industrials,2022-05-10,0.13055166666666668
Industrials,2022-05-11,0.0881952380952381
Industrials,2022-05-12,0.17373333333333335
Industrials,2022-05-13,0.09239266666666665
Industrials,2022-05-16,0.137495
Industrials,2022-05-17,0.11529199999999999
Industrials,2022-05-18,0.00029333333333333436
Industrials,2022-05-19,0.22133000000000003
Industrials,2022-05-20,0.10857944444444445
Industrials,2022-05-23,0.13944666666666666
Industrials,2022-05-24,0.40959466666666666
Industrials,2022-05-25,0.208432
Industrials,2022-05-26,0.21142333333333335
Industrials,2022-05-27,0.12723666666666666
Industrials,2022-05-31,0.298388
Industrials,2022-06-01,0.238698
Industrials,2022-06-02,0.07098266666666667
Industrials,2022-06-03,0.11674666666666667
Industrials,2022-06-06,0.039518666666666674
Industrials,2022-06-07,0.32036000000000003
Industrials,2022-06-08,0.13089
Industrials,2022-06-09,0.21109383333333334
Industrials,2022-06-10,0.158853
Industrials,2022-06-13,-0.012410000000000004
Industrials,2022-06-14,0.18406466666666668
Industrials,2022-06-15,0.17115181818181818
Industrials,2022-06-16,0.074234
Industrials,2022-06-17,0.21332
Industrials,2022-06-21,0.18726833333333331
Industrials,2022-06-22,-0.030042777777777797
Industrials,2022-06-23,0.130004
Industrials,2022-06-24,0.0032333333333333324
Industrials,2022-06-27,0.12119071428571429
Industrials,2022-06-28,0.046588571428571424
Industrials,2022-06-29,0.17250666666666667
Industrials,2022-06-30,0.2640533333333333
Industrials,2022-07-01,0.18412
Industrials,2022-07-05,0.294865
Industrials,2022-07-06,0.153915
Industrials,2022-07-07,0.0772725
Industrials,2022-07-08,0.13131500000000002
Industrials,2022-07-11,0.17235166666666665
Industrials,2022-07-12,0.125746
Industrials,2022-07-13,0.18887666666666666
Industrials,2022-07-14,0.14362333333333333
Industrials,2022-07-15,-0.01765333333333333
Industrials,2022-07-18,0.07782400000000002
Industrials,2022-07-19,0.145044
Industrials,2022-07-20,0.09295828571428573
Industrials,2022-07-21,0.022421619047619048
Industrials,2022-07-22,0.057284
Industrials,2022-07-25,0.04948971428571429
Industrials,2022-07-26,0.14770348412698414
Industrials,2022-07-27,0.05073792857142857
Industrials,2022-07-28,0.11998019047619049
Industrials,2022-07-29,0.1511087619047619
Industrials,2022-08-01,0.19789299999999999
Industrials,2022-08-02,0.02225938461538462
Industrials,2022-08-03,0.08331271794871795
Industrials,2022-08-04,0.06701938461538462
Industrials,2022-08-05,0.11780900000000001
Industrials,2022-08-08,0.180064
Industrials,2022-08-09,0.0037439999999999973
Industrials,2022-08-10,0.1392056666666667
Industrials,2022-08-11,0.12338900000000001
Industrials,2022-08-12,0.16608066666666668
Industrials,2022-08-15,0.288124
Industrials,2022-08-16,-0.10207600000000001
Industrials,2022-08-17,0.045694
Industrials,2022-08-18,0.035990666666666685
Industrials,2022-08-19,0.12547066666666667
Industrials,2022-08-22,0.18192495238095238
Industrials,2022-08-23,0.21166400000000002
Industrials,2022-08-24,0.128864
Industrials,2022-08-25,0.220044
Industrials,2022-08-26,0.07686066666666669
Industrials,2022-08-29,0.057572
Industrials,2022-08-30,0.16556900000000002
Industrials,2022-08-31,0.17679066666666668
Industrials,2022-09-01,0.204469
Industrials,2022-09-02,0.11809066666666665
Industrials,2022-09-06,0.2121033333333333
Industrials,2022-09-07,0.10936399999999999
Industrials,2022-09-08,0.028100666666666684
Industrials,2022-09-09,-0.07006599999999999
Industrials,2022-09-12,0.017635000000000022
Industrials,2022-09-13,0.273079
Industrials,2022-09-14,0.10869900000000002
Industrials,2022-09-15,0.007653999999999999
Industrials,2022-09-16,0.10329576470588235
Industrials,2022-09-19,0.1999651904761905
Industrials,2022-09-20,0.13165733333333335
Industrials,2022-09-21,0.09874733333333333
Industrials,2022-09-22,0.00843666666666667
Industrials,2022-09-23,0.09762000000000001
Industrials,2022-09-26,0.022499
Industrials,2022-09-27,-0.01718599999999999
Industrials,2022-09-28,-0.039244333333333326
Industrials,2022-09-29,0.06872400000000001
Industrials,2022-09-30,0.111044
Industrials,2022-10-03,0.250184
Industrials,2022-10-04,0.059494000000000005
Industrials,2022-10-05,0.29291733333333336
Industrials,2022-10-06,0.202094
Industrials,2022-10-07,0.039578999999999996
Industrials,2022-10-10,0.13342400000000001
Industrials,2022-10-11,0.266024
Industrials,2022-10-12,0.332874
Industrials,2022-10-13,0.10219400000000001
Industrials,2022-10-14,0.12206399999999999
Industrials,2022-10-17,-0.05135599999999999
Industrials,2022-10-18,0.112869
Industrials,2022-10-19,0.09807566666666667
Industrials,2022-10-20,0.15759733333333334
Industrials,2022-10-21,0.148584
Industrials,2022-10-24,0.12268622222222221
Industrials,2022-10-25,0.05662128937728937
Industrials,2022-10-26,0.053398666666666664
Industrials,2022-10-27,0.23960622222222222
Industrials,2022-10-28,0.176694
Industrials,2022-10-31,0.135594
Industrials,2022-11-01,0.09096400000000002
Industrials,2022-11-02,0.099324
Industrials,2022-11-03,0.04670266666666666
Industrials,2022-11-04,0.18096399999999999
Industrials,2022-11-07,0.022964000000000002
Industrials,2022-11-08,0.075434
Industrials,2022-11-09,0.107264
Industrials,2022-11-10,0.09596400000000001
Industrials,2022-11-11,0.18497733333333333
Industrials,2022-11-14,-0.011016000000000003
Industrials,2022-11-15,0.068394
Industrials,2022-11-16,0.111784
Industrials,2022-11-17,0.115249
Industrials,2022-11-18,0.07489566666666667
Industrials,2022-11-21,0.07807733333333333
Industrials,2022-11-22,0.16991133333333336
Industrials,2022-11-23,0.07648133333333333
Industrials,2022-11-25,0.085528
Industrials,2022-11-28,0.02887
Industrials,2022-11-29,0.142844
Industrials,2022-11-30,0.12563733333333332
Industrials,2022-12-01,0.2571773333333333
Industrials,2022-12-02,0.00566533333333333
Industrials,2022-12-05,0.07938066666666667
Industrials,2022-12-06,-0.09425599999999999
Industrials,2022-12-07,-0.048375999999999995
Industrials,2022-12-08,0.14735399999999998
Industrials,2022-12-09,0.170244
Industrials,2022-12-12,-0.006169333333333337
Industrials,2022-12-13,0.23188400000000003
Industrials,2022-12-14,0.27282400000000007
Industrials,2022-12-15,0.249728
Industrials,2022-12-16,0.070736
Industrials,2022-12-19,0.18121400000000001
Industrials,2022-12-20,0.140949
Industrials,2022-12-21,0.37720495238095236
Industrials,2022-12-22,0.14603066666666667
Industrials,2022-12-23,0.073034
Industrials,2022-12-27,0.13506900000000002
Industrials,2022-12-28,0.10846566666666665
Industrials,2022-12-29,0.07746566666666667
Industrials,2022-12-30,0.143494
Industrials,2023-01-03,0.08528933333333334
Industrials,2023-01-04,0.10774566666666667
Industrials,2023-01-05,0.154334
Industrials,2023-01-06,0.099589
Industrials,2023-01-09,0.194729
Industrials,2023-01-10,0.18016114285714285
Industrials,2023-01-11,0.056081142857142864
Industrials,2023-01-12,0.13848566666666667
Industrials,2023-01-13,0.06062400000000001
Industrials,2023-01-17,0.238859
Industrials,2023-01-18,-0.07279100000000001
Industrials,2023-01-19,0.07369400000000001
Industrials,2023-01-20,0.019804000000000006
Industrials,2023-01-23,0.20642485714285713
Industrials,2023-01-24,0.08846642424242425
Industrials,2023-01-25,0.15957733333333332
Industrials,2023-01-26,0.048102571428571425
Industrials,2023-01-27,0.1464592380952381
Industrials,2023-01-30,0.017708
Industrials,2023-01-31,0.14040188235294118
Industrials,2023-02-01,0.099044
Industrials,2023-02-02,0.200084
Industrials,2023-02-03,0.251289
Industrials,2023-02-06,0.17840733333333333
Industrials,2023-02-07,0.015767333333333345
Industrials,2023-02-08,0.18314066666666667
Industrials,2023-02-09,0.10910733333333333
Industrials,2023-02-10,0.07916399999999998
Industrials,2023-02-13,0.14172400000000002
Industrials,2023-02-14,0.11511333333333333
Industrials,2023-02-15,0.08211
Industrials,2023-02-16,0.160879
Industrials,2023-02-17,0.05239733333333334
Industrials,2023-02-21,0.21870099999999998
Industrials,2023-02-22,0.022964000000000002
Industrials,2023-02-23,0.07196733333333334
Industrials,2023-02-24,0.11250066666666667
Industrials,2023-02-27,0.093849
Industrials,2023-02-28,0.19662066666666667
Industrials,2023-03-01,0.06722399999999999
Industrials,2023-03-02,0.22822257142857144
Industrials,2023-03-03,0.13912066666666667
Industrials,2023-03-06,0.183704
Industrials,2023-03-07,0.24798733333333334
Industrials,2023-03-08,0.17103733333333332
Industrials,2023-03-09,0.10418400000000001
Industrials,2023-03-10,0.1258082857142857
Industrials,2023-03-13,0.15544
Industrials,2023-03-14,0.20310999999999998
Industrials,2023-03-15,0.069344
Industrials,2023-03-16,0.275044
Industrials,2023-03-17,0.093784
Industrials,2023-03-20,0.10216066666666665
Industrials,2023-03-21,0.217694
Industrials,2023-03-22,0.148154
Industrials,2023-03-23,0.10100400000000001
Industrials,2023-03-24,0.09555066666666669
Industrials,2023-03-27,0.174204
Industrials,2023-03-28,0.137069
Industrials,2023-03-29,0.07277900000000001
Industrials,2023-03-30,0.19127566666666668
Industrials,2023-03-31,0.07771733333333333
Industrials,2023-04-03,0.11609900000000002
Industrials,2023-04-04,0.09665757142857143
Industrials,2023-04-05,0.09208233333333334
Industrials,2023-04-06,0.067568
Industrials,2023-04-10,0.1523965
Industrials,2023-04-11,0.006450666666666671
Industrials,2023-04-12,0.08589666666666666
Industrials,2023-04-13,0.20230399999999998
Industrials,2023-04-14,0.14845566666666668
Industrials,2023-04-17,0.116846
Industrials,2023-04-18,0.081544
Industrials,2023-04-19,0.123034
Industrials,2023-04-20,0.09056800000000001
Industrials,2023-04-21,0.149772
Industrials,2023-04-24,0.08219316666666668
Industrials,2023-04-25,0.07254791941391942
Industrials,2023-04-26,0.14369275
Industrials,2023-04-27,0.062184
Industrials,2023-04-28,0.06349066666666667
Industrials,2023-05-01,0.129269
Industrials,2023-05-02,0.10658400000000001
Industrials,2023-05-03,0.12478066666666668
Industrials,2023-05-04,0.32418233333333335
Industrials,2023-05-05,-0.147176
Industrials,2023-05-08,0.10503066666666667
Industrials,2023-05-09,0.21494066666666667
Industrials,2023-05-10,0.1442006666666667
Industrials,2023-05-11,0.09012400000000001
Industrials,2023-05-12,0.078404
Industrials,2023-05-15,0.148444
Industrials,2023-05-16,0.088079
Industrials,2023-05-17,0.089544
Industrials,2023-05-18,0.037764
Industrials,2023-05-19,0.098724
Industrials,2023-05-22,0.18411661904761906
Industrials,2023-05-23,0.16749161904761906
Industrials,2023-05-24,0.14098161904761905
Industrials,2023-05-25,0.134004
Industrials,2023-05-26,0.1413406666666667
Industrials,2023-05-30,0.09238733333333334
Industrials,2023-05-31,0.09262733333333333
Industrials,2023-06-01,0.12971466666666667
Industrials,2023-06-02,0.14006185714285715
Industrials,2023-06-05,0.10107828571428572
Industrials,2023-06-06,0.27483828571428576
Industrials,2023-06-07,0.12977066666666667
Industrials,2023-06-08,0.11777733333333336
Industrials,2023-06-09,0.04962233333333334
Industrials,2023-06-12,0.144409
Industrials,2023-06-13,0.09946400000000001
Industrials,2023-06-14,0.14260100000000003
Industrials,2023-06-15,0.10136233333333333
Industrials,2023-06-16,0.14306400000000002
Industrials,2023-06-20,0.12127724675324676
Industrials,2023-06-21,-0.05993095238095236
Industrials,2023-06-22,0.05281400000000001
Industrials,2023-06-23,0.087564
Industrials,2023-06-26,0.18028114285714286
Industrials,2023-06-27,0.08426066666666668
Industrials,2023-06-28,0.06304400000000002
Industrials,2023-06-29,0.070634
Industrials,2023-06-30,0.146314
Industrials,2023-07-03,0.11628833333333333
Industrials,2023-07-05,0.22550538461538464
Industrials,2023-07-06,0.073516
Industrials,2023-07-07,-0.015650999999999988
Industrials,2023-07-10,0.0749487619047619
Industrials,2023-07-11,0.13467400000000002
Industrials,2023-07-12,0.03631733333333333
Industrials,2023-07-13,0.10794733333333335
Industrials,2023-07-14,0.077254
Industrials,2023-07-17,0.033694
Industrials,2023-07-18,0.24502733333333335
Industrials,2023-07-19,0.18010185714285715
Industrials,2023-07-20,0.03741257142857144
Industrials,2023-07-21,0.10056899999999999
Industrials,2023-07-24,0.202239
Industrials,2023-07-25,0.04511013430127042
Industrials,2023-07-26,-0.04089216666666666
Industrials,2023-07-27,0.18377799999999997
Industrials,2023-07-28,0.017079
Industrials,2023-07-31,0.09494539130434783
Industrials,2023-08-01,0.09381707692307692
Industrials,2023-08-02,0.10805417647058824
Industrials,2023-08-03,0.103119
Industrials,2023-08-04,0.13806066666666666
Industrials,2023-08-07,0.081694
Industrials,2023-08-08,0.12144150000000001
Industrials,2023-08-09,0.15513133333333334
Industrials,2023-08-10,0.054268000000000004
Industrials,2023-08-11,0.082297
Industrials,2023-08-14,0.117119
Industrials,2023-08-15,0.148734
Industrials,2023-08-16,0.20285899999999998
Industrials,2023-08-17,0.037372571428571436
Industrials,2023-08-18,-0.020456000000000002
Industrials,2023-08-21,0.07542
Industrials,2023-08-22,0.189844
Industrials,2023-08-23,0.09541799999999999
Industrials,2023-08-24,0.15252400000000002
Industrials,2023-08-25,0.050411000000000004
Industrials,2023-08-28,0.02111242105263158
Industrials,2023-08-29,0.006439238095238098
Industrials,2023-08-30,0.081339
Industrials,2023-08-31,0.08494466666666667
Industrials,2023-09-01,0.15405066666666667
Industrials,2023-09-05,0.15114466666666668
Industrials,2023-09-06,0.10663733333333333
Industrials,2023-09-07,0.211904
Industrials,2023-09-08,0.07260733333333333
Industrials,2023-09-11,0.112733
Industrials,2023-09-12,0.14209966666666668
Industrials,2023-09-13,0.08633485714285713
Industrials,2023-09-14,0.119424
Industrials,2023-09-15,0.10115066666666665
Industrials,2023-09-18,0.11596011111111111
Industrials,2023-09-19,0.14521590476190477
Industrials,2023-09-20,0.08501288888888889
Industrials,2023-09-21,0.1512060476190476
Industrials,2023-09-22,0.23193066666666667
Industrials,2023-09-25,0.17286733333333335
Industrials,2023-09-26,0.15106233333333333
Industrials,2023-09-27,0.21183933333333335
Industrials,2023-09-28,0.07341542857142858
Industrials,2023-09-29,0.1547956666666667
Industrials,2023-10-02,0.12994695238095239
Industrials,2023-10-03,0.10146866666666665
Industrials,2023-10-04,0.07210166666666666
Industrials,2023-10-05,0.099449
Industrials,2023-10-06,0.10113666666666668
Industrials,2023-10-09,-0.03181133333333334
Industrials,2023-10-10,0.11699650793650793
Industrials,2023-10-11,0.1873086666666667
Industrials,2023-10-12,0.19556583333333333
Industrials,2023-10-13,0.13888999999999999
Industrials,2023-10-16,0.07817066666666667
Industrials,2023-10-17,0.05521666666666667
Industrials,2023-10-18,0.04653035714285715
Industrials,2023-10-19,0.08238035714285716
Industrials,2023-10-20,-0.0023103333333333365
Industrials,2023-10-23,0.18046871794871794
Industrials,2023-10-24,0.21054608695652174
Industrials,2023-10-25,0.07482166666666666
Industrials,2023-10-26,0.0673647619047619
Industrials,2023-10-27,-0.08440133333333333
Industrials,2023-10-30,0.13820923076923078
Industrials,2023-10-31,0.09792190476190477
Industrials,2023-11-01,0.12493000000000001
Industrials,2023-11-02,0.18584833333333334
Industrials,2023-11-03,0.0651
Industrials,2023-11-06,0.13376266666666667
Industrials,2023-11-07,0.09757333333333335
Industrials,2023-11-08,0.09008666666666668
Industrials,2023-11-09,0.2379966666666667
Industrials,2023-11-10,0.09568
Industrials,2023-11-13,0.0125175
Industrials,2023-11-14,0.057953
Industrials,2023-11-15,0.15102895238095237
Industrials,2023-11-16,0.13330599999999998
Industrials,2023-11-17,0.21380249999999998
Industrials,2023-11-20,-0.0017966666666666686
Industrials,2023-11-21,0.08501333333333334
Industrials,2023-11-22,0.15327833333333332
Industrials,2023-11-24,0.19637272727272725
Industrials,2023-11-27,0.03903
Industrials,2023-11-28,0.07504041666666668
Industrials,2023-11-29,0.11957333333333335
Industrials,2023-11-30,0.08169
Industrials,2023-12-01,0.0364125
Industrials,2023-12-04,0.1330738095238095
Industrials,2023-12-05,-0.06629
Industrials,2023-12-06,-0.08817466666666667
Industrials,2023-12-07,-0.054916666666666655
Industrials,2023-12-08,0.031023333333333337
Industrials,2023-12-11,0.08081247619047618
Industrials,2023-12-12,0.24736833333333333
Industrials,2023-12-13,0.14791819047619048
Industrials,2023-12-14,0.10353833333333333
Industrials,2023-12-15,0.08424000000000001
Industrials,2023-12-18,0.23579380952380954
Industrials,2023-12-19,0.23579380952380954
Industrials,2023-12-20,0.23579380952380954
Industrials,2023-12-21,0.23579380952380954
Industrials,2023-12-22,0.23579380952380954
Industrials,2023-12-26,0.23579380952380954
Industrials,2023-12-27,0.23579380952380954
Industrials,2023-12-28,0.23579380952380954
Industrials,2023-12-29,0.23579380952380954
Materials,2020-01-02,0.18291666666666664
Materials,2020-01-03,0.03032499999999999
Materials,2020-01-06,-0.069765
Materials,2020-01-07,0.07636
Materials,2020-01-08,0.036520000000000004
Materials,2020-01-09,0.10181333333333334
Materials,2020-01-10,-0.009360000000000012
Materials,2020-01-13,0.16784
Materials,2020-01-14,0.22509999999999994
Materials,2020-01-15,0.23073333333333332
Materials,2020-01-16,0.08808
Materials,2020-01-17,0.18836
Materials,2020-01-21,0.010085999999999998
Materials,2020-01-22,-0.059199999999999996
Materials,2020-01-23,0.09407
Materials,2020-01-24,0.11928799999999999
Materials,2020-01-27,-0.0014733333333333321
Materials,2020-01-28,0.167525
Materials,2020-01-29,0.12668428571428572
Materials,2020-01-30,-0.026406410256410263
Materials,2020-01-31,-0.0033346666666666663
Materials,2020-02-03,0.14187
Materials,2020-02-04,0.054110000000000005
Materials,2020-02-05,0.06436
Materials,2020-02-06,0.05132111111111111
Materials,2020-02-07,0.03672333333333333
Materials,2020-02-10,0.23231333333333332
Materials,2020-02-11,0.11732800000000002
Materials,2020-02-12,0.059199999999999996
Materials,2020-02-13,0.08668285714285714
Materials,2020-02-14,0.042804999999999996
Materials,2020-02-18,0.12242444444444445
Materials,2020-02-19,0.0318
Materials,2020-02-20,0.060812727272727275
Materials,2020-02-21,0.0993
Materials,2020-02-24,0.06621083333333333
Materials,2020-02-25,0.08260999999999999
Materials,2020-02-26,0.05650666666666667
Materials,2020-02-27,0.05670428571428571
Materials,2020-02-28,0.18272166666666667
Materials,2020-03-02,0.031938333333333326
Materials,2020-03-03,0.161003
Materials,2020-03-04,0.24886
Materials,2020-03-05,0.11590333333333333
Materials,2020-03-06,0.01011999999999999
Materials,2020-03-09,0.11394333333333333
Materials,2020-03-10,0.05930833333333333
Materials,2020-03-11,0.058496666666666676
Materials,2020-03-12,-0.06551599999999999
Materials,2020-03-13,0.07144666666666666
Materials,2020-03-16,-0.01604000000000001
Materials,2020-03-17,0.035615
Materials,2020-03-18,0.015944999999999997
Materials,2020-03-19,0.08905466666666666
Materials,2020-03-20,0.045237999999999993
Materials,2020-03-23,0.17433285714285712
Materials,2020-03-24,0.31854
Materials,2020-03-25,0.22616
Materials,2020-03-26,0.19537066666666666
Materials,2020-03-27,0.3154366666666667
Materials,2020-03-30,0.10744566666666669
Materials,2020-03-31,0.224695
Materials,2020-04-01,0.04751466666666666
Materials,2020-04-02,0.11831666666666667
Materials,2020-04-03,0.051539999999999996
Materials,2020-04-06,0.074848
Materials,2020-04-07,0.4134300000000001
Materials,2020-04-08,0.22084133333333336
Materials,2020-04-09,0.1181393650793651
Materials,2020-04-13,0.06534738095238095
Materials,2020-04-14,0.05009
Materials,2020-04-15,0.019474047619047613
Materials,2020-04-16,0.08621000000000001
Materials,2020-04-17,0.27202000000000004
Materials,2020-04-20,0.21026666666666666
Materials,2020-04-21,0.11338666666666666
Materials,2020-04-22,0.219495
Materials,2020-04-23,0.14747485714285716
Materials,2020-04-24,0.07501333333333333
Materials,2020-04-27,0.2466066666666667
Materials,2020-04-28,0.053927666666666665
Materials,2020-04-29,0.29078
Materials,2020-04-30,0.088055
Materials,2020-05-01,0.132345
Materials,2020-05-04,0.029556666666666665
Materials,2020-05-05,0.15791498039215685
Materials,2020-05-06,-0.021528571428571435
Materials,2020-05-07,0.09727200000000001
Materials,2020-05-08,0.06367916666666666
Materials,2020-05-11,0.05690200000000001
Materials,2020-05-12,0.05597266666666667
Materials,2020-05-13,0.12836466666666665
Materials,2020-05-14,0.114235
Materials,2020-05-15,0.2266277777777778
Materials,2020-05-18,0.11503000000000001
Materials,2020-05-19,0.08143666666666667
Materials,2020-05-20,0.15232
Materials,2020-05-21,0.15098333333333333
Materials,2020-05-22,0.09679
Materials,2020-05-26,0.17339833333333332
Materials,2020-05-27,0.05464
Materials,2020-05-28,0.127
Materials,2020-05-29,0.11579999999999999
Materials,2020-06-01,0.05464
Materials,2020-06-02,0.219765
Materials,2020-06-03,0.12638
Materials,2020-06-04,-0.0256
Materials,2020-06-05,0.15984500000000001
Materials,2020-06-08,0.018120000000000004
Materials,2020-06-09,0.08648000000000002
Materials,2020-06-10,0.08648000000000002
Materials,2020-06-11,0.07664
Materials,2020-06-12,0.11499000000000001
Materials,2020-06-15,0.16963
Materials,2020-06-16,0.11499000000000001
Materials,2020-06-17,0.045179999999999984
Materials,2020-06-18,0.0
Materials,2020-06-19,-0.04526
Materials,2020-06-22,-0.003320000000000001
Materials,2020-06-23,0.04588
Materials,2020-06-24,0.04588
Materials,2020-06-25,0.12625999999999998
Materials,2020-06-26,0.14838
Materials,2020-06-29,0.04526
Materials,2020-06-30,0.04046
Materials,2020-07-01,0.04046
Materials,2020-07-02,0.04046
Materials,2020-07-06,-0.005310000000000004
Materials,2020-07-07,-0.005310000000000004
Materials,2020-07-08,0.17263
Materials,2020-07-09,0.05825
Materials,2020-07-10,0.04046
Materials,2020-07-13,0.04046
Materials,2020-07-14,0.04046
Materials,2020-07-15,0.04046
Materials,2020-07-16,0.01032
Materials,2020-07-17,0.01032
Materials,2020-07-20,0.01032
Materials,2020-07-21,0.01032
Materials,2020-07-22,0.06495999999999999
Materials,2020-07-23,0.0074540000000000075
Materials,2020-07-24,0.10402
Materials,2020-07-27,0.019756000000000003
Materials,2020-07-28,0.11329499999999999
Materials,2020-07-29,0.046134999999999995
Materials,2020-07-30,0.0039000000000000033
Materials,2020-07-31,0.031220000000000005
Materials,2020-08-03,0.30703
Materials,2020-08-04,0.20648
Materials,2020-08-05,0.048929999999999994
Materials,2020-08-06,0.19749
Materials,2020-08-07,0.19749
Materials,2020-08-10,0.21772666666666668
Materials,2020-08-11,0.09034666666666666
Materials,2020-08-12,0.09034666666666666
Materials,2020-08-13,0.09034666666666666
Materials,2020-08-14,0.04046
Materials,2020-08-17,0.22696
Materials,2020-08-18,0.15453999999999998
Materials,2020-08-19,0.15453999999999998
Materials,2020-08-20,0.15453999999999998
Materials,2020-08-21,0.12894
Materials,2020-08-24,0.1102
Materials,2020-08-25,0.10022
Materials,2020-08-26,0.195
Materials,2020-08-27,0.1358
Materials,2020-08-28,0.08025333333333333
Materials,2020-08-31,0.0
Materials,2020-09-01,0.0
Materials,2020-09-02,0.0
Materials,2020-09-03,-0.0317
Materials,2020-09-04,0.029599999999999998
Materials,2020-09-08,0.05
Materials,2020-09-09,0.05
Materials,2020-09-10,0.11581999999999999
Materials,2020-09-11,0.0066200000000000035
Materials,2020-09-14,0.021075
Materials,2020-09-15,0.021075
Materials,2020-09-16,0.0
Materials,2020-09-17,0.097435
Materials,2020-09-18,0.097435
Materials,2020-09-21,0.20777
Materials,2020-09-22,0.20777
Materials,2020-09-23,0.13141
Materials,2020-09-24,0.22267
Materials,2020-09-25,0.16784000000000002
Materials,2020-09-28,-0.01996
Materials,2020-09-29,-0.01996
Materials,2020-09-30,-0.04019
Materials,2020-10-01,-0.04019
Materials,2020-10-02,-0.04019
Materials,2020-10-05,0.01767
Materials,2020-10-06,0.01767
Materials,2020-10-07,-0.04019
Materials,2020-10-08,-0.04019
Materials,2020-10-09,-0.04019
Materials,2020-10-12,0.04046
Materials,2020-10-13,0.04046
Materials,2020-10-14,0.13740999999999998
Materials,2020-10-15,0.14011
Materials,2020-10-16,0.25135
Materials,2020-10-19,0.47354
Materials,2020-10-20,0.47354
Materials,2020-10-21,0.34222
Materials,2020-10-22,0.24653333333333335
Materials,2020-10-23,0.21717333333333336
Materials,2020-10-26,0.09729333333333333
Materials,2020-10-27,0.09729333333333333
Materials,2020-10-28,0.09729333333333333
Materials,2020-10-29,0.06969533333333333
Materials,2020-10-30,0.06969533333333333
Materials,2020-11-02,0.16214333333333333
Materials,2020-11-03,0.21320333333333333
Materials,2020-11-04,0.18391
Materials,2020-11-05,0.18391
Materials,2020-11-06,0.17071
Materials,2020-11-09,0.17071
Materials,2020-11-10,0.024389999999999988
Materials,2020-11-11,0.07808333333333332
Materials,2020-11-12,0.04404
Materials,2020-11-13,0.19241999999999998
Materials,2020-11-16,0.19221
Materials,2020-11-17,0.18151
Materials,2020-11-18,0.18151
Materials,2020-11-19,0.1706
Materials,2020-11-20,0.1706
Materials,2020-11-23,0.04046
Materials,2020-11-24,0.12854000000000002
Materials,2020-11-25,0.14763333333333334
Materials,2020-11-27,0.14763333333333334
Materials,2020-11-30,0.10771333333333333
Materials,2020-12-01,0.16294000000000003
Materials,2020-12-02,0.21400000000000002
Materials,2020-12-03,0.21400000000000002
Materials,2020-12-04,0.21400000000000002
Materials,2020-12-07,0.21400000000000002
Materials,2020-12-08,0.2054666666666667
Materials,2020-12-09,0.26437333333333335
Materials,2020-12-10,0.2732
Materials,2020-12-11,0.18168
Materials,2020-12-14,0.18168
Materials,2020-12-15,0.0
Materials,2020-12-16,0.0
Materials,2020-12-17,0.08808
Materials,2020-12-18,0.09069999999999999
Materials,2020-12-21,0.23371
Materials,2020-12-22,0.12138
Materials,2020-12-23,0.12138
Materials,2020-12-24,0.12138
Materials,2020-12-28,0.04046
Materials,2020-12-29,0.1358
Materials,2020-12-30,0.19944
Materials,2020-12-31,0.21617999999999998
Materials,2021-01-04,0.04404
Materials,2021-01-05,0.12264
Materials,2021-01-06,0.20693999999999999
Materials,2021-01-07,0.0707
Materials,2021-01-08,0.149868
Materials,2021-01-11,0.143248
Materials,2021-01-12,0.15342
Materials,2021-01-13,0.09878
Materials,2021-01-14,0.09878
Materials,2021-01-15,0.09878
Materials,2021-01-19,-0.07134000000000003
Materials,2021-01-20,0.030779999999999995
Materials,2021-01-21,-0.017220000000000003
Materials,2021-01-22,0.05502
Materials,2021-01-25,0.0679
Materials,2021-01-26,-0.012873333333333325
Materials,2021-01-27,-0.022713333333333335
Materials,2021-01-28,0.09229166666666666
Materials,2021-01-29,0.057821666666666674
Materials,2021-02-01,0.016076
Materials,2021-02-02,0.016076
Materials,2021-02-03,0.02064
Materials,2021-02-04,0.02064
Materials,2021-02-05,0.01032
Materials,2021-02-08,0.08928
Materials,2021-02-09,0.09921333333333332
Materials,2021-02-10,0.14509333333333332
Materials,2021-02-11,0.14509333333333332
Materials,2021-02-12,0.14509333333333332
Materials,2021-02-16,0.13835000000000003
Materials,2021-02-17,0.11623999999999998
Materials,2021-02-18,0.12181
Materials,2021-02-19,0.1685
Materials,2021-02-22,0.010286666666666666
Materials,2021-02-23,0.009569999999999995
Materials,2021-02-24,-0.03062
Materials,2021-02-25,0.0
Materials,2021-02-26,0.029599999999999998
Materials,2021-03-01,0.0026699999999999944
Materials,2021-03-02,0.0026699999999999944
Materials,2021-03-03,0.0026699999999999944
Materials,2021-03-04,0.11187
Materials,2021-03-05,0.068
Materials,2021-03-08,0.059693333333333334
Materials,2021-03-09,0.03996
Materials,2021-03-10,0.08274000000000001
Materials,2021-03-11,0.17105
Materials,2021-03-12,0.14217
Materials,2021-03-15,0.08297
Materials,2021-03-16,0.04278
Materials,2021-03-17,0.07010000000000001
Materials,2021-03-18,0.07010000000000001
Materials,2021-03-19,0.09532
Materials,2021-03-22,0.06777999999999999
Materials,2021-03-23,-0.05
Materials,2021-03-24,0.05464
Materials,2021-03-25,0.10568999999999999
Materials,2021-03-26,-0.040029999999999996
Materials,2021-03-29,-0.040029999999999996
Materials,2021-03-30,-0.040029999999999996
Materials,2021-03-31,0.07837
Materials,2021-04-01,0.0
Materials,2021-04-05,0.061890000000000014
Materials,2021-04-06,0.09747000000000001
Materials,2021-04-07,-0.08725999999999999
Materials,2021-04-08,0.16572
Materials,2021-04-09,0.16572
Materials,2021-04-12,0.15642
Materials,2021-04-13,0.15642
Materials,2021-04-14,0.11750000000000001
Materials,2021-04-15,0.11750000000000001
Materials,2021-04-16,0.07704
Materials,2021-04-19,0.3733
Materials,2021-04-20,0.36814
Materials,2021-04-21,0.27968000000000004
Materials,2021-04-22,0.2527557142857143
Materials,2021-04-23,0.2808857142857143
Materials,2021-04-26,0.2808857142857143
Materials,2021-04-27,0.26498571428571427
Materials,2021-04-28,0.33242571428571427
Materials,2021-04-29,0.19961333333333334
Materials,2021-04-30,0.13462000000000002
Materials,2021-05-03,0.023880000000000002
Materials,2021-05-04,-0.012937500000000001
Materials,2021-05-05,0.15888249999999998
Materials,2021-05-06,0.21586
Materials,2021-05-07,0.21586
Materials,2021-05-10,0.15298
Materials,2021-05-11,0.22105999999999998
Materials,2021-05-12,0.25176
Materials,2021-05-13,0.15298
Materials,2021-05-14,0.21217999999999998
Materials,2021-05-17,0.198496
Materials,2021-05-18,0.13942000000000002
Materials,2021-05-19,-0.02133999999999999
Materials,2021-05-20,0.05904
Materials,2021-05-21,0.09086000000000001
Materials,2021-05-24,0.08449999999999999
Materials,2021-05-25,0.12083999999999999
Materials,2021-05-26,0.12083999999999999
Materials,2021-05-27,0.14282
Materials,2021-05-28,0.08954
Materials,2021-06-01,0.07872
Materials,2021-06-02,0.02408
Materials,2021-06-03,0.16076
Materials,2021-06-04,0.16076
Materials,2021-06-07,0.088285
Materials,2021-06-08,0.09632
Materials,2021-06-09,0.09632
Materials,2021-06-10,0.02408
Materials,2021-06-11,0.02408
Materials,2021-06-14,0.22782
Materials,2021-06-15,0.22782
Materials,2021-06-16,0.07636
Materials,2021-06-17,0.11177199999999998
Materials,2021-06-18,0.17325200000000002
Materials,2021-06-21,0.09426533333333334
Materials,2021-06-22,0.07721533333333333
Materials,2021-06-23,0.07721533333333333
Materials,2021-06-24,0.10591333333333333
Materials,2021-06-25,0.05712666666666667
Materials,2021-06-28,0.026973333333333332
Materials,2021-06-29,0.03213333333333333
Materials,2021-06-30,0.03213333333333333
Materials,2021-07-01,0.04562
Materials,2021-07-02,0.10482
Materials,2021-07-06,0.12281
Materials,2021-07-07,0.06817
Materials,2021-07-08,0.01032
Materials,2021-07-09,0.01032
Materials,2021-07-12,0.07636
Materials,2021-07-13,0.0
Materials,2021-07-14,0.0
Materials,2021-07-15,0.08038
Materials,2021-07-16,0.20758000000000001
Materials,2021-07-19,0.05437000000000001
Materials,2021-07-20,0.06118
Materials,2021-07-21,0.011053333333333332
Materials,2021-07-22,0.095724
Materials,2021-07-23,0.066364
Materials,2021-07-26,0.12980399999999997
Materials,2021-07-27,0.211464
Materials,2021-07-28,0.211464
Materials,2021-07-29,0.273094
Materials,2021-07-30,0.312064
Materials,2021-08-02,0.250544
Materials,2021-08-03,0.303969
Materials,2021-08-04,0.0
Materials,2021-08-05,0.0
Materials,2021-08-06,0.0
Materials,2021-08-09,0.018213333333333335
Materials,2021-08-10,0.01366
Materials,2021-08-11,-0.08430444444444445
Materials,2021-08-12,0.08038
Materials,2021-08-13,0.08038
Materials,2021-08-16,0.04046
Materials,2021-08-17,0.14350000000000002
Materials,2021-08-18,0.12294000000000001
Materials,2021-08-19,0.11207
Materials,2021-08-20,0.12021
Materials,2021-08-23,0.16943999999999998
Materials,2021-08-24,0.12083999999999999
Materials,2021-08-25,0.04046
Materials,2021-08-26,0.09966
Materials,2021-08-27,0.19844
Materials,2021-08-30,0.11148
Materials,2021-08-31,0.1341466666666667
Materials,2021-09-01,0.11148
Materials,2021-09-02,0.0
Materials,2021-09-03,0.0
Materials,2021-09-07,0.02679333333333333
Materials,2021-09-08,-0.10744000000000001
Materials,2021-09-09,-0.07902
Materials,2021-09-10,-0.14701999999999998
Materials,2021-09-13,0.07007333333333333
Materials,2021-09-14,0.13493333333333332
Materials,2021-09-15,0.13493333333333332
Materials,2021-09-16,0.059199999999999996
Materials,2021-09-17,0.12798
Materials,2021-09-20,0.12561
Materials,2021-09-21,0.05484666666666667
Materials,2021-09-22,0.03682
Materials,2021-09-23,0.03682
Materials,2021-09-24,0.04019
Materials,2021-09-27,0.08038
Materials,2021-09-28,0.04019
Materials,2021-09-29,0.04019
Materials,2021-09-30,0.12498000000000001
Materials,2021-10-01,0.12498000000000001
Materials,2021-10-04,0.12498000000000001
Materials,2021-10-05,-0.00411999999999999
Materials,2021-10-06,0.1747809523809524
Materials,2021-10-07,0.19962
Materials,2021-10-08,0.27538
Materials,2021-10-11,0.1889
Materials,2021-10-12,0.06917
Materials,2021-10-13,0.142105
Materials,2021-10-14,-0.032320000000000015
Materials,2021-10-15,-0.032320000000000015
Materials,2021-10-18,0.033460000000000004
Materials,2021-10-19,0.07392
Materials,2021-10-20,-0.01779
Materials,2021-10-21,0.08891833333333335
Materials,2021-10-22,0.18731333333333333
Materials,2021-10-25,0.16006333333333334
Materials,2021-10-26,0.12452333333333332
Materials,2021-10-27,0.17522333333333331
Materials,2021-10-28,0.07951
Materials,2021-10-29,0.06988333333333333
Materials,2021-11-01,-0.01531
Materials,2021-11-02,-0.13376363636363636
Materials,2021-11-03,-0.13376363636363636
Materials,2021-11-04,-0.12725
Materials,2021-11-05,0.026839999999999996
Materials,2021-11-08,0.078946
Materials,2021-11-09,0.138146
Materials,2021-11-10,0.16923933333333335
Materials,2021-11-11,0.14283333333333334
Materials,2021-11-12,0.15657000000000001
Materials,2021-11-15,0.20236333333333337
Materials,2021-11-16,0.16397333333333333
Materials,2021-11-17,0.23429333333333333
Materials,2021-11-18,0.25989333333333337
Materials,2021-11-19,0.18353333333333335
Materials,2021-11-22,0.25709499999999996
Materials,2021-11-23,0.19970000000000002
Materials,2021-11-24,0.08092
Materials,2021-11-26,0.04046
Materials,2021-11-29,0.04046
Materials,2021-11-30,0.08065
Materials,2021-12-01,0.0005000000000000004
Materials,2021-12-02,-0.18216666666666667
Materials,2021-12-03,0.011770000000000001
Materials,2021-12-06,0.047670000000000004
Materials,2021-12-07,0.047670000000000004
Materials,2021-12-08,0.08808
Materials,2021-12-09,0.19453
Materials,2021-12-10,0.26253000000000004
Materials,2021-12-13,0.10819000000000001
Materials,2021-12-14,0.18571
Materials,2021-12-15,0.13557999999999998
Materials,2021-12-16,0.06671333333333333
Materials,2021-12-17,0.06671333333333333
Materials,2021-12-20,0.07782
Materials,2021-12-21,0.07782
Materials,2021-12-22,0.07782
Materials,2021-12-23,0.16787000000000002
Materials,2021-12-27,0.07016
Materials,2021-12-28,0.18919
Materials,2021-12-29,0.28667
Materials,2021-12-30,0.27755
Materials,2021-12-31,0.27755
Materials,2022-01-03,0.20803
Materials,2022-01-04,0.12738
Materials,2022-01-05,0.018213333333333335
Materials,2022-01-06,0.14086666666666667
Materials,2022-01-07,0.18105666666666667
Materials,2022-01-10,0.24025666666666665
Materials,2022-01-11,0.20006666666666667
Materials,2022-01-12,0.14086666666666667
Materials,2022-01-13,0.23784
Materials,2022-01-14,0.19232666666666667
Materials,2022-01-18,0.07902533333333334
Materials,2022-01-19,0.15393866666666667
Materials,2022-01-20,0.09753333333333333
Materials,2022-01-21,0.08034666666666666
Materials,2022-01-24,0.13701999999999998
Materials,2022-01-25,0.09738
Materials,2022-01-26,0.07742
Materials,2022-01-27,0.11991749999999998
Materials,2022-01-28,0.0625425
Materials,2022-01-31,0.0016050000000000064
Materials,2022-02-01,0.09629833333333335
Materials,2022-02-02,0.12924333333333335
Materials,2022-02-03,0.0005600000000000049
Materials,2022-02-04,0.12264
Materials,2022-02-07,0.13164
Materials,2022-02-08,0.046630000000000005
Materials,2022-02-09,0.04362
Materials,2022-02-10,-0.03612
Materials,2022-02-11,0.15433999999999998
Materials,2022-02-14,0.068
Materials,2022-02-15,0.0
Materials,2022-02-16,-0.003920000000000002
Materials,2022-02-17,0.0
Materials,2022-02-18,-0.15641599999999997
Materials,2022-02-22,0.10001666666666668
Materials,2022-02-23,0.23998999999999998
Materials,2022-02-24,0.22519
Materials,2022-02-25,0.0
Materials,2022-02-28,0.0
Materials,2022-03-01,0.10212000000000002
Materials,2022-03-02,0.07998999999999999
Materials,2022-03-03,0.07998999999999999
Materials,2022-03-04,-0.0041799999999999945
Materials,2022-03-07,0.04526
Materials,2022-03-08,0.078325
Materials,2022-03-09,0.05589999999999999
Materials,2022-03-10,0.09483
Materials,2022-03-11,0.10415333333333335
Materials,2022-03-14,0.15415333333333334
Materials,2022-03-15,0.21619333333333332
Materials,2022-03-16,0.22168333333333332
Materials,2022-03-17,0.15849
Materials,2022-03-18,0.010940000000000016
Materials,2022-03-21,0.16297333333333336
Materials,2022-03-22,0.1183
Materials,2022-03-23,0.034
Materials,2022-03-24,0.10037000000000003
Materials,2022-03-25,0.17660666666666666
Materials,2022-03-28,0.21276
Materials,2022-03-29,-0.0010066666666666668
Materials,2022-03-30,0.068
Materials,2022-03-31,0.30779
Materials,2022-04-01,0.43063
Materials,2022-04-04,0.19585
Materials,2022-04-05,0.12086999999999999
Materials,2022-04-06,0.16645333333333334
Materials,2022-04-07,0.16132
Materials,2022-04-08,0.17911000000000002
Materials,2022-04-11,0.33958
Materials,2022-04-12,0.15298099999999998
Materials,2022-04-13,0.2803916666666667
Materials,2022-04-14,0.071135
Materials,2022-04-18,0.12001500000000001
Materials,2022-04-19,0.051439999999999986
Materials,2022-04-20,0.06941133333333334
Materials,2022-04-21,0.06708044444444446
Materials,2022-04-22,0.00656888888888889
Materials,2022-04-25,0.19062083333333335
Materials,2022-04-26,0.17514000000000002
Materials,2022-04-27,0.08981
Materials,2022-04-28,0.045476666666666665
Materials,2022-04-29,0.045476666666666665
Materials,2022-05-02,-0.018213333333333335
Materials,2022-05-03,-0.03238666666666666
Materials,2022-05-04,0.054253333333333334
Materials,2022-05-05,0.14361333333333334
Materials,2022-05-06,0.08238666666666668
Materials,2022-05-09,0.01752666666666668
Materials,2022-05-10,0.2419
Materials,2022-05-11,0.2419
Materials,2022-05-12,0.3014266666666666
Materials,2022-05-13,0.2880366666666666
Materials,2022-05-16,0.24240666666666666
Materials,2022-05-17,0.20361166666666666
Materials,2022-05-18,0.26281166666666667
Materials,2022-05-19,0.21696666666666667
Materials,2022-05-20,0.23373
Materials,2022-05-23,0.286215
Materials,2022-05-24,0.06038
Materials,2022-05-25,0.2143066666666667
Materials,2022-05-26,0.035645
Materials,2022-05-27,-0.07432
Materials,2022-05-31,0.07277
Materials,2022-06-01,0.0791
Materials,2022-06-02,0.08426
Materials,2022-06-03,0.04046
Materials,2022-06-06,0.05872999999999999
Materials,2022-06-07,0.031019999999999992
Materials,2022-06-08,-0.024929999999999997
Materials,2022-06-09,0.023219999999999998
Materials,2022-06-10,-0.05716000000000001
Materials,2022-06-13,-0.060529999999999994
Materials,2022-06-14,0.12944
Materials,2022-06-15,0.17692000000000002
Materials,2022-06-16,0.249804
Materials,2022-06-17,0.11843
Materials,2022-06-21,0.14652
Materials,2022-06-22,0.16743333333333332
Materials,2022-06-23,0.11695666666666667
Materials,2022-06-24,0.09104666666666666
Materials,2022-06-27,0.2773466666666667
Materials,2022-06-28,0.2679666666666667
Materials,2022-06-29,0.15828666666666666
Materials,2022-06-30,0.10093666666666667
Materials,2022-07-01,0.15865
Materials,2022-07-05,0.15793000000000001
Materials,2022-07-06,0.18658000000000002
Materials,2022-07-07,-0.040319999999999995
Materials,2022-07-08,-0.008350000000000002
Materials,2022-07-11,-0.018499999999999996
Materials,2022-07-12,-0.018499999999999996
Materials,2022-07-13,0.02324000000000001
Materials,2022-07-14,0.08929666666666666
Materials,2022-07-15,-0.04153
Materials,2022-07-18,0.034970000000000015
Materials,2022-07-19,0.0768
Materials,2022-07-20,0.04224
Materials,2022-07-21,0.04465333333333334
Materials,2022-07-22,0.032003333333333335
Materials,2022-07-25,0.16135803921568628
Materials,2022-07-26,0.026933333333333337
Materials,2022-07-27,0.14861047619047618
Materials,2022-07-28,0.08068714285714286
Materials,2022-07-29,0.011837142857142855
Materials,2022-08-01,0.011837142857142855
Materials,2022-08-02,0.050631142857142854
Materials,2022-08-03,0.12335399999999999
Materials,2022-08-04,0.04609
Materials,2022-08-05,0.07774
Materials,2022-08-08,0.14816000000000001
Materials,2022-08-09,0.2204
Materials,2022-08-10,0.19866
Materials,2022-08-11,0.19866
Materials,2022-08-12,0.19866
Materials,2022-08-15,0.09979333333333332
Materials,2022-08-16,0.03612
Materials,2022-08-17,0.04404
Materials,2022-08-18,0.06667000000000001
Materials,2022-08-19,0.06667000000000001
Materials,2022-08-22,0.09827
Materials,2022-08-23,0.06087
Materials,2022-08-24,0.013486666666666666
Materials,2022-08-25,0.00258
Materials,2022-08-26,0.057730000000000004
Materials,2022-08-29,0.001809999999999995
Materials,2022-08-30,0.024589999999999994
Materials,2022-08-31,0.02794
Materials,2022-09-01,0.09111
Materials,2022-09-02,0.09152
Materials,2022-09-06,0.0
Materials,2022-09-07,0.026530000000000005
Materials,2022-09-08,0.18839
Materials,2022-09-09,0.14855999999999997
Materials,2022-09-12,-0.05408999999999999
Materials,2022-09-13,0.04583
Materials,2022-09-14,0.10938666666666667
Materials,2022-09-15,0.06001333333333334
Materials,2022-09-16,0.03398666666666667
Materials,2022-09-19,-0.08276
Materials,2022-09-20,-0.08276
Materials,2022-09-21,0.03658
Materials,2022-09-22,0.17302666666666666
Materials,2022-09-23,0.2218866666666667
Materials,2022-09-26,0.23052
Materials,2022-09-27,0.23052
Materials,2022-09-28,0.06695333333333334
Materials,2022-09-29,0.011219999999999999
Materials,2022-09-30,0.00516
Materials,2022-10-03,0.07601
Materials,2022-10-04,0.15816000000000002
Materials,2022-10-05,0.055900000000000005
Materials,2022-10-06,-0.11454
Materials,2022-10-07,-0.12161999999999999
Materials,2022-10-10,0.09469000000000001
Materials,2022-10-11,0.04046
Materials,2022-10-12,0.10846
Materials,2022-10-13,0.08065
Materials,2022-10-14,0.08065
Materials,2022-10-17,-0.011839999999999995
Materials,2022-10-18,0.10698
Materials,2022-10-19,0.04562
Materials,2022-10-20,0.022308333333333336
Materials,2022-10-21,0.12295333333333333
Materials,2022-10-24,0.11548666666666667
Materials,2022-10-25,0.1836066666666667
Materials,2022-10-26,0.11560666666666668
Materials,2022-10-27,0.1825
Materials,2022-10-28,0.08038
Materials,2022-10-31,0.08038
Materials,2022-11-01,-0.015815000000000003
Materials,2022-11-02,-0.05076166666666666
Materials,2022-11-03,0.03182
Materials,2022-11-04,0.03182
Materials,2022-11-07,0.0
Materials,2022-11-08,0.027465714285714295
Materials,2022-11-09,0.08808
Materials,2022-11-10,0.0
Materials,2022-11-11,0.0765
Materials,2022-11-14,0.06600000000000002
Materials,2022-11-15,0.23030999999999996
Materials,2022-11-16,0.23030999999999996
Materials,2022-11-17,0.20261
Materials,2022-11-18,0.17526666666666668
Materials,2022-11-21,0.21030000000000001
Materials,2022-11-22,0.21030000000000001
Materials,2022-11-23,0.20586000000000002
Materials,2022-11-25,0.16540000000000002
Materials,2022-11-28,0.16540000000000002
Materials,2022-11-29,0.029599999999999998
Materials,2022-11-30,0.22732000000000002
Materials,2022-12-01,0.12828666666666666
Materials,2022-12-02,-0.07071333333333334
Materials,2022-12-05,-0.07071333333333334
Materials,2022-12-06,0.0056666666666666645
Materials,2022-12-07,0.0056666666666666645
Materials,2022-12-08,0.14166666666666666
Materials,2022-12-09,0.13735666666666665
Materials,2022-12-12,-0.010629999999999995
Materials,2022-12-13,0.1562
Materials,2022-12-14,0.10186999999999999
Materials,2022-12-15,0.10186999999999999
Materials,2022-12-16,-0.023110000000000002
Materials,2022-12-19,0.13479666666666668
Materials,2022-12-20,0.19609333333333334
Materials,2022-12-21,0.14001999999999998
Materials,2022-12-22,0.03818
Materials,2022-12-23,0.03818
Materials,2022-12-27,0.2083
Materials,2022-12-28,0.0655
Materials,2022-12-29,0.08875999999999999
Materials,2022-12-30,0.02962
Materials,2023-01-03,0.10212000000000002
Materials,2023-01-04,0.04404
Materials,2023-01-05,0.12264
Materials,2023-01-06,0.0
Materials,2023-01-09,0.08038
Materials,2023-01-10,0.16076
Materials,2023-01-11,0.15686166666666668
Materials,2023-01-12,0.16082
Materials,2023-01-13,0.28611
Materials,2023-01-17,0.14957
Materials,2023-01-18,0.142155
Materials,2023-01-19,0.14376666666666668
Materials,2023-01-20,0.1786666666666667
Materials,2023-01-23,0.021098333333333347
Materials,2023-01-24,0.022205000000000003
Materials,2023-01-25,-0.09030399999999998
Materials,2023-01-26,0.075
Materials,2023-01-27,0.07481499999999999
Materials,2023-01-30,0.15791499999999997
Materials,2023-01-31,0.13231500000000002
Materials,2023-02-01,0.088405
Materials,2023-02-02,0.10262
Materials,2023-02-03,0.015421
Materials,2023-02-06,0.09793499999999997
Materials,2023-02-07,-0.06531833333333334
Materials,2023-02-08,0.07939666666666666
Materials,2023-02-09,-0.04826999999999999
Materials,2023-02-10,-0.04248
Materials,2023-02-13,-0.0299
Materials,2023-02-14,0.01794
Materials,2023-02-15,0.006237142857142858
Materials,2023-02-16,0.07597999999999999
Materials,2023-02-17,0.015059999999999995
Materials,2023-02-21,-0.026625
Materials,2023-02-22,0.06795999999999999
Materials,2023-02-23,-0.0027966666666666713
Materials,2023-02-24,0.08508666666666667
Materials,2023-02-27,0.2454
Materials,2023-02-28,0.34752
Materials,2023-03-01,0.194112
Materials,2023-03-02,0.0638
Materials,2023-03-03,0.00024799999999999936
Materials,2023-03-06,0.034248
Materials,2023-03-07,0.047670000000000004
Materials,2023-03-08,0.0991
Materials,2023-03-09,0.018690000000000002
Materials,2023-03-10,0.11800000000000002
Materials,2023-03-13,0.13992
Materials,2023-03-14,0.06376000000000001
Materials,2023-03-15,0.08374181818181818
Materials,2023-03-16,0.07726666666666668
Materials,2023-03-17,-0.006796190476190472
Materials,2023-03-20,0.14259666666666668
Materials,2023-03-21,0.021875
Materials,2023-03-22,0.07820666666666667
Materials,2023-03-23,0.046794999999999996
Materials,2023-03-24,0.046794999999999996
Materials,2023-03-27,0.05826166666666667
Materials,2023-03-28,0.14841
Materials,2023-03-29,0.08631333333333333
Materials,2023-03-30,0.02561
Materials,2023-03-31,0.10028999999999999
Materials,2023-04-03,-0.052669999999999995
Materials,2023-04-04,0.06972666666666667
Materials,2023-04-05,0.17040000000000002
Materials,2023-04-06,0.14561
Materials,2023-04-10,0.19867285714285715
Materials,2023-04-11,0.05121428571428571
Materials,2023-04-12,0.05121428571428571
Materials,2023-04-13,-0.008149999999999996
Materials,2023-04-14,0.007760000000000003
Materials,2023-04-17,0.10533999999999999
Materials,2023-04-18,0.14026
Materials,2023-04-19,0.04978666666666667
Materials,2023-04-20,0.10787242857142858
Materials,2023-04-21,0.043396000000000004
Materials,2023-04-24,0.06069
Materials,2023-04-25,0.022217142857142862
Materials,2023-04-26,-0.004533999999999999
Materials,2023-04-27,0.06399333333333332
Materials,2023-04-28,0.07992
Materials,2023-05-01,0.12647
Materials,2023-05-02,0.034
Materials,2023-05-03,-0.09609999999999999
Materials,2023-05-04,0.011370000000000002
Materials,2023-05-05,-0.02263
Materials,2023-05-08,0.142885
Materials,2023-05-09,0.142885
Materials,2023-05-10,0.088005
Materials,2023-05-11,0.19445666666666667
Materials,2023-05-12,0.16918
Materials,2023-05-15,0.14309571428571427
Materials,2023-05-16,0.06781666666666666
Materials,2023-05-17,0.04277666666666667
Materials,2023-05-18,0.03275
Materials,2023-05-19,0.0
Materials,2023-05-22,0.09043399999999999
Materials,2023-05-23,0.087584
Materials,2023-05-24,0.0
Materials,2023-05-25,0.05147466666666667
Materials,2023-05-26,0.06214000000000001
Materials,2023-05-30,0.139436
Materials,2023-05-31,0.16268666666666667
Materials,2023-06-01,-0.026754999999999994
Materials,2023-06-02,0.07349214285714287
Materials,2023-06-05,0.03356
Materials,2023-06-06,0.011000000000000015
Materials,2023-06-07,0.18686
Materials,2023-06-08,0.13948
Materials,2023-06-09,0.20748000000000003
Materials,2023-06-12,0.19716000000000003
Materials,2023-06-13,0.35150000000000003
Materials,2023-06-14,0.40534
Materials,2023-06-15,0.09620999999999999
Materials,2023-06-16,0.14135999999999999
Materials,2023-06-20,0.18396
Materials,2023-06-21,0.13445000000000001
Materials,2023-06-22,0.13041
Materials,2023-06-23,0.060149999999999995
Materials,2023-06-26,0.09627
Materials,2023-06-27,0.12264
Materials,2023-06-28,0.20529000000000003
Materials,2023-06-29,0.03507333333333334
Materials,2023-06-30,-0.07432
Materials,2023-07-03,-0.05165333333333333
Materials,2023-07-05,0.11658666666666666
Materials,2023-07-06,0.059199999999999996
Materials,2023-07-07,0.042336
Materials,2023-07-10,0.19685999999999998
Materials,2023-07-11,0.057440000000000005
Materials,2023-07-12,0.10863
Materials,2023-07-13,0.0
Materials,2023-07-14,0.0
Materials,2023-07-17,0.02976000000000001
Materials,2023-07-18,0.025460000000000003
Materials,2023-07-19,0.0
Materials,2023-07-20,0.10703499999999999
Materials,2023-07-21,-0.04404
Materials,2023-07-24,0.11122785714285714
Materials,2023-07-25,0.0782151515151515
Materials,2023-07-26,0.07830133333333332
Materials,2023-07-27,0.0072949999999999985
Materials,2023-07-28,0.061935
Materials,2023-07-31,0.061935
Materials,2023-08-01,0.16848000000000002
Materials,2023-08-02,0.043514666666666674
Materials,2023-08-03,0.03558
Materials,2023-08-04,0.03558
Materials,2023-08-07,0.03558
Materials,2023-08-08,0.01032
Materials,2023-08-09,0.12886
Materials,2023-08-10,0.04404
Materials,2023-08-11,0.10398666666666667
Materials,2023-08-14,0.12829333333333331
Materials,2023-08-15,0.034815
Materials,2023-08-16,0.034815
Materials,2023-08-17,0.133335
Materials,2023-08-18,0.084485
Materials,2023-08-21,0.020211428571428578
Materials,2023-08-22,0.015086666666666668
Materials,2023-08-23,0.015086666666666668
Materials,2023-08-24,0.07636
Materials,2023-08-25,0.18505333333333335
Materials,2023-08-28,0.23579333333333335
Materials,2023-08-29,0.1477133333333333
Materials,2023-08-30,0.20428666666666667
Materials,2023-08-31,0.2271866666666667
Materials,2023-09-01,0.24770000000000003
Materials,2023-09-05,0.06364
Materials,2023-09-06,0.12696000000000002
Materials,2023-09-07,0.04648000000000001
Materials,2023-09-08,0.06699333333333334
Materials,2023-09-11,0.16076
Materials,2023-09-12,0.12057
Materials,2023-09-13,0.13926
Materials,2023-09-14,0.13516
Materials,2023-09-15,0.11775499999999998
Materials,2023-09-18,0.15597599999999998
Materials,2023-09-19,0.009616
Materials,2023-09-20,0.02023
Materials,2023-09-21,0.10848
Materials,2023-09-22,0.13144
Materials,2023-09-25,-0.0846
Materials,2023-09-26,-0.05728
Materials,2023-09-27,0.11567333333333334
Materials,2023-09-28,0.12054333333333334
Materials,2023-09-29,0.09566333333333334
Materials,2023-10-02,0.18959
Materials,2023-10-03,0.15769142857142857
Materials,2023-10-04,0.0025514285714285712
Materials,2023-10-05,0.09684666666666666
Materials,2023-10-06,0.11656
Materials,2023-10-09,0.06788
Materials,2023-10-10,0.03236
Materials,2023-10-11,0.15402666666666667
Materials,2023-10-12,0.12335
Materials,2023-10-13,0.10563666666666667
Materials,2023-10-16,0.14119166666666666
Materials,2023-10-17,0.07751333333333334
Materials,2023-10-18,-0.09784666666666667
Materials,2023-10-19,0.048395
Materials,2023-10-20,-0.08038
Materials,2023-10-23,0.09567333333333335
Materials,2023-10-24,0.11706750000000002
Materials,2023-10-25,0.14351999999999998
Materials,2023-10-26,0.1316025
Materials,2023-10-27,0.1074025
Materials,2023-10-30,0.16892000000000001
Materials,2023-10-31,0.03558
Materials,2023-11-01,0.221952
Materials,2023-11-02,0.107342
Materials,2023-11-03,0.14933
Materials,2023-11-06,0.24497999999999998
Materials,2023-11-07,0.09720000000000001
Materials,2023-11-08,0.08526
Materials,2023-11-09,0.00129
Materials,2023-11-10,-0.010600000000000009
Materials,2023-11-13,0.03222666666666667
Materials,2023-11-14,0.12562666666666666
Materials,2023-11-15,0.2202
Materials,2023-11-16,0.10075
Materials,2023-11-17,0.25364
Materials,2023-11-20,0.35345
Materials,2023-11-21,0.06392
Materials,2023-11-22,0.17488666666666666
Materials,2023-11-24,0.09573499999999999
Materials,2023-11-27,0.08930666666666666
Materials,2023-11-28,0.14300666666666664
Materials,2023-11-29,0.15583
Materials,2023-11-30,0.08708
Materials,2023-12-01,0.12362999999999999
Materials,2023-12-04,0.12362999999999999
Materials,2023-12-05,0.12362999999999999
Materials,2023-12-06,0.08038
Materials,2023-12-07,0.01587499999999999
Materials,2023-12-08,0.15875333333333333
Materials,2023-12-11,0.14307333333333333
Materials,2023-12-12,0.04636000000000002
Materials,2023-12-13,0.3265733333333333
Materials,2023-12-14,0.09524000000000002
Materials,2023-12-15,0.04060000000000001
Materials,2023-12-18,-0.007109999999999994
Materials,2023-12-19,-0.007109999999999994
Materials,2023-12-20,-0.007109999999999994
Materials,2023-12-21,-0.007109999999999994
Materials,2023-12-22,-0.007109999999999994
Materials,2023-12-26,-0.007109999999999994
Materials,2023-12-27,-0.007109999999999994
Materials,2023-12-28,-0.007109999999999994
Materials,2023-12-29,-0.007109999999999994
RealEstate,2020-01-02,0.018100000000000005
RealEstate,2020-01-03,-0.04802500000000001
RealEstate,2020-01-06,0.054819999999999994
RealEstate,2020-01-07,0.08879999999999999
RealEstate,2020-01-08,0.04848
RealEstate,2020-01-09,0.014479999999999998
RealEstate,2020-01-10,-0.08412
RealEstate,2020-01-13,0.03601333333333334
RealEstate,2020-01-14,0.017720000000000003
RealEstate,2020-01-15,0.025555
RealEstate,2020-01-16,0.158715
RealEstate,2020-01-17,0.15122
RealEstate,2020-01-21,0.12666666666666665
RealEstate,2020-01-22,0.08665999999999999
RealEstate,2020-01-23,0.18839999999999998
RealEstate,2020-01-24,0.08016000000000001
RealEstate,2020-01-27,0.05106000000000001
RealEstate,2020-01-28,0.07579
RealEstate,2020-01-29,0.17457
RealEstate,2020-01-30,0.02408
RealEstate,2020-01-31,0.16884000000000002
RealEstate,2020-02-03,0.11956
RealEstate,2020-02-04,0.05198333333333334
RealEstate,2020-02-05,0.026530000000000005
RealEstate,2020-02-06,0.27351000000000003
RealEstate,2020-02-07,0.14371
RealEstate,2020-02-10,0.08452666666666667
RealEstate,2020-02-11,0.06997333333333335
RealEstate,2020-02-12,0.15045333333333333
RealEstate,2020-02-13,0.110812
RealEstate,2020-02-14,0.09492
RealEstate,2020-02-18,0.10593
RealEstate,2020-02-19,0.0
RealEstate,2020-02-20,0.04649366666666667
RealEstate,2020-02-21,0.03327666666666666
RealEstate,2020-02-24,0.048205000000000005
RealEstate,2020-02-25,0.027292500000000004
RealEstate,2020-02-26,0.023012999999999995
RealEstate,2020-02-27,0.10351466666666667
RealEstate,2020-02-28,-0.002707777777777781
RealEstate,2020-03-02,0.11191466666666668
RealEstate,2020-03-03,0.110605
RealEstate,2020-03-04,0.22469
RealEstate,2020-03-05,0.28724
RealEstate,2020-03-06,0.24365
RealEstate,2020-03-09,0.12718000000000002
RealEstate,2020-03-10,0.22803
RealEstate,2020-03-11,0.30446
RealEstate,2020-03-12,0.10360999999999998
RealEstate,2020-03-13,0.14221
RealEstate,2020-03-16,0.04990583333333333
RealEstate,2020-03-17,0.10169333333333333
RealEstate,2020-03-18,0.02821333333333333
RealEstate,2020-03-19,0.13015333333333334
RealEstate,2020-03-20,0.049635
RealEstate,2020-03-23,0.04302999999999999
RealEstate,2020-03-24,-0.011124999999999996
RealEstate,2020-03-25,0.064675
RealEstate,2020-03-26,0.3093933333333333
RealEstate,2020-03-27,0.30251
RealEstate,2020-03-30,0.265285
RealEstate,2020-03-31,-0.138415
RealEstate,2020-04-01,-0.15246666666666664
RealEstate,2020-04-02,-0.031219999999999998
RealEstate,2020-04-03,0.08399000000000001
RealEstate,2020-04-06,0.15676333333333334
RealEstate,2020-04-07,0.07574333333333334
RealEstate,2020-04-08,0.43206
RealEstate,2020-04-09,0.24424714285714283
RealEstate,2020-04-13,-0.048139999999999995
RealEstate,2020-04-14,0.30794166666666667
RealEstate,2020-04-15,0.07126000000000002
RealEstate,2020-04-16,0.14595
RealEstate,2020-04-17,0.32406666666666667
RealEstate,2020-04-20,0.04218333333333334
RealEstate,2020-04-21,0.030495
RealEstate,2020-04-22,0.192355
RealEstate,2020-04-23,0.2669
RealEstate,2020-04-24,0.18323499999999998
RealEstate,2020-04-27,0.053123333333333335
RealEstate,2020-04-28,0.086165
RealEstate,2020-04-29,0.06166484848484849
RealEstate,2020-04-30,0.015673333333333338
RealEstate,2020-05-01,0.051234999999999996
RealEstate,2020-05-04,0.031110000000000006
RealEstate,2020-05-05,0.09609333333333334
RealEstate,2020-05-06,0.050906666666666656
RealEstate,2020-05-07,0.26164533333333334
RealEstate,2020-05-08,0.21756666666666669
RealEstate,2020-05-11,0.11045666666666668
RealEstate,2020-05-12,-0.29967
RealEstate,2020-05-13,0.21844000000000002
RealEstate,2020-05-14,0.15836666666666668
RealEstate,2020-05-15,0.0057900000000000035
RealEstate,2020-05-18,0.4961666666666667
RealEstate,2020-05-19,0.29918
RealEstate,2020-05-20,0.06369
RealEstate,2020-05-21,0.06369
RealEstate,2020-05-22,0.11059250000000001
RealEstate,2020-05-26,0.08645416666666665
RealEstate,2020-05-27,0.07976749999999999
RealEstate,2020-05-28,0.1872475
RealEstate,2020-05-29,0.05134000000000001
RealEstate,2020-06-01,-0.08438000000000001
RealEstate,2020-06-02,-0.018140000000000007
RealEstate,2020-06-03,0.0872
RealEstate,2020-06-04,0.059199999999999996
RealEstate,2020-06-05,0.0
RealEstate,2020-06-08,0.10444
RealEstate,2020-06-09,0.13014
RealEstate,2020-06-10,0.135055
RealEstate,2020-06-11,0.15267
RealEstate,2020-06-12,0.14823
RealEstate,2020-06-15,0.18841999999999998
RealEstate,2020-06-16,0.19426000000000002
RealEstate,2020-06-17,0.08415999999999998
RealEstate,2020-06-18,0.23315000000000002
RealEstate,2020-06-19,0.23315000000000002
RealEstate,2020-06-22,0.23315000000000002
RealEstate,2020-06-23,0.20776
RealEstate,2020-06-24,0.05514
RealEstate,2020-06-25,0.05514
RealEstate,2020-06-26,-0.06842000000000001
RealEstate,2020-06-29,-0.07224
RealEstate,2020-06-30,0.14436
RealEstate,2020-07-01,0.14436
RealEstate,2020-07-02,-0.0256
RealEstate,2020-07-06,-0.06364
RealEstate,2020-07-07,0.03313000000000001
RealEstate,2020-07-08,-0.02311000000000001
RealEstate,2020-07-09,-0.11988000000000001
RealEstate,2020-07-10,-0.10444
RealEstate,2020-07-13,-0.10444
RealEstate,2020-07-14,0.01544
RealEstate,2020-07-15,0.00857
RealEstate,2020-07-16,0.00857
RealEstate,2020-07-17,0.00857
RealEstate,2020-07-20,0.00857
RealEstate,2020-07-21,0.026185999999999997
RealEstate,2020-07-22,0.056055999999999995
RealEstate,2020-07-23,0.076816
RealEstate,2020-07-24,0.059199999999999996
RealEstate,2020-07-27,0.1637
RealEstate,2020-07-28,0.1637
RealEstate,2020-07-29,0.10452999999999998
RealEstate,2020-07-30,-0.09534000000000001
RealEstate,2020-07-31,0.02183999999999999
RealEstate,2020-08-03,-0.01032
RealEstate,2020-08-04,-0.07026
RealEstate,2020-08-05,0.01928
RealEstate,2020-08-06,0.0
RealEstate,2020-08-07,0.27158
RealEstate,2020-08-10,0.24198
RealEstate,2020-08-11,0.22024
RealEstate,2020-08-12,0.13986
RealEstate,2020-08-13,0.13986
RealEstate,2020-08-14,0.07636
RealEstate,2020-08-17,0.12738
RealEstate,2020-08-18,0.23925999999999997
RealEstate,2020-08-19,0.0
RealEstate,2020-08-20,0.0
RealEstate,2020-08-21,0.03374666666666666
RealEstate,2020-08-24,-0.02054
RealEstate,2020-08-25,0.05
RealEstate,2020-08-26,0.09176
RealEstate,2020-08-27,0.19455
RealEstate,2020-08-28,0.11839999999999999
RealEstate,2020-08-31,0.30096
RealEstate,2020-09-01,0.08409
RealEstate,2020-09-02,0.12168000000000001
RealEstate,2020-09-03,0.12168000000000001
RealEstate,2020-09-04,0.15261333333333332
RealEstate,2020-09-08,0.18056333333333335
RealEstate,2020-09-09,0.05558333333333332
RealEstate,2020-09-10,0.05558333333333332
RealEstate,2020-09-11,-0.05656999999999999
RealEstate,2020-09-14,0.13210000000000002
RealEstate,2020-09-15,0.09661666666666666
RealEstate,2020-09-16,0.06369
RealEstate,2020-09-17,-0.12248
RealEstate,2020-09-18,0.08808
RealEstate,2020-09-21,0.08808
RealEstate,2020-09-22,0.0
RealEstate,2020-09-23,0.0
RealEstate,2020-09-24,0.0
RealEstate,2020-09-25,0.0
RealEstate,2020-09-28,0.04046
RealEstate,2020-09-29,0.0
RealEstate,2020-09-30,0.07636
RealEstate,2020-10-01,0.07636
RealEstate,2020-10-02,0.07636
RealEstate,2020-10-05,0.11438
RealEstate,2020-10-06,0.20246
RealEstate,2020-10-07,0.20246
RealEstate,2020-10-08,0.20246
RealEstate,2020-10-09,0.20246
RealEstate,2020-10-12,0.11438
RealEstate,2020-10-13,0.11438
RealEstate,2020-10-14,0.16704999999999998
RealEstate,2020-10-15,0.16704999999999998
RealEstate,2020-10-16,0.16704999999999998
RealEstate,2020-10-19,0.16704999999999998
RealEstate,2020-10-20,0.19805
RealEstate,2020-10-21,0.22765
RealEstate,2020-10-22,0.025499999999999988
RealEstate,2020-10-23,0.025499999999999988
RealEstate,2020-10-26,0.04009999999999998
RealEstate,2020-10-27,0.04009999999999998
RealEstate,2020-10-28,0.14616
RealEstate,2020-10-29,0.05464
RealEstate,2020-10-30,0.05464
RealEstate,2020-11-02,0.05464
RealEstate,2020-11-03,0.05464
RealEstate,2020-11-04,0.0
RealEstate,2020-11-05,0.02679333333333333
RealEstate,2020-11-06,0.09966
RealEstate,2020-11-09,0.20396
RealEstate,2020-11-10,0.20396
RealEstate,2020-11-11,0.20600000000000002
RealEstate,2020-11-12,0.20600000000000002
RealEstate,2020-11-13,0.16454
RealEstate,2020-11-16,0.10533999999999999
RealEstate,2020-11-17,0.10533999999999999
RealEstate,2020-11-18,0.19341999999999998
RealEstate,2020-11-19,0.19341999999999998
RealEstate,2020-11-20,0.19341999999999998
RealEstate,2020-11-23,0.10533999999999999
RealEstate,2020-11-24,0.16960999999999998
RealEstate,2020-11-25,0.16960999999999998
RealEstate,2020-11-27,0.11039999999999998
RealEstate,2020-11-30,0.1343
RealEstate,2020-12-01,0.16183999999999998
RealEstate,2020-12-02,0.22056
RealEstate,2020-12-03,0.31794
RealEstate,2020-12-04,0.24158
RealEstate,2020-12-07,0.33692
RealEstate,2020-12-08,0.27772
RealEstate,2020-12-09,0.21230000000000002
RealEstate,2020-12-10,0.21230000000000002
RealEstate,2020-12-11,0.00258
RealEstate,2020-12-14,0.017852
RealEstate,2020-12-15,0.08424000000000001
RealEstate,2020-12-16,0.18118
RealEstate,2020-12-17,0.0
RealEstate,2020-12-18,0.03637
RealEstate,2020-12-21,0.06369
RealEstate,2020-12-22,0.06369
RealEstate,2020-12-23,0.06369
RealEstate,2020-12-24,0.11539999999999999
RealEstate,2020-12-28,0.00678
RealEstate,2020-12-29,0.02732
RealEstate,2020-12-30,0.0
RealEstate,2020-12-31,0.04074
RealEstate,2021-01-04,0.0
RealEstate,2021-01-05,0.0
RealEstate,2021-01-06,0.029599999999999998
RealEstate,2021-01-07,0.029599999999999998
RealEstate,2021-01-08,0.08424000000000001
RealEstate,2021-01-11,0.17246
RealEstate,2021-01-12,0.06051333333333333
RealEstate,2021-01-13,0.14032666666666666
RealEstate,2021-01-14,0.12059333333333333
RealEstate,2021-01-15,0.18456999999999998
RealEstate,2021-01-19,0.12738
RealEstate,2021-01-20,0.12993000000000002
RealEstate,2021-01-21,0.12993000000000002
RealEstate,2021-01-22,0.12993000000000002
RealEstate,2021-01-25,0.21038666666666667
RealEstate,2021-01-26,0.23012000000000002
RealEstate,2021-01-27,0.2950933333333333
RealEstate,2021-01-28,0.18111333333333332
RealEstate,2021-01-29,0.11890333333333333
RealEstate,2021-02-01,0.14471333333333333
RealEstate,2021-02-02,0.060193333333333335
RealEstate,2021-02-03,0.15488
RealEstate,2021-02-04,0.12084000000000002
RealEstate,2021-02-05,0.13757
RealEstate,2021-02-08,0.2386
RealEstate,2021-02-09,0.22214
RealEstate,2021-02-10,0.22214
RealEstate,2021-02-11,0.08808
RealEstate,2021-02-12,0.5176999999999999
RealEstate,2021-02-16,0.50265
RealEstate,2021-02-17,0.28719
RealEstate,2021-02-18,0.28719
RealEstate,2021-02-19,0.034
RealEstate,2021-02-22,0.0
RealEstate,2021-02-23,0.04046
RealEstate,2021-02-24,0.02266666666666667
RealEstate,2021-02-25,0.031408000000000005
RealEstate,2021-02-26,0.07034
RealEstate,2021-03-01,0.4231
RealEstate,2021-03-02,0.29572000000000004
RealEstate,2021-03-03,0.00172
RealEstate,2021-03-04,0.11148
RealEstate,2021-03-05,0.0
RealEstate,2021-03-08,0.22386
RealEstate,2021-03-09,0.22386
RealEstate,2021-03-10,0.25944
RealEstate,2021-03-11,0.32308
RealEstate,2021-03-12,0.08768000000000001
RealEstate,2021-03-15,0.28554666666666667
RealEstate,2021-03-16,0.02163333333333333
RealEstate,2021-03-17,-0.02571
RealEstate,2021-03-18,0.17936000000000002
RealEstate,2021-03-19,0.17936000000000002
RealEstate,2021-03-22,0.17936000000000002
RealEstate,2021-03-23,0.025019999999999997
RealEstate,2021-03-24,0.025019999999999997
RealEstate,2021-03-25,0.10424
RealEstate,2021-03-26,0.10424
RealEstate,2021-03-29,0.06455
RealEstate,2021-03-30,0.08668
RealEstate,2021-03-31,0.08668
RealEstate,2021-04-01,0.027839999999999993
RealEstate,2021-04-05,-0.015433333333333344
RealEstate,2021-04-06,0.13874666666666666
RealEstate,2021-04-07,0.2624
RealEstate,2021-04-08,0.16706
RealEstate,2021-04-09,0.16706
RealEstate,2021-04-12,0.20804
RealEstate,2021-04-13,0.19771999999999998
RealEstate,2021-04-14,0.12972
RealEstate,2021-04-15,0.09176
RealEstate,2021-04-16,0.09176
RealEstate,2021-04-19,0.10767
RealEstate,2021-04-20,0.10767
RealEstate,2021-04-21,0.10767
RealEstate,2021-04-22,0.09629
RealEstate,2021-04-23,0.25195
RealEstate,2021-04-26,0.0636
RealEstate,2021-04-27,0.0636
RealEstate,2021-04-28,0.17568666666666669
RealEstate,2021-04-29,0.162866
RealEstate,2021-04-30,0.25803000000000004
RealEstate,2021-05-03,0.37956
RealEstate,2021-05-04,0.37956
RealEstate,2021-05-05,0.07194
RealEstate,2021-05-06,0.059840000000000004
RealEstate,2021-05-07,0.059840000000000004
RealEstate,2021-05-10,0.059840000000000004
RealEstate,2021-05-11,0.047099999999999996
RealEstate,2021-05-12,0.12747999999999998
RealEstate,2021-05-13,0.059199999999999996
RealEstate,2021-05-14,0.059199999999999996
RealEstate,2021-05-17,0.059199999999999996
RealEstate,2021-05-18,0.0
RealEstate,2021-05-19,0.0
RealEstate,2021-05-20,0.0
RealEstate,2021-05-21,0.0
RealEstate,2021-05-24,0.04632
RealEstate,2021-05-25,0.23349000000000003
RealEstate,2021-05-26,0.0
RealEstate,2021-05-27,-0.01027
RealEstate,2021-05-28,0.20112000000000002
RealEstate,2021-06-01,0.13889999999999997
RealEstate,2021-06-02,0.26037
RealEstate,2021-06-03,0.16021999999999997
RealEstate,2021-06-04,0.13904
RealEstate,2021-06-07,0.17313
RealEstate,2021-06-08,0.17313
RealEstate,2021-06-09,0.06952
RealEstate,2021-06-10,0.15928
RealEstate,2021-06-11,0.0
RealEstate,2021-06-14,-0.01544
RealEstate,2021-06-15,-0.059199999999999996
RealEstate,2021-06-16,0.019733333333333335
RealEstate,2021-06-17,0.09534000000000001
RealEstate,2021-06-18,0.15689000000000003
RealEstate,2021-06-21,0.15689000000000003
RealEstate,2021-06-22,0.018739999999999996
RealEstate,2021-06-23,0.018739999999999996
RealEstate,2021-06-24,-0.057620000000000005
RealEstate,2021-06-25,0.04653
RealEstate,2021-06-28,-0.004273333333333332
RealEstate,2021-06-29,-0.017159999999999998
RealEstate,2021-06-30,-0.017159999999999998
RealEstate,2021-07-01,0.29901999999999995
RealEstate,2021-07-02,0.5466
RealEstate,2021-07-06,0.37326
RealEstate,2021-07-07,0.39932
RealEstate,2021-07-08,0.23211999999999997
RealEstate,2021-07-09,0.08762
RealEstate,2021-07-12,0.02842
RealEstate,2021-07-13,0.02842
RealEstate,2021-07-14,0.02023
RealEstate,2021-07-15,0.0
RealEstate,2021-07-16,0.0
RealEstate,2021-07-19,-0.11438
RealEstate,2021-07-20,-0.11438
RealEstate,2021-07-21,-0.11438
RealEstate,2021-07-22,0.059199999999999996
RealEstate,2021-07-23,0.059199999999999996
RealEstate,2021-07-26,0.15591
RealEstate,2021-07-27,0.15591
RealEstate,2021-07-28,0.12631
RealEstate,2021-07-29,-0.068
RealEstate,2021-07-30,-0.068
RealEstate,2021-08-02,-0.044020000000000004
RealEstate,2021-08-03,0.014569999999999994
RealEstate,2021-08-04,0.014569999999999994
RealEstate,2021-08-05,0.014569999999999994
RealEstate,2021-08-06,0.0888
RealEstate,2021-08-09,0.083665
RealEstate,2021-08-10,0.27538
RealEstate,2021-08-11,0.29412
RealEstate,2021-08-12,0.29412
RealEstate,2021-08-13,0.29412
RealEstate,2021-08-16,0.10316999999999998
RealEstate,2021-08-17,0.19795
RealEstate,2021-08-18,0.41389999999999993
RealEstate,2021-08-19,0.41450999999999993
RealEstate,2021-08-20,0.36837
RealEstate,2021-08-23,0.28863
RealEstate,2021-08-24,0.29783
RealEstate,2021-08-25,0.23501
RealEstate,2021-08-26,0.23501
RealEstate,2021-08-27,0.08849
RealEstate,2021-08-30,0.0612
RealEstate,2021-08-31,0.009059999999999999
RealEstate,2021-09-01,0.0637
RealEstate,2021-09-02,0.0637
RealEstate,2021-09-03,0.044419999999999994
RealEstate,2021-09-07,0.12201999999999999
RealEstate,2021-09-08,0.07954
RealEstate,2021-09-09,0.06282
RealEstate,2021-09-10,0.13578666666666667
RealEstate,2021-09-13,0.0
RealEstate,2021-09-14,0.20424000000000003
RealEstate,2021-09-15,0.10212000000000002
RealEstate,2021-09-16,0.014100000000000001
RealEstate,2021-09-17,-0.08556
RealEstate,2021-09-20,0.058589999999999996
RealEstate,2021-09-21,0.034
RealEstate,2021-09-22,0.09469000000000001
RealEstate,2021-09-23,0.09469000000000001
RealEstate,2021-09-24,0.07446
RealEstate,2021-09-27,0.14803
RealEstate,2021-09-28,0.25337
RealEstate,2021-09-29,0.13494
RealEstate,2021-09-30,0.15044
RealEstate,2021-10-01,0.12083999999999999
RealEstate,2021-10-04,0.0
RealEstate,2021-10-05,0.0
RealEstate,2021-10-06,0.14811000000000002
RealEstate,2021-10-07,0.14811000000000002
RealEstate,2021-10-08,0.27549
RealEstate,2021-10-11,0.08038
RealEstate,2021-10-12,0.08038
RealEstate,2021-10-13,0.20754
RealEstate,2021-10-14,0.19206333333333334
RealEstate,2021-10-15,0.21822
RealEstate,2021-10-18,0.15698
RealEstate,2021-10-19,0.10595999999999998
RealEstate,2021-10-20,0.15596
RealEstate,2021-10-21,0.128
RealEstate,2021-10-22,0.1836
RealEstate,2021-10-25,0.060149999999999995
RealEstate,2021-10-26,0.13843
RealEstate,2021-10-27,0.027600000000000006
RealEstate,2021-10-28,0.16318
RealEstate,2021-10-29,0.14464333333333335
RealEstate,2021-11-01,0.043289999999999995
RealEstate,2021-11-02,0.05677666666666666
RealEstate,2021-11-03,0.05677666666666666
RealEstate,2021-11-04,0.1357
RealEstate,2021-11-05,0.1357
RealEstate,2021-11-08,0.00996
RealEstate,2021-11-09,0.13899
RealEstate,2021-11-10,0.13899
RealEstate,2021-11-11,0.23664000000000002
RealEstate,2021-11-12,0.16812
RealEstate,2021-11-15,0.1699986666666667
RealEstate,2021-11-16,0.15507666666666667
RealEstate,2021-11-17,0.16519166666666668
RealEstate,2021-11-18,0.3014166666666666
RealEstate,2021-11-19,0.3014166666666666
RealEstate,2021-11-22,0.24979666666666667
RealEstate,2021-11-23,0.24979666666666667
RealEstate,2021-11-24,0.25916666666666666
RealEstate,2021-11-26,0.2823966666666667
RealEstate,2021-11-29,0.12578
RealEstate,2021-11-30,0.0
RealEstate,2021-12-01,0.04046
RealEstate,2021-12-02,0.22946
RealEstate,2021-12-03,0.02109999999999999
RealEstate,2021-12-06,-0.0048100000000000035
RealEstate,2021-12-07,-0.05464
RealEstate,2021-12-08,-0.04544
RealEstate,2021-12-09,0.18891999999999998
RealEstate,2021-12-10,0.20424000000000003
RealEstate,2021-12-13,0.013486666666666666
RealEstate,2021-12-14,0.29263666666666666
RealEstate,2021-12-15,0.1783266666666667
RealEstate,2021-12-16,0.12493000000000001
RealEstate,2021-12-17,0.10772999999999999
RealEstate,2021-12-20,0.15667
RealEstate,2021-12-21,0.27568000000000004
RealEstate,2021-12-22,0.23521999999999998
RealEstate,2021-12-23,0.12083999999999999
RealEstate,2021-12-27,-0.0251
RealEstate,2021-12-28,0.059199999999999996
RealEstate,2021-12-29,0.1775
RealEstate,2021-12-30,0.17148999999999998
RealEstate,2021-12-31,0.14518999999999999
RealEstate,2022-01-03,0.10752999999999999
RealEstate,2022-01-04,0.16673
RealEstate,2022-01-05,0.10682
RealEstate,2022-01-06,0.17759999999999998
RealEstate,2022-01-07,0.17759999999999998
RealEstate,2022-01-10,0.30498000000000003
RealEstate,2022-01-11,0.012219999999999976
RealEstate,2022-01-12,-0.174105
RealEstate,2022-01-13,-0.006319999999999992
RealEstate,2022-01-14,0.1226
RealEstate,2022-01-18,-0.04019
RealEstate,2022-01-19,0.13741
RealEstate,2022-01-20,0.27708
RealEstate,2022-01-21,0.31821
RealEstate,2022-01-24,0.16029
RealEstate,2022-01-25,0.204535
RealEstate,2022-01-26,0.153515
RealEstate,2022-01-27,0.30445
RealEstate,2022-01-28,0.06345999999999999
RealEstate,2022-01-31,0.42042999999999997
RealEstate,2022-02-01,0.39248000000000005
RealEstate,2022-02-02,0.18727
RealEstate,2022-02-03,0.19870000000000002
RealEstate,2022-02-04,0.19870000000000002
RealEstate,2022-02-07,0.062490000000000004
RealEstate,2022-02-08,0.08823
RealEstate,2022-02-09,0.06493
RealEstate,2022-02-10,0.19182000000000002
RealEstate,2022-02-11,0.10942
RealEstate,2022-02-14,0.37519
RealEstate,2022-02-15,0.38062
RealEstate,2022-02-16,0.38026
RealEstate,2022-02-17,0.04166
RealEstate,2022-02-18,-0.01779
RealEstate,2022-02-22,0.106737
RealEstate,2022-02-23,0.05957000000000001
RealEstate,2022-02-24,0.234458
RealEstate,2022-02-25,0.2160966666666667
RealEstate,2022-02-28,0.04884666666666666
RealEstate,2022-03-01,0.053946666666666664
RealEstate,2022-03-02,0.06597
RealEstate,2022-03-03,0.174575
RealEstate,2022-03-04,0.26384833333333335
RealEstate,2022-03-07,0.12240666666666669
RealEstate,2022-03-08,0.1826866666666667
RealEstate,2022-03-09,0.03414000000000001
RealEstate,2022-03-10,0.10200000000000001
RealEstate,2022-03-11,0.18164000000000002
RealEstate,2022-03-14,0.12754000000000001
RealEstate,2022-03-15,0.22911333333333334
RealEstate,2022-03-16,0.30772
RealEstate,2022-03-17,0.30772
RealEstate,2022-03-18,0.07003000000000001
RealEstate,2022-03-21,0.09498666666666666
RealEstate,2022-03-22,0.11564666666666668
RealEstate,2022-03-23,0.20372666666666667
RealEstate,2022-03-24,0.12196666666666667
RealEstate,2022-03-25,0.09628
RealEstate,2022-03-28,0.15168
RealEstate,2022-03-29,0.24170666666666665
RealEstate,2022-03-30,0.3529966666666667
RealEstate,2022-03-31,0.07752
RealEstate,2022-04-01,0.2728
RealEstate,2022-04-04,0.162575
RealEstate,2022-04-05,0.191888
RealEstate,2022-04-06,0.156888
RealEstate,2022-04-07,0.08236
RealEstate,2022-04-08,0.11839999999999999
RealEstate,2022-04-11,0.057823333333333324
RealEstate,2022-04-12,0.28442
RealEstate,2022-04-13,0.24861
RealEstate,2022-04-14,0.26885000000000003
RealEstate,2022-04-18,0.128055
RealEstate,2022-04-19,-0.09386399999999999
RealEstate,2022-04-20,-0.080534
RealEstate,2022-04-21,0.027645000000000003
RealEstate,2022-04-22,0.11336500000000001
RealEstate,2022-04-25,0.13704666666666668
RealEstate,2022-04-26,0.0
RealEstate,2022-04-27,0.046045
RealEstate,2022-04-28,0.121685
RealEstate,2022-04-29,0.22458999999999998
RealEstate,2022-05-02,0.19521
RealEstate,2022-05-03,0.12713000000000002
RealEstate,2022-05-04,0.11455333333333333
RealEstate,2022-05-05,0.13503333333333334
RealEstate,2022-05-06,0.07346
RealEstate,2022-05-09,0.13553
RealEstate,2022-05-10,0.04052000000000001
RealEstate,2022-05-11,0.006476666666666675
RealEstate,2022-05-12,0.26493333333333335
RealEstate,2022-05-13,0.19337
RealEstate,2022-05-16,0.15299666666666667
RealEstate,2022-05-17,0.23020000000000002
RealEstate,2022-05-18,0.0026599999999999957
RealEstate,2022-05-19,-0.012945000000000002
RealEstate,2022-05-20,0.07935999999999999
RealEstate,2022-05-23,0.098474
RealEstate,2022-05-24,0.28472400000000003
RealEstate,2022-05-25,0.24749
RealEstate,2022-05-26,0.14989000000000002
RealEstate,2022-05-27,0.16845000000000002
RealEstate,2022-05-31,0.135575
RealEstate,2022-06-01,0.20380000000000004
RealEstate,2022-06-02,0.11127000000000001
RealEstate,2022-06-03,0.18933
RealEstate,2022-06-06,0.06822199999999999
RealEstate,2022-06-07,0.04432666666666667
RealEstate,2022-06-08,0.11264400000000001
RealEstate,2022-06-09,0.16446666666666668
RealEstate,2022-06-10,0.15456666666666666
RealEstate,2022-06-13,0.09178800000000001
RealEstate,2022-06-14,0.08678999999999999
RealEstate,2022-06-15,-0.02241
RealEstate,2022-06-16,0.08519
RealEstate,2022-06-17,0.31608400000000003
RealEstate,2022-06-21,0.22520333333333334
RealEstate,2022-06-22,0.22565
RealEstate,2022-06-23,0.20191999999999996
RealEstate,2022-06-24,-0.03928
RealEstate,2022-06-27,0.08831
RealEstate,2022-06-28,0.0913
RealEstate,2022-06-29,0.14173
RealEstate,2022-06-30,0.1464
RealEstate,2022-07-01,0.09706
RealEstate,2022-07-05,0.12405333333333332
RealEstate,2022-07-06,-0.13765999999999998
RealEstate,2022-07-07,0.04120666666666666
RealEstate,2022-07-08,0.19090000000000001
RealEstate,2022-07-11,0.29322
RealEstate,2022-07-12,0.12677999999999998
RealEstate,2022-07-13,0.26909
RealEstate,2022-07-14,0.25259
RealEstate,2022-07-15,-0.196442
RealEstate,2022-07-18,0.09613
RealEstate,2022-07-19,0.01341
RealEstate,2022-07-20,0.17764000000000002
RealEstate,2022-07-21,0.26352000000000003
RealEstate,2022-07-22,0.35218000000000005
RealEstate,2022-07-25,0.21288
RealEstate,2022-07-26,0.10462
RealEstate,2022-07-27,0.24497866666666662
RealEstate,2022-07-28,0.13893499999999998
RealEstate,2022-07-29,0.26866
RealEstate,2022-08-01,0.35557
RealEstate,2022-08-02,0.3383216666666667
RealEstate,2022-08-03,0.14196999999999999
RealEstate,2022-08-04,0.10949333333333336
RealEstate,2022-08-05,0.22848000000000002
RealEstate,2022-08-08,0.15362
RealEstate,2022-08-09,0.27804
RealEstate,2022-08-10,0.11800000000000002
RealEstate,2022-08-11,0.25048
RealEstate,2022-08-12,0.08175
RealEstate,2022-08-15,-0.03005000000000002
RealEstate,2022-08-16,0.14214000000000002
RealEstate,2022-08-17,0.175945
RealEstate,2022-08-18,0.104845
RealEstate,2022-08-19,0.33251
RealEstate,2022-08-22,0.38418199999999997
RealEstate,2022-08-23,0.228762
RealEstate,2022-08-24,0.16047000000000003
RealEstate,2022-08-25,0.30311000000000005
RealEstate,2022-08-26,0.38002
RealEstate,2022-08-29,0.19603833333333334
RealEstate,2022-08-30,0.148545
RealEstate,2022-08-31,0.22335
RealEstate,2022-09-01,0.18867
RealEstate,2022-09-02,0.17004000000000002
RealEstate,2022-09-06,0.29121
RealEstate,2022-09-07,0.05066666666666666
RealEstate,2022-09-08,0.23678
RealEstate,2022-09-09,0.5577
RealEstate,2022-09-12,0.33622833333333335
RealEstate,2022-09-13,0.09451000000000001
RealEstate,2022-09-14,0.12735000000000002
RealEstate,2022-09-15,0.25329999999999997
RealEstate,2022-09-16,0.268376
RealEstate,2022-09-19,0.237128
RealEstate,2022-09-20,0.21516833333333335
RealEstate,2022-09-21,0.09312000000000001
RealEstate,2022-09-22,-0.05183
RealEstate,2022-09-23,6.666666666671484e-06
RealEstate,2022-09-26,0.07312142857142859
RealEstate,2022-09-27,0.2414214285714286
RealEstate,2022-09-28,0.056676666666666674
RealEstate,2022-09-29,0.13099666666666668
RealEstate,2022-09-30,0.26187
RealEstate,2022-10-03,0.25506
RealEstate,2022-10-04,0.33353
RealEstate,2022-10-05,0.19954999999999998
RealEstate,2022-10-06,0.0843
RealEstate,2022-10-07,0.13022499999999998
RealEstate,2022-10-10,0.10796999999999998
RealEstate,2022-10-11,0.04206
RealEstate,2022-10-12,0.11249
RealEstate,2022-10-13,0.05
RealEstate,2022-10-14,0.04164000000000001
RealEstate,2022-10-17,0.10390800000000003
RealEstate,2022-10-18,0.169123
RealEstate,2022-10-19,0.15442
RealEstate,2022-10-20,0.21181999999999998
RealEstate,2022-10-21,0.300555
RealEstate,2022-10-24,0.25793
RealEstate,2022-10-25,0.09152
RealEstate,2022-10-26,0.06871000000000001
RealEstate,2022-10-27,-0.005024000000000001
RealEstate,2022-10-28,-0.005024000000000001
RealEstate,2022-10-31,0.19326714285714286
RealEstate,2022-11-01,0.11007666666666667
RealEstate,2022-11-02,0.04720333333333333
RealEstate,2022-11-03,0.021670000000000002
RealEstate,2022-11-04,-0.03297
RealEstate,2022-11-07,0.096945
RealEstate,2022-11-08,0.17766500000000002
RealEstate,2022-11-09,0.163675
RealEstate,2022-11-10,0.080805
RealEstate,2022-11-11,0.31813499999999995
RealEstate,2022-11-14,0.18204833333333334
RealEstate,2022-11-15,0.18906833333333334
RealEstate,2022-11-16,0.20833333333333331
RealEstate,2022-11-17,0.20833333333333331
RealEstate,2022-11-18,0.0818533333333333
RealEstate,2022-11-21,0.23056000000000001
RealEstate,2022-11-22,0.05503999999999998
RealEstate,2022-11-23,0.35184
RealEstate,2022-11-25,0.3568
RealEstate,2022-11-28,0.36463
RealEstate,2022-11-29,0.36463
RealEstate,2022-11-30,0.16735
RealEstate,2022-12-01,0.25305999999999995
RealEstate,2022-12-02,0.16166
RealEstate,2022-12-05,0.26104000000000005
RealEstate,2022-12-06,0.23544
RealEstate,2022-12-07,0.32924
RealEstate,2022-12-08,0.29524
RealEstate,2022-12-09,0.47481
RealEstate,2022-12-12,0.26774
RealEstate,2022-12-13,0.04482000000000001
RealEstate,2022-12-14,0.10200000000000001
RealEstate,2022-12-15,0.034526666666666664
RealEstate,2022-12-16,0.24228666666666668
RealEstate,2022-12-19,0.16439499999999999
RealEstate,2022-12-20,0.08515666666666667
RealEstate,2022-12-21,0.02636
RealEstate,2022-12-22,0.02636
RealEstate,2022-12-23,0.02636
RealEstate,2022-12-27,0.276205
RealEstate,2022-12-28,0.25238666666666665
RealEstate,2022-12-29,0.14012
RealEstate,2022-12-30,0.11124999999999999
RealEstate,2023-01-03,0.23373
RealEstate,2023-01-04,0.22116000000000002
RealEstate,2023-01-05,0.21685333333333334
RealEstate,2023-01-06,0.15727833333333335
RealEstate,2023-01-09,0.09050000000000002
RealEstate,2023-01-10,-0.01629999999999999
RealEstate,2023-01-11,0.02188
RealEstate,2023-01-12,-0.04803999999999999
RealEstate,2023-01-13,-0.06406999999999999
RealEstate,2023-01-17,0.02135
RealEstate,2023-01-18,-0.08301333333333333
RealEstate,2023-01-19,0.08113999999999999
RealEstate,2023-01-20,0.04528666666666666
RealEstate,2023-01-23,0.07724666666666666
RealEstate,2023-01-24,0.23321
RealEstate,2023-01-25,0.35783333333333334
RealEstate,2023-01-26,0.19529333333333335
RealEstate,2023-01-27,0.24477333333333334
RealEstate,2023-01-30,0.281555
RealEstate,2023-01-31,0.19296000000000002
RealEstate,2023-02-01,0.31418
RealEstate,2023-02-02,0.17594
RealEstate,2023-02-03,0.08510666666666668
RealEstate,2023-02-06,0.17055904761904764
RealEstate,2023-02-07,0.0911647619047619
RealEstate,2023-02-08,-0.029599999999999998
RealEstate,2023-02-09,0.13115000000000002
RealEstate,2023-02-10,0.25075000000000003
RealEstate,2023-02-13,0.3554
RealEstate,2023-02-14,0.15886
RealEstate,2023-02-15,0.11417666666666666
RealEstate,2023-02-16,0.07278333333333334
RealEstate,2023-02-17,-0.008929999999999999
RealEstate,2023-02-21,0.08677777777777779
RealEstate,2023-02-22,0.11400166666666667
RealEstate,2023-02-23,0.05041500000000001
RealEstate,2023-02-24,0.030125000000000002
RealEstate,2023-02-27,0.09504
RealEstate,2023-02-28,0.11682000000000001
RealEstate,2023-03-01,0.0886
RealEstate,2023-03-02,0.20618666666666668
RealEstate,2023-03-03,0.13778666666666667
RealEstate,2023-03-06,0.04136
RealEstate,2023-03-07,0.12358
RealEstate,2023-03-08,0.21033
RealEstate,2023-03-09,0.16455
RealEstate,2023-03-10,0.26161999999999996
RealEstate,2023-03-13,0.021646666666666665
RealEstate,2023-03-14,0.20270000000000002
RealEstate,2023-03-15,0.185554
RealEstate,2023-03-16,0.227
RealEstate,2023-03-17,0.23986999999999997
RealEstate,2023-03-20,0.040580000000000005
RealEstate,2023-03-21,0.3596066666666667
RealEstate,2023-03-22,0.21108000000000002
RealEstate,2023-03-23,0.14966
RealEstate,2023-03-24,0.1272
RealEstate,2023-03-27,0.040598
RealEstate,2023-03-28,0.084488
RealEstate,2023-03-29,0.12131333333333334
RealEstate,2023-03-30,0.11547666666666667
RealEstate,2023-03-31,0.18689
RealEstate,2023-04-03,0.108438
RealEstate,2023-04-04,0.171315
RealEstate,2023-04-05,0.19249785714285714
RealEstate,2023-04-06,0.16269
RealEstate,2023-04-10,0.07998166666666667
RealEstate,2023-04-11,0.35245000000000004
RealEstate,2023-04-12,0.3442
RealEstate,2023-04-13,0.15111000000000002
RealEstate,2023-04-14,0.07364
RealEstate,2023-04-17,0.010589999999999999
RealEstate,2023-04-18,0.08707083333333333
RealEstate,2023-04-19,0.09673666666666667
RealEstate,2023-04-20,0.12767166666666668
RealEstate,2023-04-21,0.1693
RealEstate,2023-04-24,0.17015333333333332
RealEstate,2023-04-25,0.07972666666666667
RealEstate,2023-04-26,-0.032365
RealEstate,2023-04-27,0.004559999999999997
RealEstate,2023-04-28,0.15228
RealEstate,2023-05-01,0.07571333333333333
RealEstate,2023-05-02,0.04447333333333333
RealEstate,2023-05-03,0.028399999999999998
RealEstate,2023-05-04,0.06655733333333333
RealEstate,2023-05-05,0.22796000000000002
RealEstate,2023-05-08,0.11322666666666667
RealEstate,2023-05-09,0.1536866666666667
RealEstate,2023-05-10,0.030253333333333333
RealEstate,2023-05-11,0.04404
RealEstate,2023-05-12,0.10773000000000002
RealEstate,2023-05-15,0.13531666666666667
RealEstate,2023-05-16,0.08574000000000001
RealEstate,2023-05-17,0.068
RealEstate,2023-05-18,0.07373833333333332
RealEstate,2023-05-19,0.041893333333333324
RealEstate,2023-05-22,0.16393333333333332
RealEstate,2023-05-23,0.09618
RealEstate,2023-05-24,0.18024
RealEstate,2023-05-25,0.1068
RealEstate,2023-05-26,0.1068
RealEstate,2023-05-30,0.15797
RealEstate,2023-05-31,0.24383999999999997
RealEstate,2023-06-01,0.15748666666666666
RealEstate,2023-06-02,0.0344
RealEstate,2023-06-05,0.08667333333333334
RealEstate,2023-06-06,0.14470666666666665
RealEstate,2023-06-07,0.17646
RealEstate,2023-06-08,0.054165
RealEstate,2023-06-09,0.15136500000000003
RealEstate,2023-06-12,0.221325
RealEstate,2023-06-13,0.118485
RealEstate,2023-06-14,0.11719499999999998
RealEstate,2023-06-15,0.11988000000000001
RealEstate,2023-06-16,0.021426666666666677
RealEstate,2023-06-20,-0.006693333333333333
RealEstate,2023-06-21,0.0
RealEstate,2023-06-22,0.046345000000000004
RealEstate,2023-06-23,0.11247666666666664
RealEstate,2023-06-26,0.15677
RealEstate,2023-06-27,0.29812000000000005
RealEstate,2023-06-28,0.25156999999999996
RealEstate,2023-06-29,0.28229000000000004
RealEstate,2023-06-30,0.18713000000000002
RealEstate,2023-07-03,0.19841499999999998
RealEstate,2023-07-05,0.21950333333333333
RealEstate,2023-07-06,0.09404666666666665
RealEstate,2023-07-07,0.047023333333333334
RealEstate,2023-07-10,0.15241000000000002
RealEstate,2023-07-11,0.11835
RealEstate,2023-07-12,0.1404
RealEstate,2023-07-13,0.12031666666666667
RealEstate,2023-07-14,0.033350000000000005
RealEstate,2023-07-17,0.20958133333333331
RealEstate,2023-07-18,0.11400133333333333
RealEstate,2023-07-19,0.15344000000000002
RealEstate,2023-07-20,-0.01686095238095238
RealEstate,2023-07-21,0.08577000000000001
RealEstate,2023-07-24,0.25472333333333336
RealEstate,2023-07-25,0.08721999999999999
RealEstate,2023-07-26,0.07527466666666667
RealEstate,2023-07-27,0.15286
RealEstate,2023-07-28,0.2247866666666667
RealEstate,2023-07-31,0.121825
RealEstate,2023-08-01,0.08504
RealEstate,2023-08-02,0.10765066666666664
RealEstate,2023-08-03,0.03721666666666666
RealEstate,2023-08-04,-0.08166000000000001
RealEstate,2023-08-07,-0.060773333333333346
RealEstate,2023-08-08,-0.024653333333333336
RealEstate,2023-08-09,-0.03062
RealEstate,2023-08-10,0.326865
RealEstate,2023-08-11,0.21306000000000003
RealEstate,2023-08-14,0.15004333333333333
RealEstate,2023-08-15,0.13365
RealEstate,2023-08-16,0.19539
RealEstate,2023-08-17,0.07299833333333332
RealEstate,2023-08-18,0.12370333333333335
RealEstate,2023-08-21,0.16249333333333332
RealEstate,2023-08-22,0.12828
RealEstate,2023-08-23,0.12828
RealEstate,2023-08-24,0.06904
RealEstate,2023-08-25,0.07510666666666667
RealEstate,2023-08-28,0.19812000000000002
RealEstate,2023-08-29,0.20948000000000003
RealEstate,2023-08-30,0.20192000000000002
RealEstate,2023-08-31,0.162438
RealEstate,2023-09-01,0.29386
RealEstate,2023-09-05,0.1552346666666667
RealEstate,2023-09-06,0.19938666666666668
RealEstate,2023-09-07,0.02266666666666667
RealEstate,2023-09-08,0.20400000000000001
RealEstate,2023-09-11,0.24696600000000002
RealEstate,2023-09-12,-0.04018999999999999
RealEstate,2023-09-13,0.12744333333333333
RealEstate,2023-09-14,0.11438
RealEstate,2023-09-15,0.2822766666666666
RealEstate,2023-09-18,0.17939
RealEstate,2023-09-19,0.264
RealEstate,2023-09-20,0.46643
RealEstate,2023-09-21,0.20153666666666664
RealEstate,2023-09-22,0.18021
RealEstate,2023-09-25,0.08711666666666666
RealEstate,2023-09-26,0.17983
RealEstate,2023-09-27,0.20518999999999998
RealEstate,2023-09-28,0.38455999999999996
RealEstate,2023-09-29,0.23498000000000002
RealEstate,2023-10-02,0.30891
RealEstate,2023-10-03,0.16413000000000003
RealEstate,2023-10-04,0.21181
RealEstate,2023-10-05,0.23905000000000004
RealEstate,2023-10-06,0.27163
RealEstate,2023-10-09,0.18170999999999998
RealEstate,2023-10-10,0.17531000000000002
RealEstate,2023-10-11,0.16310000000000002
RealEstate,2023-10-12,0.33874666666666664
RealEstate,2023-10-13,0.36688
RealEstate,2023-10-16,0.168409
RealEstate,2023-10-17,-0.004630000000000012
RealEstate,2023-10-18,0.17223
RealEstate,2023-10-19,0.06254914285714286
RealEstate,2023-10-20,0.23720999999999998
RealEstate,2023-10-23,0.23029000000000002
RealEstate,2023-10-24,0.21791999999999997
RealEstate,2023-10-25,0.12593000000000001
RealEstate,2023-10-26,0.0508175
RealEstate,2023-10-27,0.120655
RealEstate,2023-10-30,0.23247672727272728
RealEstate,2023-10-31,0.08741
RealEstate,2023-11-01,0.04389333333333334
RealEstate,2023-11-02,0.15841333333333335
RealEstate,2023-11-03,0.035750000000000004
RealEstate,2023-11-06,0.06939000000000001
RealEstate,2023-11-07,0.22510000000000002
RealEstate,2023-11-08,0.0925
RealEstate,2023-11-09,0.20298500000000003
RealEstate,2023-11-10,0.0427
RealEstate,2023-11-13,0.127965
RealEstate,2023-11-14,0.17575000000000002
RealEstate,2023-11-15,0.21908000000000002
RealEstate,2023-11-16,0.162144
RealEstate,2023-11-17,0.09611499999999999
RealEstate,2023-11-20,0.13638666666666666
RealEstate,2023-11-21,0.16892000000000001
RealEstate,2023-11-22,0.08738666666666668
RealEstate,2023-11-24,0.02023
RealEstate,2023-11-27,0.05815025641025641
RealEstate,2023-11-28,0.11213333333333333
RealEstate,2023-11-29,0.09998266666666666
RealEstate,2023-11-30,0.08189
RealEstate,2023-12-01,0.159122
RealEstate,2023-12-04,0.16784
RealEstate,2023-12-05,0.23407
RealEstate,2023-12-06,0.11787666666666667
RealEstate,2023-12-07,0.072255
RealEstate,2023-12-08,0.10930999999999999
RealEstate,2023-12-11,0.06682333333333333
RealEstate,2023-12-12,0.08254333333333333
RealEstate,2023-12-13,0.23891
RealEstate,2023-12-14,0.15428199999999997
RealEstate,2023-12-15,0.12952
RealEstate,2023-12-18,0.188025
RealEstate,2023-12-19,0.188025
RealEstate,2023-12-20,0.188025
RealEstate,2023-12-21,0.188025
RealEstate,2023-12-22,0.188025
RealEstate,2023-12-26,0.188025
RealEstate,2023-12-27,0.188025
RealEstate,2023-12-28,0.188025
RealEstate,2023-12-29,0.188025
Tech,2020-01-02,0.07698871794871795
Tech,2020-01-03,0.09808526785714286
Tech,2020-01-06,-0.013116666666666676
Tech,2020-01-07,-0.07656785714285715
Tech,2020-01-08,0.0699545
Tech,2020-01-09,0.09154333333333334
Tech,2020-01-10,0.265226
Tech,2020-01-13,0.20091575
Tech,2020-01-14,0.241154
Tech,2020-01-15,0.018463666666666673
Tech,2020-01-16,0.16211644444444445
Tech,2020-01-17,0.07141555777555778
Tech,2020-01-21,0.017946666666666677
Tech,2020-01-22,0.083456
Tech,2020-01-23,0.03489592592592593
Tech,2020-01-24,0.06600430107526882
Tech,2020-01-27,-0.17687049999999999
Tech,2020-01-28,-0.008395384615384615
Tech,2020-01-29,0.07918079365079365
Tech,2020-01-30,0.009163333333333334
Tech,2020-01-31,0.17766555555555558
Tech,2020-02-03,0.11900666666666666
Tech,2020-02-04,0.07460800000000001
Tech,2020-02-05,0.1052855
Tech,2020-02-06,0.2868725
Tech,2020-02-07,0.1875942857142857
Tech,2020-02-10,0.15818833333333332
Tech,2020-02-11,0.07143764502164503
Tech,2020-02-12,0.045807333333333325
Tech,2020-02-13,-0.02128509090909091
Tech,2020-02-14,0.0353892688172043
Tech,2020-02-18,-0.04732047619047619
Tech,2020-02-19,-0.012978253968253972
Tech,2020-02-20,0.041481333333333335
Tech,2020-02-21,-0.2589611428571429
Tech,2020-02-24,-0.009185303030303033
Tech,2020-02-25,0.019905000000000006
Tech,2020-02-26,0.2120025
Tech,2020-02-27,-0.090316
Tech,2020-02-28,0.146984
Tech,2020-03-02,0.06786600000000001
Tech,2020-03-03,0.002538000000000001
Tech,2020-03-04,0.3957859523809524
Tech,2020-03-05,0.14698033333333332
Tech,2020-03-06,0.044157538461538456
Tech,2020-03-09,-0.11020666666666665
Tech,2020-03-10,0.272895
Tech,2020-03-11,0.07748833333333334
Tech,2020-03-12,-0.04570857142857144
Tech,2020-03-13,-0.011568928571428577
Tech,2020-03-16,-0.10528666666666667
Tech,2020-03-17,0.12160083333333334
Tech,2020-03-18,-0.10072952380952382
Tech,2020-03-19,-0.10737666666666665
Tech,2020-03-20,0.19086
Tech,2020-03-23,0.18370166666666665
Tech,2020-03-24,0.4098681666666667
Tech,2020-03-25,0.20627399999999999
Tech,2020-03-26,0.293434
Tech,2020-03-27,0.3283
Tech,2020-03-30,0.07616666666666666
Tech,2020-03-31,0.018877333333333322
Tech,2020-04-01,0.11331000000000002
Tech,2020-04-02,0.095555
Tech,2020-04-03,-0.1759466666666667
Tech,2020-04-06,0.28716742424242425
Tech,2020-04-07,0.11083399999999999
Tech,2020-04-08,0.23468
Tech,2020-04-09,0.13129666666666667
Tech,2020-04-13,0.16562274509803923
Tech,2020-04-14,0.570381619047619
Tech,2020-04-15,0.123804
Tech,2020-04-16,0.30889855555555557
Tech,2020-04-17,0.09648407142857143
Tech,2020-04-20,0.24132791666666664
Tech,2020-04-21,-0.33475
Tech,2020-04-22,0.3060380952380952
Tech,2020-04-23,0.20845380952380954
Tech,2020-04-24,0.12841129032258064
Tech,2020-04-27,0.14598163636363637
Tech,2020-04-28,0.11405460317460317
Tech,2020-04-29,0.1726877142857143
Tech,2020-04-30,0.077652
Tech,2020-05-01,-0.15798900000000002
Tech,2020-05-04,0.3556464705882353
Tech,2020-05-05,0.292155
Tech,2020-05-06,0.24205133333333334
Tech,2020-05-07,0.24068199999999998
Tech,2020-05-08,0.4422091428571429
Tech,2020-05-11,0.12826677777777779
Tech,2020-05-12,-0.04530033333333334
Tech,2020-05-13,0.09257022222222222
Tech,2020-05-14,0.15429166666666666
Tech,2020-05-15,-0.012865142857142842
Tech,2020-05-18,0.015536666666666667
Tech,2020-05-19,0.052261999999999996
Tech,2020-05-20,0.2370016666666667
Tech,2020-05-21,0.012136111111111115
Tech,2020-05-22,-0.17001400000000003
Tech,2020-05-26,0.06429245238095238
Tech,2020-05-27,0.15682333333333334
Tech,2020-05-28,0.10204952380952381
Tech,2020-05-29,0.135827
Tech,2020-06-01,0.14087666666666668
Tech,2020-06-02,0.21934666666666666
Tech,2020-06-03,0.272044
Tech,2020-06-04,0.13592500000000002
Tech,2020-06-05,0.19892555555555555
Tech,2020-06-08,0.09585333333333333
Tech,2020-06-09,0.29664238095238094
Tech,2020-06-10,0.007861666666666666
Tech,2020-06-11,0.21909166666666668
Tech,2020-06-12,0.13409666666666667
Tech,2020-06-15,0.19600666666666666
Tech,2020-06-16,0.19455
Tech,2020-06-17,0.09115
Tech,2020-06-18,0.2165
Tech,2020-06-19,0.04003999999999999
Tech,2020-06-22,0.2277411428571429
Tech,2020-06-23,0.10829333333333332
Tech,2020-06-24,-0.07593666666666665
Tech,2020-06-25,-0.2447
Tech,2020-06-26,-0.16092
Tech,2020-06-29,0.10954333333333335
Tech,2020-06-30,0.192486
Tech,2020-07-01,0.12086999999999999
Tech,2020-07-02,0.21391999999999997
Tech,2020-07-06,0.10685532467532469
Tech,2020-07-07,0.25309714285714285
Tech,2020-07-08,0.13118114285714286
Tech,2020-07-09,0.1574142857142857
Tech,2020-07-10,0.04864
Tech,2020-07-13,0.3125
Tech,2020-07-14,0.135296
Tech,2020-07-15,0.11117999999999999
Tech,2020-07-16,0.04186266666666667
Tech,2020-07-17,0.014091999999999999
Tech,2020-07-20,0.15085384615384617
Tech,2020-07-21,0.238768
Tech,2020-07-22,0.18278333333333335
Tech,2020-07-23,0.24511777777777777
Tech,2020-07-24,0.25831714285714286
Tech,2020-07-27,0.18003666666666668
Tech,2020-07-28,0.10225214285714283
Tech,2020-07-29,0.23490552371541504
Tech,2020-07-30,0.08129888888888889
Tech,2020-07-31,0.14831333333333332
Tech,2020-08-03,0.16400866666666666
Tech,2020-08-04,0.15239169696969695
Tech,2020-08-05,0.11665928571428572
Tech,2020-08-06,0.071235
Tech,2020-08-07,0.18409
Tech,2020-08-10,0.14572000000000002
Tech,2020-08-11,0.233291
Tech,2020-08-12,-0.010670952380952382
Tech,2020-08-13,0.09162857142857142
Tech,2020-08-14,0.2719966666666667
Tech,2020-08-17,0.047746
Tech,2020-08-18,0.08149666666666668
Tech,2020-08-19,0.06076
Tech,2020-08-20,-0.01581444444444445
Tech,2020-08-21,0.09953866666666666
Tech,2020-08-24,0.14581166666666667
Tech,2020-08-25,0.08982899999999999
Tech,2020-08-26,0.14066666666666666
Tech,2020-08-27,0.12748166666666666
Tech,2020-08-28,0.2582683333333333
Tech,2020-08-31,0.14842190476190475
Tech,2020-09-01,0.064225
Tech,2020-09-02,0.17756738095238095
Tech,2020-09-03,0.14047071428571428
Tech,2020-09-04,0.27247
Tech,2020-09-08,0.171425
Tech,2020-09-09,0.126105
Tech,2020-09-10,0.14387333333333335
Tech,2020-09-11,0.16709666666666667
Tech,2020-09-14,0.109845
Tech,2020-09-15,-0.06022266666666666
Tech,2020-09-16,0.25110399999999994
Tech,2020-09-17,0.2518195238095238
Tech,2020-09-18,0.12922666666666666
Tech,2020-09-21,0.11227333333333334
Tech,2020-09-22,0.13950666666666667
Tech,2020-09-23,0.14163333333333333
Tech,2020-09-24,0.172555
Tech,2020-09-25,0.01805333333333333
Tech,2020-09-28,0.2422083333333333
Tech,2020-09-29,0.22902666666666666
Tech,2020-09-30,0.1288
Tech,2020-10-01,0.09062
Tech,2020-10-02,0.11503466666666666
Tech,2020-10-05,0.151892
Tech,2020-10-06,0.006973333333333331
Tech,2020-10-07,0.3142
Tech,2020-10-08,0.20668190476190476
Tech,2020-10-09,0.20216133333333333
Tech,2020-10-12,0.19510333333333335
Tech,2020-10-13,0.06581666666666668
Tech,2020-10-14,0.10061
Tech,2020-10-15,0.19443666666666665
Tech,2020-10-16,0.16277333333333335
Tech,2020-10-19,0.0694425
Tech,2020-10-20,0.08346500000000001
Tech,2020-10-21,0.19107000000000002
Tech,2020-10-22,0.2859775
Tech,2020-10-23,0.2331618181818182
Tech,2020-10-26,0.07841000000000001
Tech,2020-10-27,0.1958490857142857
Tech,2020-10-28,0.11585142857142856
Tech,2020-10-29,0.16960000000000003
Tech,2020-10-30,0.10438
Tech,2020-11-02,0.0805515
Tech,2020-11-03,0.12840000000000001
Tech,2020-11-04,0.13422666666666666
Tech,2020-11-05,0.14032
Tech,2020-11-06,0.17519
Tech,2020-11-09,0.03288666666666666
Tech,2020-11-10,0.026402666666666665
Tech,2020-11-11,0.16329619047619048
Tech,2020-11-12,0.23350666666666667
Tech,2020-11-13,0.12994533333333333
Tech,2020-11-16,0.3348466666666667
Tech,2020-11-17,0.32211666666666666
Tech,2020-11-18,0.24905499999999997
Tech,2020-11-19,0.027370000000000005
Tech,2020-11-20,0.17984333333333333
Tech,2020-11-23,0.11966000000000002
Tech,2020-11-24,0.09828
Tech,2020-11-25,0.12318666666666667
Tech,2020-11-27,0.21619000000000002
Tech,2020-11-30,0.07994166666666666
Tech,2020-12-01,0.07541666666666666
Tech,2020-12-02,0.20883500000000002
Tech,2020-12-03,0.15988333333333332
Tech,2020-12-04,0.19909
Tech,2020-12-07,0.11864777777777777
Tech,2020-12-08,0.15623
Tech,2020-12-09,0.26604733333333336
Tech,2020-12-10,0.28467833333333337
Tech,2020-12-11,0.093919
Tech,2020-12-14,0.124556
Tech,2020-12-15,0.112986
Tech,2020-12-16,0.0891
Tech,2020-12-17,0.2813542857142857
Tech,2020-12-18,0.24122
Tech,2020-12-21,0.20990114285714284
Tech,2020-12-22,0.21012
Tech,2020-12-23,0.20094000000000004
Tech,2020-12-24,0.18328333333333333
Tech,2020-12-28,0.19454916666666666
Tech,2020-12-29,0.029078000000000003
Tech,2020-12-30,0.218595
Tech,2020-12-31,0.24384999999999998
Tech,2021-01-04,0.15500999999999998
Tech,2021-01-05,0.10523500000000001
Tech,2021-01-06,0.16318566666666667
Tech,2021-01-07,0.05910066666666667
Tech,2021-01-08,0.08303333333333333
Tech,2021-01-11,0.10196138888888888
Tech,2021-01-12,0.11767000000000001
Tech,2021-01-13,0.11984236024844722
Tech,2021-01-14,0.17192
Tech,2021-01-15,0.12073800000000001
Tech,2021-01-19,0.10953938461538462
Tech,2021-01-20,0.15812666666666667
Tech,2021-01-21,0.21714333333333333
Tech,2021-01-22,0.18044333333333334
Tech,2021-01-25,0.1657753846153846
Tech,2021-01-26,0.127193
Tech,2021-01-27,0.2887243333333333
Tech,2021-01-28,-0.0344111111111111
Tech,2021-01-29,0.154045
Tech,2021-02-01,0.2760597142857143
Tech,2021-02-02,0.37372
Tech,2021-02-03,0.2248925
Tech,2021-02-04,0.16348164502164503
Tech,2021-02-05,0.22059333333333334
Tech,2021-02-08,0.16393
Tech,2021-02-09,0.15991
Tech,2021-02-10,0.11445999999999998
Tech,2021-02-11,0.13777599999999998
Tech,2021-02-12,0.14337333333333335
Tech,2021-02-16,0.08732999999999999
Tech,2021-02-17,0.17704133333333333
Tech,2021-02-18,0.11926
Tech,2021-02-19,0.20412
Tech,2021-02-22,0.23706
Tech,2021-02-23,0.26743833333333333
Tech,2021-02-24,0.17472666666666667
Tech,2021-02-25,0.04236
Tech,2021-02-26,0.13026166666666666
Tech,2021-03-01,0.15231
Tech,2021-03-02,0.006666666666666677
Tech,2021-03-03,0.1848
Tech,2021-03-04,0.10098
Tech,2021-03-05,0.1015
Tech,2021-03-08,0.26002200000000003
Tech,2021-03-09,0.038535
Tech,2021-03-10,0.17362
Tech,2021-03-11,0.12800857142857142
Tech,2021-03-12,0.23971
Tech,2021-03-15,0.115008
Tech,2021-03-16,0.013519999999999999
Tech,2021-03-17,0.24534000000000003
Tech,2021-03-18,0.22137333333333334
Tech,2021-03-19,0.19592
Tech,2021-03-22,0.128051
Tech,2021-03-23,0.25255666666666665
Tech,2021-03-24,0.022934999999999994
Tech,2021-03-25,0.042760000000000006
Tech,2021-03-26,0.040530000000000004
Tech,2021-03-29,0.20407999999999998
Tech,2021-03-30,0.27706333333333333
Tech,2021-03-31,0.15532666666666667
Tech,2021-04-01,0.05151800000000002
Tech,2021-04-05,0.14058307692307692
Tech,2021-04-06,0.03935933333333332
Tech,2021-04-07,0.1643
Tech,2021-04-08,0.10084
Tech,2021-04-09,0.1709216666666667
Tech,2021-04-12,0.12543500000000002
Tech,2021-04-13,0.13050333333333333
Tech,2021-04-14,0.12262666666666666
Tech,2021-04-15,0.21003
Tech,2021-04-16,0.061486
Tech,2021-04-19,0.08875695238095238
Tech,2021-04-20,0.1142635
Tech,2021-04-21,0.07662
Tech,2021-04-22,0.18317299999999997
Tech,2021-04-23,0.1093151282051282
Tech,2021-04-26,0.19160222222222223
Tech,2021-04-27,0.196428
Tech,2021-04-28,0.10281688311688311
Tech,2021-04-29,0.15704
Tech,2021-04-30,0.15221666666666667
Tech,2021-05-03,0.16637416666666666
Tech,2021-05-04,0.026834999999999998
Tech,2021-05-05,0.17741666666666667
Tech,2021-05-06,0.27107000000000003
Tech,2021-05-07,0.19982666666666665
Tech,2021-05-10,0.22132000000000002
Tech,2021-05-11,0.05047999999999999
Tech,2021-05-12,0.18076
Tech,2021-05-13,0.02841
Tech,2021-05-14,0.1308
Tech,2021-05-17,0.15613666666666665
Tech,2021-05-18,0.20997
Tech,2021-05-19,-0.06776857142857143
Tech,2021-05-20,0.18060466666666666
Tech,2021-05-21,0.27536
Tech,2021-05-24,0.33931
Tech,2021-05-25,0.085186
Tech,2021-05-26,0.30906
Tech,2021-05-27,0.22949199999999997
Tech,2021-05-28,0.16497
Tech,2021-06-01,0.144219
Tech,2021-06-02,0.15422666666666668
Tech,2021-06-03,0.09815
Tech,2021-06-04,0.138726
Tech,2021-06-07,0.23656850000000001
Tech,2021-06-08,0.274576
Tech,2021-06-09,0.12857000000000002
Tech,2021-06-10,0.1683475
Tech,2021-06-11,0.042655000000000005
Tech,2021-06-14,0.022705999999999997
Tech,2021-06-15,0.064716
Tech,2021-06-16,0.15775333333333333
Tech,2021-06-17,0.09166244444444444
Tech,2021-06-18,0.123678
Tech,2021-06-21,0.1520625
Tech,2021-06-22,0.14797000000000002
Tech,2021-06-23,0.16686600000000001
Tech,2021-06-24,0.26358666666666664
Tech,2021-06-25,0.38581000000000004
Tech,2021-06-28,0.10185733333333333
Tech,2021-06-29,0.31473500000000004
Tech,2021-06-30,0.11071866666666667
Tech,2021-07-01,0.17703333333333332
Tech,2021-07-02,-0.03561333333333334
Tech,2021-07-06,0.21066333333333334
Tech,2021-07-07,0.26293333333333335
Tech,2021-07-08,0.212115
Tech,2021-07-09,0.165015
Tech,2021-07-12,0.15612333333333334
Tech,2021-07-13,0.20866
Tech,2021-07-14,0.062528
Tech,2021-07-15,0.07874600000000001
Tech,2021-07-16,0.12266369230769229
Tech,2021-07-19,-0.01011547619047618
Tech,2021-07-20,0.14811000000000002
Tech,2021-07-21,0.128355
Tech,2021-07-22,0.116835
Tech,2021-07-23,0.010497666666666666
Tech,2021-07-26,0.14962634615384615
Tech,2021-07-27,0.06448191919191919
Tech,2021-07-28,0.14988714285714286
Tech,2021-07-29,0.16670833333333332
Tech,2021-07-30,0.202965
Tech,2021-08-02,0.13322365079365078
Tech,2021-08-03,0.1312075
Tech,2021-08-04,0.020985833333333336
Tech,2021-08-05,0.1295404761904762
Tech,2021-08-06,0.110392
Tech,2021-08-09,0.09211499999999999
Tech,2021-08-10,0.06299099999999999
Tech,2021-08-11,0.058755
Tech,2021-08-12,0.18270166666666668
Tech,2021-08-13,0.16628166666666666
Tech,2021-08-16,0.16586666666666666
Tech,2021-08-17,-0.02628666666666667
Tech,2021-08-18,0.30077175
Tech,2021-08-19,0.0635257142857143
Tech,2021-08-20,-0.014069999999999994
Tech,2021-08-23,0.10318545454545455
Tech,2021-08-24,0.00973936507936508
Tech,2021-08-25,0.01366
Tech,2021-08-26,0.18797099999999997
Tech,2021-08-27,-0.010700000000000005
Tech,2021-08-30,0.2700786666666667
Tech,2021-08-31,0.020035
Tech,2021-09-01,-0.02976333333333333
Tech,2021-09-02,0.25962999999999997
Tech,2021-09-03,0.2505233333333333
Tech,2021-09-07,0.1948952380952381
Tech,2021-09-08,0.16455
Tech,2021-09-09,0.18947166666666665
Tech,2021-09-10,-0.10527333333333336
Tech,2021-09-13,0.052699666666666665
Tech,2021-09-14,0.194275
Tech,2021-09-15,0.09602428571428571
Tech,2021-09-16,0.20064333333333334
Tech,2021-09-17,-0.004446666666666654
Tech,2021-09-20,0.29294333333333333
Tech,2021-09-21,0.1111717857142857
Tech,2021-09-22,0.08091866666666667
Tech,2021-09-23,0.04324833333333335
Tech,2021-09-24,0.17522000000000001
Tech,2021-09-27,0.18366033333333334
Tech,2021-09-28,0.151244
Tech,2021-09-29,0.2259253333333333
Tech,2021-09-30,0.16957166666666665
Tech,2021-10-01,-0.171766
Tech,2021-10-04,0.16395857142857145
Tech,2021-10-05,0.13896000000000003
Tech,2021-10-06,0.1050845
Tech,2021-10-07,-0.010751666666666677
Tech,2021-10-08,0.05983433333333334
Tech,2021-10-11,0.07834266666666667
Tech,2021-10-12,0.21382933333333334
Tech,2021-10-13,0.11946333333333334
Tech,2021-10-14,0.07378599999999999
Tech,2021-10-15,0.12802
Tech,2021-10-18,0.07923111904761904
Tech,2021-10-19,0.2747116666666667
Tech,2021-10-20,0.13825333333333334
Tech,2021-10-21,0.087662
Tech,2021-10-22,0.21745066666666668
Tech,2021-10-25,-0.02313166666666666
Tech,2021-10-26,0.09469119047619048
Tech,2021-10-27,0.09342185714285715
Tech,2021-10-28,0.25319
Tech,2021-10-29,0.13058133333333333
Tech,2021-11-01,0.25267833333333334
Tech,2021-11-02,0.15081666666666665
Tech,2021-11-03,0.20185400000000003
Tech,2021-11-04,0.2003686944634313
Tech,2021-11-05,-0.023136666666666656
Tech,2021-11-08,0.063098
Tech,2021-11-09,0.11493666666666669
Tech,2021-11-10,0.09087277777777779
Tech,2021-11-11,0.19683439393939395
Tech,2021-11-12,0.08585499999999999
Tech,2021-11-15,0.14626166666666668
Tech,2021-11-16,0.2018772727272727
Tech,2021-11-17,0.09941343137254902
Tech,2021-11-18,0.11476793924466337
Tech,2021-11-19,0.09595473684210526
Tech,2021-11-22,0.18750116666666666
Tech,2021-11-23,0.33617600000000003
Tech,2021-11-24,-0.004705555555555551
Tech,2021-11-26,0.02046
Tech,2021-11-29,0.12805257142857143
Tech,2021-11-30,0.02141722222222222
Tech,2021-12-01,-0.06669999999999998
Tech,2021-12-02,0.17711696969696972
Tech,2021-12-03,0.14342482142857144
Tech,2021-12-06,0.1554797121212121
Tech,2021-12-07,0.18975738687782806
Tech,2021-12-08,0.06750083333333332
Tech,2021-12-09,0.13742472727272728
Tech,2021-12-10,0.11526363636363637
Tech,2021-12-13,0.08031590909090909
Tech,2021-12-14,0.02925833333333333
Tech,2021-12-15,0.20407466666666668
Tech,2021-12-16,0.08213541666666667
Tech,2021-12-17,-0.12269000000000001
Tech,2021-12-20,0.022605000000000007
Tech,2021-12-21,0.1621288888888889
Tech,2021-12-22,0.5457966666666667
Tech,2021-12-23,0.12270833333333334
Tech,2021-12-27,0.1307965
Tech,2021-12-28,0.18943031818181819
Tech,2021-12-29,0.16931966666666667
Tech,2021-12-30,0.15874000000000002
Tech,2021-12-31,0.2338704285714286
Tech,2022-01-03,0.2739595238095238
Tech,2022-01-04,0.061587843137254905
Tech,2022-01-05,0.13513872727272727
Tech,2022-01-06,0.15982
Tech,2022-01-07,0.046414
Tech,2022-01-10,0.0809375
Tech,2022-01-11,0.11937288888888889
Tech,2022-01-12,0.14554
Tech,2022-01-13,0.22538711111111112
Tech,2022-01-14,0.20481952380952378
Tech,2022-01-18,0.18140290476190474
Tech,2022-01-19,0.1899003333333333
Tech,2022-01-20,0.22160061904761905
Tech,2022-01-21,0.18006272727272726
Tech,2022-01-24,0.15312506604506604
Tech,2022-01-25,0.030626333333333332
Tech,2022-01-26,0.06644259968102073
Tech,2022-01-27,0.11782531818181818
Tech,2022-01-28,0.1749627619047619
Tech,2022-01-31,0.09670966666666667
Tech,2022-02-01,0.12699370370370372
Tech,2022-02-02,0.18780171179883945
Tech,2022-02-03,0.14016726984126984
Tech,2022-02-04,0.027996666666666663
Tech,2022-02-07,0.08864738095238094
Tech,2022-02-08,0.2332439285714286
Tech,2022-02-09,0.14765569230769232
Tech,2022-02-10,0.07350999999999999
Tech,2022-02-11,0.04092277777777777
Tech,2022-02-14,0.053582275641025634
Tech,2022-02-15,0.12729388235294117
Tech,2022-02-16,0.14363227450980393
Tech,2022-02-17,0.1114956
Tech,2022-02-18,0.14117266666666667
Tech,2022-02-22,0.1445880714285714
Tech,2022-02-23,0.21207666666666664
Tech,2022-02-24,0.06595333333333334
Tech,2022-02-25,-0.11011523809523809
Tech,2022-02-28,0.14586272727272726
Tech,2022-03-01,0.1823533333333333
Tech,2022-03-02,0.275344
Tech,2022-03-03,0.06495651515151515
Tech,2022-03-04,0.05196861904761905
Tech,2022-03-07,0.01842061904761905
Tech,2022-03-08,0.08416133333333334
Tech,2022-03-09,0.07840942857142857
Tech,2022-03-10,0.2778336923076923
Tech,2022-03-11,0.07941400000000001
Tech,2022-03-14,0.26458244444444445
Tech,2022-03-15,0.09321386868686868
Tech,2022-03-16,0.15264024675324678
Tech,2022-03-17,0.07387716666666666
Tech,2022-03-18,0.1473853333333333
Tech,2022-03-21,0.10049066666666664
Tech,2022-03-22,0.12455219047619046
Tech,2022-03-23,0.06218736363636364
Tech,2022-03-24,0.11436908158508156
Tech,2022-03-25,0.13006791666666667
Tech,2022-03-28,0.26842
Tech,2022-03-29,0.13618295238095238
Tech,2022-03-30,0.14768283333333335
Tech,2022-03-31,0.1397956349206349
Tech,2022-04-01,0.09031396736596738
Tech,2022-04-04,0.11491586466165411
Tech,2022-04-05,0.021702346153846152
Tech,2022-04-06,0.1552212857142857
Tech,2022-04-07,0.23489771428571432
Tech,2022-04-08,0.38193333333333335
Tech,2022-04-11,0.234682331002331
Tech,2022-04-12,0.12285428571428572
Tech,2022-04-13,0.12568166666666664
Tech,2022-04-14,0.006591666666666667
Tech,2022-04-18,0.09197
Tech,2022-04-19,0.17060755555555557
Tech,2022-04-20,0.220681
Tech,2022-04-21,0.04024880952380951
Tech,2022-04-22,0.027360000000000002
Tech,2022-04-25,0.1535740238095238
Tech,2022-04-26,0.135942
Tech,2022-04-27,0.12966955555555554
Tech,2022-04-28,0.08434943181818182
Tech,2022-04-29,0.0014425108225108194
Tech,2022-05-02,0.04577086580086581
Tech,2022-05-03,-0.014621587301587297
Tech,2022-05-04,-0.09706685897435897
Tech,2022-05-05,0.27581316666666666
Tech,2022-05-06,0.07282428571428572
Tech,2022-05-09,0.0890825641025641
Tech,2022-05-10,0.19980564102564102
Tech,2022-05-11,0.10732678571428571
Tech,2022-05-12,0.03639452380952381
Tech,2022-05-13,0.09926212121212122
Tech,2022-05-16,0.017866
Tech,2022-05-17,0.16402091575091576
Tech,2022-05-18,0.269345
Tech,2022-05-19,0.24959613636363637
Tech,2022-05-20,0.2797958333333333
Tech,2022-05-23,0.1603996591478697
Tech,2022-05-24,0.24001999999999998
Tech,2022-05-25,0.0241180808080808
Tech,2022-05-26,0.2421684210526316
Tech,2022-05-27,-0.004007777777777782
Tech,2022-05-31,0.2941422222222222
Tech,2022-06-01,0.2726561111111111
Tech,2022-06-02,0.10932380952380952
Tech,2022-06-03,0.11425733333333335
Tech,2022-06-06,0.06840833333333333
Tech,2022-06-07,0.06256533333333333
Tech,2022-06-08,0.035632750000000005
Tech,2022-06-09,0.065266
Tech,2022-06-10,0.04853750000000001
Tech,2022-06-13,0.12153770634920633
Tech,2022-06-14,0.1344104761904762
Tech,2022-06-15,0.23473300000000002
Tech,2022-06-16,0.08834822510822511
Tech,2022-06-17,0.14203833333333332
Tech,2022-06-21,0.11818778205128204
Tech,2022-06-22,0.18884190476190477
Tech,2022-06-23,0.1661
Tech,2022-06-24,-0.009807999999999994
Tech,2022-06-27,0.2142255238095238
Tech,2022-06-28,0.07973964285714286
Tech,2022-06-29,0.16612555555555555
Tech,2022-06-30,0.12980755555555554
Tech,2022-07-01,0.17648452380952379
Tech,2022-07-05,0.29129277777777773
Tech,2022-07-06,0.131968
Tech,2022-07-07,0.06432939682539682
Tech,2022-07-08,0.09711866666666667
Tech,2022-07-11,0.2371707142857143
Tech,2022-07-12,0.1152452380952381
Tech,2022-07-13,0.019836031746031747
Tech,2022-07-14,0.15716000000000002
Tech,2022-07-15,0.15673071428571428
Tech,2022-07-18,0.23793557142857144
Tech,2022-07-19,0.040014
Tech,2022-07-20,0.13325464285714286
Tech,2022-07-21,0.17586166666666667
Tech,2022-07-22,0.20978
Tech,2022-07-25,0.07361013636363636
Tech,2022-07-26,0.008584666666666668
Tech,2022-07-27,0.13333233766233765
Tech,2022-07-28,0.08416427272727273
Tech,2022-07-29,0.22549713450292397
Tech,2022-08-01,0.20560694444444444
Tech,2022-08-02,-0.04006928571428571
Tech,2022-08-03,0.18894114285714286
Tech,2022-08-04,0.050596666666666665
Tech,2022-08-05,0.14875333333333335
Tech,2022-08-08,0.1125482962962963
Tech,2022-08-09,0.0713476923076923
Tech,2022-08-10,0.08451339682539682
Tech,2022-08-11,0.09493837662337663
Tech,2022-08-12,0.27806766666666666
Tech,2022-08-15,0.17435819047619047
Tech,2022-08-16,0.19299066666666667
Tech,2022-08-17,0.15619555555555556
Tech,2022-08-18,0.10242
Tech,2022-08-19,0.16227
Tech,2022-08-22,0.25741533333333333
Tech,2022-08-23,0.041184
Tech,2022-08-24,0.14824991596638654
Tech,2022-08-25,0.16630333333333333
Tech,2022-08-26,0.1917832380952381
Tech,2022-08-29,0.07502333333333333
Tech,2022-08-30,0.11686649999999998
Tech,2022-08-31,0.14944666666666667
Tech,2022-09-01,0.007841267507002809
Tech,2022-09-02,0.22613571428571427
Tech,2022-09-06,0.10662194444444444
Tech,2022-09-07,0.11469166666666668
Tech,2022-09-08,0.02906000000000001
Tech,2022-09-09,0.14664866666666668
Tech,2022-09-12,0.03785035714285714
Tech,2022-09-13,0.025618333333333333
Tech,2022-09-14,0.09731583333333334
Tech,2022-09-15,-0.007140478260869566
Tech,2022-09-16,0.053075714285714296
Tech,2022-09-19,0.09093066666666666
Tech,2022-09-20,0.07047895238095239
Tech,2022-09-21,0.03157551282051283
Tech,2022-09-22,0.1434662857142857
Tech,2022-09-23,0.02783228571428572
Tech,2022-09-26,0.08646011904761904
Tech,2022-09-27,0.18781806349206348
Tech,2022-09-28,-0.012209844155844151
Tech,2022-09-29,0.0904715
Tech,2022-09-30,-0.1387766666666667
Tech,2022-10-03,0.31188523809523805
Tech,2022-10-04,0.1498364935064935
Tech,2022-10-05,0.11293427777777779
Tech,2022-10-06,0.014379999999999993
Tech,2022-10-07,0.0563086842105263
Tech,2022-10-10,0.07669666666666666
Tech,2022-10-11,-0.04785666666666667
Tech,2022-10-12,-0.029268888888888872
Tech,2022-10-13,0.002154999999999997
Tech,2022-10-14,0.07374
Tech,2022-10-17,0.061792
Tech,2022-10-18,0.13744
Tech,2022-10-19,-0.09869666666666668
Tech,2022-10-20,0.20392000000000002
Tech,2022-10-21,0.026856
Tech,2022-10-24,-0.0023473809523809524
Tech,2022-10-25,-0.022908666666666664
Tech,2022-10-26,0.27627999999999997
Tech,2022-10-27,0.014155111111111113
Tech,2022-10-28,0.07004151515151515
Tech,2022-10-31,0.1395535
Tech,2022-11-01,0.10052133333333332
Tech,2022-11-02,0.13055866666666666
Tech,2022-11-03,0.025066190476190475
Tech,2022-11-04,0.055600000000000004
Tech,2022-11-07,0.15052076190476188
Tech,2022-11-08,0.09983095238095238
Tech,2022-11-09,0.055045
Tech,2022-11-10,0.07427292307692308
Tech,2022-11-11,0.1276092857142857
Tech,2022-11-14,0.07508962148962149
Tech,2022-11-15,0.129782
Tech,2022-11-16,-0.01643138888888889
Tech,2022-11-17,0.08650733333333334
Tech,2022-11-18,0.24541
Tech,2022-11-21,0.176582
Tech,2022-11-22,0.004435
Tech,2022-11-23,0.242815
Tech,2022-11-25,0.06496000000000002
Tech,2022-11-28,0.11016784615384616
Tech,2022-11-29,-0.08916533333333333
Tech,2022-11-30,0.09827666666666666
Tech,2022-12-01,0.19348100000000001
Tech,2022-12-02,0.06956190476190476
Tech,2022-12-05,0.06731428571428572
Tech,2022-12-06,0.006490666666666675
Tech,2022-12-07,0.21540485714285715
Tech,2022-12-08,0.141103
Tech,2022-12-09,0.10536500000000001
Tech,2022-12-12,0.10959714285714287
Tech,2022-12-13,0.14314023809523807
Tech,2022-12-14,0.004423333333333332
Tech,2022-12-15,-0.06620595238095237
Tech,2022-12-16,0.07642216666666668
Tech,2022-12-19,0.012095333333333333
Tech,2022-12-20,0.18766699999999997
Tech,2022-12-21,0.18500171428571427
Tech,2022-12-22,-0.11699016666666666
Tech,2022-12-23,0.046097833333333324
Tech,2022-12-27,-0.02400274458874459
Tech,2022-12-28,0.07834333333333333
Tech,2022-12-29,0.17852666666666667
Tech,2022-12-30,0.044517714285714285
Tech,2023-01-03,0.0988496229260935
Tech,2023-01-04,0.0344045
Tech,2023-01-05,0.22351533333333334
Tech,2023-01-06,0.2309652380952381
Tech,2023-01-09,0.12115619047619046
Tech,2023-01-10,0.23811809523809524
Tech,2023-01-11,0.06118666666666667
Tech,2023-01-12,0.05665833333333333
Tech,2023-01-13,0.100065
Tech,2023-01-17,0.12548147619047617
Tech,2023-01-18,0.18735714285714286
Tech,2023-01-19,0.15625714285714284
Tech,2023-01-20,0.06466866666666667
Tech,2023-01-23,0.04196040100250627
Tech,2023-01-24,0.025202500000000006
Tech,2023-01-25,0.061449166666666666
Tech,2023-01-26,0.09490663492063492
Tech,2023-01-27,-0.00167385185185185
Tech,2023-01-30,0.08135
Tech,2023-01-31,-0.004828303030303028
Tech,2023-02-01,-0.06427003813882533
Tech,2023-02-02,0.21009666666666668
Tech,2023-02-03,-0.045935833333333335
Tech,2023-02-06,0.20531083333333333
Tech,2023-02-07,0.19244266666666668
Tech,2023-02-08,0.15681728571428571
Tech,2023-02-09,0.21136499999999997
Tech,2023-02-10,-0.023754444444444443
Tech,2023-02-13,0.20688285714285715
Tech,2023-02-14,0.21975484848484847
Tech,2023-02-15,-0.009739999999999993
Tech,2023-02-16,0.17857883116883116
Tech,2023-02-17,0.09892727272727272
Tech,2023-02-21,0.11084727272727272
Tech,2023-02-22,0.112917
Tech,2023-02-23,0.014443166666666674
Tech,2023-02-24,0.000439833333333331
Tech,2023-02-27,0.10289992063492064
Tech,2023-02-28,0.24963571428571427
Tech,2023-03-01,0.183314126984127
Tech,2023-03-02,0.08108595238095237
Tech,2023-03-03,0.2062848888888889
Tech,2023-03-06,0.07911199999999999
Tech,2023-03-07,0.11298444444444444
Tech,2023-03-08,0.08803611111111112
Tech,2023-03-09,0.1660287878787879
Tech,2023-03-10,0.122865
Tech,2023-03-13,0.058681000000000004
Tech,2023-03-14,0.16459083333333333
Tech,2023-03-15,-0.012914761904761905
Tech,2023-03-16,0.11155481818181819
Tech,2023-03-17,0.054474749999999995
Tech,2023-03-20,0.14129133333333332
Tech,2023-03-21,0.076383
Tech,2023-03-22,0.0671015037593985
Tech,2023-03-23,0.1406757142857143
Tech,2023-03-24,0.04642119047619048
Tech,2023-03-27,0.14500497435897436
Tech,2023-03-28,0.12816
Tech,2023-03-29,0.10061
Tech,2023-03-30,0.16753085714285715
Tech,2023-03-31,0.17308566666666667
Tech,2023-04-03,0.15019211060204163
Tech,2023-04-04,0.13741923376623374
Tech,2023-04-05,0.10895451127819551
Tech,2023-04-06,0.3205784615384616
Tech,2023-04-10,0.1816367177559283
Tech,2023-04-11,0.062146
Tech,2023-04-12,0.12446133333333334
Tech,2023-04-13,0.047861551587301585
Tech,2023-04-14,0.1956424761904762
Tech,2023-04-17,0.13280434523809523
Tech,2023-04-18,0.23545190476190475
Tech,2023-04-19,0.14301999999999998
Tech,2023-04-20,0.05578266666666667
Tech,2023-04-21,0.11072671428571428
Tech,2023-04-24,0.2665737777777778
Tech,2023-04-25,0.2505552380952381
Tech,2023-04-26,0.15250950000000002
Tech,2023-04-27,0.08589166666666667
Tech,2023-04-28,0.07181678571428571
Tech,2023-05-01,0.11088849206349208
Tech,2023-05-02,0.05433625000000001
Tech,2023-05-03,0.13492896280190397
Tech,2023-05-04,0.05870332539682539
Tech,2023-05-05,0.019781904761904757
Tech,2023-05-08,0.13794771428571428
Tech,2023-05-09,0.03553512820512821
Tech,2023-05-10,0.12053200000000001
Tech,2023-05-11,0.05073159090909091
Tech,2023-05-12,0.1103
Tech,2023-05-15,0.17601240259740258
Tech,2023-05-16,0.09343666666666667
Tech,2023-05-17,0.14877263636363636
Tech,2023-05-18,0.12504166666666666
Tech,2023-05-19,0.23859750000000002
Tech,2023-05-22,0.02401346886446886
Tech,2023-05-23,0.23763
Tech,2023-05-24,0.035610555555555555
Tech,2023-05-25,0.20089055256799937
Tech,2023-05-26,0.13152178861788616
Tech,2023-05-30,0.11756933572567782
Tech,2023-05-31,0.10126848049052398
Tech,2023-06-01,0.16287252252252254
Tech,2023-06-02,0.08822628571428573
Tech,2023-06-05,0.07863474025974027
Tech,2023-06-06,0.020368761904761903
Tech,2023-06-07,0.16101533333333334
Tech,2023-06-08,0.11442140259740259
Tech,2023-06-09,0.06031517543859649
Tech,2023-06-12,0.117506
Tech,2023-06-13,0.12919062184873947
Tech,2023-06-14,0.22483330384785494
Tech,2023-06-15,0.13358736908253038
Tech,2023-06-16,0.1324245543478261
Tech,2023-06-20,0.08854297872340426
Tech,2023-06-21,0.0010769000000000028
Tech,2023-06-22,0.09655476190476191
Tech,2023-06-23,0.144575873015873
Tech,2023-06-26,0.16265189898989899
Tech,2023-06-27,0.1872056666666667
Tech,2023-06-28,0.06356904034272758
Tech,2023-06-29,0.08187301785714288
Tech,2023-06-30,0.051834301075268804
Tech,2023-07-03,0.30290447619047617
Tech,2023-07-05,0.14558209523809523
Tech,2023-07-06,0.02953605838605839
Tech,2023-07-07,0.010512500000000003
Tech,2023-07-10,0.12032349282296653
Tech,2023-07-11,0.1353016446886447
Tech,2023-07-12,0.12270209523809524
Tech,2023-07-13,0.17219555555555557
Tech,2023-07-14,0.13538973076923078
Tech,2023-07-17,0.12574874725274726
Tech,2023-07-18,0.27812781159420286
Tech,2023-07-19,0.20007999999999998
Tech,2023-07-20,0.0767508986013986
Tech,2023-07-21,0.05638270707070707
Tech,2023-07-24,0.17272381818181817
Tech,2023-07-25,0.019382809523809524
Tech,2023-07-26,0.07270494755244755
Tech,2023-07-27,0.07864740919867237
Tech,2023-07-28,0.2580620996860282
Tech,2023-07-31,0.19268152777777778
Tech,2023-08-01,0.20948194117647062
Tech,2023-08-02,0.04898979823813583
Tech,2023-08-03,0.05921790043290043
Tech,2023-08-04,0.06560716666666667
Tech,2023-08-07,0.04432166666666667
Tech,2023-08-08,0.12280142857142858
Tech,2023-08-09,0.13290449999999998
Tech,2023-08-10,0.05378964705882353
Tech,2023-08-11,0.1464437037037037
Tech,2023-08-14,0.13544012987012988
Tech,2023-08-15,0.14408557142857142
Tech,2023-08-16,0.1368229292929293
Tech,2023-08-17,0.06090689458689458
Tech,2023-08-18,0.170361
Tech,2023-08-21,0.03889527851458886
Tech,2023-08-22,0.09600395238095237
Tech,2023-08-23,0.17819881818181818
Tech,2023-08-24,0.13618988014722797
Tech,2023-08-25,0.039431914893617026
Tech,2023-08-28,0.1928673464124528
Tech,2023-08-29,0.15843557142857143
Tech,2023-08-30,0.13504923436041083
Tech,2023-08-31,0.06660115873015873
Tech,2023-09-01,0.19308714285714287
Tech,2023-09-05,0.2168468238095238
Tech,2023-09-06,0.111524
Tech,2023-09-07,0.14306831944444445
Tech,2023-09-08,0.08128822066822068
Tech,2023-09-11,0.21560957298136646
Tech,2023-09-12,0.0569659
Tech,2023-09-13,0.3511223809523809
Tech,2023-09-14,0.1817830462962963
Tech,2023-09-15,-0.00978477822580645
Tech,2023-09-18,0.16021608956560682
Tech,2023-09-19,0.10251416666666666
Tech,2023-09-20,0.05181746031746032
Tech,2023-09-21,0.19356929166666664
Tech,2023-09-22,0.09927849206349207
Tech,2023-09-25,0.07650407203907203
Tech,2023-09-26,0.07229428571428573
Tech,2023-09-27,0.13169413333333332
Tech,2023-09-28,0.01473066666666667
Tech,2023-09-29,0.08306324675324675
Tech,2023-10-02,0.2007124855144855
Tech,2023-10-03,0.2419584188034188
Tech,2023-10-04,0.08288796923076923
Tech,2023-10-05,0.19214897435897432
Tech,2023-10-06,0.055070769230769236
Tech,2023-10-09,0.1259139681020734
Tech,2023-10-10,0.13123307692307692
Tech,2023-10-11,0.18174037614237615
Tech,2023-10-12,0.10855593333333333
Tech,2023-10-13,0.16645828571428573
Tech,2023-10-16,0.14096538095238093
Tech,2023-10-17,0.07524467210807768
Tech,2023-10-18,0.04115320810971974
Tech,2023-10-19,0.11662679487179486
Tech,2023-10-20,0.12302640096618359
Tech,2023-10-23,0.13968819444444444
Tech,2023-10-24,0.17183583416583417
Tech,2023-10-25,0.15566983918128657
Tech,2023-10-26,0.11379068907563025
Tech,2023-10-27,0.18725419017763845
Tech,2023-10-30,0.0393375298035298
Tech,2023-10-31,0.11477004174573055
Tech,2023-11-01,0.09540184265010351
Tech,2023-11-02,0.1831495111111111
Tech,2023-11-03,0.1469646666666667
Tech,2023-11-06,0.17298536363636363
Tech,2023-11-07,0.3440489898989899
Tech,2023-11-08,0.04945816666666667
Tech,2023-11-09,0.2358506666666667
Tech,2023-11-10,0.24779168840579713
Tech,2023-11-13,0.16490440211640212
Tech,2023-11-14,0.26826717554858936
Tech,2023-11-15,0.07499481962481963
Tech,2023-11-16,0.11446924603174602
Tech,2023-11-17,0.13920559999999998
Tech,2023-11-20,0.20629570921985815
Tech,2023-11-21,0.13417788011695905
Tech,2023-11-22,0.09295460784313726
Tech,2023-11-24,0.10754170033670034
Tech,2023-11-27,0.17230810457516338
Tech,2023-11-28,0.16176678571428574
Tech,2023-11-29,0.20310357142857144
Tech,2023-11-30,0.082137
Tech,2023-12-01,0.07004760784313727
Tech,2023-12-04,0.1755841176470588
Tech,2023-12-05,0.15453813725490198
Tech,2023-12-06,0.18465088888888886
Tech,2023-12-07,0.10266650476190475
Tech,2023-12-08,0.18113311813992458
Tech,2023-12-11,0.12338530612244898
Tech,2023-12-12,0.0967335
Tech,2023-12-13,0.1724762745098039
Tech,2023-12-14,0.144896
Tech,2023-12-15,0.10970402020202022
Tech,2023-12-18,0.11164903061224489
Tech,2023-12-19,0.12124297619047619
Tech,2023-12-20,0.08909164285714286
Tech,2023-12-21,0.11314714285714285
Tech,2023-12-22,0.11074764285714285
Tech,2023-12-26,0.13422564285714284
Tech,2023-12-27,0.12801464285714287
Tech,2023-12-28,0.10870964285714284
Tech,2023-12-29,0.11964714285714284
Utilities,2020-01-02,0.6369
Utilities,2020-01-03,0.14085
Utilities,2020-01-06,0.011312500000000003
Utilities,2020-01-07,0.2388375
Utilities,2020-01-08,0.23153
Utilities,2020-01-09,0.059199999999999996
Utilities,2020-01-10,0.18409666666666666
Utilities,2020-01-13,0.06448
Utilities,2020-01-14,0.23483
Utilities,2020-01-15,0.15177000000000002
Utilities,2020-01-16,0.18164833333333333
Utilities,2020-01-17,0.15105022222222222
Utilities,2020-01-21,0.17614000000000002
Utilities,2020-01-22,0.10610250000000002
Utilities,2020-01-23,-0.028099999999999997
Utilities,2020-01-24,0.19892800000000002
Utilities,2020-01-27,0.06823174603174605
Utilities,2020-01-28,0.08364000000000002
Utilities,2020-01-29,0.20021500000000003
Utilities,2020-01-30,0.23978533333333335
Utilities,2020-01-31,0.18102000000000001
Utilities,2020-02-03,0.26961
Utilities,2020-02-04,0.18714999999999998
Utilities,2020-02-05,0.031903333333333325
Utilities,2020-02-06,0.12708
Utilities,2020-02-07,0.11797833333333334
Utilities,2020-02-10,0.09078499999999999
Utilities,2020-02-11,0.15007571428571426
Utilities,2020-02-12,0.25366555555555553
Utilities,2020-02-13,0.136346
Utilities,2020-02-14,0.10257350000000001
Utilities,2020-02-18,0.19232944444444441
Utilities,2020-02-19,0.1480190909090909
Utilities,2020-02-20,0.10578635897435898
Utilities,2020-02-21,0.2389756923076923
Utilities,2020-02-24,0.056410666666666665
Utilities,2020-02-25,0.16380333333333333
Utilities,2020-02-26,0.10017333333333334
Utilities,2020-02-27,0.29736583333333333
Utilities,2020-02-28,-0.03968000000000001
Utilities,2020-03-02,0.22934666666666664
Utilities,2020-03-03,0.00575
Utilities,2020-03-04,0.4725693333333333
Utilities,2020-03-05,0.07459333333333333
Utilities,2020-03-06,0.13833
Utilities,2020-03-09,-0.17196333333333333
Utilities,2020-03-10,0.15145
Utilities,2020-03-11,0.03367333333333334
Utilities,2020-03-12,0.001628095238095234
Utilities,2020-03-13,0.14456
Utilities,2020-03-16,0.19956038095238093
Utilities,2020-03-17,0.1844866666666667
Utilities,2020-03-18,0.24911000000000003
Utilities,2020-03-19,0.24252666666666664
Utilities,2020-03-20,0.17613166666666666
Utilities,2020-03-23,-0.014680285714285729
Utilities,2020-03-24,0.16380971428571428
Utilities,2020-03-25,0.29345
Utilities,2020-03-26,0.12445000000000002
Utilities,2020-03-27,0.30733466666666664
Utilities,2020-03-30,0.13573785714285716
Utilities,2020-03-31,-0.140875
Utilities,2020-04-01,-0.05755833333333332
Utilities,2020-04-02,0.05787500000000001
Utilities,2020-04-03,0.21839999999999998
Utilities,2020-04-06,0.35653166666666664
Utilities,2020-04-07,0.18673266666666666
Utilities,2020-04-08,0.19756666666666667
Utilities,2020-04-09,0.39142
Utilities,2020-04-13,-0.0022397619047619054
Utilities,2020-04-14,0.18238399999999996
Utilities,2020-04-15,0.043357
Utilities,2020-04-16,0.20834000000000003
Utilities,2020-04-17,0.30659642857142855
Utilities,2020-04-20,-0.02623933333333333
Utilities,2020-04-21,-0.07370000000000002
Utilities,2020-04-22,0.012886764705882356
Utilities,2020-04-23,0.14091
Utilities,2020-04-24,-0.0029299999999999994
Utilities,2020-04-27,0.21103611111111112
Utilities,2020-04-28,0.22996500000000003
Utilities,2020-04-29,0.04045000000000001
Utilities,2020-04-30,0.08940000000000001
Utilities,2020-05-01,0.1153775
Utilities,2020-05-04,0.18414
Utilities,2020-05-05,0.20274763636363638
Utilities,2020-05-06,0.24555733333333332
Utilities,2020-05-07,0.14364333333333335
Utilities,2020-05-08,0.08287806060606061
Utilities,2020-05-11,0.19041166666666667
Utilities,2020-05-12,0.159517
Utilities,2020-05-13,0.304695
Utilities,2020-05-14,0.172935
Utilities,2020-05-15,0.1668552380952381
Utilities,2020-05-18,0.3198533333333333
Utilities,2020-05-19,0.3152933333333333
Utilities,2020-05-20,0.15344333333333332
Utilities,2020-05-21,0.320362
Utilities,2020-05-22,0.26755
Utilities,2020-05-26,0.31604
Utilities,2020-05-27,0.20811000000000002
Utilities,2020-05-28,0.14816000000000001
Utilities,2020-05-29,0.17097333333333334
Utilities,2020-06-01,0.05445333333333333
Utilities,2020-06-02,0.131285
Utilities,2020-06-03,0.07664499999999999
Utilities,2020-06-04,-0.036432
Utilities,2020-06-05,-0.014644999999999997
Utilities,2020-06-08,0.301595
Utilities,2020-06-09,0.27276500000000004
Utilities,2020-06-10,0.23986000000000002
Utilities,2020-06-11,0.20901999999999998
Utilities,2020-06-12,0.20002
Utilities,2020-06-15,0.3343
Utilities,2020-06-16,0.33887
Utilities,2020-06-17,0.05574
Utilities,2020-06-18,0.08632
Utilities,2020-06-19,0.12854000000000002
Utilities,2020-06-22,-0.06698333333333333
Utilities,2020-06-23,0.05464
Utilities,2020-06-24,0.0341
Utilities,2020-06-25,0.05464
Utilities,2020-06-26,0.068
Utilities,2020-06-29,0.068
Utilities,2020-06-30,0.034
Utilities,2020-07-01,0.14079999999999998
Utilities,2020-07-02,0.34319
Utilities,2020-07-06,0.1439150724637681
Utilities,2020-07-07,0.005579999999999996
Utilities,2020-07-08,-0.05780166666666666
Utilities,2020-07-09,0.10533999999999999
Utilities,2020-07-10,0.14728
Utilities,2020-07-13,0.0162
Utilities,2020-07-14,0.09741999999999999
Utilities,2020-07-15,0.3174
Utilities,2020-07-16,0.11438
Utilities,2020-07-17,0.30619999999999997
Utilities,2020-07-20,0.12223999999999999
Utilities,2020-07-21,0.14819
Utilities,2020-07-22,0.14819
Utilities,2020-07-23,0.14972
Utilities,2020-07-24,0.27325999999999995
Utilities,2020-07-27,0.103745
Utilities,2020-07-28,0.18993500000000002
Utilities,2020-07-29,0.16524
Utilities,2020-07-30,0.15929
Utilities,2020-07-31,0.17617
Utilities,2020-08-03,0.24440666666666666
Utilities,2020-08-04,0.24944000000000002
Utilities,2020-08-05,0.025939999999999998
Utilities,2020-08-06,0.07365
Utilities,2020-08-07,0.02717
Utilities,2020-08-10,0.01937666666666667
Utilities,2020-08-11,0.17334
Utilities,2020-08-12,0.02732
Utilities,2020-08-13,0.02732
Utilities,2020-08-14,0.25476
Utilities,2020-08-17,0.31689
Utilities,2020-08-18,0.40841000000000005
Utilities,2020-08-19,0.40841000000000005
Utilities,2020-08-20,0.18508
Utilities,2020-08-21,0.24791
Utilities,2020-08-24,0.04411999999999998
Utilities,2020-08-25,0.011889999999999989
Utilities,2020-08-26,0.272808
Utilities,2020-08-27,0.134318
Utilities,2020-08-28,0.134318
Utilities,2020-08-31,0.03904333333333333
Utilities,2020-09-01,0.00258
Utilities,2020-09-02,0.35608
Utilities,2020-09-03,0.38211
Utilities,2020-09-04,0.28064999999999996
Utilities,2020-09-08,-0.16006857142857142
Utilities,2020-09-09,-0.06996
Utilities,2020-09-10,0.03932
Utilities,2020-09-11,0.03932
Utilities,2020-09-14,-0.008745000000000003
Utilities,2020-09-15,-0.040236666666666664
Utilities,2020-09-16,-0.006955
Utilities,2020-09-17,-0.006955
Utilities,2020-09-18,-0.05464
Utilities,2020-09-21,0.05684
Utilities,2020-09-22,0.033440000000000004
Utilities,2020-09-23,-0.05464
Utilities,2020-09-24,0.0
Utilities,2020-09-25,0.0
Utilities,2020-09-28,0.065564
Utilities,2020-09-29,0.0598
Utilities,2020-09-30,0.213744
Utilities,2020-10-01,0.27494
Utilities,2020-10-02,0.40514
Utilities,2020-10-05,0.44755500000000004
Utilities,2020-10-06,0.40896
Utilities,2020-10-07,0.3375
Utilities,2020-10-08,0.15676
Utilities,2020-10-09,0.23768000000000003
Utilities,2020-10-12,0.3879
Utilities,2020-10-13,0.18822
Utilities,2020-10-14,0.32068
Utilities,2020-10-15,0.38042
Utilities,2020-10-16,0.38042
Utilities,2020-10-19,0.34525
Utilities,2020-10-20,0.21139999999999998
Utilities,2020-10-21,0.16905
Utilities,2020-10-22,0.15596
Utilities,2020-10-23,0.10568999999999999
Utilities,2020-10-26,0.04977499999999999
Utilities,2020-10-27,0.04934
Utilities,2020-10-28,-0.005299999999999999
Utilities,2020-10-29,0.03768
Utilities,2020-10-30,0.07665999999999999
Utilities,2020-11-02,-0.0005300000000000082
Utilities,2020-11-03,0.0006099999999999994
Utilities,2020-11-04,-0.155935
Utilities,2020-11-05,0.13588
Utilities,2020-11-06,0.14980000000000002
Utilities,2020-11-09,0.08789142857142858
Utilities,2020-11-10,0.1366
Utilities,2020-11-11,0.08646
Utilities,2020-11-12,0.24905
Utilities,2020-11-13,0.24905
Utilities,2020-11-16,0.031710000000000016
Utilities,2020-11-17,0.031710000000000016
Utilities,2020-11-18,0.04068000000000001
Utilities,2020-11-19,-0.11612
Utilities,2020-11-20,-0.09490666666666667
Utilities,2020-11-23,0.006766666666666676
Utilities,2020-11-24,0.13152666666666665
Utilities,2020-11-25,0.18330000000000002
Utilities,2020-11-27,0.20056
Utilities,2020-11-30,0.10889
Utilities,2020-12-01,0.16353
Utilities,2020-12-02,0.27591
Utilities,2020-12-03,0.27591
Utilities,2020-12-04,0.2794
Utilities,2020-12-07,0.28403999999999996
Utilities,2020-12-08,0.29369999999999996
Utilities,2020-12-09,0.46856
Utilities,2020-12-10,0.2891066666666667
Utilities,2020-12-11,0.26715999999999995
Utilities,2020-12-14,0.12999
Utilities,2020-12-15,0.12999
Utilities,2020-12-16,0.12999
Utilities,2020-12-17,0.12379
Utilities,2020-12-18,0.12963
Utilities,2020-12-21,0.24393000000000004
Utilities,2020-12-22,0.18497
Utilities,2020-12-23,0.21000999999999997
Utilities,2020-12-24,0.21000999999999997
Utilities,2020-12-28,0.34687999999999997
Utilities,2020-12-29,0.34687999999999997
Utilities,2020-12-30,0.25880000000000003
Utilities,2020-12-31,0.21771000000000001
Utilities,2021-01-04,0.168855
Utilities,2021-01-05,0.20237
Utilities,2021-01-06,0.20237
Utilities,2021-01-07,0.12963
Utilities,2021-01-08,0.17616
Utilities,2021-01-11,0.23531
Utilities,2021-01-12,0.38197
Utilities,2021-01-13,0.1972066666666667
Utilities,2021-01-14,0.04860666666666667
Utilities,2021-01-15,0.2130466666666667
Utilities,2021-01-19,0.11539999999999999
Utilities,2021-01-20,0.10830999999999999
Utilities,2021-01-21,0.10830999999999999
Utilities,2021-01-22,0.09966
Utilities,2021-01-25,0.11417000000000002
Utilities,2021-01-26,0.0890675
Utilities,2021-01-27,0.29238
Utilities,2021-01-28,0.27714
Utilities,2021-01-29,0.15839999999999999
Utilities,2021-02-01,0.12591999999999998
Utilities,2021-02-02,0.18056
Utilities,2021-02-03,0.11098333333333335
Utilities,2021-02-04,0.20735333333333333
Utilities,2021-02-05,0.23529999999999998
Utilities,2021-02-08,0.26638
Utilities,2021-02-09,0.32101999999999997
Utilities,2021-02-10,0.26375000000000004
Utilities,2021-02-11,-0.009659999999999998
Utilities,2021-02-12,0.13408
Utilities,2021-02-16,0.33837
Utilities,2021-02-17,0.2889
Utilities,2021-02-18,0.27871
Utilities,2021-02-19,0.42367
Utilities,2021-02-22,0.40422
Utilities,2021-02-23,0.24420000000000003
Utilities,2021-02-24,0.022760000000000002
Utilities,2021-02-25,0.05464
Utilities,2021-02-26,-0.059199999999999996
Utilities,2021-03-01,0.037380000000000004
Utilities,2021-03-02,-0.05671999999999999
Utilities,2021-03-03,0.00939000000000001
Utilities,2021-03-04,0.21241
Utilities,2021-03-05,0.14009
Utilities,2021-03-08,0.05944000000000001
Utilities,2021-03-09,0.026570000000000003
Utilities,2021-03-10,0.21745
Utilities,2021-03-11,0.21745
Utilities,2021-03-12,0.28969
Utilities,2021-03-15,0.3238
Utilities,2021-03-16,0.18091333333333334
Utilities,2021-03-17,0.18091333333333334
Utilities,2021-03-18,0.10633333333333335
Utilities,2021-03-19,0.10633333333333335
Utilities,2021-03-22,0.10633333333333335
Utilities,2021-03-23,0.07988
Utilities,2021-03-24,0.07988
Utilities,2021-03-25,0.16252
Utilities,2021-03-26,0.22172
Utilities,2021-03-29,0.23319499999999999
Utilities,2021-03-30,0.248635
Utilities,2021-03-31,0.13502
Utilities,2021-04-01,0.17731333333333335
Utilities,2021-04-05,0.10788
Utilities,2021-04-06,0.08196
Utilities,2021-04-07,0.08196
Utilities,2021-04-08,0.26708000000000004
Utilities,2021-04-09,0.2944
Utilities,2021-04-12,0.32344
Utilities,2021-04-13,0.10017333333333334
Utilities,2021-04-14,0.34237
Utilities,2021-04-15,0.30904
Utilities,2021-04-16,0.30904
Utilities,2021-04-19,0.19418
Utilities,2021-04-20,0.23341000000000003
Utilities,2021-04-21,0.16410428571428573
Utilities,2021-04-22,0.148135
Utilities,2021-04-23,0.016309999999999998
Utilities,2021-04-26,0.0655
Utilities,2021-04-27,0.04525
Utilities,2021-04-28,0.10695999999999999
Utilities,2021-04-29,0.10695999999999999
Utilities,2021-04-30,0.197405
Utilities,2021-05-03,0.40988500000000005
Utilities,2021-05-04,0.33708499999999997
Utilities,2021-05-05,0.090295
Utilities,2021-05-06,0.090295
Utilities,2021-05-07,0.16848000000000002
Utilities,2021-05-10,0.3546714285714286
Utilities,2021-05-11,0.3546714285714286
Utilities,2021-05-12,0.37238000000000004
Utilities,2021-05-13,0.24098000000000003
Utilities,2021-05-14,0.23312
Utilities,2021-05-17,0.15676
Utilities,2021-05-18,0.07224
Utilities,2021-05-19,0.2104
Utilities,2021-05-20,0.19334999999999997
Utilities,2021-05-21,0.18456999999999998
Utilities,2021-05-24,0.22541000000000003
Utilities,2021-05-25,0.22286
Utilities,2021-05-26,0.19694
Utilities,2021-05-27,0.26802000000000004
Utilities,2021-05-28,0.17728000000000002
Utilities,2021-06-01,0.24325000000000002
Utilities,2021-06-02,0.32877999999999996
Utilities,2021-06-03,0.068
Utilities,2021-06-04,0.19293000000000002
Utilities,2021-06-07,0.19293000000000002
Utilities,2021-06-08,0.12498000000000001
Utilities,2021-06-09,0.05464
Utilities,2021-06-10,0.05464
Utilities,2021-06-11,0.0
Utilities,2021-06-14,0.141205
Utilities,2021-06-15,0.22454000000000002
Utilities,2021-06-16,0.09956000000000001
Utilities,2021-06-17,0.17994
Utilities,2021-06-18,0.17994
Utilities,2021-06-21,0.12790166666666666
Utilities,2021-06-22,0.12790166666666666
Utilities,2021-06-23,0.03628499999999999
Utilities,2021-06-24,0.211455
Utilities,2021-06-25,0.28922
Utilities,2021-06-28,0.13274999999999998
Utilities,2021-06-29,0.32389999999999997
Utilities,2021-06-30,0.23137
Utilities,2021-07-01,0.20404999999999998
Utilities,2021-07-02,0.20929999999999999
Utilities,2021-07-06,0.21589999999999998
Utilities,2021-07-07,0.18334
Utilities,2021-07-08,0.22174999999999997
Utilities,2021-07-09,0.24906999999999999
Utilities,2021-07-12,0.13120666666666667
Utilities,2021-07-13,0.11382666666666667
Utilities,2021-07-14,0.05444666666666668
Utilities,2021-07-15,0.07636666666666668
Utilities,2021-07-16,0.13027000000000002
Utilities,2021-07-19,-0.02954
Utilities,2021-07-20,-0.02954
Utilities,2021-07-21,-0.040819999999999995
Utilities,2021-07-22,0.096335
Utilities,2021-07-23,0.15548
Utilities,2021-07-26,0.27130333333333334
Utilities,2021-07-27,0.21059333333333333
Utilities,2021-07-28,0.12256333333333332
Utilities,2021-07-29,0.09878
Utilities,2021-07-30,0.0
Utilities,2021-08-02,-0.09324999999999999
Utilities,2021-08-03,-0.09324999999999999
Utilities,2021-08-04,0.014450000000000001
Utilities,2021-08-05,0.17333333333333334
Utilities,2021-08-06,0.23984333333333333
Utilities,2021-08-09,0.25077
Utilities,2021-08-10,0.2008
Utilities,2021-08-11,0.17348
Utilities,2021-08-12,0.10607
Utilities,2021-08-13,0.14579999999999999
Utilities,2021-08-16,0.11480333333333334
Utilities,2021-08-17,0.14083
Utilities,2021-08-18,0.14083
Utilities,2021-08-19,0.14083
Utilities,2021-08-20,0.35269999999999996
Utilities,2021-08-23,0.12994
Utilities,2021-08-24,0.08763333333333333
Utilities,2021-08-25,0.10913999999999999
Utilities,2021-08-26,0.10913999999999999
Utilities,2021-08-27,0.15914
Utilities,2021-08-30,0.3537
Utilities,2021-08-31,0.15485
Utilities,2021-09-01,0.07665999999999999
Utilities,2021-09-02,0.18314
Utilities,2021-09-03,0.21046
Utilities,2021-09-07,0.045766666666666664
Utilities,2021-09-08,0.018446666666666663
Utilities,2021-09-09,0.018446666666666663
Utilities,2021-09-10,0.12476666666666666
Utilities,2021-09-13,0.05704666666666667
Utilities,2021-09-14,0.02972666666666666
Utilities,2021-09-15,0.43908
Utilities,2021-09-16,0.39484
Utilities,2021-09-17,0.33120000000000005
Utilities,2021-09-20,0.25273
Utilities,2021-09-21,0.31491
Utilities,2021-09-22,0.34843999999999997
Utilities,2021-09-23,0.25147
Utilities,2021-09-24,0.25147
Utilities,2021-09-27,0.18005
Utilities,2021-09-28,0.11893500000000001
Utilities,2021-09-29,0.171605
Utilities,2021-09-30,-0.007573333333333332
Utilities,2021-10-01,-0.007639999999999999
Utilities,2021-10-04,-0.05553333333333334
Utilities,2021-10-05,0.021766666666666667
Utilities,2021-10-06,0.021766666666666667
Utilities,2021-10-07,0.12054666666666666
Utilities,2021-10-08,0.12054666666666666
Utilities,2021-10-11,0.15591666666666665
Utilities,2021-10-12,0.15591666666666665
Utilities,2021-10-13,0.02903000000000001
Utilities,2021-10-14,0.020450000000000003
Utilities,2021-10-15,0.19592
Utilities,2021-10-18,0.26382000000000005
Utilities,2021-10-19,0.03612
Utilities,2021-10-20,0.182548
Utilities,2021-10-21,0.182548
Utilities,2021-10-22,0.269428
Utilities,2021-10-25,0.34687999999999997
Utilities,2021-10-26,0.22793999999999998
Utilities,2021-10-27,0.07582
Utilities,2021-10-28,-0.023719999999999998
Utilities,2021-10-29,0.07111
Utilities,2021-11-01,0.23079999999999998
Utilities,2021-11-02,0.17616
Utilities,2021-11-03,0.09895000000000001
Utilities,2021-11-04,0.15260500000000002
Utilities,2021-11-05,0.13907833333333336
Utilities,2021-11-08,0.06551
Utilities,2021-11-09,-0.012599999999999995
Utilities,2021-11-10,0.06777999999999999
Utilities,2021-11-11,0.02474
Utilities,2021-11-12,0.10904
Utilities,2021-11-15,0.39994999999999997
Utilities,2021-11-16,0.20591999999999996
Utilities,2021-11-17,0.28803999999999996
Utilities,2021-11-18,0.059199999999999996
Utilities,2021-11-19,0.17637999999999998
Utilities,2021-11-22,0.21952666666666665
Utilities,2021-11-23,0.15118
Utilities,2021-11-24,0.21918
Utilities,2021-11-26,0.21918
Utilities,2021-11-29,0.26673
Utilities,2021-11-30,0.21913
Utilities,2021-12-01,0.12381
Utilities,2021-12-02,0.06132
Utilities,2021-12-03,0.19344
Utilities,2021-12-06,0.27214
Utilities,2021-12-07,0.28539
Utilities,2021-12-08,0.23075
Utilities,2021-12-09,0.23075
Utilities,2021-12-10,0.20187
Utilities,2021-12-13,0.32366
Utilities,2021-12-14,0.22798
Utilities,2021-12-15,0.1464
Utilities,2021-12-16,0.09176
Utilities,2021-12-17,0.0
Utilities,2021-12-20,0.17284000000000002
Utilities,2021-12-21,0.29096
Utilities,2021-12-22,0.22271999999999997
Utilities,2021-12-23,0.15072000000000002
Utilities,2021-12-27,0.03896999999999999
Utilities,2021-12-28,-0.00633999999999999
Utilities,2021-12-29,0.023370000000000023
Utilities,2021-12-30,0.09288
Utilities,2021-12-31,0.17560000000000003
Utilities,2022-01-03,0.11578
Utilities,2022-01-04,0.20779999999999998
Utilities,2022-01-05,0.14078
Utilities,2022-01-06,0.19998
Utilities,2022-01-07,0.25060000000000004
Utilities,2022-01-10,0.39019000000000004
Utilities,2022-01-11,0.30216000000000004
Utilities,2022-01-12,0.30216000000000004
Utilities,2022-01-13,0.32587
Utilities,2022-01-14,0.16258
Utilities,2022-01-18,0.38975333333333334
Utilities,2022-01-19,0.1315366666666667
Utilities,2022-01-20,0.38592
Utilities,2022-01-21,0.20318
Utilities,2022-01-24,0.09129499999999999
Utilities,2022-01-25,0.2609933333333333
Utilities,2022-01-26,0.31431
Utilities,2022-01-27,0.35874666666666666
Utilities,2022-01-28,0.22712666666666664
Utilities,2022-01-31,0.19514
Utilities,2022-02-01,0.35632
Utilities,2022-02-02,0.21882666666666667
Utilities,2022-02-03,0.38072
Utilities,2022-02-04,0.26482
Utilities,2022-02-07,0.14033333333333334
Utilities,2022-02-08,0.2003
Utilities,2022-02-09,0.26162
Utilities,2022-02-10,0.22026399999999996
Utilities,2022-02-11,0.147532
Utilities,2022-02-14,0.24826
Utilities,2022-02-15,0.2973
Utilities,2022-02-16,0.22294666666666668
Utilities,2022-02-17,0.17450333333333334
Utilities,2022-02-18,0.09725500000000001
Utilities,2022-02-22,0.03414133333333334
Utilities,2022-02-23,0.045533333333333335
Utilities,2022-02-24,0.03681333333333332
Utilities,2022-02-25,0.05332
Utilities,2022-02-28,0.16144333333333333
Utilities,2022-03-01,0.08951333333333333
Utilities,2022-03-02,0.08951333333333333
Utilities,2022-03-03,-0.03632
Utilities,2022-03-04,0.15630666666666668
Utilities,2022-03-07,0.14495166666666667
Utilities,2022-03-08,0.09120666666666666
Utilities,2022-03-09,0.03909666666666666
Utilities,2022-03-10,0.062360000000000006
Utilities,2022-03-11,0.17384
Utilities,2022-03-14,0.06917333333333334
Utilities,2022-03-15,0.15655333333333332
Utilities,2022-03-16,0.12
Utilities,2022-03-17,0.05798
Utilities,2022-03-18,0.13835999999999998
Utilities,2022-03-21,-0.00516
Utilities,2022-03-22,0.18883999999999998
Utilities,2022-03-23,0.24348
Utilities,2022-03-24,0.35276
Utilities,2022-03-25,0.25748
Utilities,2022-03-28,0.361012
Utilities,2022-03-29,0.150156
Utilities,2022-03-30,0.44968
Utilities,2022-03-31,0.37373
Utilities,2022-04-01,0.41662333333333335
Utilities,2022-04-04,0.2465
Utilities,2022-04-05,0.24348
Utilities,2022-04-06,0.31173
Utilities,2022-04-07,0.16868333333333335
Utilities,2022-04-08,0.16868333333333335
Utilities,2022-04-11,0.21238
Utilities,2022-04-12,0.2871
Utilities,2022-04-13,0.2871
Utilities,2022-04-14,0.37732
Utilities,2022-04-18,0.29252
Utilities,2022-04-19,0.29446000000000006
Utilities,2022-04-20,0.14286000000000004
Utilities,2022-04-21,0.094915
Utilities,2022-04-22,0.13824533333333333
Utilities,2022-04-25,0.160215
Utilities,2022-04-26,0.28776
Utilities,2022-04-27,0.12302333333333333
Utilities,2022-04-28,0.11132666666666666
Utilities,2022-04-29,0.17195333333333335
Utilities,2022-05-02,0.19469466666666665
Utilities,2022-05-03,0.24270999999999998
Utilities,2022-05-04,0.022884761904761908
Utilities,2022-05-05,0.03735333333333333
Utilities,2022-05-06,0.086524
Utilities,2022-05-09,0.049455
Utilities,2022-05-10,-0.0045550000000000035
Utilities,2022-05-11,0.07471999999999998
Utilities,2022-05-12,-0.025935000000000003
Utilities,2022-05-13,0.10208999999999999
Utilities,2022-05-16,0.17319
Utilities,2022-05-17,0.31206
Utilities,2022-05-18,0.0863
Utilities,2022-05-19,0.21747
Utilities,2022-05-20,0.16720833333333335
Utilities,2022-05-23,0.17482333333333333
Utilities,2022-05-24,0.15623833333333334
Utilities,2022-05-25,0.16169
Utilities,2022-05-26,0.15460000000000002
Utilities,2022-05-27,0.20364
Utilities,2022-05-31,0.21101166666666665
Utilities,2022-06-01,0.38575499999999996
Utilities,2022-06-02,0.47722
Utilities,2022-06-03,0.25523
Utilities,2022-06-06,0.23138666666666668
Utilities,2022-06-07,0.16316
Utilities,2022-06-08,0.19480000000000003
Utilities,2022-06-09,0.10734666666666666
Utilities,2022-06-10,0.24147
Utilities,2022-06-13,0.10225
Utilities,2022-06-14,0.11625
Utilities,2022-06-15,0.10230999999999998
Utilities,2022-06-16,0.03946000000000001
Utilities,2022-06-17,0.1525
Utilities,2022-06-21,0.10598
Utilities,2022-06-22,0.3825033333333333
Utilities,2022-06-23,0.35591333333333336
Utilities,2022-06-24,0.2665533333333333
Utilities,2022-06-27,0.3238533333333333
Utilities,2022-06-28,0.2621833333333333
Utilities,2022-06-29,0.15225999999999998
Utilities,2022-06-30,0.14246
Utilities,2022-07-01,-0.03318
Utilities,2022-07-05,0.049440000000000005
Utilities,2022-07-06,0.1894
Utilities,2022-07-07,0.38391000000000003
Utilities,2022-07-08,0.13770666666666667
Utilities,2022-07-11,0.13067333333333334
Utilities,2022-07-12,0.13067333333333334
Utilities,2022-07-13,0.08706
Utilities,2022-07-14,0.15245
Utilities,2022-07-15,0.277982
Utilities,2022-07-18,0.21922533333333333
Utilities,2022-07-19,0.19366333333333335
Utilities,2022-07-20,0.12423
Utilities,2022-07-21,0.0866
Utilities,2022-07-22,0.03426
Utilities,2022-07-25,0.10441
Utilities,2022-07-26,0.19828800000000002
Utilities,2022-07-27,0.16386
Utilities,2022-07-28,0.17211714285714286
Utilities,2022-07-29,0.27461
Utilities,2022-08-01,0.14271
Utilities,2022-08-02,0.17604166666666668
Utilities,2022-08-03,0.134932
Utilities,2022-08-04,0.2568114285714286
Utilities,2022-08-05,0.10177
Utilities,2022-08-08,0.108074
Utilities,2022-08-09,0.152584
Utilities,2022-08-10,0.2230233333333333
Utilities,2022-08-11,0.11289999999999997
Utilities,2022-08-12,0.20007333333333333
Utilities,2022-08-15,0.2487633333333333
Utilities,2022-08-16,0.104555
Utilities,2022-08-17,0.26467999999999997
Utilities,2022-08-18,0.25243000000000004
Utilities,2022-08-19,0.22715000000000002
Utilities,2022-08-22,0.2706733333333333
Utilities,2022-08-23,0.0407
Utilities,2022-08-24,0.15559
Utilities,2022-08-25,0.09844800000000001
Utilities,2022-08-26,0.1366
Utilities,2022-08-29,0.34294
Utilities,2022-08-30,0.10764
Utilities,2022-08-31,0.0992
Utilities,2022-09-01,0.11444000000000001
Utilities,2022-09-02,0.18512666666666666
Utilities,2022-09-06,0.27142999999999995
Utilities,2022-09-07,0.19389
Utilities,2022-09-08,0.15284333333333336
Utilities,2022-09-09,0.24855
Utilities,2022-09-12,0.32169333333333333
Utilities,2022-09-13,0.07361333333333334
Utilities,2022-09-14,0.26733333333333337
Utilities,2022-09-15,0.29800166666666666
Utilities,2022-09-16,0.3941733333333334
Utilities,2022-09-19,0.325896
Utilities,2022-09-20,0.06808
Utilities,2022-09-21,0.19684
Utilities,2022-09-22,0.18235166666666666
Utilities,2022-09-23,0.227685
Utilities,2022-09-26,0.57756
Utilities,2022-09-27,0.32047
Utilities,2022-09-28,-0.04951666666666665
Utilities,2022-09-29,0.05525333333333334
Utilities,2022-09-30,0.14143333333333336
Utilities,2022-10-03,0.18566
Utilities,2022-10-04,0.214865
Utilities,2022-10-05,0.22012
Utilities,2022-10-06,0.04499000000000001
Utilities,2022-10-07,0.2694833333333333
Utilities,2022-10-10,0.29439333333333334
Utilities,2022-10-11,0.34816
Utilities,2022-10-12,0.15802
Utilities,2022-10-13,0.21266
Utilities,2022-10-14,0.24008000000000002
Utilities,2022-10-17,-0.09354
Utilities,2022-10-18,0.22241999999999998
Utilities,2022-10-19,0.06396666666666667
Utilities,2022-10-20,0.12504666666666667
Utilities,2022-10-21,0.11818499999999998
Utilities,2022-10-24,0.22193999999999997
Utilities,2022-10-25,0.13629333333333332
Utilities,2022-10-26,0.10364666666666666
Utilities,2022-10-27,0.13141333333333333
Utilities,2022-10-28,0.12877333333333332
Utilities,2022-10-31,0.3995866666666667
Utilities,2022-11-01,0.4055066666666667
Utilities,2022-11-02,0.27768
Utilities,2022-11-03,0.23855833333333334
Utilities,2022-11-04,0.22671999999999998
Utilities,2022-11-07,-0.012233333333333332
Utilities,2022-11-08,0.10218
Utilities,2022-11-09,0.13596
Utilities,2022-11-10,0.33995
Utilities,2022-11-11,0.11735999999999999
Utilities,2022-11-14,0.048155
Utilities,2022-11-15,0.075935
Utilities,2022-11-16,0.14994999999999997
Utilities,2022-11-17,0.14994999999999997
Utilities,2022-11-18,0.19272
Utilities,2022-11-21,0.06885
Utilities,2022-11-22,0.0
Utilities,2022-11-23,0.19207999999999997
Utilities,2022-11-25,0.17414000000000002
Utilities,2022-11-28,0.15676
Utilities,2022-11-29,0.20578000000000002
Utilities,2022-11-30,0.13735999999999998
Utilities,2022-12-01,0.23772
Utilities,2022-12-02,0.36744
Utilities,2022-12-05,0.296015
Utilities,2022-12-06,0.073155
Utilities,2022-12-07,0.27612000000000003
Utilities,2022-12-08,0.1224
Utilities,2022-12-09,0.13620666666666667
Utilities,2022-12-12,0.24037999999999998
Utilities,2022-12-13,0.197715
Utilities,2022-12-14,0.129715
Utilities,2022-12-15,0.32604
Utilities,2022-12-16,0.34153
Utilities,2022-12-19,0.32787
Utilities,2022-12-20,0.38070666666666664
Utilities,2022-12-21,0.33596666666666664
Utilities,2022-12-22,0.20470000000000002
Utilities,2022-12-23,0.31110000000000004
Utilities,2022-12-27,0.1396986666666667
Utilities,2022-12-28,0.1432
Utilities,2022-12-29,0.08802
Utilities,2022-12-30,0.07731999999999999
Utilities,2023-01-03,0.16766
Utilities,2023-01-04,0.15975
Utilities,2023-01-05,0.09878666666666666
Utilities,2023-01-06,-0.015546666666666663
Utilities,2023-01-09,0.07377666666666667
Utilities,2023-01-10,0.048776666666666676
Utilities,2023-01-11,0.027160000000000007
Utilities,2023-01-12,0.11046666666666667
Utilities,2023-01-13,0.16087
Utilities,2023-01-17,0.22476
Utilities,2023-01-18,0.20918
Utilities,2023-01-19,0.16392
Utilities,2023-01-20,0.14502333333333334
Utilities,2023-01-23,0.20159666666666665
Utilities,2023-01-24,0.23891
Utilities,2023-01-25,0.191144
Utilities,2023-01-26,0.14764
Utilities,2023-01-27,0.15150666666666668
Utilities,2023-01-30,0.17398000000000002
Utilities,2023-01-31,0.18501666666666666
Utilities,2023-02-01,-0.02065
Utilities,2023-02-02,0.23553333333333332
Utilities,2023-02-03,0.2677366666666667
Utilities,2023-02-06,0.15076666666666666
Utilities,2023-02-07,0.2691366666666667
Utilities,2023-02-08,0.21125318181818184
Utilities,2023-02-09,0.21886
Utilities,2023-02-10,0.16646
Utilities,2023-02-13,0.23743666666666666
Utilities,2023-02-14,0.12393000000000001
Utilities,2023-02-15,0.19022
Utilities,2023-02-16,0.16726916666666666
Utilities,2023-02-17,0.08733333333333333
Utilities,2023-02-21,0.04896111111111111
Utilities,2023-02-22,0.10825
Utilities,2023-02-23,0.056576
Utilities,2023-02-24,0.102168
Utilities,2023-02-27,0.173532
Utilities,2023-02-28,0.22801999999999997
Utilities,2023-03-01,0.39422
Utilities,2023-03-02,0.24122
Utilities,2023-03-03,0.14816000000000001
Utilities,2023-03-06,-0.03910999999999999
Utilities,2023-03-07,0.08139666666666667
Utilities,2023-03-08,0.07404666666666666
Utilities,2023-03-09,0.14632666666666666
Utilities,2023-03-10,0.22115666666666667
Utilities,2023-03-13,0.24661166666666667
Utilities,2023-03-14,0.0509
Utilities,2023-03-15,0.28570166666666663
Utilities,2023-03-16,0.1459
Utilities,2023-03-17,0.26572666666666667
Utilities,2023-03-20,0.15756333333333333
Utilities,2023-03-21,0.25908
Utilities,2023-03-22,0.09562666666666667
Utilities,2023-03-23,0.1442
Utilities,2023-03-24,0.21626000000000004
Utilities,2023-03-27,0.092955
Utilities,2023-03-28,0.335075
Utilities,2023-03-29,0.16483
Utilities,2023-03-30,0.20589
Utilities,2023-03-31,0.13836666666666667
Utilities,2023-04-03,0.24288499999999996
Utilities,2023-04-04,0.22468166666666667
Utilities,2023-04-05,0.13112666666666667
Utilities,2023-04-06,0.30244666666666664
Utilities,2023-04-10,0.26339066666666666
Utilities,2023-04-11,0.08196
Utilities,2023-04-12,0.24034666666666665
Utilities,2023-04-13,0.144018
Utilities,2023-04-14,0.14492333333333335
Utilities,2023-04-17,0.120255
Utilities,2023-04-18,0.08896066666666666
Utilities,2023-04-19,0.27201333333333333
Utilities,2023-04-20,0.11793066666666667
Utilities,2023-04-21,0.0
Utilities,2023-04-24,0.059515384615384616
Utilities,2023-04-25,0.14902
Utilities,2023-04-26,0.23690666666666668
Utilities,2023-04-27,0.15072666666666665
Utilities,2023-04-28,0.08052333333333332
Utilities,2023-05-01,0.03741
Utilities,2023-05-02,0.1708933333333333
Utilities,2023-05-03,0.14476
Utilities,2023-05-04,0.14720333333333332
Utilities,2023-05-05,0.17781333333333332
Utilities,2023-05-08,0.20393333333333336
Utilities,2023-05-09,0.12463142857142857
Utilities,2023-05-10,0.19761333333333334
Utilities,2023-05-11,0.29114
Utilities,2023-05-12,0.130635
Utilities,2023-05-15,0.21345333333333336
Utilities,2023-05-16,0.24484000000000003
Utilities,2023-05-17,0.152015
Utilities,2023-05-18,0.15523499999999998
Utilities,2023-05-19,0.17841999999999997
Utilities,2023-05-22,0.10899999999999999
Utilities,2023-05-23,-0.03064000000000002
Utilities,2023-05-24,0.06600000000000002
Utilities,2023-05-25,0.13172
Utilities,2023-05-26,0.13502
Utilities,2023-05-30,0.1711133333333333
Utilities,2023-05-31,0.2188133333333333
Utilities,2023-06-01,0.20077333333333333
Utilities,2023-06-02,0.21416
Utilities,2023-06-05,0.08196
Utilities,2023-06-06,0.08196
Utilities,2023-06-07,0.29675
Utilities,2023-06-08,0.177408
Utilities,2023-06-09,0.13130166666666668
Utilities,2023-06-12,0.18935333333333335
Utilities,2023-06-13,0.11690133333333334
Utilities,2023-06-14,0.28622333333333333
Utilities,2023-06-15,0.15373333333333333
Utilities,2023-06-16,0.27782
Utilities,2023-06-20,0.11756000000000003
Utilities,2023-06-21,0.13531333333333334
Utilities,2023-06-22,0.30413999999999997
Utilities,2023-06-23,0.2902066666666666
Utilities,2023-06-26,0.341928
Utilities,2023-06-27,0.23006500000000002
Utilities,2023-06-28,0.22710333333333335
Utilities,2023-06-29,0.23524000000000003
Utilities,2023-06-30,0.16813
Utilities,2023-07-03,0.16906666666666664
Utilities,2023-07-05,0.18059666666666668
Utilities,2023-07-06,0.17359733333333333
Utilities,2023-07-07,0.14570666666666668
Utilities,2023-07-10,0.170308
Utilities,2023-07-11,0.1762173333333333
Utilities,2023-07-12,0.13894
Utilities,2023-07-13,0.04496
Utilities,2023-07-14,0.11593
Utilities,2023-07-17,0.057255
Utilities,2023-07-18,0.15967199999999998
Utilities,2023-07-19,-0.00572
Utilities,2023-07-20,0.2292066666666667
Utilities,2023-07-21,0.07752
Utilities,2023-07-24,0.050826666666666666
Utilities,2023-07-25,0.173956
Utilities,2023-07-26,0.31840999999999997
Utilities,2023-07-27,0.03963714285714286
Utilities,2023-07-28,0.026973333333333332
Utilities,2023-07-31,0.27928000000000003
Utilities,2023-08-01,0.160364
Utilities,2023-08-02,0.012009999999999998
Utilities,2023-08-03,0.07632333333333333
Utilities,2023-08-04,0.100984
Utilities,2023-08-07,0.091735
Utilities,2023-08-08,0.112415
Utilities,2023-08-09,0.16026
Utilities,2023-08-10,0.09966
Utilities,2023-08-11,0.13495
Utilities,2023-08-14,0.17961333333333335
Utilities,2023-08-15,0.031013333333333337
Utilities,2023-08-16,0.09457333333333333
Utilities,2023-08-17,0.2660133333333333
Utilities,2023-08-18,0.11366000000000001
Utilities,2023-08-21,-0.08815999999999999
Utilities,2023-08-22,0.0
Utilities,2023-08-23,0.081655
Utilities,2023-08-24,0.03706833333333333
Utilities,2023-08-25,0.09162666666666666
Utilities,2023-08-28,-0.013483333333333337
Utilities,2023-08-29,0.19963999999999998
Utilities,2023-08-30,0.199755
Utilities,2023-08-31,0.154555
Utilities,2023-09-01,0.34353
Utilities,2023-09-05,0.27324000000000004
Utilities,2023-09-06,0.08006727272727272
Utilities,2023-09-07,0.27001
Utilities,2023-09-08,0.14417666666666668
Utilities,2023-09-11,-0.12352666666666665
Utilities,2023-09-12,-0.14056
Utilities,2023-09-13,0.13178
Utilities,2023-09-14,0.21654
Utilities,2023-09-15,0.27117
Utilities,2023-09-18,0.06950666666666667
Utilities,2023-09-19,0.26856
Utilities,2023-09-20,0.23609666666666668
Utilities,2023-09-21,0.018453333333333318
Utilities,2023-09-22,-0.044563333333333344
Utilities,2023-09-25,0.11353999999999997
Utilities,2023-09-26,0.15308000000000002
Utilities,2023-09-27,-0.007531333333333334
Utilities,2023-09-28,0.09138444444444445
Utilities,2023-09-29,0.490372
Utilities,2023-10-02,0.21872904761904763
Utilities,2023-10-03,0.18224500000000002
Utilities,2023-10-04,0.10316666666666667
Utilities,2023-10-05,0.17467166666666667
Utilities,2023-10-06,0.191208
Utilities,2023-10-09,0.08744500000000001
Utilities,2023-10-10,0.21694
Utilities,2023-10-11,0.18582
Utilities,2023-10-12,0.116945
Utilities,2023-10-13,0.44453333333333334
Utilities,2023-10-16,0.22206
Utilities,2023-10-17,0.3245866666666667
Utilities,2023-10-18,0.297175
Utilities,2023-10-19,0.27684
Utilities,2023-10-20,0.34719
Utilities,2023-10-23,0.09828
Utilities,2023-10-24,-0.001495000000000002
Utilities,2023-10-25,0.055686666666666676
Utilities,2023-10-26,0.2806598571428571
Utilities,2023-10-27,0.21941795238095238
Utilities,2023-10-30,0.22109866666666664
Utilities,2023-10-31,0.10736400000000001
Utilities,2023-11-01,0.035853333333333334
Utilities,2023-11-02,0.1673585396825397
Utilities,2023-11-03,0.06257828571428573
Utilities,2023-11-06,0.099535
Utilities,2023-11-07,0.24779
Utilities,2023-11-08,0.24842399999999998
Utilities,2023-11-09,0.351155
Utilities,2023-11-10,0.43130499999999994
Utilities,2023-11-13,0.13012666666666667
Utilities,2023-11-14,0.2506933333333333
Utilities,2023-11-15,0.15342
Utilities,2023-11-16,0.27993999999999997
Utilities,2023-11-17,0.21839999999999998
Utilities,2023-11-20,0.16936
Utilities,2023-11-21,0.026019999999999998
Utilities,2023-11-22,0.12398400000000001
Utilities,2023-11-24,0.14172
Utilities,2023-11-27,0.217755
Utilities,2023-11-28,0.10230999999999998
Utilities,2023-11-29,0.161615
Utilities,2023-11-30,0.27393333333333336
Utilities,2023-12-01,0.29096
Utilities,2023-12-04,0.31796
Utilities,2023-12-05,0.12248
Utilities,2023-12-06,0.14138666666666666
Utilities,2023-12-07,0.16547499999999998
Utilities,2023-12-08,0.04755
Utilities,2023-12-11,0.10922799999999999
Utilities,2023-12-12,0.06729
Utilities,2023-12-13,0.098275
Utilities,2023-12-14,0.14246799999999998
Utilities,2023-12-15,0.14838666666666667
Utilities,2023-12-18,0.1252
Utilities,2023-12-19,0.1252
Utilities,2023-12-20,0.1252
Utilities,2023-12-21,0.1252
Utilities,2023-12-22,0.1252
Utilities,2023-12-26,0.1252
Utilities,2023-12-27,0.1252
Utilities,2023-12-28,0.1252
Utilities,2023-12-29,0.1252
